run_id,epoch,global_step,timestamp_utc,unix_ts,account,worker_id,session_id,hostname,arch,family,dataset,seed,phase,method,config_hash,train_loss,val_loss,train_accuracy,val_accuracy,train_accuracy_top5,val_accuracy_top5,f1_macro,f1_micro,f1_weighted,precision_macro,precision_micro,precision_weighted,recall_macro,recall_micro,recall_weighted,balanced_accuracy,cohen_kappa,matthews_corrcoef,train_loss_min,train_loss_max,train_loss_std,train_loss_median,best_val_accuracy_so_far,epochs_since_best,is_best,val_ece,val_mce,val_nll,val_brier,val_confidence_mean,val_entropy_mean,loss_total,loss_ce,loss_kd,loss_msc,loss_l1,alpha,beta,temperature,loss_feature,loss_attention,loss_energy_boundary,loss_counterfactual,loss_pareto,learning_rate,lr_min_group,lr_max_group,lr_groups_json,momentum,weight_decay,grad_norm_mean,grad_norm_max,grad_norm_min,grad_norm_p50,grad_norm_p95,grad_norm_p99,grad_norm_std,grad_clip_value,grad_clip_hit_frac,weight_norm,update_norm,update_to_weight_ratio,amp_scale,amp_scale_decreases,n_batches,n_optimizer_steps,n_skipped_steps,nan_or_inf_batches,epoch_time_sec,train_time_sec,val_time_sec,cumulative_time_sec,dataload_time_sec,compute_time_sec,backward_time_sec,optimizer_time_sec,dataload_frac,augment_time_sec,augment_frac,step_time_mean_ms,step_time_p50_ms,step_time_p90_ms,step_time_p99_ms,step_time_max_ms,throughput_train_img_s,throughput_val_img_s,samples_seen,cumulative_samples_seen,eta_sec,gpu0_util_mean_pct,gpu0_util_max_pct,gpu0_mem_used_mb,gpu0_mem_total_mb,gpu0_mem_util_pct,gpu0_temp_mean_c,gpu0_temp_max_c,gpu0_power_mean_w,gpu0_power_max_w,gpu0_sm_clock_mhz,gpu0_mem_clock_mhz,gpu0_energy_j,gpu0_throttle_reasons,vram_allocated_mb,vram_reserved_mb,peak_vram_mb,vram_total_mb,n_gpus_visible,cpu_percent,cpu_count,ram_used_mb,ram_total_mb,ram_percent,proc_rss_mb,disk_free_scratch_mb,disk_free_working_mb,epoch_energy_j,epoch_energy_wh,epoch_energy_kwh,cumulative_energy_j,cumulative_energy_wh,cumulative_energy_kwh,epoch_co2_g,epoch_co2_kg,cumulative_co2_g,cumulative_co2_kg,carbon_intensity_g_per_kwh,power_mean_w,power_max_w,power_min_w,energy_per_sample_mj,energy_samples_n,energy_sample_hz,batch_size,effective_batch_size,gradient_accumulation_steps,amp_enabled,num_epochs,optimizer,scheduler,image_size,num_classes,label_smoothing,deterministic,msc_lib_version
p6-vit_small_p16-imagenet100-jointexit-s1,0,1866,2026-08-29T15:32:33Z,1788017553.3699791,local,0,local-ac35a4a3df,CB-410-122,vit_small_p16,vit,imagenet100,1,p6,jointexit,76044ceca0e37bb1e3eb1f7c71d0716f21bd2ed5a555b56c35346c8fa981fe62,4.105446547038931,3.7120070983886717,0.10740818292223292,0.1846,NA,0.4359,0.1527814887003866,0.1846,0.1527814887003866,0.16347401309886056,0.1846,0.16347401309886053,0.18460000000000001,0.1846,0.1846,0.18460000000000001,0.1763636363636364,0.17704840860418605,3.574152946472168,4.77516508102417,0.22561074541538875,4.089333772659302,0.1846,0,True,0.0710857757568359,0.36815106868743896,3.5503194332122803,0.9282024502754211,0.1135142371058464,3.9572582244873047,4.105446547038931,4.105446547038931,NA,NA,NA,NA,NA,NA,NA,NA,NA,NA,NA,1.25e-05,1.25e-05,1.25e-05,[1.25e-05],NA,0.05,4.51242845796951,8.005147933959961,2.7057111263275146,4.473917722702026,6.341713905334473,6.815988850593563,1.1060125158866758,1.0,1.0,167.35418701171875,NA,NA,65536.0,0,1866,1866,0,0,207.470520734787,201.73821830749512,5.716684103012085,207.470520734787,0.0,197.3778007030487,0.0,0.0,0.0,12.2569748225965,0.06076608130912014,108.09619927585189,106.61351680755615,117.0872449874878,122.00783491134642,359.59577560424805,591.8313396523348,1749.2658016088492,119395,119395,20539.58155274391,96.89268292682927,100.0,4356.80078125,20475.0,88.70731707317073,74.39024390243902,76.0,119.23176097560975,120.886,2134.317073170732,8551.0,24762.90911899983,4.0,567.0830078125,698.0,2887.67431640625,20474.5,1,6.90390243902439,24,40570.24028201219,64860.765625,62.54439024390245,26033.9375,-1,633365,24783.129046500697,6.88420251291686,0.00688420251291686,24783.129046500697,6.88420251291686,0.00688420251291686,3.269996193635508,0.003269996193635508,3.269996193635508,0.003269996193635508,475.0,119.46405620253165,120.919,43.007,207.57258718121108,1975,10.0,64,64,1,True,100,adamw,cosine,32,100,0.1,False,1.0.0
p6-vit_small_p16-imagenet100-jointexit-s1,1,3732,2026-08-29T15:36:00Z,1788017760.4107325,local,0,local-ac35a4a3df,CB-410-122,vit_small_p16,vit,imagenet100,1,p6,jointexit,76044ceca0e37bb1e3eb1f7c71d0716f21bd2ed5a555b56c35346c8fa981fe62,3.604988836937601,3.382304789352417,0.218627245697056,0.2539,NA,0.5319,0.2249219035334761,0.2539,0.22492190353347613,0.2567579289590348,0.2539,0.2567579289590348,0.2539,0.2539,0.2539,0.2539,0.24636363636363634,0.2473414586632905,3.028542995452881,4.162491321563721,0.17820582690584402,3.6049141883850098,0.2539,0,True,0.04203322264775633,0.16857414245605473,3.1392030715942383,0.8658736348152161,0.21186676621437073,3.4396538734436035,3.604988836937601,3.604988836937601,NA,NA,NA,NA,NA,NA,NA,NA,NA,NA,NA,2.5e-05,2.5e-05,2.5e-05,[2.5e-05],NA,0.05,6.997657084899444,11.71909236907959,5.087194919586182,6.9506776332855225,8.405500650405884,9.018450307846068,0.8154897454349037,1.0,1.0,167.3205108642578,5.7323760986328125,0.03425985295540557,131072.0,0,1866,1866,0,0,206.65717124938965,201.17820572853088,5.478965520858765,414.12769198417664,0.0,196.97068977355957,0.0,0.0,0.0,13.418954824146473,0.06670766312802583,107.80311857389101,106.53543472290039,117.07282066345215,121.47712707519531,150.3455638885498,593.478799393962,1825.1620605987341,119395,238790,20252.402782440186,96.86274509803921,100.0,5720.86328125,20475.0,88.61274509803921,74.54901960784314,76.0,119.65780392156863,120.954,2138.0882352941176,8551.0,24688.133153500203,4.0,566.626953125,4416.0,2972.56494140625,20474.5,1,6.93529411764706,24,40441.48381969975,64860.765625,62.35343137254901,25911.796875,-1,633027,24728.8266545,6.869118515138889,0.0068691185151388895,49511.9557010007,13.75332102805575,0.01375332102805575,3.2628312946909723,0.0032628312946909725,6.532827488326481,0.0065328274883264805,475.0,119.67885322498731,120.954,83.885,207.1177742325893,1969,10.0,64,64,1,True,100,adamw,cosine,32,100,0.1,False,1.0.0
p6-vit_small_p16-imagenet100-jointexit-s1,2,5598,2026-08-29T15:39:27Z,1788017967.7443213,local,0,local-ac35a4a3df,CB-410-122,vit_small_p16,vit,imagenet100,1,p6,jointexit,76044ceca0e37bb1e3eb1f7c71d0716f21bd2ed5a555b56c35346c8fa981fe62,3.3083697321267276,3.0977159980773927,0.279827463461619,0.3185,NA,0.6087,0.2992854442726347,0.3185,0.29928544427263465,0.3211211447143835,0.3185,0.3211211447143837,0.3184999999999999,0.3185,0.3185,0.3184999999999999,0.31161616161616146,0.31214962081330117,2.669997215270996,3.843848943710327,0.16909460793328443,3.3120037317276,0.3185,0,True,0.05692018572427331,0.16743799797288927,2.795719861984253,0.8124677538871765,0.26157981157302856,3.1701772212982178,3.3083697321267276,3.3083697321267276,NA,NA,NA,NA,NA,NA,NA,NA,NA,NA,NA,3.7500000000000003e-05,3.7500000000000003e-05,3.7500000000000003e-05,[3.75e-05],NA,0.05,8.293341133499963,13.997178077697754,6.4193315505981445,8.156137943267822,9.954273462295532,11.172872591018676,0.8980861614739485,1.0,1.0,167.25437927246094,6.328639984130859,0.03783841123718124,262144.0,0,1866,1866,0,0,206.92346000671387,201.492280960083,5.431179046630859,621.0511519908905,0.0,197.51445198059082,0.0,0.0,0.0,10.373373044164557,0.051486950369688235,107.97201041112248,106.1180830001831,117.05279350280762,120.10263204574584,123.68035316467285,592.5537168525724,1841.220831451567,119395,358185,20071.575620651245,97.06862745098039,100.0,5728.80078125,20475.0,88.83823529411765,74.43627450980392,76.0,119.66739705882351,121.066,2135.8088235294117,8551.0,24691.464593499455,4.0,567.0830078125,4416.0,2971.84326171875,20474.5,1,6.880882352941178,24,40455.92177925858,64860.765625,62.35980392156862,25878.63671875,-1,633027,24756.4337635,6.8767871565277785,0.006876787156527778,74268.3894645007,20.630108184583527,0.020630108184583527,3.2664738993506943,0.0032664738993506944,9.799301387677176,0.009799301387677175,475.0,119.6758046795524,121.066,87.439,207.34899923363625,1966,10.0,64,64,1,True,100,adamw,cosine,32,100,0.1,False,1.0.0
p6-vit_small_p16-imagenet100-jointexit-s1,3,7464,2026-08-29T15:42:54Z,1788018174.6821773,local,0,local-ac35a4a3df,CB-410-122,vit_small_p16,vit,imagenet100,1,p6,jointexit,76044ceca0e37bb1e3eb1f7c71d0716f21bd2ed5a555b56c35346c8fa981fe62,3.1179121439678297,2.962431633758545,0.3255161438921228,0.3514,NA,0.6456,0.3413953753899753,0.3514,0.34139537538997533,0.3784715848730469,0.3514,0.37847158487304694,0.3514,0.3514,0.3514,0.3514,0.34484848484848485,0.3453449419122632,2.589876651763916,3.729278802871704,0.17033110122800085,3.1212832927703857,0.3514,0,True,0.056961560921743516,0.14888143966782763,2.625408887863159,0.7833123803138733,0.2944384217262268,2.993222713470459,3.1179121439678297,3.1179121439678297,NA,NA,NA,NA,NA,NA,NA,NA,NA,NA,NA,5e-05,5e-05,5e-05,[5e-05],NA,0.05,8.4688581152872,16.38582420349121,6.146718978881836,8.29799222946167,10.616737604141235,12.29106302261351,1.1157975506435707,1.0,1.0,167.13632202148438,7.357601165771484,0.044021557234134354,524288.0,0,1866,1866,0,0,206.48151850700378,201.02473306655884,5.440934896469116,827.5326704978943,0.0,197.1516671180725,0.0,0.0,0.0,10.09516517739547,0.050223356560524984,107.71992824979662,106.80973529815674,117.16735363006592,121.965217590332,132.0667266845703,593.931891756168,1837.9194366926683,119395,477580,19822.225776672363,97.3529411764706,100.0,5728.80078125,20475.0,89.01470588235294,74.59313725490196,76.0,119.6572794117647,120.873,2130.6617647058824,8551.0,24693.444462000647,4.0,566.626953125,4416.0,2972.56494140625,20474.5,1,6.893627450980392,24,40435.29555376838,64860.765625,62.33578431372549,25879.28515625,-1,633027,24703.27770850043,6.862021585694564,0.006862021585694564,98971.66717300113,27.49212977027809,0.027492129770278092,3.259460253204918,0.003259460253204918,13.058761640882093,0.013058761640882093,475.0,119.67583494651043,120.926,81.382,206.90378749948013,1963,10.0,64,64,1,True,100,adamw,cosine,32,100,0.1,False,1.0.0
p6-vit_small_p16-imagenet100-jointexit-s1,4,9330,2026-08-29T15:46:22Z,1788018382.0480804,local,0,local-ac35a4a3df,CB-410-122,vit_small_p16,vit,imagenet100,1,p6,jointexit,76044ceca0e37bb1e3eb1f7c71d0716f21bd2ed5a555b56c35346c8fa981fe62,2.9839631613397466,2.9385889183044434,0.3576112902550358,0.3574,NA,0.6518,0.3404836399143602,0.3574,0.34048363991436015,0.38249749359536706,0.3574,0.3824974935953671,0.3574000000000001,0.3574,0.3574,0.3574000000000001,0.35090909090909095,0.35159341428760726,2.4010746479034424,3.6056554317474365,0.1742360949541047,2.9748902320861816,0.3574,0,True,0.025300966551899905,0.06836336725636527,2.5770280361175537,0.7728525400161743,0.3373536765575409,2.796752691268921,2.9839631613397466,2.9839631613397466,NA,NA,NA,NA,NA,NA,NA,NA,NA,NA,NA,6.25e-05,6.25e-05,6.25e-05,[6.25e-05],NA,0.05,8.027176040618732,15.53741455078125,5.80655574798584,7.826389789581299,10.186547470092773,11.856649017333979,1.1218384220390385,1.0,1.0,167.00399780273438,8.669259071350098,0.05191048828418019,524288.0,1,1866,1866,0,0,206.97944450378418,201.54622745513916,5.4332170486450195,1034.5121150016785,0.0,197.62307977676392,0.0,0.0,0.0,15.614704822239124,0.07748567189888184,107.9942757165956,106.97102546691895,117.11561679840088,121.25868797302246,131.28066062927246,592.3951120671576,1840.530188738527,119395,596975,19663.047227859497,97.16666666666667,99.0,5728.80078125,20475.0,89.02450980392157,74.47058823529412,76.0,119.6953431372549,120.952,2129.3382352941176,8551.0,24707.847820999476,4.0,567.0830078125,4416.0,2971.84326171875,20474.5,1,6.968627450980391,24,40466.816080729164,64860.765625,62.3656862745098,25885.56640625,-1,633026,24775.37571349981,6.882048809305503,0.006882048809305503,123747.04288650095,34.3741785795836,0.034374178579583595,3.2689731844201138,0.003268973184420114,16.327734825302205,0.016327734825302205,475.0,119.70319674631418,121.025,91.301,207.507648674566,1967,10.0,64,64,1,True,100,adamw,cosine,32,100,0.1,False,1.0.0
p6-vit_small_p16-imagenet100-jointexit-s1,5,11196,2026-08-29T15:49:48Z,1788018588.906011,local,0,local-ac35a4a3df,CB-410-122,vit_small_p16,vit,imagenet100,1,p6,jointexit,76044ceca0e37bb1e3eb1f7c71d0716f21bd2ed5a555b56c35346c8fa981fe62,2.839627655061966,2.7009182235717772,0.39902005946647684,0.4183,NA,0.7103,0.4016508409462064,0.4183,0.40165084094620646,0.42418457813845345,0.4183,0.4241845781384535,0.4183,0.4183,0.4183,0.4183,0.41242424242424247,0.41289365236917513,2.224745512008667,3.487492084503174,0.1760117483071912,2.835685968399048,0.4183,0,True,0.042520044582337144,0.10192828178405766,2.302631139755249,0.7139955163002014,0.3757799565792084,2.651700258255005,2.839627655061966,2.839627655061966,NA,NA,NA,NA,NA,NA,NA,NA,NA,NA,NA,6.248291429190393e-05,6.248291429190393e-05,6.248291429190393e-05,[6.248e-05],NA,0.05,7.679728931140644,14.779909133911133,5.571016788482666,7.461071014404297,9.488292694091797,11.322508010864253,1.0282872656831843,1.0,1.0,166.85768127441406,8.480841636657715,0.050826797854814525,524288.0,1,1866,1866,0,0,206.4293384552002,200.9793107509613,5.450027704238892,1240.9414534568787,0.0,196.82437586784363,0.0,0.0,0.0,11.841003543452214,0.05892117597287266,107.69746119569736,106.97853565216064,117.01643466949463,121.51068449020386,131.4382553100586,594.0661232933844,1834.8530581270727,119395,716370,19404.35781478882,97.02450980392157,100.0,5728.80078125,20475.0,88.67156862745098,74.51470588235294,76.0,119.79558823529413,120.862,2128.823529411765,8551.0,24713.82268050062,4.0,566.626953125,4416.0,2972.56494140625,20474.5,1,6.776960784313726,24,40446.84878599877,64860.765625,62.34215686274509,25921.09765625,-1,633025,24724.068856999904,6.867796904722195,0.006867796904722195,148471.11174350086,41.2419754843058,0.0412419754843058,3.2622035297430427,0.003262203529743043,19.58993835504525,0.019589938355045248,475.0,119.8115429009193,120.862,85.289,207.07792501360947,1958,10.0,64,64,1,True,100,adamw,cosine,32,100,0.1,False,1.0.0
p6-vit_small_p16-imagenet100-jointexit-s1,6,13062,2026-08-29T15:53:15Z,1788018795.9795554,local,0,local-ac35a4a3df,CB-410-122,vit_small_p16,vit,imagenet100,1,p6,jointexit,76044ceca0e37bb1e3eb1f7c71d0716f21bd2ed5a555b56c35346c8fa981fe62,2.7205586947669507,2.6552470275878908,0.43614891745885503,0.4354,NA,0.7193,0.4236561312993853,0.4354,0.4236561312993852,0.45668264141946335,0.4354,0.45668264141946346,0.43540000000000006,0.4354,0.4354,0.43540000000000006,0.4296969696969697,0.43022944958441806,2.1364846229553223,3.3981103897094727,0.1740264495943286,2.708717107772827,0.4354,0,True,0.04085334052443504,0.10087834199269607,2.2417826652526855,0.6967701315879822,0.39477118849754333,2.563760280609131,2.7205586947669507,2.7205586947669507,NA,NA,NA,NA,NA,NA,NA,NA,NA,NA,NA,6.24316758505867e-05,6.24316758505867e-05,6.24316758505867e-05,[6.243e-05],NA,0.05,7.571410662878614,12.135623931884766,5.513930797576904,7.407623291015625,9.335799980163573,10.597469139099116,0.9419945879416065,1.0,1.0,166.72056579589844,8.316302299499512,0.049881682321546585,524288.0,1,1866,1866,0,0,206.71724581718445,201.30051374435425,5.415804624557495,1447.658699274063,0.0,197.3780221939087,0.0,0.0,0.0,9.151005205355194,0.045465097340608586,107.86462494542488,106.92250728607178,117.05732345581055,122.01391458511353,130.4636001586914,593.1182080917496,1846.447701354637,119395,835765,19224.703860998154,97.3578431372549,100.0,5728.80078125,20475.0,89.33333333333333,74.42647058823529,76.0,119.7499362745098,120.991,2131.764705882353,8551.0,24714.592727999734,4.0,567.0830078125,4416.0,2971.84326171875,20474.5,1,6.8240196078431365,24,40365.51512714461,64860.765625,62.23823529411766,25885.97265625,-1,633025,24746.55948199988,6.874044300555522,0.0068740443005555225,173217.67122550076,48.11601978486132,0.048116019784861325,3.265171042763873,0.003265171042763873,22.85510939780912,0.02285510939780912,475.0,119.75438762049721,121.295,91.267,207.2662965953338,1971,10.0,64,64,1,True,100,adamw,cosine,32,100,0.1,False,1.0.0
p6-vit_small_p16-imagenet100-jointexit-s1,7,14928,2026-08-29T15:56:43Z,1788019003.1227255,local,0,local-ac35a4a3df,CB-410-122,vit_small_p16,vit,imagenet100,1,p6,jointexit,76044ceca0e37bb1e3eb1f7c71d0716f21bd2ed5a555b56c35346c8fa981fe62,2.6238955923658183,2.5165961906433107,0.4641149126847858,0.4726,NA,0.7514,0.4659855500105192,0.4726,0.4659855500105194,0.49173313657003115,0.4726,0.4917331365700311,0.47259999999999996,0.4726,0.4726,0.47259999999999996,0.4672727272727273,0.46777374975157143,2.13606858253479,3.2627406120300293,0.16695693578854043,2.6202032566070557,0.4726,0,True,0.05613947389572858,0.13766232033095294,2.0795204639434814,0.6642418503761292,0.4165741801261902,2.4607443809509277,2.6238955923658183,2.6238955923658183,NA,NA,NA,NA,NA,NA,NA,NA,NA,NA,NA,6.23463407045316e-05,6.23463407045316e-05,6.23463407045316e-05,[6.235e-05],NA,0.05,7.545732992136447,12.973502159118652,5.466987609863281,7.401698589324951,9.329312705993651,10.674196662902823,0.9770561742027881,1.0,1.0,166.5756072998047,8.206381797790527,0.04926520713816512,524288.0,1,1866,1866,0,0,206.78035378456116,201.3398299217224,5.434422492980957,1654.4390530586243,0.0,196.8583812713623,0.0,0.0,0.0,13.334004427257337,0.06623786772016502,107.8804158959997,104.22003269195557,117.05636978149414,120.76497077941895,132.80057907104492,593.0023882826304,1840.1219288555305,119395,955160,19023.792548179626,97.36274509803921,100.0,5728.80078125,20475.0,89.05882352941177,74.51470588235294,76.0,119.72558823529414,120.923,2132.8676470588234,8551.0,24704.246095500952,4.0,566.626953125,4416.0,2972.56494140625,20474.5,1,6.911274509803922,24,40364.21719898897,64860.765625,62.243137254901974,25885.96875,-1,632800,24755.279861001465,6.8764666280559625,0.006876466628055963,197972.95108650223,54.99248641291729,0.054992486412917284,3.2663216483265822,0.003266321648326582,26.121431046135704,0.026121431046135703,475.0,119.75399033570702,120.984,92.001,207.33933465389225,1966,10.0,64,64,1,True,100,adamw,cosine,32,100,0.1,False,1.0.0
p6-vit_small_p16-imagenet100-jointexit-s1,8,16794,2026-08-29T16:00:10Z,1788019210.5545933,local,0,local-ac35a4a3df,CB-410-122,vit_small_p16,vit,imagenet100,1,p6,jointexit,76044ceca0e37bb1e3eb1f7c71d0716f21bd2ed5a555b56c35346c8fa981fe62,2.54167442414433,2.4916157909393313,0.48845429038066923,0.4777,NA,0.7585,0.46349630113007945,0.4777,0.4634963011300796,0.4886272420820238,0.4777,0.4886272420820238,0.47769999999999996,0.4777,0.4777,0.47769999999999996,0.4724242424242424,0.47283757326865206,2.069859027862549,3.107792377471924,0.16786679348643735,2.5368642807006836,0.4777,0,True,0.03014350059069693,0.07402617590768001,2.041696548461914,0.6504215598106384,0.4484228491783142,2.344496965408325,2.54167442414433,2.54167442414433,NA,NA,NA,NA,NA,NA,NA,NA,NA,NA,NA,6.222700216646797e-05,6.222700216646797e-05,6.222700216646797e-05,[6.223e-05],NA,0.05,7.414256833769361,13.331326484680176,5.3676934242248535,7.249413013458252,9.166566085815429,10.844593772888182,0.9503903294255498,1.0,1.0,166.4394073486328,8.212422370910645,0.04934181454821254,524288.0,1,1866,1866,0,0,206.9996440410614,201.55292320251465,5.446720838546753,1861.4386970996857,0.0,197.44888544082642,0.0,0.0,0.0,12.72168486996701,0.0631268183422392,107.99884055077327,106.97150230407715,117.09022521972656,121.74675464630124,270.27249336242676,592.3754322334254,1835.9670518138971,119395,1074555,18836.967607736588,96.58333333333333,100.0,5728.80078125,20475.0,88.58823529411765,74.38725490196079,76.0,119.73251960784314,120.892,2131.470588235294,8551.0,24706.942327999797,4.0,567.08203125,4416.0,2971.84326171875,20474.5,1,7.009803921568627,24,40377.16683900123,64860.765625,62.24754901960785,25876.296875,-1,632800,24765.1668974999,6.879213027083306,0.0068792130270833056,222738.11798400214,61.87169944000059,0.061871699440000594,3.26762618786457,0.00326762618786457,29.389057234000273,0.029389057234000274,475.0,119.64810203045685,120.892,84.965,207.42214412244985,1970,10.0,64,64,1,True,100,adamw,cosine,32,100,0.1,False,1.0.0
p6-vit_small_p16-imagenet100-jointexit-s1,9,18660,2026-08-29T16:03:37Z,1788019417.544216,local,0,local-ac35a4a3df,CB-410-122,vit_small_p16,vit,imagenet100,1,p6,jointexit,76044ceca0e37bb1e3eb1f7c71d0716f21bd2ed5a555b56c35346c8fa981fe62,2.464003490520046,2.4296257068634035,0.5124418945516982,0.4962,NA,0.7739,0.49027723434715687,0.4962,0.4902772343471569,0.5207137326544344,0.4962,0.5207137326544347,0.49620000000000003,0.4962,0.4962,0.49620000000000003,0.49111111111111116,0.4914975204819259,1.9460680484771729,3.029999017715454,0.16767660417917785,2.4602049589157104,0.4962,0,True,0.029288948402553795,0.06233902551509718,1.961439609527588,0.6362100839614868,0.4669739305973053,2.2470383644104004,2.464003490520046,2.464003490520046,NA,NA,NA,NA,NA,NA,NA,NA,NA,NA,NA,6.207379073133506e-05,6.207379073133506e-05,6.207379073133506e-05,[6.207e-05],NA,0.05,7.419388363252696,13.417328834533691,5.39430570602417,7.279619216918945,9.086187553405761,10.359043006896968,0.9194774968491997,1.0,1.0,166.3034210205078,8.138978004455566,0.048940532639144586,524288.0,1,1866,1866,0,0,206.59158849716187,201.17445349693298,5.417135000228882,2068.0302855968475,0.0,197.2694993019104,0.0,0.0,0.0,15.173866585681314,0.0754267343517678,107.81006721055009,106.57620429992676,116.9891357421875,121.38400077819821,133.56971740722656,593.4898687413123,1845.9942385739853,119395,1193950,18593.242964744568,96.8970588235294,100.0,5728.80078125,20475.0,88.59803921568627,74.40196078431373,76.0,119.74639705882356,121.304,2128.75,8551.0,24713.430752999826,4.0,566.6259765625,4416.0,2972.56396484375,20474.5,1,7.080392156862746,24,40446.588216145836,64860.765625,62.344607843137254,25913.1953125,-1,632799,24738.845397498655,6.871901499305182,0.006871901499305182,247476.9633815008,68.74360093930578,0.06874360093930577,3.2641532121699615,0.0032641532121699614,32.653210446170235,0.032653210446170235,475.0,119.77961769191664,121.304,90.045,207.20168681685712,1967,10.0,64,64,1,True,100,adamw,cosine,32,100,0.1,False,1.0.0
p6-vit_small_p16-imagenet100-jointexit-s1,10,20526,2026-08-29T16:07:05Z,1788019625.1585286,local,0,local-ac35a4a3df,CB-410-122,vit_small_p16,vit,imagenet100,1,p6,jointexit,76044ceca0e37bb1e3eb1f7c71d0716f21bd2ed5a555b56c35346c8fa981fe62,2.394612377058037,2.3622027183532714,0.5351982913857364,0.5154,NA,0.7919,0.507534725446355,0.5154,0.5075347254463551,0.5330280515437807,0.5154,0.5330280515437807,0.5154000000000001,0.5154,0.5154,0.5154000000000001,0.5105050505050506,0.5110057355801839,1.836449384689331,3.0291099548339844,0.16716343512121226,2.3935201168060303,0.5154,0,True,0.03300825862176716,0.07746192433617327,1.8877971172332764,0.613119900226593,0.4824017584323883,2.2156662940979004,2.394612377058037,2.394612377058037,NA,NA,NA,NA,NA,NA,NA,NA,NA,NA,NA,6.188687393358778e-05,6.188687393358778e-05,6.188687393358778e-05,[6.189e-05],NA,0.05,7.391905982500746,13.648014068603516,5.2305779457092285,7.245743751525879,9.127078628540039,10.490019950866696,0.9321853651173289,1.0,1.0,166.18502807617188,8.136816024780273,0.048962389205426594,524288.0,1,1866,1866,0,0,207.22916555404663,201.7712061405182,5.457959413528442,2275.259451150894,0.0,197.23250246047974,0.0,0.0,0.0,11.932849720904702,0.05914462095593269,108.12279879088571,107.10203647613525,117.09821224212646,121.6989278793335,134.34672355651855,591.7345803882964,1832.1865815296042,119395,1313345,18443.39573431015,96.80882352941177,100.0,5728.80078125,20475.0,88.70588235294117,74.41176470588235,76.0,119.70450000000001,121.101,2131.6911764705883,8551.0,24707.834021000133,4.0,567.08203125,4416.0,2971.84228515625,20474.5,1,7.329411764705883,24,40481.09995404412,64860.765625,62.404411764705884,25910.46875,-1,632799,24801.94493849895,6.889429149583042,0.006889429149583041,272278.90831999975,75.63303008888882,0.07563303008888882,3.2724788460519445,0.0032724788460519443,35.92568929222218,0.03592568929222218,475.0,119.71478296146044,121.111,89.846,207.73018081577075,1972,10.0,64,64,1,True,100,adamw,cosine,32,100,0.1,False,1.0.0
p6-vit_small_p16-imagenet100-jointexit-s1,11,22392,2026-08-29T16:10:32Z,1788019832.199121,local,0,local-ac35a4a3df,CB-410-122,vit_small_p16,vit,imagenet100,1,p6,jointexit,76044ceca0e37bb1e3eb1f7c71d0716f21bd2ed5a555b56c35346c8fa981fe62,2.3285859266005,2.30483416519165,0.5557351647891453,0.534,NA,0.8029,0.5271368045125623,0.534,0.5271368045125622,0.5435202055485986,0.534,0.5435202055485986,0.534,0.534,0.534,0.534,0.5292929292929294,0.5295942257275843,1.8532356023788452,2.8329215049743652,0.15901174956079975,2.3230693340301514,0.534,0,True,0.046706960186362285,0.10856198774788806,1.824975609779358,0.5991992354393005,0.48742562532424927,2.19423770904541,2.3285859266005,2.3285859266005,NA,NA,NA,NA,NA,NA,NA,NA,NA,NA,NA,6.166645616400017e-05,6.166645616400017e-05,6.166645616400017e-05,[6.167e-05],NA,0.05,7.380635007392945,12.037054061889648,4.8773651123046875,7.236583232879639,8.98862590789795,10.260195312499997,0.8853723526845233,1.0,1.0,166.06565856933594,8.138633728027344,0.04900852950659448,524288.0,1,1866,1866,0,0,206.69088864326477,201.25350546836853,5.43738317489624,2481.950339794159,0.0,197.1595437526703,0.0,0.0,0.0,15.398640933789705,0.07652013044658283,107.84376740838937,106.76169395446777,117.00856685638428,120.97469568252562,133.3177089691162,593.2567471167133,1839.1199734035347,119395,1432740,18188.7982006073,97.20098039215686,100.0,5728.80078125,20475.0,88.82843137254902,74.45588235294117,76.0,119.76399509803923,121.152,2138.3823529411766,8551.0,24705.847588500645,4.0,566.6259765625,4416.0,2972.56396484375,20474.5,1,7.469607843137256,24,40727.87067248775,64860.765625,62.797058823529404,25914.0625,-1,632795,24741.5550080003,6.872654168888973,0.006872654168888973,297020.46332800004,82.50568425777779,0.0825056842577778,3.264510730222262,0.003264510730222262,39.190200022444444,0.039190200022444444,475.0,119.73109349593497,121.152,90.36,207.22438132250346,1968,10.0,64,64,1,True,100,adamw,cosine,32,100,0.1,False,1.0.0
p6-vit_small_p16-imagenet100-jointexit-s1,12,24258,2026-08-29T16:13:59Z,1788020039.6724637,local,0,local-ac35a4a3df,CB-410-122,vit_small_p16,vit,imagenet100,1,p6,jointexit,76044ceca0e37bb1e3eb1f7c71d0716f21bd2ed5a555b56c35346c8fa981fe62,2.26804071134087,2.261390885543823,0.5765400561162528,0.5464,NA,0.8087,0.5406846442662468,0.5464,0.5406846442662471,0.5575407946412341,0.5464,0.5575407946412342,0.5464000000000001,0.5464,0.5464,0.5464000000000001,0.5418181818181818,0.5420690919424949,1.7800719738006592,2.8533260822296143,0.16290002391779304,2.259785294532776,0.5464,0,True,0.03870620184987783,0.2496474419648831,1.766335368156433,0.5816699862480164,0.5076938271522522,2.0997776985168457,2.26804071134087,2.26804071134087,NA,NA,NA,NA,NA,NA,NA,NA,NA,NA,NA,6.141277844616713e-05,6.141277844616713e-05,6.141277844616713e-05,[6.141e-05],NA,0.05,7.345310593929751,12.195213317871094,5.097843170166016,7.230867385864258,8.863325119018555,10.233616218566892,0.8685393770232394,1.0,1.0,165.95579528808594,8.14503288269043,0.04907953270659399,524288.0,1,1866,1866,0,0,207.14165568351746,201.70455884933472,5.435979604721069,2689.0919954776764,0.0,197.13323855400085,0.0,0.0,0.0,11.642067884144032,0.05772304511218068,108.08595251551523,108.1089973449707,116.99485778808594,122.40952253341672,133.6522102355957,591.9301015361945,1839.594834262282,119395,1552135,18021.32404446602,97.1421568627451,100.0,5728.80078125,20475.0,88.99509803921569,74.46078431372548,76.0,119.75119607843136,121.078,2126.470588235294,8551.0,24712.091659500074,4.0,567.08203125,4416.0,2971.84228515625,20474.5,1,6.813235294117647,24,40707.792719822304,64860.765625,62.75833333333334,25877.52734375,-1,632795,24795.11111799942,6.88753086611095,0.00688753086611095,321815.57444599946,89.39321512388874,0.08939321512388874,3.271577161402701,0.003271577161402701,42.46177718384715,0.042461777183847145,475.0,119.75327987742595,121.078,93.111,207.67294374135784,1958,10.0,64,64,1,True,100,adamw,cosine,32,100,0.1,False,1.0.0
p6-vit_small_p16-imagenet100-jointexit-s1,13,26124,2026-08-29T16:17:26Z,1788020246.8115473,local,0,local-ac35a4a3df,CB-410-122,vit_small_p16,vit,imagenet100,1,p6,jointexit,76044ceca0e37bb1e3eb1f7c71d0716f21bd2ed5a555b56c35346c8fa981fe62,2.2081846622272705,2.252812316894531,0.5962309979479877,0.5494,NA,0.8146,0.5461423578875605,0.5494,0.5461423578875606,0.567770700676387,0.5494,0.567770700676387,0.5494,0.5494,0.5494,0.5494,0.5448484848484847,0.5451552678130569,1.7039315700531006,2.8511054515838623,0.15785708329758588,2.205241084098816,0.5494,0,True,0.02500469023436306,0.10592142740885416,1.7524162530899048,0.5805411338806152,0.5243952870368958,2.029338836669922,2.2081846622272705,2.2081846622272705,NA,NA,NA,NA,NA,NA,NA,NA,NA,NA,NA,6.112611817294866e-05,6.112611817294866e-05,6.112611817294866e-05,[6.113e-05],NA,0.05,7.3130692835150555,11.160577774047852,5.3648905754089355,7.233626842498779,8.74465799331665,9.732953500747671,0.8172419845172516,1.0,1.0,165.86387634277344,8.184734344482422,0.04934609346502847,524288.0,0,1866,1866,0,0,206.70446228981018,201.2536244392395,5.450837850570679,2895.7964577674866,0.0,197.28813648223877,0.0,0.0,0.0,10.732773165953787,0.05333500048060623,107.84201849439648,106.63402080535889,117.05315113067627,121.37162685394287,129.6701431274414,593.2563964136037,1834.580347854788,119395,1671530,17776.583756923676,97.27450980392157,100.0,5728.80078125,20475.0,88.86274509803921,74.38235294117646,76.0,119.7765637254902,121.018,2126.764705882353,8551.0,24714.835997501337,4.0,566.6259765625,4416.0,2972.56396484375,20474.5,1,6.826960784313726,24,40716.280790441175,64860.765625,62.75392156862747,25916.23046875,-1,632793,24753.237559500827,6.875899322083563,0.006875899322083563,346568.8120055003,96.2691144459723,0.0962691144459723,3.2660521779896925,0.0032660521779896926,45.72782936183684,0.045727829361836836,475.0,119.76863821138211,121.018,88.891,207.3222292348995,1968,10.0,64,64,1,True,100,adamw,cosine,32,100,0.1,False,1.0.0
p6-vit_small_p16-imagenet100-jointexit-s1,14,27990,2026-08-29T16:20:54Z,1788020454.0529647,local,0,local-ac35a4a3df,CB-410-122,vit_small_p16,vit,imagenet100,1,p6,jointexit,76044ceca0e37bb1e3eb1f7c71d0716f21bd2ed5a555b56c35346c8fa981fe62,2.1538663423861624,2.1973123973846436,0.6135600318271285,0.566,NA,0.8233,0.5617190345252452,0.566,0.5617190345252451,0.5780025070330395,0.566,0.5780025070330393,0.5660000000000001,0.566,0.566,0.5660000000000001,0.5616161616161617,0.561896271455214,1.7014894485473633,2.755539894104004,0.15556594163884757,2.1528120040893555,0.566,0,True,0.02118735980540515,0.05762764811515808,1.6765207052230835,0.5588911771774292,0.5467305183410645,1.9241487979888916,2.1538663423861624,2.1538663423861624,NA,NA,NA,NA,NA,NA,NA,NA,NA,NA,NA,6.080678880314482e-05,6.080678880314482e-05,6.080678880314482e-05,[6.081e-05],NA,0.05,7.3662911016244355,12.712187767028809,5.1646833419799805,7.260467529296875,8.973001670837402,10.240376777648926,0.8767805468017024,1.0,1.0,165.7809295654297,8.131515502929688,0.04904976419329569,524288.0,1,1866,1866,0,0,206.8520486354828,201.42517924308777,5.426391839981079,3102.6485064029694,0.0,197.02344489097595,0.0,0.0,0.0,10.192174409565173,0.05060820230371498,107.92804160429861,106.63318634033203,117.10262298583984,121.11568450927734,126.37209892272949,592.7511170582574,1842.8451713201139,119395,1790925,17582.424134016037,97.50980392156863,100.0,5728.80078125,20475.0,89.3529411764706,74.3578431372549,76.0,119.75235784313728,120.897,2129.264705882353,8551.0,24706.74765949938,4.0,567.08203125,4416.0,2971.84228515625,20474.5,1,6.890196078431372,24,40710.73102405025,64860.765625,62.75833333333335,25916.83984375,-1,632793,24759.161436999268,6.877544843610908,0.006877544843610908,371327.9734424996,103.14665928958321,0.10314665928958322,3.266833800715181,0.003266833800715181,48.994663162552015,0.048994663162552014,475.0,119.72616616008105,121.021,88.418,207.37184502700504,1974,10.0,64,64,1,True,100,adamw,cosine,32,100,0.1,False,1.0.0
p6-vit_small_p16-imagenet100-jointexit-s1,15,29856,2026-08-29T16:24:21Z,1788020661.211169,local,0,local-ac35a4a3df,CB-410-122,vit_small_p16,vit,imagenet100,1,p6,jointexit,76044ceca0e37bb1e3eb1f7c71d0716f21bd2ed5a555b56c35346c8fa981fe62,2.102327151102628,2.174795339202881,0.631173834750199,0.5713,NA,0.8268,0.5638466938183944,0.5713,0.5638466938183944,0.578514361342178,0.5713,0.578514361342178,0.5713,0.5713,0.5713,0.5713,0.5669696969696969,0.5672550177818161,1.562146782875061,2.6786797046661377,0.1545880906837034,2.1007649898529053,0.5713,0,True,0.02074375738315285,0.05593900755047798,1.6630382537841797,0.5512522459030151,0.5529156923294067,1.9399230480194092,2.102327151102628,2.102327151102628,NA,NA,NA,NA,NA,NA,NA,NA,NA,NA,NA,6.0455139518733145e-05,6.0455139518733145e-05,6.0455139518733145e-05,[6.046e-05],NA,0.05,7.332495719306271,12.574697494506836,5.248909950256348,7.236074447631836,8.79964256286621,9.789096183776852,0.805025540984228,1.0,1.0,165.7008056640625,8.165373802185059,0.04927781593735473,524288.0,1,1866,1866,0,0,206.7450692653656,201.2918303012848,5.452239274978638,3309.393575668335,0.0,197.3041970729828,0.0,0.0,0.0,14.847048734363758,0.0737653984718422,107.86382127293692,106.75346851348877,117.09725856781006,122.04707860946648,129.1208267211914,593.1437943670878,1834.1087937743123,119395,1910320,17366.58581829071,97.36764705882354,100.0,5728.80078125,20475.0,89.0,74.42647058823529,76.0,119.69740196078432,120.923,2134.485294117647,8551.0,24703.052654500607,4.0,566.6259765625,4416.0,2972.56396484375,20474.5,1,6.91421568627451,24,40719.8060278799,64860.765625,62.762745098039225,25908.9921875,-1,632792,24742.789504500426,6.872997084583452,0.006872997084583452,396070.762947,110.01965637416666,0.11001965637416666,3.264673615177139,0.0032646736151771393,52.25933677772915,0.052259336777729155,475.0,119.72423350253807,121.007,86.096,207.23472092215272,1970,10.0,64,64,1,True,100,adamw,cosine,32,100,0.1,False,1.0.0
p6-vit_small_p16-imagenet100-jointexit-s1,16,31722,2026-08-29T16:27:48Z,1788020868.7695982,local,0,local-ac35a4a3df,CB-410-122,vit_small_p16,vit,imagenet100,1,p6,jointexit,76044ceca0e37bb1e3eb1f7c71d0716f21bd2ed5a555b56c35346c8fa981fe62,2.0509597628972975,2.1680947074890136,0.6494493069224004,0.5765,NA,0.8282,0.5752660675618856,0.5765,0.5752660675618856,0.5982551106637447,0.5765,0.5982551106637447,0.5765,0.5765,0.5765,0.5765,0.5722222222222222,0.5725442387888827,1.5079964399337769,2.7074332237243652,0.15506280700849928,2.0459909439086914,0.5765,0,True,0.027979753562435507,0.06427186183762135,1.6549103260040283,0.5497807860374451,0.5486041307449341,1.9369611740112305,2.0509597628972975,2.0509597628972975,NA,NA,NA,NA,NA,NA,NA,NA,NA,NA,NA,6.007155484304327e-05,6.007155484304327e-05,6.007155484304327e-05,[6.007e-05],NA,0.05,7.402850658324704,11.84670352935791,5.150186061859131,7.321675777435303,8.930133438110351,9.930310020446775,0.8582350283418667,1.0,1.0,165.62130737304688,8.130314826965332,0.04908978775691306,524288.0,1,1866,1866,0,0,207.16775488853455,201.72812342643738,5.438652992248535,3516.5613305568695,0.0,197.51116633415222,0.0,0.0,0.0,13.723294069892482,0.06804143101504134,108.08695729777999,106.51874542236328,117.02215671539307,120.0474500656128,129.8377513885498,591.8609560829967,1838.6905754517793,119395,2029715,17194.923655748367,97.25980392156863,100.0,5747.47265625,20475.0,89.05392156862744,74.3921568627451,76.0,119.73486274509804,120.898,2138.676470588235,8551.0,24698.181801500246,4.0,567.08203125,4416.0,2971.84228515625,20474.5,1,6.950490196078431,24,40720.223747702206,64860.765625,62.77549019607844,25880.140625,-1,632792,24799.638389000193,6.888788441388942,0.006888788441388943,420870.4013360002,116.90844481555561,0.11690844481555561,3.272174509659748,0.0032721745096597477,55.5315112873889,0.0555315112873889,475.0,119.72477316455698,120.898,88.502,207.71086217178436,1975,10.0,64,64,1,True,100,adamw,cosine,32,100,0.1,False,1.0.0
p6-vit_small_p16-imagenet100-jointexit-s1,17,33588,2026-08-29T16:31:16Z,1788021076.6085753,local,0,local-ac35a4a3df,CB-410-122,vit_small_p16,vit,imagenet100,1,p6,jointexit,76044ceca0e37bb1e3eb1f7c71d0716f21bd2ed5a555b56c35346c8fa981fe62,2.0034250772400233,2.1509150272369384,0.6662339293940283,0.5818,NA,0.8298,0.5773772802215941,0.5818,0.577377280221594,0.5957159585418079,0.5818,0.5957159585418079,0.5818000000000001,0.5818,0.5818,0.5818000000000001,0.5775757575757576,0.5778599828253792,1.5600110292434692,2.5214903354644775,0.15031804742327085,1.9992206692695618,0.5818,0,True,0.0193322443317622,0.2728874770303567,1.6266963481903076,0.5393549799919128,0.5747201442718506,1.8435423374176025,2.0034250772400233,2.0034250772400233,NA,NA,NA,NA,NA,NA,NA,NA,NA,NA,NA,5.965645422028633e-05,5.965645422028633e-05,5.965645422028633e-05,[5.966e-05],NA,0.05,7.432869758554822,11.39346694946289,5.14571475982666,7.351766586303711,8.94414825439453,9.908114852905273,0.8091567015637677,1.0,1.0,165.5614776611328,8.131601333618164,0.04911529812666765,524288.0,1,1866,1866,0,0,206.88946890830994,201.45055866241455,5.437926530838013,3723.4507994651794,0.0,197.17070841789246,0.0,0.0,0.0,10.305890397021646,0.05116760684305731,107.93909561467963,107.08332061767578,117.07854270935059,121.39153480529785,134.7041130065918,592.6764402777305,1838.9362091030216,119395,2149110,16964.936450481415,96.69117647058823,100.0,5728.80078125,20475.0,88.25980392156863,74.74509803921569,76.0,119.54802941176472,121.372,2132.720588235294,8551.0,24684.461540500964,4.0,566.6259765625,4416.0,2972.56396484375,20474.5,1,7.192156862745098,24,40768.772633272056,64860.765625,62.848039215686256,25880.13671875,-1,632795,24740.210497000327,6.872280693611202,0.006872280693611202,445610.6118330005,123.7807255091668,0.1237807255091668,3.264333329465321,0.003264333329465321,58.79584461685422,0.05879584461685422,475.0,119.6155780933063,121.372,47.822,207.21312028979713,1972,10.0,64,64,1,True,100,adamw,cosine,32,100,0.1,False,1.0.0
p6-vit_small_p16-imagenet100-jointexit-s1,18,35454,2026-08-29T16:34:44Z,1788021284.2706268,local,0,local-ac35a4a3df,CB-410-122,vit_small_p16,vit,imagenet100,1,p6,jointexit,76044ceca0e37bb1e3eb1f7c71d0716f21bd2ed5a555b56c35346c8fa981fe62,1.9533141493352995,2.120300218582153,0.6846015327275011,0.5941,NA,0.8374,0.5907992672207479,0.5941,0.5907992672207479,0.6070036908970947,0.5941,0.6070036908970946,0.5941,0.5941,0.5941,0.5941,0.5900000000000001,0.590235360051162,1.5360145568847656,2.5130248069763184,0.14400054758577435,1.9476930499076843,0.5941,0,True,0.01777279616929592,0.06166825816035271,1.5935437679290771,0.532126247882843,0.5782622694969177,1.8240753412246704,1.9533141493352995,1.9533141493352995,NA,NA,NA,NA,NA,NA,NA,NA,NA,NA,NA,5.9210291556898853e-05,5.9210291556898853e-05,5.9210291556898853e-05,[5.921e-05],NA,0.05,7.457817537087857,11.574057579040527,5.539595127105713,7.401650428771973,8.863470268249511,9.80590553283691,0.8070078096329728,1.0,1.0,165.50299072265625,8.126787185668945,0.049103566951774986,524288.0,1,1866,1866,0,0,207.26269578933716,201.80684781074524,5.440001487731934,3930.7134952545166,0.0,197.59580731391907,0.0,0.0,0.0,12.82036828994751,0.06353503729280964,108.13731268160085,107.31780529022217,117.05458164215088,121.551513671875,132.82299041748047,591.6300724937184,1838.2347913969484,119395,2268505,16788.27835893631,96.68627450980392,100.0,5728.80078125,20475.0,88.44607843137256,74.54901960784314,76.0,119.66859313725492,120.833,2132.6470588235293,8551.0,24697.21501849927,4.0,567.08203125,4416.0,2971.84228515625,20474.5,1,7.102941176470588,24,40742.08628216912,64860.765625,62.814705882352946,25880.1015625,-1,632794,24796.65301999987,6.887959172222186,0.006887959172222186,470407.26485300035,130.66868468138898,0.13066868468138898,3.2717806068055384,0.0032717806068055383,62.06762522365976,0.06206762522365976,475.0,119.70726217038538,121.311,88.952,207.68585803425495,1972,10.0,64,64,1,True,100,adamw,cosine,32,100,0.1,False,1.0.0
p6-vit_small_p16-imagenet100-jointexit-s1,19,37320,2026-08-29T16:38:11Z,1788021491.492909,local,0,local-ac35a4a3df,CB-410-122,vit_small_p16,vit,imagenet100,1,p6,jointexit,76044ceca0e37bb1e3eb1f7c71d0716f21bd2ed5a555b56c35346c8fa981fe62,1.905338153817545,2.1158663543701173,0.7023158423719587,0.5965,NA,0.8423,0.5957196004945158,0.5965,0.5957196004945158,0.6124396244956938,0.5965,0.6124396244956937,0.5965,0.5965,0.5965,0.5965,0.5924242424242424,0.5926533981497565,1.4433518648147583,2.3987128734588623,0.1381961733704706,1.8971266746520996,0.5965,0,True,0.016732919386774302,0.054964371025562286,1.5889906883239746,0.529529869556427,0.5888639688491821,1.7893714904785156,1.905338153817545,1.905338153817545,NA,NA,NA,NA,NA,NA,NA,NA,NA,NA,NA,5.873355472520278e-05,5.873355472520278e-05,5.873355472520278e-05,[5.873e-05],NA,0.05,7.498436610756227,11.852928161621094,5.160059928894043,7.419223785400391,8.942306900024413,9.776246948242177,0.8203207091018091,1.0,1.0,165.4405975341797,8.112594604492188,0.04903629898227454,524288.0,1,1866,1866,0,0,206.85816168785095,201.40187549591064,5.4552834033966064,4137.571656942368,0.0,197.6565752029419,0.0,0.0,0.0,12.609490871429443,0.06261842976704299,107.91547812066278,110.1219654083252,116.93167686462402,121.15066051483153,131.5600872039795,592.8197029248829,1833.0853340770034,119395,2387900,16548.652935028076,97.33823529411765,100.0,5728.80078125,20475.0,88.90686274509804,74.73529411764706,76.0,119.75177450980392,120.8,2127.205882352941,8551.0,24730.098625499915,4.0,566.6259765625,4416.0,2972.56396484375,20474.5,1,6.799019607843137,24,41023.37982536765,64860.765625,63.25098039215687,25913.48046875,-1,632794,24765.957391000484,6.879432608611245,0.006879432608611245,495173.2222440008,137.54811729000022,0.13754811729000022,3.267730489090341,0.003267730489090341,65.33535571275009,0.06533535571275009,475.0,119.78035163127913,120.855,90.334,207.42876494828496,1931,10.0,64,64,1,True,100,adamw,cosine,32,100,0.1,False,1.0.0
p6-vit_small_p16-imagenet100-jointexit-s1,20,39186,2026-08-29T16:41:38Z,1788021698.8754961,local,0,local-ac35a4a3df,CB-410-122,vit_small_p16,vit,imagenet100,1,p6,jointexit,76044ceca0e37bb1e3eb1f7c71d0716f21bd2ed5a555b56c35346c8fa981fe62,1.8587510278603456,2.1251893310546874,0.7185393023158424,0.5984,NA,0.8368,0.5937373822554409,0.5984,0.5937373822554408,0.6034651610335535,0.5984,0.6034651610335535,0.5984,0.5984,0.5984,0.5984,0.5943434343434344,0.5945112423102863,1.4438791275024414,2.3224778175354004,0.13782425935281395,1.8512355089187622,0.5984,0,True,0.011502110433578485,0.025839634480014917,1.593990445137024,0.5290718078613281,0.5999150276184082,1.7361723184585571,1.8587510278603456,1.8587510278603456,NA,NA,NA,NA,NA,NA,NA,NA,NA,NA,NA,5.822676502992418e-05,5.822676502992418e-05,5.822676502992418e-05,[5.823e-05],NA,0.05,7.577428061457166,11.688261985778809,5.245753765106201,7.554856777191162,9.013423347473145,9.762415695190425,0.8314086975526673,1.0,1.0,165.38072204589844,8.074711799621582,0.048824988183209114,524288.0,1,1866,1866,0,0,206.94097137451172,201.51445603370667,5.426515340805054,4344.512628316879,0.0,197.11356472969055,0.0,0.0,0.0,12.947220212534855,0.06425754299650045,107.97936765582871,107.10489749908447,117.15507507324219,121.80839776992798,131.05058670043945,592.4885109980853,1842.8032304275112,119395,2507295,16348.336738586426,96.8529411764706,100.0,5728.80078125,20475.0,88.65686274509804,74.77450980392157,76.0,119.74504411764705,120.987,2135.6617647058824,8551.0,24718.598479999586,4.0,567.08203125,4416.0,2971.84228515625,20474.5,1,6.919117647058823,24,41021.378446691175,64860.765625,63.24166666666668,25914.16015625,-1,632793,24774.599568000147,6.881833213333374,0.006881833213333374,519947.82181200094,144.4299505033336,0.1444299505033336,3.2688707763333524,0.0032688707763333523,68.60422648908344,0.06860422648908344,475.0,119.74959989858013,120.994,85.28,207.50114802127516,1972,10.0,64,64,1,True,100,adamw,cosine,32,100,0.1,False,1.0.0
p6-vit_small_p16-imagenet100-jointexit-s1,21,41052,2026-08-29T16:45:06Z,1788021906.26255,local,0,local-ac35a4a3df,CB-410-122,vit_small_p16,vit,imagenet100,1,p6,jointexit,76044ceca0e37bb1e3eb1f7c71d0716f21bd2ed5a555b56c35346c8fa981fe62,1.8120939212596427,2.1370662532806395,0.7354746848695507,0.5995,NA,0.8409,0.5985954369586632,0.5995,0.5985954369586632,0.6180894548647394,0.5995,0.6180894548647394,0.5995,0.5995,0.5995,0.5995,0.5954545454545455,0.5957372507444271,1.4132602214813232,2.2936038970947266,0.1324256948225537,1.8070099353790283,0.5995,0,True,0.02140746945738792,0.06736951669057212,1.6021859645843506,0.5306483507156372,0.6183267831802368,1.6659152507781982,1.8120939212596427,1.8120939212596427,NA,NA,NA,NA,NA,NA,NA,NA,NA,NA,NA,5.769047663815422e-05,5.769047663815422e-05,5.769047663815422e-05,[5.769e-05],NA,0.05,7.609482502362044,11.68696403503418,4.981184482574463,7.553394794464111,9.083001708984373,9.814392929077144,0.8449789738904796,1.0,1.0,165.31777954101562,8.065643310546875,0.04878872274319276,524288.0,1,1866,1866,0,0,207.01751899719238,201.5573534965515,5.460165500640869,4551.530147314072,0.0,197.21319222450256,0.0,0.0,0.0,14.009673846395392,0.06951454977464944,108.00420662981138,105.7291030883789,117.03717708587646,120.44817209243773,131.08515739440918,592.3624116350721,1831.4463176667964,119395,2626690,16147.366481781006,96.94607843137256,100.0,5728.80078125,20475.0,88.42647058823529,74.78921568627452,76.0,119.76438235294118,120.958,2133.676470588235,8551.0,24713.885300999624,4.0,566.6259765625,4416.0,2972.56396484375,20474.5,1,6.992647058823529,24,40992.95515471814,64860.765625,63.179901960784335,25914.18359375,-1,632793,24789.18708749998,6.885885302083328,0.0068858853020833275,544737.008899501,151.31583580541692,0.15131583580541694,3.2707955184895803,0.00327079551848958,71.87502200757302,0.07187502200757302,475.0,119.76278484231943,120.958,89.857,207.62332666778323,1966,10.0,64,64,1,True,100,adamw,cosine,32,100,0.1,False,1.0.0
p6-vit_small_p16-imagenet100-jointexit-s1,22,42918,2026-08-29T16:48:35Z,1788022115.2105541,local,0,local-ac35a4a3df,CB-410-122,vit_small_p16,vit,imagenet100,1,p6,jointexit,76044ceca0e37bb1e3eb1f7c71d0716f21bd2ed5a555b56c35346c8fa981fe62,1.7696829539546666,2.1487958278656007,0.7529293521504251,0.5967,NA,0.8338,0.595068920843552,0.5967,0.595068920843552,0.6088453980600564,0.5967,0.6088453980600564,0.5967,0.5967,0.5967,0.5967,0.5926262626262627,0.5927931603894061,1.3154534101486206,2.3404977321624756,0.13065113180131963,1.7670758962631226,0.5995,1,False,0.023240529145300393,0.07055689552997019,1.6169092655181885,0.5293291807174683,0.6169694662094116,1.670104742050171,1.7696829539546666,1.7696829539546666,NA,NA,NA,NA,NA,NA,NA,NA,NA,NA,NA,5.712527597337562e-05,5.712527597337562e-05,5.712527597337562e-05,[5.713e-05],NA,0.05,7.6683873163790865,11.638031005859375,4.953982830047607,7.614805221557617,9.201340103149414,9.892772712707519,0.8750444076513776,1.0,1.0,165.26327514648438,8.027192115783691,0.048572147131107204,524288.0,1,1866,1866,0,0,208.6128330230713,202.97927594184875,5.633557081222534,4760.142980337143,0.0,198.03359961509705,0.0,0.0,0.0,9.947813234831157,0.049012832948018385,108.76926105760941,108.12544822692871,117.26462841033936,122.54378795623775,134.59277153015137,588.2127593863588,1775.077425474476,119395,2746085,16063.18814277649,96.98058252427184,100.0,5750.62890625,20475.0,88.79126213592232,74.96116504854369,76.0,119.73835922330096,121.508,2131.9660194174758,8551.0,24948.002644500924,4.0,567.08203125,4416.0,2971.84228515625,20474.5,1,7.198543689320389,24,41020.6458586165,64860.765625,63.25825242718445,25916.87109375,-1,632791,24982.790203499557,6.939663945416544,0.006939663945416543,569719.7991030006,158.25549975083348,0.15825549975083347,3.296340374072858,0.003296340374072858,75.17136238164588,0.07517136238164587,475.0,119.76041448692153,121.508,92.65,209.24486120440184,1988,10.0,64,64,1,True,100,adamw,cosine,32,100,0.1,False,1.0.0
p6-vit_small_p16-imagenet100-jointexit-s1,23,44784,2026-08-29T16:52:10Z,1788022330.201041,local,0,local-ac35a4a3df,CB-410-122,vit_small_p16,vit,imagenet100,1,p6,jointexit,76044ceca0e37bb1e3eb1f7c71d0716f21bd2ed5a555b56c35346c8fa981fe62,1.7304059635110673,2.1230463832855224,0.768306880522635,0.6057,NA,0.8407,0.6027043904329701,0.6057,0.6027043904329702,0.6114906010848727,0.6057,0.6114906010848726,0.6057000000000001,0.6057,0.6057,0.6057000000000001,0.6017171717171717,0.6018608877223588,1.3638664484024048,2.1807057857513428,0.1261092025342052,1.7262945175170898,0.6057,0,True,0.023381301317363976,0.07457233153059328,1.5945701599121094,0.5249959826469421,0.6280239224433899,1.6546763181686401,1.7304059635110673,1.7304059635110673,NA,NA,NA,NA,NA,NA,NA,NA,NA,NA,NA,5.65317810742171e-05,5.65317810742171e-05,5.65317810742171e-05,[5.653e-05],NA,0.05,7.716366178292692,11.327031135559082,4.837891578674316,7.672114372253418,9.228859329223633,10.113511581420896,0.8788332121077524,1.0,1.0,165.19491577148438,8.021782875061035,0.04855950219531962,524288.0,1,1866,1866,0,0,214.69430232048035,209.0458538532257,5.648448467254639,4974.837282657623,0.0,203.67862725257874,0.0,0.0,0.0,14.42524706689935,0.0690121339209814,112.01757441762942,116.08994007110596,118.46387386322021,126.1107087135315,133.195161819458,571.1426359301489,1770.3976690187246,119395,2865480,16316.766976356506,96.95754716981132,100.0,5750.31640625,20475.0,86.80188679245283,74.90566037735849,76.0,119.27111320754716,120.974,2166.509433962264,8551.0,25587.42177649962,4.0,566.6259765625,4416.0,2972.56396484375,20474.5,1,8.516037735849057,24,41104.00530660377,64860.765625,63.350943396226384,25878.79296875,-1,632791,25605.106181999065,7.11252949499974,0.00711252949499974,595324.9052849996,165.36802924583324,0.16536802924583324,3.3784515101248767,0.0033784515101248766,78.54981389177075,0.07854981389177075,475.0,119.27435219512195,120.974,96.482,214.45710609321213,2050,10.0,64,64,1,True,100,adamw,cosine,32,100,0.1,False,1.0.0
p6-vit_small_p16-imagenet100-jointexit-s1,24,46650,2026-08-29T16:55:45Z,1788022545.386609,local,0,local-ac35a4a3df,CB-410-122,vit_small_p16,vit,imagenet100,1,p6,jointexit,76044ceca0e37bb1e3eb1f7c71d0716f21bd2ed5a555b56c35346c8fa981fe62,1.6879364079119916,2.1336603244781496,0.7846392227480212,0.6026,NA,0.8417,0.6039251681775057,0.6026,0.6039251681775056,0.6155544137264917,0.6026,0.6155544137264918,0.6026,0.6026,0.6026,0.6026,0.5985858585858586,0.5987140394449681,1.3490920066833496,2.2086338996887207,0.12200935671079856,1.6818554401397705,0.6057,1,False,0.03683944709450007,0.08190620383300351,1.598499059677124,0.5282577872276306,0.6381176710128784,1.5899505615234375,1.6879364079119916,1.6879364079119916,NA,NA,NA,NA,NA,NA,NA,NA,NA,NA,NA,5.591064091863729e-05,5.591064091863729e-05,5.591064091863729e-05,[5.591e-05],NA,0.05,7.760114944652322,11.14859390258789,4.971329689025879,7.721444129943848,9.289603996276854,10.15928924560546,0.8932318833542379,1.0,1.0,165.12542724609375,7.95950174331665,0.048202762445872446,524288.0,1,1866,1866,0,0,214.75645303726196,209.12809491157532,5.6283581256866455,5189.593735694885,0.0,204.21894311904907,0.0,0.0,0.0,13.885643457111561,0.06640375959137831,112.06285989297292,115.95535278320312,118.9415454864502,125.70782899856567,133.4059238433838,570.9180301694196,1776.7170774656463,119395,2984875,16106.733977794647,96.75471698113208,99.0,5749.80078125,20475.0,86.88679245283019,74.9622641509434,76.0,119.16961792452831,120.919,2149.882075471698,8551.0,25562.20119649932,4.0,567.08203125,4416.0,2971.84228515625,20474.5,1,8.700943396226416,24,41012.48419074292,64860.765625,63.235849056603776,25881.74609375,-1,632791,25589.59766399939,7.1082215733331635,0.007108221573333164,620914.502948999,172.4762508191664,0.1724762508191664,3.3764052473332526,0.0033764052473332527,81.926219139104,0.081926219139104,475.0,119.18096531509525,120.919,87.171,214.3272135684023,2047,10.0,64,64,1,True,100,adamw,cosine,32,100,0.1,False,1.0.0
p6-vit_small_p16-imagenet100-jointexit-s1,25,48516,2026-08-29T16:59:19Z,1788022759.9498532,local,0,local-ac35a4a3df,CB-410-122,vit_small_p16,vit,imagenet100,1,p6,jointexit,76044ceca0e37bb1e3eb1f7c71d0716f21bd2ed5a555b56c35346c8fa981fe62,1.6515488882650706,2.137278098678589,0.7991205661878639,0.6059,NA,0.8392,0.604804755508706,0.6059,0.604804755508706,0.6186239134248038,0.6059,0.6186239134248038,0.6059000000000001,0.6059,0.6059,0.6059000000000001,0.601919191919192,0.6021188182764802,1.3087260723114014,2.2015624046325684,0.1198165707880673,1.6460168361663818,0.6059,0,True,0.031490048727393145,0.07295584275414746,1.616789698600769,0.5271452069282532,0.635565459728241,1.6466331481933594,1.6515488882650706,1.6515488882650706,NA,NA,NA,NA,NA,NA,NA,NA,NA,NA,NA,5.526253471427684e-05,5.526253471427684e-05,5.526253471427684e-05,[5.526e-05],NA,0.05,7.765191363776976,11.968655586242676,5.352228164672852,7.716754913330078,9.368533325195312,10.08879653930664,0.9267732154021399,1.0,1.0,165.0409698486328,7.912832260131836,0.04794465439332478,524288.0,1,1866,1866,0,0,214.27159667015076,208.63687992095947,5.634716749191284,5403.865332365036,0.0,204.03199219703674,0.0,0.0,0.0,9.26996620077836,0.04443713238319665,111.7945123715416,115.36109447479248,119.03142929077148,125.94326734542847,132.76004791259766,572.2622004567548,1774.7121009117695,119395,3104270,15856.098153591156,96.7914691943128,100.0,5750.80078125,20475.0,86.72985781990522,75.04739336492891,77.0,119.33035071090046,120.533,2156.303317535545,8551.0,25474.64757099986,4.0,566.6259765625,4416.0,2972.56396484375,20474.5,1,8.403317535545023,24,40678.025566498814,64860.765625,62.72748815165878,25335.86328125,-1,632790,25576.571421999048,7.104603172777513,0.007104603172777513,646491.0743709981,179.5808539919439,0.1795808539919439,3.3746865070693186,0.0033746865070693184,85.30090564617332,0.08530090564617332,475.0,119.35921145374448,120.533,96.239,214.21811149544828,2043,10.0,64,64,1,True,100,adamw,cosine,32,100,0.1,False,1.0.0
p6-vit_small_p16-imagenet100-jointexit-s1,26,50382,2026-08-29T17:02:55Z,1788022975.1746318,local,0,local-ac35a4a3df,CB-410-122,vit_small_p16,vit,imagenet100,1,p6,jointexit,76044ceca0e37bb1e3eb1f7c71d0716f21bd2ed5a555b56c35346c8fa981fe62,1.6114714392316147,2.1731896339416505,0.8151095104485112,0.6012,NA,0.8364,0.5997098372008494,0.6012,0.5997098372008494,0.6113337246519154,0.6012,0.6113337246519155,0.6012000000000001,0.6012,0.6012,0.6012000000000001,0.5971717171717172,0.5973525855065964,1.2801579236984253,2.0426511764526367,0.11241877136422086,1.6056649088859558,0.6059,1,False,0.040163140746951105,0.09741734342032848,1.660719394683838,0.5343115329742432,0.6409767866134644,1.6393424272537231,1.6114714392316147,1.6114714392316147,NA,NA,NA,NA,NA,NA,NA,NA,NA,NA,NA,5.45881711557548e-05,5.45881711557548e-05,5.45881711557548e-05,[5.459e-05],NA,0.05,7.817877792724332,14.201299667358398,5.188338756561279,7.754976034164429,9.453240156173706,10.194072484970091,0.9641351260705611,1.0,1.0,164.94947814941406,7.846808910369873,0.04757098354237956,524288.0,0,1866,1866,0,0,214.8095519542694,209.17218828201294,5.63736367225647,5618.674884319305,0.0,204.1858766078949,0.0,0.0,0.0,11.81448581344203,0.05648706652341624,112.08672091636372,115.38064479827881,118.67356300354004,127.12815999984741,134.94062423706055,570.7976809948924,1773.8788166556756,119395,3223665,15681.097292661667,96.62735849056604,99.0,5750.48828125,20475.0,86.61792452830188,75.31132075471699,77.0,119.2713113207547,121.06,2164.245283018868,8551.0,25585.482663499926,4.0,567.08203125,4416.0,2971.84228515625,20474.5,1,8.492452830188679,24,40731.665260170994,64860.765625,62.80707547169811,25305.26953125,-1,632789,25616.710920500213,7.115753033472282,0.007115753033472281,672107.7852914983,186.6966070254162,0.18669660702541618,3.3799826908993333,0.0033799826908993335,88.68088833707264,0.08868088833707265,475.0,119.26421702755906,121.06,87.489,214.55430227815415,2032,10.0,64,64,1,True,100,adamw,cosine,32,100,0.1,False,1.0.0
p6-vit_small_p16-imagenet100-jointexit-s1,27,52248,2026-08-29T17:06:30Z,1788023190.112606,local,0,local-ac35a4a3df,CB-410-122,vit_small_p16,vit,imagenet100,1,p6,jointexit,76044ceca0e37bb1e3eb1f7c71d0716f21bd2ed5a555b56c35346c8fa981fe62,1.582484685275876,2.158253944206238,0.8256375895137987,0.6065,NA,0.8367,0.6018866311473635,0.6065,0.6018866311473634,0.6118296458726353,0.6065,0.6118296458726354,0.6065,0.6065,0.6065,0.6065,0.6025252525252525,0.6027070661402193,1.2334188222885132,1.9746818542480469,0.11174221346188638,1.5768613815307617,0.6065,0,True,0.04311153499186039,0.11300839103501414,1.6423277854919434,0.5290817618370056,0.6496115326881409,1.602118968963623,1.582484685275876,1.582484685275876,NA,NA,NA,NA,NA,NA,NA,NA,NA,NA,NA,5.388828764972152e-05,5.388828764972152e-05,5.388828764972152e-05,[5.389e-05],NA,0.05,7.782562021403786,11.170347213745117,4.545456409454346,7.730737209320068,9.4471866607666,10.233286895751952,0.971832462097799,1.0,1.0,164.83743286132812,7.79261589050293,0.04727455260152335,524288.0,1,1866,1866,0,0,214.6428999900818,209.00731420516968,5.634578227996826,5833.317784309387,0.0,204.19705891609192,0.0,0.0,0.0,14.813904498752796,0.07087853204759276,112.0064897424794,115.99528789520264,118.62325668334961,126.23648643493651,134.76824760437012,571.2479510779094,1774.755730661875,119395,3343060,15454.288799285889,96.73584905660377,100.0,5751.17578125,20475.0,86.63207547169812,75.46698113207547,77.0,119.31362264150943,120.451,2151.6509433962265,8551.0,25575.123944499588,4.0,566.6259765625,4416.0,2972.56396484375,20474.5,1,8.546698113207547,24,40594.68735259434,64860.765625,62.570754716981135,25333.03515625,-1,632789,25599.33909449922,7.1109275262497835,0.007110927526249784,697707.1243859975,193.80753455166598,0.193807534551666,3.3776905749686468,0.003377690574968647,92.0585789120413,0.09205857891204129,475.0,119.30143499511242,121.078,95.982,214.4088035051654,2046,10.0,64,64,1,True,100,adamw,cosine,32,100,0.1,False,1.0.0
p6-vit_small_p16-imagenet100-jointexit-s1,28,54114,2026-08-29T17:10:05Z,1788023405.978734,local,0,local-ac35a4a3df,CB-410-122,vit_small_p16,vit,imagenet100,1,p6,jointexit,76044ceca0e37bb1e3eb1f7c71d0716f21bd2ed5a555b56c35346c8fa981fe62,1.5481672406620932,2.1885937469482424,0.8405795887599983,0.6032,NA,0.8309,0.5995313510849365,0.6032,0.5995313510849364,0.60741855814119,0.6032,0.6074185581411901,0.6032,0.6032,0.6032,0.6032,0.5991919191919192,0.5993233246424883,1.233849287033081,1.9619827270507812,0.10815936547966942,1.5407474040985107,0.6065,1,False,0.05886674902588129,0.12551553308751662,1.6706515550613403,0.5351567268371582,0.6620666980743408,1.5472841262817383,1.5481672406620932,1.5481672406620932,NA,NA,NA,NA,NA,NA,NA,NA,NA,NA,NA,5.316364950851526e-05,5.316364950851526e-05,5.316364950851526e-05,[5.316e-05],NA,0.05,7.759803237608227,11.434818267822266,4.832398414611816,7.676293849945068,9.444990921020509,10.285931015014647,0.9801923541792221,1.0,1.0,164.72779846191406,7.740838050842285,0.04699169249586012,524288.0,1,1866,1866,0,0,214.92731404304504,209.2568793296814,5.6704347133636475,6048.245098352432,0.0,204.568781375885,0.0,0.0,0.0,10.345110880701165,0.049440964443373,112.13380948012536,116.20128154754639,118.79861354827881,127.69373655319214,136.0948085784912,570.5666661113434,1763.533221964934,119395,3462455,15259.839297056198,96.87735849056604,100.0,5751.17578125,20475.0,86.98584905660377,75.60377358490567,77.0,119.20724528301888,120.39,2164.4575471698113,8551.0,25589.525976498793,4.0,567.08203125,4416.0,2971.84228515625,20474.5,1,8.422169811320755,24,40465.4826798349,64860.765625,62.36415094339621,25338.67578125,-1,632788,25594.29707050041,7.109526964027892,0.007109526964027892,723301.421456498,200.9170615156939,0.20091706151569388,3.3770253079132484,0.0033770253079132484,95.43560421995453,0.09543560421995453,475.0,119.10959374999999,120.563,50.921,214.36657373005914,2048,10.0,64,64,1,True,100,adamw,cosine,32,100,0.1,False,1.0.0
p6-vit_small_p16-imagenet100-jointexit-s1,29,55980,2026-08-29T17:13:40Z,1788023620.7934747,local,0,local-ac35a4a3df,CB-410-122,vit_small_p16,vit,imagenet100,1,p6,jointexit,76044ceca0e37bb1e3eb1f7c71d0716f21bd2ed5a555b56c35346c8fa981fe62,1.5194214549624365,2.160765464782715,0.8513421835085221,0.6098,NA,0.8371,0.6083550709628466,0.6098,0.6083550709628467,0.6144411308537775,0.6098,0.6144411308537777,0.6098,0.6098,0.6098,0.6098,0.6058585858585859,0.6059489401941021,1.1779413223266602,1.9479647874832153,0.10540204968987603,1.50934237241745,0.6098,0,True,0.05622485065460205,0.1242983430676019,1.6438031196594238,0.5260375142097473,0.6653321981430054,1.5440987348556519,1.5194214549624365,1.5194214549624365,NA,NA,NA,NA,NA,NA,NA,NA,NA,NA,NA,5.2415049113304405e-05,5.2415049113304405e-05,5.2415049113304405e-05,[5.242e-05],NA,0.05,7.718174485163139,11.895533561706543,4.987859725952148,7.688719749450684,9.394906997680664,10.26056385040283,1.0117728440254374,1.0,1.0,164.58941650390625,7.6821699142456055,0.04667475028118398,524288.0,1,1866,1866,0,0,214.53906655311584,208.8711245059967,5.666332006454468,6262.784164905548,0.0,204.525945186615,0.0,0.0,0.0,9.737158260847393,0.04662374293881919,111.92148240305092,114.69566822052002,118.87013912200928,126.03111267089842,132.7822208404541,571.6204204022091,1764.810107951509,119395,3581850,15017.73465871811,96.60377358490567,99.0,5749.55078125,20475.0,86.38679245283019,75.77830188679245,77.0,119.31576886792452,121.41,2141.745283018868,8551.0,25592.261823499564,4.0,566.6259765625,4416.0,2972.56396484375,20474.5,1,8.40377358490566,24,40463.698813384435,64860.765625,62.39056603773583,25302.953125,-1,632788,25593.592886500082,7.109331357361134,0.007109331357361134,748895.014342998,208.02639287305502,0.20802639287305502,3.3769323947465386,0.0033769323947465384,98.81253661470107,0.09881253661470107,475.0,119.3164755859375,121.41,98.106,214.36067579463193,2048,10.0,64,64,1,True,100,adamw,cosine,32,100,0.1,False,1.0.0
p6-vit_small_p16-imagenet100-jointexit-s1,30,57846,2026-08-29T17:17:16Z,1788023836.3194945,local,0,local-ac35a4a3df,CB-410-122,vit_small_p16,vit,imagenet100,1,p6,jointexit,76044ceca0e37bb1e3eb1f7c71d0716f21bd2ed5a555b56c35346c8fa981fe62,1.492173241421757,2.1873516788482665,0.8617278780518447,0.6081,NA,0.8356,0.6086584522522395,0.6081,0.6086584522522394,0.618979204837367,0.6081,0.618979204837367,0.6081000000000001,0.6081,0.6081,0.6081000000000001,0.6041414141414141,0.6042673468130872,1.2032281160354614,1.8848543167114258,0.10140484982179798,1.4865739941596985,0.6098,1,False,0.06111941145509481,0.13641645804347607,1.6736279726028442,0.5312831997871399,0.669219434261322,1.5337402820587158,1.492173241421757,1.492173241421757,NA,NA,NA,NA,NA,NA,NA,NA,NA,NA,NA,5.164330504763026e-05,5.164330504763026e-05,5.164330504763026e-05,[5.164e-05],NA,0.05,7.7031166010184196,11.732121467590332,4.2272820472717285,7.660761833190918,9.425893020629882,10.343664093017578,1.0203051835601171,1.0,1.0,164.45306396484375,7.5884690284729,0.04614367677634233,524288.0,1,1866,1866,0,0,215.06769347190857,209.3977448940277,5.669948577880859,6477.851858377457,0.0,205.37567615509033,0.0,0.0,0.0,11.191395257648669,0.05344815913507529,112.21213956610056,116.31083488464355,117.37346649169922,129.20989990234372,133.90684127807617,570.1828358296007,1763.6844254657235,119395,3701245,14839.670849561691,96.44339622641509,100.0,5749.11328125,20475.0,86.5754716981132,75.86320754716981,77.0,119.16621226415094,120.316,2152.5707547169814,8551.0,25573.151598998556,4.0,567.08203125,4416.0,2971.84228515625,20474.5,1,8.525943396226415,24,40467.91257001769,64860.765625,62.38773584905659,25332.32421875,-1,632787,25623.805729000174,7.11772381361116,0.00711772381361116,774518.8200719982,215.14411668666617,0.21514411668666616,3.3809188114653006,0.0033809188114653005,102.19345542616637,0.10219345542616637,475.0,119.18412816764133,121.032,82.126,214.61372527325412,2052,10.0,64,64,1,True,100,adamw,cosine,32,100,0.1,False,1.0.0
p6-vit_small_p16-imagenet100-jointexit-s1,31,59712,2026-08-29T17:20:51Z,1788024051.4075003,local,0,local-ac35a4a3df,CB-410-122,vit_small_p16,vit,imagenet100,1,p6,jointexit,76044ceca0e37bb1e3eb1f7c71d0716f21bd2ed5a555b56c35346c8fa981fe62,1.4644594794147612,2.2026094146728514,0.8708488630177144,0.6087,NA,0.8331,0.6098579945460886,0.6087,0.6098579945460886,0.6213025197915985,0.6087,0.6213025197915986,0.6087,0.6087,0.6087,0.6087,0.6047474747474747,0.6048810337829947,1.1574407815933228,1.7955844402313232,0.09844914702111553,1.4616556763648987,0.6098,2,False,0.06218738263621927,0.11641010955192041,1.69895601272583,0.5374652147293091,0.6691440343856812,1.5585463047027588,1.4644594794147612,1.4644594794147612,NA,NA,NA,NA,NA,NA,NA,NA,NA,NA,NA,5.0849261202298025e-05,5.0849261202298025e-05,5.0849261202298025e-05,[5.085e-05],NA,0.05,7.653661088713372,12.908282279968262,4.321654319763184,7.62366247177124,9.36926918029785,10.149357833862304,1.040093618322759,1.0,1.0,164.316650390625,7.498160362243652,0.04563238323333942,262144.0,1,1866,1866,0,0,214.81678175926208,209.19149088859558,5.624293327331543,6692.668640136719,0.0,204.3447344303131,0.0,0.0,0.0,14.279007347006548,0.06826795112497468,112.09068127128216,115.87762832641602,118.3251142501831,126.1842370033264,133.32414627075195,570.7450121075121,1778.001149300746,119395,3820640,14607.541159629822,96.83018867924528,100.0,5744.48828125,20475.0,86.47641509433963,75.97169811320755,77.0,119.32500943396228,121.261,2150.943396226415,8551.0,25585.874652999366,4.0,566.6259765625,4416.0,2972.56396484375,20474.5,1,8.425943396226415,24,40467.72177181604,64860.765625,62.4202830188679,25336.1328125,-1,632787,25624.458356000658,7.1179050988890715,0.007117905098889071,800143.2784279988,222.26202178555522,0.2222620217855552,3.3810049219723086,0.0033810049219723088,105.57446034813869,0.10557446034813868,475.0,119.30596095656418,121.261,96.97,214.6191913899297,2049,10.0,64,64,1,True,100,adamw,cosine,32,100,0.1,False,1.0.0
p6-vit_small_p16-imagenet100-jointexit-s1,32,61578,2026-08-29T17:24:26Z,1788024266.743922,local,0,local-ac35a4a3df,CB-410-122,vit_small_p16,vit,imagenet100,1,p6,jointexit,76044ceca0e37bb1e3eb1f7c71d0716f21bd2ed5a555b56c35346c8fa981fe62,1.4404269245672408,2.2280815582275393,0.8795845722182671,0.6042,NA,0.8291,0.6050980122339117,0.6042,0.6050980122339117,0.6189178278640253,0.6042,0.6189178278640253,0.6042000000000001,0.6042,0.6042,0.6042000000000001,0.6002020202020202,0.6003511865862183,1.1672053337097168,1.87944495677948,0.0949632920382346,1.4353861212730408,0.6098,3,False,0.07178663582131269,0.1456902776563312,1.7224931716918945,0.5420969724655151,0.675986647605896,1.5177427530288696,1.4404269245672408,1.4404269245672408,NA,NA,NA,NA,NA,NA,NA,NA,NA,NA,NA,5.003378585259453e-05,5.003378585259453e-05,5.003378585259453e-05,[5.003e-05],NA,0.05,7.582902597588869,11.05955696105957,4.422762870788574,7.542991876602173,9.434254884719849,10.322749662399293,1.0875945436391212,1.0,1.0,164.1619110107422,7.429131031036377,0.0452549010016717,524288.0,0,1866,1866,0,0,215.00934410095215,209.38167715072632,5.62766695022583,6907.677984237671,0.0,204.3841507434845,0.0,0.0,0.0,9.71363767824675,0.04640116812235362,112.18669317415161,115.70227146148682,119.31014060974121,127.28430032730104,133.59427452087402,570.2265910978058,1776.935289249609,119395,3940035,14405.626054763794,96.73584905660377,99.0,5749.80078125,20475.0,86.69339622641509,75.95754716981132,77.0,119.24916509433963,121.204,2147.5471698113206,8551.0,25582.51894100131,4.0,567.08203125,4416.0,2971.84228515625,20474.5,1,8.389622641509433,24,40467.365197523584,64860.765625,62.418396226415084,25336.0078125,-1,632787,25634.857446999777,7.120793735277716,0.007120793735277716,825778.1358749985,229.38281552083293,0.22938281552083292,3.3823770242569147,0.003382377024256915,108.95683737239558,0.10895683737239559,475.0,119.22778146341464,121.204,94.365,214.70628960174022,2050,10.0,64,64,1,True,100,adamw,cosine,32,100,0.1,False,1.0.0
p6-vit_small_p16-imagenet100-jointexit-s1,33,63444,2026-08-29T17:28:01Z,1788024481.4844055,local,0,local-ac35a4a3df,CB-410-122,vit_small_p16,vit,imagenet100,1,p6,jointexit,76044ceca0e37bb1e3eb1f7c71d0716f21bd2ed5a555b56c35346c8fa981fe62,1.4196933846971118,2.231769259262085,0.8881443946563926,0.607,NA,0.8298,0.6039619208176366,0.607,0.6039619208176366,0.6117872109967921,0.607,0.611787210996792,0.607,0.607,0.607,0.607,0.603030303030303,0.6031786666724979,1.178607702255249,1.8710474967956543,0.09009558956515742,1.4146733283996582,0.6098,4,False,0.08206644627228378,0.16022968652264385,1.7239452600479126,0.5403071641921997,0.6890664100646973,1.4719845056533813,1.4196933846971118,1.4196933846971118,NA,NA,NA,NA,NA,NA,NA,NA,NA,NA,NA,4.9197770708841985e-05,4.9197770708841985e-05,4.9197770708841985e-05,[4.92e-05],NA,0.05,7.5466536457992435,11.796201705932617,4.211485862731934,7.528172969818115,9.360508155822753,10.220055084228514,1.1091844466488254,1.0,1.0,163.99497985839844,7.336498260498047,0.04473611489103356,262144.0,1,1866,1866,0,0,214.47095704078674,208.82858800888062,5.641370058059692,7122.148941278458,0.0,204.37795114517212,0.0,0.0,0.0,11.671816913705124,0.05589614482828097,111.90383533956154,112.63251304626465,118.88539791107178,126.80572271347046,133.9423656463623,571.7368543186368,1772.6190441474826,119395,4059430,14155.083164691925,96.88625592417061,99.0,5752.17578125,20475.0,86.60189573459715,75.95260663507109,77.0,119.3341374407583,121.273,2149.478672985782,8551.0,25470.64979500078,4.0,566.6259765625,4416.0,2972.56396484375,20474.5,1,8.417535545023696,24,40450.006979413505,64860.765625,62.345023696682446,25337.96484375,-1,632786,25588.35278600207,7.107875773889464,0.007107875773889463,851366.4886610006,236.49069129472238,0.2364906912947224,3.376240992597495,0.003376240992597495,112.33307836499309,0.11233307836499308,475.0,119.35084075173097,121.273,93.812,214.31678701789917,2022,10.0,64,64,1,True,100,adamw,cosine,32,100,0.1,False,1.0.0
p6-vit_small_p16-imagenet100-jointexit-s1,34,65310,2026-08-29T17:31:37Z,1788024697.081616,local,0,local-ac35a4a3df,CB-410-122,vit_small_p16,vit,imagenet100,1,p6,jointexit,76044ceca0e37bb1e3eb1f7c71d0716f21bd2ed5a555b56c35346c8fa981fe62,1.3979205536809398,2.2215184675216673,0.8945768248251602,0.6089,NA,0.8328,0.6099885431417548,0.6089,0.6099885431417547,0.6195167976584044,0.6089,0.6195167976584044,0.6089,0.6089,0.6089,0.6089,0.6049494949494949,0.6050614416722342,1.1615993976593018,1.7991340160369873,0.08890286353831692,1.391760528087616,0.6098,5,False,0.07152178172096608,0.1294451144617199,1.7260414361953735,0.5425370335578918,0.680421769618988,1.5401355028152466,1.3979205536809398,1.3979205536809398,NA,NA,NA,NA,NA,NA,NA,NA,NA,NA,NA,4.834212994132584e-05,4.834212994132584e-05,4.834212994132584e-05,[4.834e-05],NA,0.05,7.457591947345887,12.456122398376465,4.6863813400268555,7.407279968261719,9.332692337036132,10.14903953552246,1.0958318359995598,1.0,1.0,163.83816528320312,7.256020545959473,0.04428773072145339,262144.0,1,1866,1866,0,0,215.31530928611755,209.6946747303009,5.62063455581665,7337.464250564575,0.0,206.09499788284302,0.0,0.0,0.0,9.534640073776245,0.0454727344772592,112.3677262155956,114.88783359527588,119.83919143676758,126.76829099655151,135.11276245117188,569.375451014958,1779.158545301839,119395,4178825,13995.495103597641,96.64622641509433,100.0,5751.17578125,20475.0,86.63207547169812,75.94811320754717,77.0,119.17458018867924,121.119,2157.5235849056603,8551.0,25566.3922019982,4.0,567.08203125,4416.0,2971.84228515625,20474.5,1,8.615094339622642,24,40449.657023879714,64860.765625,62.34575471698111,25337.2890625,-1,632786,25657.487228498954,7.127079785694154,0.0071270797856941535,877023.9758894995,243.61777108041653,0.24361777108041655,3.385362898204723,0.0033853628982047227,115.7184412631978,0.1157184412631978,475.0,119.17880799220272,121.119,98.234,214.89582669708912,2052,10.0,64,64,1,True,100,adamw,cosine,32,100,0.1,False,1.0.0
p6-vit_small_p16-imagenet100-jointexit-s1,35,67176,2026-08-29T17:35:12Z,1788024912.3177953,local,0,local-ac35a4a3df,CB-410-122,vit_small_p16,vit,imagenet100,1,p6,jointexit,76044ceca0e37bb1e3eb1f7c71d0716f21bd2ed5a555b56c35346c8fa981fe62,1.3775840932148036,2.235037782859802,0.9012940240378575,0.6089,NA,0.8307,0.6074341004505569,0.6089,0.6074341004505568,0.6151602598512615,0.6089,0.6151602598512615,0.6089,0.6089,0.6089,0.6089,0.6049494949494949,0.6050628601238096,1.151465654373169,1.80217707157135,0.08435254264062327,1.3727826476097107,0.6098,6,False,0.08361279452741147,0.18034102578661337,1.7356128692626953,0.5412712097167969,0.6925128102302551,1.4823360443115234,1.3775840932148036,1.3775840932148036,NA,NA,NA,NA,NA,NA,NA,NA,NA,NA,NA,4.746779918066297e-05,4.746779918066297e-05,4.746779918066297e-05,[4.747e-05],NA,0.05,7.394188549868675,12.183732986450195,3.9668357372283936,7.336763143539429,9.2848482131958,10.147207212448116,1.104644684952425,1.0,1.0,163.65679931640625,7.134622573852539,0.04359502693229873,524288.0,0,1866,1866,0,0,214.89824175834656,209.22973012924194,5.668511629104614,7552.362492322922,0.0,205.11682105064392,0.0,0.0,0.0,10.953145453804419,0.05235361522884324,112.11934158656375,116.15955829620361,118.34597587585449,126.1739730834961,133.92305374145508,570.6407016165881,1764.1315135803254,119395,4298220,13753.48747253418,96.58962264150944,99.0,5748.98828125,20475.0,86.21698113207547,75.99056603773585,77.0,119.23031603773586,121.04,2152.004716981132,8551.0,25576.55646649806,4.0,566.6259765625,4416.0,2972.56396484375,20474.5,1,8.49009433962264,24,40470.197928950474,64860.765625,62.41084905660375,25334.47265625,-1,632786,25622.04079900006,7.117233555277794,0.007117233555277795,902646.0166884996,250.73500463569434,0.2507350046356943,3.3806859387569523,0.0033806859387569524,119.09912720195476,0.11909912720195476,475.0,119.23787744140625,121.04,92.325,214.59894299593836,2048,10.0,64,64,1,True,100,adamw,cosine,32,100,0.1,False,1.0.0
p6-vit_small_p16-imagenet100-jointexit-s1,36,69042,2026-08-29T17:38:48Z,1788025128.0610688,local,0,local-ac35a4a3df,CB-410-122,vit_small_p16,vit,imagenet100,1,p6,jointexit,76044ceca0e37bb1e3eb1f7c71d0716f21bd2ed5a555b56c35346c8fa981fe62,1.3601721492463248,2.268250763130188,0.9071736672389966,0.6054,NA,0.8271,0.6048451015486667,0.6054,0.6048451015486667,0.6122291527853848,0.6054,0.6122291527853847,0.6054,0.6054,0.6054,0.6054,0.6014141414141414,0.6015110350258537,1.1550358533859253,1.669616937637329,0.08189874332753673,1.3560073375701904,0.6098,7,False,0.08768066352456809,0.18666759805611566,1.7763996124267578,0.5496538281440735,0.6922119855880737,1.497360348701477,1.3601721492463248,1.3601721492463248,NA,NA,NA,NA,NA,NA,NA,NA,NA,NA,NA,4.657573449470337e-05,4.657573449470337e-05,4.657573449470337e-05,[4.658e-05],NA,0.05,7.341179166338718,11.61471176147461,4.344765663146973,7.306213855743408,9.278236198425292,10.214640769958496,1.1258977894661337,1.0,1.0,163.4695587158203,7.058525085449219,0.04317944662541079,262144.0,1,1866,1866,0,0,215.1254014968872,209.49788188934326,5.627519607543945,7767.487893819809,0.0,205.72291374206543,0.0,0.0,0.0,10.035585165023804,0.04790867166955637,112.25790468953942,116.01054668426514,118.95549297332764,126.8412947654724,134.07540321350098,569.910296577912,1776.9818139051079,119395,4417615,13552.900294303894,96.86792452830188,99.0,5750.11328125,20475.0,86.80660377358491,75.99056603773585,77.0,119.13942924528303,120.433,2153.2075471698113,8551.0,25567.67013150039,4.0,567.08203125,4416.0,2971.84228515625,20474.5,1,8.501886792452831,24,40466.6853073408,64860.765625,62.393867924528294,25302.98046875,-1,632785,25625.99345499873,7.118331515277425,0.007118331515277425,928272.0101434983,257.85333615097176,0.2578533361509718,3.381207469756777,0.0033812074697567767,122.48033467171153,0.12248033467171153,475.0,119.16750268423621,121.278,73.605,214.63204870387142,2049,10.0,64,64,1,True,100,adamw,cosine,32,100,0.1,False,1.0.0
p6-vit_small_p16-imagenet100-jointexit-s1,37,70908,2026-08-29T17:42:23Z,1788025343.3011208,local,0,local-ac35a4a3df,CB-410-122,vit_small_p16,vit,imagenet100,1,p6,jointexit,76044ceca0e37bb1e3eb1f7c71d0716f21bd2ed5a555b56c35346c8fa981fe62,1.3440144772335705,2.260300323486328,0.9129109259181708,0.6087,NA,0.8282,0.6074254120686726,0.6087,0.6074254120686726,0.6143100913205336,0.6087,0.6143100913205335,0.6087,0.6087,0.6087,0.6087,0.6047474747474748,0.6048477044838058,1.1377102136611938,1.6704448461532593,0.08054747436755685,1.3380927443504333,0.6098,8,False,0.09443720008209347,0.18936656331116297,1.7678543329238892,0.5484180450439453,0.7028356194496155,1.4646981954574585,1.3440144772335705,1.3440144772335705,NA,NA,NA,NA,NA,NA,NA,NA,NA,NA,NA,4.5666911343083985e-05,4.5666911343083985e-05,4.5666911343083985e-05,[4.567e-05],NA,0.05,7.21443942162051,11.600688934326172,3.8923885822296143,7.201972961425781,9.128167343139648,9.919982681274412,1.1301666006869857,1.0,1.0,163.2919158935547,6.962556838989258,0.04263871117494848,262144.0,1,1866,1866,0,0,214.99176144599915,209.35637140274048,5.635390043258667,7982.479655265808,0.0,203.81287550926208,0.0,0.0,0.0,10.097237423846597,0.04823385543605439,112.18607438466684,116.10054969787598,118.58749389648438,127.04176902770995,136.39426231384277,570.2955166829812,1774.500065343746,119395,4537010,13329.489209651947,96.5377358490566,100.0,5749.80078125,20475.0,86.35377358490567,76.07075471698113,77.0,119.26790094339624,121.149,2159.3632075471696,8551.0,25587.7831670001,4.0,566.6259765625,4416.0,2972.56396484375,20474.5,1,8.43867924528302,24,40462.22665462854,64860.765625,62.371698113207536,25335.17578125,-1,632785,25634.245061500696,7.120623628194638,0.007120623628194638,953906.255204999,264.97395977916636,0.2649739597791664,3.3822962233924527,0.003382296223392453,125.86263089510399,0.125862630895104,475.0,119.25950122129946,121.233,100.35,214.70116053017878,2047,10.0,64,64,1,True,100,adamw,cosine,32,100,0.1,False,1.0.0
p6-vit_small_p16-imagenet100-jointexit-s1,38,72774,2026-08-29T17:45:58Z,1788025558.6180613,local,0,local-ac35a4a3df,CB-410-122,vit_small_p16,vit,imagenet100,1,p6,jointexit,76044ceca0e37bb1e3eb1f7c71d0716f21bd2ed5a555b56c35346c8fa981fe62,1.328003900463175,2.275674410247803,0.9174002261401232,0.6074,NA,0.823,0.6069937813778384,0.6074,0.6069937813778385,0.6147819347735382,0.6074,0.6147819347735383,0.6073999999999999,0.6074,0.6074,0.6073999999999999,0.6034343434343434,0.6035355142202762,1.1040152311325073,1.6573460102081299,0.08104461814074967,1.3232113122940063,0.6098,9,False,0.09785548526272178,0.19407731250965554,1.783429503440857,0.5498312711715698,0.7052554488182068,1.4449288845062256,1.328003900463175,1.328003900463175,NA,NA,NA,NA,NA,NA,NA,NA,NA,NA,NA,4.474232351057789e-05,4.474232351057789e-05,4.474232351057789e-05,[4.474e-05],NA,0.05,7.202885597465123,11.701071739196777,3.4539692401885986,7.183786630630493,9.264605283737183,10.049253034591672,1.2000457314461717,1.0,1.0,163.11309814453125,6.835305690765381,0.04190531458552,524288.0,0,1866,1866,0,0,215.03666424751282,209.39972972869873,5.636934518814087,8197.516319513321,0.0,205.260751247406,0.0,0.0,0.0,11.364176122765793,0.054274394090545554,112.20994064662234,114.33577537536621,118.99662017822266,127.42936611175534,137.7260684967041,570.1774312444904,1774.0138663352482,119395,4656405,13117.236519098282,97.00471698113208,100.0,5750.48828125,20475.0,86.88679245283019,76.02358490566037,77.0,119.25540094339622,121.135,2149.740566037736,8551.0,25569.59812699908,4.0,567.08203125,4416.0,2971.84228515625,20474.5,1,8.422169811320755,24,40474.27984964623,64860.765625,62.424056603773565,25302.984375,-1,632785,25634.395362500003,7.120665378472223,0.007120665378472223,979540.650567499,272.09462515763863,0.2720946251576386,3.382316054774306,0.003382316054774306,129.24494694987828,0.1292449469498783,475.0,119.23404857703632,121.135,97.938,214.7024193852339,2038,10.0,64,64,1,True,100,adamw,cosine,32,100,0.1,False,1.0.0
p6-vit_small_p16-imagenet100-jointexit-s1,39,74640,2026-08-29T17:49:33Z,1788025773.5842724,local,0,local-ac35a4a3df,CB-410-122,vit_small_p16,vit,imagenet100,1,p6,jointexit,76044ceca0e37bb1e3eb1f7c71d0716f21bd2ed5a555b56c35346c8fa981fe62,1.3124364657539624,2.2812770038604735,0.9219230286025378,0.6096,NA,0.8251,0.6100562047074551,0.6096,0.6100562047074553,0.6193620508108965,0.6096,0.6193620508108966,0.6095999999999999,0.6096,0.6096,0.6095999999999999,0.6056565656565657,0.6057614571332016,1.125372052192688,1.6367510557174683,0.07625341853184793,1.3091216683387756,0.6098,10,False,0.09313573611676693,0.1924529462247282,1.7971534729003906,0.5518255829811096,0.7027047276496887,1.479726791381836,1.3124364657539624,1.3124364657539624,NA,NA,NA,NA,NA,NA,NA,NA,NA,NA,NA,4.3802982020405286e-05,4.3802982020405286e-05,4.3802982020405286e-05,[4.38e-05],NA,0.05,7.084565825884208,10.71861743927002,3.664191961288452,7.0364813804626465,9.027719879150391,10.042238731384277,1.1824121061993915,1.0,1.0,162.91580200195312,6.7068281173706055,0.04116744990329545,262144.0,1,1866,1866,0,0,214.6572117805481,209.01711440086365,5.639560699462891,8412.173531293869,0.0,204.44199013710022,0.0,0.0,0.0,13.352982458315399,0.06389189895024215,112.00072732130175,116.06073379516602,118.76487731933594,126.69498920440672,134.20510292053223,571.2211669472108,1773.1877592792637,119395,4775800,12879.432706832886,97.0377358490566,99.0,5750.48828125,20475.0,86.65566037735849,76.04716981132076,77.0,119.28363679245282,120.719,2143.301886792453,8551.0,25597.81697449863,4.0,566.6259765625,4416.0,2972.56396484375,20474.5,1,8.358018867924528,24,40465.01455630896,64860.765625,62.40188679245281,25337.77734375,-1,632784,25611.41546750087,7.114282074305796,0.007114282074305797,1005152.0660349999,279.2089072319444,0.2792089072319444,3.379283985295254,0.0033792839852952537,132.62423093517353,0.13262423093517353,475.0,119.31066389838789,121.13,94.454,214.5099498932189,2047,10.0,64,64,1,True,100,adamw,cosine,32,100,0.1,False,1.0.0
p6-vit_small_p16-imagenet100-jointexit-s1,40,76506,2026-08-29T17:53:08Z,1788025988.9711068,local,0,local-ac35a4a3df,CB-410-122,vit_small_p16,vit,imagenet100,1,p6,jointexit,76044ceca0e37bb1e3eb1f7c71d0716f21bd2ed5a555b56c35346c8fa981fe62,1.2974625257677137,2.2626790782928468,0.9268311068302693,0.614,NA,0.8319,0.6121256721366614,0.614,0.6121256721366615,0.6195114462743929,0.614,0.6195114462743929,0.614,0.614,0.614,0.614,0.61010101010101,0.6102062828474747,1.0893545150756836,1.6257503032684326,0.0765368384671236,1.2944450378417969,0.614,0,True,0.10081366913467645,0.20829456003885422,1.7711478471755981,0.5463888645172119,0.7148136496543884,1.4205814599990845,1.2974625257677137,1.2974625257677137,NA,NA,NA,NA,NA,NA,NA,NA,NA,NA,NA,4.284991402869438e-05,4.284991402869438e-05,4.284991402869438e-05,[4.285e-05],NA,0.05,7.0167006903267115,12.37131118774414,3.290894031524658,6.958796501159668,9.073245763778687,10.148764181137084,1.218354818824118,1.0,1.0,162.7161865234375,6.591063499450684,0.04050650178248439,524288.0,0,1866,1866,0,0,215.07681155204773,209.4426908493042,5.633070230484009,8627.250342845917,0.0,204.96676301956177,0.0,0.0,0.0,10.69013406101026,0.05104674624851468,112.22857460459457,116.31381511688232,117.36106872558594,124.34281110763548,133.9423656463623,570.060475807703,1775.2308405252695,119395,4895195,12689.531881570816,96.93396226415095,99.0,5750.48828125,20475.0,86.87264150943396,76.01415094339623,77.0,119.2525424528302,120.485,2156.25,8551.0,25580.680714499606,4.0,567.08203125,4416.0,2971.84228515625,20474.5,1,8.534433962264151,24,40480.42010613208,64860.765625,62.4264150943396,25303.05078125,-1,632784,25637.70317149886,7.121584214305239,0.007121584214305239,1030789.7692064987,286.33049144624965,0.28633049144624967,3.382752501794988,0.003382752501794988,136.0069834369685,0.13600698343696851,475.0,119.25165463414633,120.485,95.244,214.73012413835468,2050,10.0,64,64,1,True,100,adamw,cosine,32,100,0.1,False,1.0.0
p6-vit_small_p16-imagenet100-jointexit-s1,41,78372,2026-08-29T17:56:43Z,1788026203.9551811,local,0,local-ac35a4a3df,CB-410-122,vit_small_p16,vit,imagenet100,1,p6,jointexit,76044ceca0e37bb1e3eb1f7c71d0716f21bd2ed5a555b56c35346c8fa981fe62,1.2867436780138397,2.298925216293335,0.9292432681435571,0.604,NA,0.8248,0.6022332358833652,0.604,0.6022332358833652,0.6101715926054294,0.604,0.6101715926054295,0.604,0.604,0.604,0.604,0.6,0.6001168401808163,1.081904411315918,1.5991261005401611,0.07368078750641124,1.2810725569725037,0.614,1,False,0.11126078409701588,0.2356453045510179,1.8138675689697266,0.5569472908973694,0.7152608036994934,1.4247541427612305,1.2867436780138397,1.2867436780138397,NA,NA,NA,NA,NA,NA,NA,NA,NA,NA,NA,4.188416170130133e-05,4.188416170130133e-05,4.188416170130133e-05,[4.188e-05],NA,0.05,7.0004122814608,11.339472770690918,3.429471492767334,6.9650139808654785,9.092600059509277,10.002344818115233,1.2160058883779616,1.0,1.0,162.5178985595703,6.483454704284668,0.039893788694961387,262144.0,1,1866,1866,0,0,214.56973004341125,208.92404007911682,5.645689964294434,8841.820072889328,0.0,203.72253942489624,0.0,0.0,0.0,14.964885799508346,0.07163549790985968,111.95241944966209,115.26846885681152,119.50540542602539,126.36541128158568,133.4846019744873,571.4756423185511,1771.2626912288733,119395,5014590,12445.044342517853,96.61792452830188,100.0,5749.11328125,20475.0,86.4622641509434,76.07075471698113,77.0,119.26263679245282,121.25,2158.7971698113206,8551.0,25598.0112915014,4.0,566.6259765625,4416.0,2972.56396484375,20474.5,1,8.407075471698112,24,40477.12190448113,64860.765625,62.4264150943396,25305.29296875,-1,632784,25586.369536501155,7.107324871250321,0.007107324871250321,1056376.1387429999,293.43781631749994,0.2934378163175,3.375979313843902,0.003375979313843902,139.38296275081242,0.1393829627508124,475.0,119.26491572758452,121.25,86.999,214.30017619248005,2041,10.0,64,64,1,True,100,adamw,cosine,32,100,0.1,False,1.0.0
p6-vit_small_p16-imagenet100-jointexit-s1,42,80238,2026-08-29T18:00:19Z,1788026419.6663022,local,0,local-ac35a4a3df,CB-410-122,vit_small_p16,vit,imagenet100,1,p6,jointexit,76044ceca0e37bb1e3eb1f7c71d0716f21bd2ed5a555b56c35346c8fa981fe62,1.2729908226113347,2.296089663696289,0.9341848486117509,0.6078,NA,0.8267,0.609286123500544,0.6078,0.6092861235005439,0.6234361360764995,0.6078,0.6234361360764994,0.6078,0.6078,0.6078,0.6078,0.6038383838383838,0.6039894794192204,1.072941780090332,1.6447354555130005,0.0739010051311928,1.2672461867332458,0.614,2,False,0.11579601538479328,0.2545370904226152,1.8089382648468018,0.5561274886131287,0.7235959768295288,1.388656735420227,1.2729908226113347,1.2729908226113347,NA,NA,NA,NA,NA,NA,NA,NA,NA,NA,NA,4.0906781074217095e-05,4.0906781074217095e-05,4.0906781074217095e-05,[4.091e-05],NA,0.05,6.893035523181946,12.717337608337402,2.69576096534729,6.872934818267822,8.98104648590088,9.884020195007324,1.2421256480246279,1.0,1.0,162.32769775390625,6.35405158996582,0.03914336048552082,262144.0,1,1866,1866,0,0,215.45704650878906,209.82491207122803,5.632134437561035,9057.277119398117,0.0,204.36050009727478,0.0,0.0,0.0,13.192798978403996,0.06288509675787439,112.42879919172739,116.24634265899658,119.16697025299072,127.52778530120848,135.8342170715332,569.0220423372306,1775.5257994747806,119395,5133985,12281.051651000977,96.8075117370892,100.0,5749.80078125,20475.0,86.69953051643192,76.08450704225352,77.0,119.23671830985914,120.543,2146.6197183098593,8551.0,25688.517094500807,4.0,567.08203125,4416.0,2971.84228515625,20474.5,1,8.43098591549296,24,40492.16030296362,64860.765625,62.433333333333316,25338.5703125,-1,632783,25683.516410499018,7.134310114027505,0.007134310114027505,1082059.655153499,300.5721264315275,0.3005721264315275,3.388797304163065,0.0033887973041630648,142.77176005497546,0.14277176005497547,475.0,119.21602386751096,120.726,97.668,215.1138356756901,2053,10.0,64,64,1,True,100,adamw,cosine,32,100,0.1,False,1.0.0
p6-vit_small_p16-imagenet100-jointexit-s1,43,82104,2026-08-29T18:03:54Z,1788026634.6534445,local,0,local-ac35a4a3df,CB-410-122,vit_small_p16,vit,imagenet100,1,p6,jointexit,76044ceca0e37bb1e3eb1f7c71d0716f21bd2ed5a555b56c35346c8fa981fe62,1.2617453232997276,2.275204881286621,0.936530005444114,0.6166,NA,0.8302,0.6165454874081765,0.6166,0.6165454874081765,0.6253471657717836,0.6166,0.6253471657717836,0.6165999999999999,0.6166,0.6166,0.6165999999999999,0.6127272727272728,0.6128450307613686,1.047832727432251,1.5519769191741943,0.07235588375648332,1.2575731873512268,0.6166,0,True,0.11049057925492527,0.21331125569200804,1.7867828607559204,0.5500108003616333,0.72709059715271,1.3842554092407227,1.2617453232997276,1.2617453232997276,NA,NA,NA,NA,NA,NA,NA,NA,NA,NA,NA,3.991884089880764e-05,3.991884089880764e-05,3.991884089880764e-05,[3.992e-05],NA,0.05,6.848264779737743,11.698534965515137,2.7554492950439453,6.8275933265686035,8.992319679260254,10.147929954528808,1.2892574335193423,1.0,1.0,162.12786865234375,6.193976402282715,0.03820426712427009,262144.0,1,1866,1866,0,0,214.67484426498413,209.03596091270447,5.638883352279663,9271.951963663101,0.0,204.6214075088501,0.0,0.0,0.0,10.295318427838778,0.04925619272031006,112.01270996310447,116.08433723449707,118.7295913696289,125.92537403106688,133.76903533935547,571.1696661124282,1773.4007560126677,119395,5253380,12021.791278839111,96.97641509433963,99.0,5749.80078125,20475.0,86.64622641509433,76.10377358490567,77.0,119.30878773584905,120.98,2153.632075471698,8551.0,25595.97837399944,4.0,566.6259765625,4416.0,2972.56396484375,20474.5,1,8.345283018867924,24,40502.30673275354,64860.765625,62.44103773584904,25303.04296875,-1,632782,25613.61551550044,7.1148931987501225,0.007114893198750123,1107673.2706689995,307.68701963027763,0.30768701963027767,3.3795742694063082,0.0033795742694063082,146.15133432438176,0.14615133432438177,475.0,119.33015828041036,120.98,96.168,214.52837652749648,2047,10.0,64,64,1,True,100,adamw,cosine,32,100,0.1,False,1.0.0
p6-vit_small_p16-imagenet100-jointexit-s1,44,83970,2026-08-29T18:07:29Z,1788026849.9548426,local,0,local-ac35a4a3df,CB-410-122,vit_small_p16,vit,imagenet100,1,p6,jointexit,76044ceca0e37bb1e3eb1f7c71d0716f21bd2ed5a555b56c35346c8fa981fe62,1.2506299243809424,2.2908758472442625,0.938439633150467,0.6088,NA,0.8274,0.6072431464809774,0.6088,0.6072431464809774,0.6149160786085474,0.6088,0.6149160786085474,0.6088,0.6088,0.6088,0.6088,0.6048484848484849,0.6049609874994527,1.0649532079696655,1.5196894407272339,0.06971933858803601,1.2448328733444214,0.6166,1,False,0.1133067329317331,0.2323011489970726,1.8110746145248413,0.5558940768241882,0.7221067547798157,1.4224982261657715,1.2506299243809424,1.2506299243809424,NA,NA,NA,NA,NA,NA,NA,NA,NA,NA,NA,3.892142147314996e-05,3.892142147314996e-05,3.892142147314996e-05,[3.892e-05],NA,0.05,6.827797072237838,11.189057350158691,3.4794833660125732,6.778778553009033,8.990822076797485,9.93718061447143,1.267337951803992,1.0,1.0,161.93409729003906,6.085531234741211,0.037580295543572007,524288.0,0,1866,1866,0,0,214.94715881347656,209.30626678466797,5.640892028808594,9486.899122476578,0.0,204.04137802124023,0.0,0.0,0.0,12.733111494465879,0.06083943441051289,112.15993126361188,115.62466621398926,119.39013004302979,127.07064151763916,133.9411735534668,570.4320364322024,1772.7692621892088,119395,5372775,11822.093734741211,96.79716981132076,99.0,5751.48828125,20475.0,86.7122641509434,76.08962264150944,77.0,119.21454716981133,121.105,2162.830188679245,8551.0,25575.687823501125,4.0,567.08203125,4416.0,2971.84228515625,20474.5,1,8.370283018867925,24,40514.63465507075,64860.765625,62.4570754716981,25338.59765625,-1,632782,25625.357020000753,7.118154727777987,0.007118154727777987,1133298.6276890002,314.80517435805564,0.3148051743580556,3.3811234956945437,0.0033811234956945438,149.53245782007633,0.14953245782007632,475.0,119.21700634765625,121.105,90.03,214.62671820428622,2048,10.0,64,64,1,True,100,adamw,cosine,32,100,0.1,False,1.0.0
p6-vit_small_p16-imagenet100-jointexit-s1,45,85836,2026-08-29T18:11:05Z,1788027065.1751778,local,0,local-ac35a4a3df,CB-410-122,vit_small_p16,vit,imagenet100,1,p6,jointexit,76044ceca0e37bb1e3eb1f7c71d0716f21bd2ed5a555b56c35346c8fa981fe62,1.2392997557775745,2.309036139678955,0.9420746262406299,0.609,NA,0.8236,0.6068154586449386,0.609,0.6068154586449385,0.6169536394255258,0.609,0.6169536394255257,0.6090000000000001,0.609,0.609,0.6090000000000001,0.6050505050505051,0.6051903874394354,1.0645225048065186,1.496934413909912,0.06786817982747746,1.235068917274475,0.6166,2,False,0.11899508841484785,0.2665456561608748,1.8295375108718872,0.5595405101776123,0.7279950976371765,1.3946930170059204,1.2392997557775745,1.2392997557775745,NA,NA,NA,NA,NA,NA,NA,NA,NA,NA,NA,3.791561346074208e-05,3.791561346074208e-05,3.791561346074208e-05,[3.792e-05],NA,0.05,6.724320347123747,11.493797302246094,3.299250602722168,6.696360111236572,8.95267162322998,9.724374275207518,1.2716039015187597,1.0,1.0,161.7265167236328,5.922394275665283,0.03661980976060838,262144.0,1,1866,1866,0,0,214.91759586334229,209.29704236984253,5.620553493499756,9701.81671833992,0.0,204.41033577919006,0.0,0.0,0.0,13.771225013230977,0.06580254430352887,112.15489904724645,114.18473720550537,119.20475959777832,126.7586350440979,135.79416275024414,570.45717726398,1779.1842051792821,119395,5492170,11605.550176620483,96.8254716981132,99.0,5750.48828125,20475.0,86.49056603773585,76.11792452830188,78.0,119.2394150943396,121.039,2152.3584905660377,8551.0,25567.970110500486,4.0,566.6259765625,4416.0,2972.56396484375,20474.5,1,8.408962264150944,24,40476.4543595224,64860.765625,62.43066037735847,25322.0625,-1,632786,25613.99849300088,7.114999581389133,0.007114999581389133,1158912.626182001,321.92017393944474,0.3219201739394447,3.379624801159838,0.003379624801159838,152.91208262123615,0.15291208262123615,475.0,119.23303935071323,121.039,96.4,214.53158417857432,2033,10.0,64,64,1,True,100,adamw,cosine,32,100,0.1,False,1.0.0
p6-vit_small_p16-imagenet100-jointexit-s1,46,87702,2026-08-29T18:14:40Z,1788027280.4908214,local,0,local-ac35a4a3df,CB-410-122,vit_small_p16,vit,imagenet100,1,p6,jointexit,76044ceca0e37bb1e3eb1f7c71d0716f21bd2ed5a555b56c35346c8fa981fe62,1.2297054521631838,2.3218477476119994,0.9437832405042087,0.607,NA,0.8267,0.60643780782338,0.607,0.60643780782338,0.61360115008665,0.607,0.61360115008665,0.607,0.607,0.607,0.607,0.603030303030303,0.6031202904171302,1.052538514137268,1.5167059898376465,0.06645194376855365,1.2264999151229858,0.6166,3,False,0.12693597901687023,0.2635496538237664,1.8404101133346558,0.5609915852546692,0.7337493896484375,1.364681363105774,1.2297054521631838,1.2297054521631838,NA,NA,NA,NA,NA,NA,NA,NA,NA,NA,NA,3.690251669787842e-05,3.690251669787842e-05,3.690251669787842e-05,[3.69e-05],NA,0.05,6.757852596229807,11.598196029663086,3.1632847785949707,6.725764274597168,8.98707389831543,10.078121662139893,1.330001593592342,1.0,1.0,161.5157470703125,5.785147190093994,0.035817852407762765,524288.0,0,1866,1866,0,0,215.06616067886353,209.39861512184143,5.667545557022095,9916.882879018784,0.0,204.1990683078766,0.0,0.0,0.0,11.559939020558408,0.055209622627278875,112.20937028191864,115.89384078979492,119.44079399108887,126.98699235916136,133.38518142700195,570.1804662391315,1764.4322219183557,119395,5611565,11398.506515979767,96.40566037735849,99.0,5749.55078125,20475.0,86.35849056603773,76.16509433962264,77.0,119.29184433962264,120.843,2150.1650943396226,8551.0,25586.91954100014,4.0,567.08203125,4416.0,2971.84228515625,20474.5,1,8.431132075471698,24,40468.756338443396,64860.765625,62.41037735849055,25336.78515625,-1,632785,25646.960004498338,7.124155556805094,0.007124155556805094,1184559.5861864993,329.0443294962498,0.3290443294962498,3.38397388948242,0.0033839738894824198,156.29605651071856,0.15629605651071857,475.0,119.28066976062532,121.262,98.924,214.80765529962173,2047,10.0,64,64,1,True,100,adamw,cosine,32,100,0.1,False,1.0.0
p6-vit_small_p16-imagenet100-jointexit-s1,47,89568,2026-08-29T18:18:15Z,1788027495.6025896,local,0,local-ac35a4a3df,CB-410-122,vit_small_p16,vit,imagenet100,1,p6,jointexit,76044ceca0e37bb1e3eb1f7c71d0716f21bd2ed5a555b56c35346c8fa981fe62,1.219751358827987,2.268689106750488,0.9466393065036224,0.618,NA,0.834,0.6161655069826469,0.618,0.6161655069826469,0.6240533795585363,0.618,0.6240533795585365,0.618,0.618,0.618,0.618,0.6141414141414141,0.614249382612785,1.0364855527877808,1.4941558837890625,0.06814998382993694,1.2155935168266296,0.618,0,True,0.11238643541336057,0.24607187797366015,1.7883505821228027,0.5467221736907959,0.7303864359855652,1.3986612558364868,1.219751358827987,1.219751358827987,NA,NA,NA,NA,NA,NA,NA,NA,NA,NA,NA,3.5883238990995046e-05,3.5883238990995046e-05,3.5883238990995046e-05,[3.588e-05],NA,0.05,6.650280159088625,11.727947235107422,3.0442023277282715,6.625068187713623,9.038804054260254,9.80580223083496,1.3622598929766443,1.0,1.0,161.31732177734375,5.662909030914307,0.03510415973016504,262144.0,1,1866,1866,0,0,214.83980059623718,209.2173159122467,5.6224846839904785,10131.72267961502,0.0,204.81090140342712,0.0,0.0,0.0,9.373519985299362,0.04480687303701547,112.11053722029969,116.14799499511719,118.42882633209229,125.12603998184204,133.0564022064209,570.674561421477,1778.573097490884,119395,5730960,11171.669631004333,96.80188679245283,99.0,5749.11328125,20475.0,86.45283018867924,76.21698113207547,77.0,119.33875,120.508,2161.4150943396226,8551.0,25594.20873799805,4.0,566.6259765625,4416.0,2972.56396484375,20474.5,1,8.481132075471699,24,40486.2741561026,64860.765625,62.43301886792451,25335.27734375,-1,632784,25627.251681496877,7.118681022638022,0.007118681022638022,1210186.8378679962,336.16301051888786,0.3361630105188878,3.3813734857530604,0.00338137348575306,159.67742999647163,0.15967742999647164,475.0,119.32552271617,120.508,99.461,214.64258705554568,2047,10.0,64,64,1,True,100,adamw,cosine,32,100,0.1,False,1.0.0
p6-vit_small_p16-imagenet100-jointexit-s1,48,91434,2026-08-29T18:21:51Z,1788027711.2888474,local,0,local-ac35a4a3df,CB-410-122,vit_small_p16,vit,imagenet100,1,p6,jointexit,76044ceca0e37bb1e3eb1f7c71d0716f21bd2ed5a555b56c35346c8fa981fe62,1.208049584814909,2.294570289993286,0.9508438376816449,0.6178,NA,0.8277,0.6186439524846888,0.6178,0.6186439524846887,0.6286737941337085,0.6178,0.6286737941337086,0.6177999999999999,0.6178,0.6178,0.6177999999999999,0.613939393939394,0.6140432318474537,1.0443764925003052,1.4932843446731567,0.0652339842195133,1.2028416395187378,0.618,1,False,0.11782359018065036,0.2439274076829877,1.816711187362671,0.5542028546333313,0.7356236577033997,1.3812412023544312,1.208049584814909,1.208049584814909,NA,NA,NA,NA,NA,NA,NA,NA,NA,NA,NA,3.485889490529956e-05,3.485889490529956e-05,3.485889490529956e-05,[3.486e-05],NA,0.05,6.519640948241901,11.618448257446289,2.9806976318359375,6.489935874938965,8.886874771118164,9.81419452667236,1.3779149232990864,1.0,1.0,161.12155151367188,5.52347469329834,0.034281414506051655,262144.0,1,1866,1866,0,0,215.27012372016907,209.62386059761047,5.646263122558594,10346.99280333519,0.0,204.25468635559082,0.0,0.0,0.0,9.323458257474398,0.044481526251546555,112.3274011499501,115.83828926086426,119.38595771789551,127.56621837615967,133.51130485534668,569.5677947139238,1771.0828884411817,119395,5850355,10978.776309728622,96.78301886792453,99.0,5749.80078125,20475.0,86.64150943396227,76.09433962264151,77.0,119.17078773584906,120.754,2153.7735849056603,8551.0,25575.73404950136,4.0,567.08203125,4416.0,2971.84228515625,20474.5,1,8.427830188679245,24,40488.05905439269,64860.765625,62.44009433962262,25309.2421875,-1,632784,25649.422647501167,7.12483962430588,0.0071248396243058796,1235836.2605154973,343.2878501431937,0.3432878501431937,3.384298821545293,0.0033842988215452927,163.06172881801692,0.16306172881801692,475.0,119.1792531707317,120.754,86.403,214.82828131413518,2050,10.0,64,64,1,True,100,adamw,cosine,32,100,0.1,False,1.0.0
p6-vit_small_p16-imagenet100-jointexit-s1,49,93300,2026-08-29T18:25:26Z,1788027926.7494857,local,0,local-ac35a4a3df,CB-410-122,vit_small_p16,vit,imagenet100,1,p6,jointexit,76044ceca0e37bb1e3eb1f7c71d0716f21bd2ed5a555b56c35346c8fa981fe62,1.202240407301646,2.338511437988281,0.9500984128313581,0.6106,NA,0.8209,0.6084133615850478,0.6106,0.6084133615850477,0.618444532014644,0.6106,0.618444532014644,0.6106,0.6106,0.6106,0.6106,0.6066666666666667,0.6068256451628358,1.0280224084854126,1.4809890985488892,0.06620312978758608,1.1958414912223816,0.618,2,False,0.12738031093403696,0.27079999520303777,1.863795280456543,0.5621408820152283,0.7378334403038025,1.367173433303833,1.202240407301646,1.202240407301646,NA,NA,NA,NA,NA,NA,NA,NA,NA,NA,NA,3.383060454601038e-05,3.383060454601038e-05,3.383060454601038e-05,[3.383e-05],NA,0.05,6.504450787807597,11.837570190429688,3.245115041732788,6.42397403717041,8.962692070007325,10.060153961181635,1.4142156122872644,1.0,1.0,160.9223175048828,5.372642517089844,0.03338655943061983,262144.0,1,1866,1866,0,0,215.18007731437683,209.5456464290619,5.634430885314941,10562.172880649567,0.0,204.32097864151,0.0,0.0,0.0,11.962551920037521,0.05709310752211549,112.28675065444341,115.38612842559814,118.9795732498169,127.09447145462036,134.8705291748047,569.7803893072966,1774.8021412531784,119395,5969750,10759.003865718842,96.30660377358491,100.0,5744.86328125,20475.0,85.98113207547169,76.10849056603773,77.0,119.15164622641508,120.784,2147.759433962264,8551.0,25554.714483999,4.0,566.6259765625,4416.0,2972.56396484375,20474.5,1,8.491509433962264,24,40493.862341538916,64860.765625,62.43537735849055,25307.00390625,-1,632784,25632.200411999773,7.120055669999937,0.007120055669999937,1261468.4609274971,350.4079058131936,0.35040790581319364,3.38202644324997,0.00338202644324997,166.4437552612669,0.1664437552612669,475.0,119.16440820312499,120.784,99.184,214.68403544536852,2048,10.0,64,64,1,True,100,adamw,cosine,32,100,0.1,False,1.0.0
p6-vit_small_p16-imagenet100-jointexit-s1,50,95166,2026-08-29T18:29:01Z,1788028141.9735773,local,0,local-ac35a4a3df,CB-410-122,vit_small_p16,vit,imagenet100,1,p6,jointexit,76044ceca0e37bb1e3eb1f7c71d0716f21bd2ed5a555b56c35346c8fa981fe62,1.1919415395330448,2.310842151641846,0.9524770719041836,0.615,NA,0.8271,0.6133836274057051,0.615,0.6133836274057053,0.6198048678995659,0.615,0.6198048678995659,0.6150000000000001,0.615,0.615,0.6150000000000001,0.6111111111111112,0.6112037000502062,1.03465735912323,1.5098884105682373,0.06386724630743715,1.1882043480873108,0.618,3,False,0.13030915419608358,0.29502576149697674,1.8280112743377686,0.5578914880752563,0.7453091740608215,1.3236093521118164,1.1919415395330448,1.1919415395330448,NA,NA,NA,NA,NA,NA,NA,NA,NA,NA,NA,3.279949233353819e-05,3.279949233353819e-05,3.279949233353819e-05,[3.28e-05],NA,0.05,6.431232710998797,12.27449893951416,2.7788567543029785,6.379526615142822,8.800084590911865,9.966106796264642,1.4076853028556,1.0,1.0,160.7250213623047,5.2344183921813965,0.032567538942066925,524288.0,0,1866,1866,0,0,214.93582773208618,209.30780720710754,5.628020524978638,10777.108708381653,0.0,204.9123809337616,0.0,0.0,0.0,13.155557080319054,0.06286031224853073,112.15562759105033,111.54365539550781,119.50063705444336,126.9671082496643,133.4209442138672,570.4278382786748,1776.8236550697293,119395,6089145,10531.855558872223,96.86792452830188,99.0,5750.48828125,20475.0,86.77830188679245,76.24528301886792,78.0,119.26078773584906,121.144,2146.9103773584907,8551.0,25563.36518499826,4.0,567.08203125,4416.0,2971.84228515625,20474.5,1,8.317924528301887,24,40496.161446049526,64860.765625,62.438679245283005,25333.12890625,-1,632783,25619.294407000474,7.1164706686112424,0.0071164706686112425,1287087.7553344977,357.5243764818049,0.3575243764818049,3.38032356759034,0.00338032356759034,169.8240788288572,0.16982407882885722,475.0,119.2258144072036,121.144,96.068,214.57594042464487,1999,10.0,64,64,1,True,100,adamw,cosine,32,100,0.1,False,1.0.0
p6-vit_small_p16-imagenet100-jointexit-s1,51,97032,2026-08-29T18:32:37Z,1788028357.0308585,local,0,local-ac35a4a3df,CB-410-122,vit_small_p16,vit,imagenet100,1,p6,jointexit,76044ceca0e37bb1e3eb1f7c71d0716f21bd2ed5a555b56c35346c8fa981fe62,1.1833013712049374,2.3405173389434815,0.9549311110180493,0.6152,NA,0.8261,0.6125759769342802,0.6152,0.6125759769342802,0.6193961989076237,0.6152,0.6193961989076237,0.6152,0.6152,0.6152,0.6152,0.6113131313131313,0.6114308214567066,1.011006474494934,1.4024958610534668,0.06116663822602464,1.1785439252853394,0.618,4,False,0.1355896095484495,0.29641987504185857,1.862892746925354,0.5642370581626892,0.7507896423339844,1.31583571434021,1.1833013712049374,1.1833013712049374,NA,NA,NA,NA,NA,NA,NA,NA,NA,NA,NA,3.176668577394869e-05,3.176668577394869e-05,3.176668577394869e-05,[3.177e-05],NA,0.05,6.374275069709757,10.79991340637207,2.7091658115386963,6.335171699523926,8.759373092651366,9.633223114013669,1.3602109988397182,1.0,1.0,160.5245361328125,5.061538219451904,0.031531243393621525,262144.0,1,1866,1866,0,0,214.75109386444092,209.11724972724915,5.6338441371917725,10991.859802246094,0.0,203.71652269363403,0.0,0.0,0.0,12.17073658892983,0.05821054831367047,112.0478515328574,116.1656379699707,118.70718002319336,125.46786069869995,133.9113712310791,570.9476389715647,1774.9869816214984,119395,6208540,10308.052505493164,96.80188679245283,99.0,5751.48828125,20475.0,86.53301886792453,76.25,78.0,119.22083490566035,120.476,2145.919811320755,8551.0,25573.245865502853,4.0,566.6259765625,4416.0,2972.56396484375,20474.5,1,8.44811320754717,24,40501.92036409198,64860.765625,62.427358490566014,25326.90234375,-1,632782,25597.39890300152,7.110388584167088,0.0071103885841670884,1312685.1542374992,364.63476506597203,0.36463476506597203,3.3774345774793666,0.0033774345774793667,173.20151340633657,0.17320151340633658,475.0,119.2584498286833,121.013,96.496,214.39255331464062,2043,10.0,64,64,1,True,100,adamw,cosine,32,100,0.1,False,1.0.0
p6-vit_small_p16-imagenet100-jointexit-s1,52,98898,2026-08-29T18:36:12Z,1788028572.4376786,local,0,local-ac35a4a3df,CB-410-122,vit_small_p16,vit,imagenet100,1,p6,jointexit,76044ceca0e37bb1e3eb1f7c71d0716f21bd2ed5a555b56c35346c8fa981fe62,1.1762638012494937,2.337482077026367,0.9563382051174673,0.6152,NA,0.8242,0.6133879055151022,0.6152,0.6133879055151022,0.6213092575419942,0.6152,0.6213092575419942,0.6152000000000001,0.6152,0.6152,0.6152000000000001,0.6113131313131313,0.6114278187535018,1.0235837697982788,1.4897511005401611,0.06284206933315539,1.1710410118103027,0.618,5,False,0.12971412945091723,0.28829141807642694,1.8637545108795166,0.5624010562896729,0.7446960210800171,1.3468539714813232,1.1762638012494937,1.1762638012494937,NA,NA,NA,NA,NA,NA,NA,NA,NA,NA,NA,3.0733314226051285e-05,3.0733314226051285e-05,3.0733314226051285e-05,[3.073e-05],NA,0.05,6.329209021177833,12.0256986618042,2.728170156478882,6.280294418334961,8.82360553741455,9.833659124374387,1.413279712224242,1.0,1.0,160.31927490234375,4.938179969787598,0.03080216008209631,524288.0,0,1866,1866,0,0,215.15691256523132,209.52357053756714,5.633342027664185,11207.016714811325,0.0,204.02287697792053,0.0,0.0,0.0,9.971614800001445,0.047596793822676293,112.27321394770091,111.95492744445801,119.10784244537354,129.78805303573608,134.2465877532959,569.8404226964657,1775.1451892840973,119395,6327935,10112.374890565872,96.83490566037736,100.0,5749.11328125,20475.0,86.69339622641509,76.24056603773585,78.0,119.24283018867922,120.492,2150.7311320754716,8551.0,25575.814633501213,4.0,567.08203125,4416.0,2971.84228515625,20474.5,1,8.493867924528303,24,40523.84500294811,64860.765625,62.46179245283018,25341.28515625,-1,632781,25648.38253250134,7.124550703472594,0.007124550703472594,1338333.5367700006,371.7593157694446,0.3717593157694446,3.384161584149482,0.003384161584149482,176.58567499048604,0.17658567499048605,475.0,119.24485628442665,120.492,98.075,214.819569768427,1997,10.0,64,64,1,True,100,adamw,cosine,32,100,0.1,False,1.0.0
p6-vit_small_p16-imagenet100-jointexit-s1,53,100764,2026-08-29T18:39:47Z,1788028787.8218136,local,0,local-ac35a4a3df,CB-410-122,vit_small_p16,vit,imagenet100,1,p6,jointexit,76044ceca0e37bb1e3eb1f7c71d0716f21bd2ed5a555b56c35346c8fa981fe62,1.1688562392829036,2.32290262298584,0.9584404707064785,0.6195,NA,0.8297,0.6170699568207079,0.6195,0.6170699568207079,0.623455217308792,0.6195,0.6234552173087922,0.6195,0.6195,0.6195,0.6195,0.6156565656565657,0.615761266412856,1.0165667533874512,1.394364356994629,0.05984502757325503,1.163792073726654,0.6195,0,True,0.13561700071543453,0.29386207324080443,1.8435609340667725,0.5590682029724121,0.7548758387565613,1.3032920360565186,1.1688562392829036,1.1688562392829036,NA,NA,NA,NA,NA,NA,NA,NA,NA,NA,NA,2.9700507666461797e-05,2.9700507666461797e-05,2.9700507666461797e-05,[2.97e-05],NA,0.05,6.309936438680654,12.972091674804688,2.802589178085327,6.232295036315918,8.908473777770995,9.910988998413083,1.4394040803639885,1.0,1.0,160.1224822998047,4.789015293121338,0.029908450233457187,262144.0,1,1866,1866,0,0,215.11676931381226,209.49040961265564,5.626359701156616,11422.133484125137,0.0,204.87607836723328,0.0,0.0,0.0,12.858558504205002,0.06138993182713879,112.24926207993191,115.45932292938232,120.108962059021,130.06458282470697,136.45577430725098,569.9306246083504,1777.3481489184367,119395,6447330,9895.371388435364,96.39622641509433,99.0,5748.86328125,20475.0,86.00471698113208,76.23584905660377,78.0,119.20041509433963,120.45,2159.009433962264,8551.0,25567.56196249925,4.0,566.6259765625,4416.0,2972.56396484375,20474.5,1,8.46933962264151,24,40523.47061099646,64860.765625,62.45188679245281,25306.93359375,-1,632781,25639.251825999254,7.122014396110904,0.007122014396110904,1363972.7885959998,378.8813301655555,0.37888133016555553,3.382956838152679,0.003382956838152679,179.96863182863873,0.17996863182863873,475.0,119.2118175609756,121.029,98.388,214.743094987221,2050,10.0,64,64,1,True,100,adamw,cosine,32,100,0.1,False,1.0.0
p6-vit_small_p16-imagenet100-jointexit-s1,54,102630,2026-08-29T18:43:23Z,1788029003.8028362,local,0,local-ac35a4a3df,CB-410-122,vit_small_p16,vit,imagenet100,1,p6,jointexit,76044ceca0e37bb1e3eb1f7c71d0716f21bd2ed5a555b56c35346c8fa981fe62,1.1609739802501635,2.3534857315063475,0.9605678629758365,0.6165,NA,0.8224,0.6131760095676588,0.6165,0.6131760095676588,0.6179057561408401,0.6165,0.61790575614084,0.6165,0.6165,0.6165,0.6165,0.6126262626262626,0.612720826982096,1.0177072286605835,1.5170648097991943,0.05972010472348729,1.1557035446166992,0.6195,1,False,0.13571583488732575,0.3134920441187345,1.880519151687622,0.5633627772331238,0.7520455121994019,1.3198484182357788,1.1609739802501635,1.1609739802501635,NA,NA,NA,NA,NA,NA,NA,NA,NA,NA,NA,2.866939545398961e-05,2.866939545398961e-05,2.866939545398961e-05,[2.867e-05],NA,0.05,6.230836470964447,11.563360214233398,2.867809295654297,6.145845890045166,8.711213874816895,10.214986419677734,1.4435889554045287,1.0,1.0,159.9281768798828,4.61195707321167,0.02883767678209432,262144.0,1,1866,1866,0,0,215.55185174942017,209.92658686637878,5.625264883041382,11637.685335874557,0.0,205.0415120124817,0.0,0.0,0.0,9.161787911465295,0.043646525934935856,112.49129411875244,116.26851558685303,118.45111846923828,131.6337704658508,133.8963508605957,568.746445041745,1777.6940655980902,119395,6566725,9699.833328723907,96.81220657276995,99.0,5749.80078125,20475.0,86.88732394366197,76.2018779342723,78.0,119.05702347417841,120.94,2149.3661971830984,8551.0,25671.83473299874,4.0,567.08203125,4416.0,2971.84228515625,20474.5,1,8.402347417840376,24,40533.992829372066,64860.765625,62.501877934272294,25345.80859375,-1,632780,25662.741683500113,7.128539356527809,0.00712853935652781,1389635.5302795,386.0098695220833,0.3860098695220833,3.3860561943507093,0.0033860561943507093,183.35468802298942,0.18335468802298943,475.0,119.05635519922254,120.94,87.816,214.93983570082594,2058,10.0,64,64,1,True,100,adamw,cosine,32,100,0.1,False,1.0.0
p6-vit_small_p16-imagenet100-jointexit-s1,55,104496,2026-08-29T18:46:58Z,1788029218.6691635,local,0,local-ac35a4a3df,CB-410-122,vit_small_p16,vit,imagenet100,1,p6,jointexit,76044ceca0e37bb1e3eb1f7c71d0716f21bd2ed5a555b56c35346c8fa981fe62,1.1512210707722599,2.3263644775390624,0.9624021106411491,0.617,NA,0.8298,0.6173327167615437,0.617,0.6173327167615437,0.6246596068505207,0.617,0.6246596068505206,0.617,0.617,0.617,0.617,0.6131313131313132,0.6132152860164083,0.9898937344551086,1.3822330236434937,0.05978572446849593,1.1439284086227417,0.6195,2,False,0.1334152318835259,0.30625899494957604,1.852178692817688,0.5602083802223206,0.7504152059555054,1.330312728881836,1.1512210707722599,1.1512210707722599,NA,NA,NA,NA,NA,NA,NA,NA,NA,NA,NA,2.7641105094700434e-05,2.7641105094700434e-05,2.7641105094700434e-05,[2.764e-05],NA,0.05,6.138798574031613,12.395636558532715,2.225853681564331,6.052605628967285,8.664358615875244,10.081609630584714,1.485318813194966,1.0,1.0,159.73806762695312,4.470379829406738,0.027985688670321918,524288.0,0,1866,1866,0,0,214.53868579864502,208.90508008003235,5.633605718612671,11852.224021673203,0.0,204.16153192520142,0.0,0.0,0.0,16.148641950205754,0.07732032351621992,111.92592790016919,115.81075191497803,118.20387840270996,125.7364749908447,135.42819023132324,571.5275088296528,1775.0621004521763,119395,6686120,9439.70217514038,96.84433962264151,99.0,5750.48828125,20475.0,86.60377358490567,76.39150943396227,78.0,119.2467641509434,120.692,2145.566037735849,8551.0,25571.474964000765,4.0,566.6259765625,4416.0,2972.56396484375,20474.5,1,8.485377358490565,24,40521.45002948113,64860.765625,62.465094339622624,25307.25,-1,632780,25570.86626799984,7.103018407777734,0.0071030184077777335,1415206.3965474998,393.1128879298611,0.39311288792986104,3.3739337436944234,0.0033739337436944233,186.72862176668386,0.18672862176668387,475.0,119.21149780166095,120.692,92.431,214.17032763515928,2047,10.0,64,64,1,True,100,adamw,cosine,32,100,0.1,False,1.0.0
p6-vit_small_p16-imagenet100-jointexit-s1,56,106362,2026-08-29T18:50:34Z,1788029434.116161,local,0,local-ac35a4a3df,CB-410-122,vit_small_p16,vit,imagenet100,1,p6,jointexit,76044ceca0e37bb1e3eb1f7c71d0716f21bd2ed5a555b56c35346c8fa981fe62,1.1450191055102397,2.3466721820831298,0.9630972821307425,0.6166,NA,0.8245,0.6149233627712445,0.6166,0.6149233627712446,0.6230848158385038,0.6166,0.6230848158385038,0.6166,0.6166,0.6166,0.6166,0.6127272727272728,0.6128619500098687,0.9916394352912903,1.3829667568206787,0.05714289660721107,1.1404427886009216,0.6195,3,False,0.14100897478461266,0.3065429022323051,1.870336890220642,0.5635983347892761,0.7576090097427368,1.2911978960037231,1.1450191055102397,1.1450191055102397,NA,NA,NA,NA,NA,NA,NA,NA,NA,NA,NA,2.6616761009004928e-05,2.6616761009004928e-05,2.6616761009004928e-05,[2.662e-05],NA,0.05,6.107766481762597,11.673843383789062,2.421494245529175,6.043734550476074,8.518819236755371,9.656287841796875,1.4629478821789752,1.0,1.0,159.5567169189453,4.331060409545898,0.027144331452658765,262144.0,1,1866,1866,0,0,215.12636971473694,209.47532153129578,5.651048183441162,12067.35039138794,0.0,204.37258553504944,0.0,0.0,0.0,12.242375436582064,0.0584476878831708,112.25009539502993,115.76735973358154,119.18973922729492,127.55306959152222,133.6681842803955,569.971675552064,1769.5832127749754,119395,6805515,9250.433897733688,96.96698113207547,99.0,5750.48828125,20475.0,86.88207547169812,76.22641509433963,78.0,119.2557028301887,121.126,2150.1650943396226,8551.0,25579.055359999787,4.0,567.08203125,4416.0,2971.84228515625,20474.5,1,8.397169811320754,24,40522.74598319575,64860.765625,62.44811320754715,25307.26171875,-1,632780,25645.128940500676,7.123646927916854,0.0071236469279168544,1440851.5254880006,400.23653485777794,0.40023653485777794,3.3837322907605056,0.0033837322907605055,190.11235405744438,0.19011235405744437,475.0,119.24425255972696,121.126,95.115,214.79231911303384,2051,10.0,64,64,1,True,100,adamw,cosine,32,100,0.1,False,1.0.0
p6-vit_small_p16-imagenet100-jointexit-s1,57,108228,2026-08-29T18:54:09Z,1788029649.1226015,local,0,local-ac35a4a3df,CB-410-122,vit_small_p16,vit,imagenet100,1,p6,jointexit,76044ceca0e37bb1e3eb1f7c71d0716f21bd2ed5a555b56c35346c8fa981fe62,1.1387356193846727,2.3437691749572753,0.9639515892625319,0.619,NA,0.8272,0.6175060206663765,0.619,0.6175060206663765,0.6238665999580363,0.619,0.6238665999580363,0.619,0.619,0.619,0.619,0.6151515151515152,0.6152558129594162,0.9946011900901794,1.3632030487060547,0.05599833840092963,1.1338290572166443,0.6195,4,False,0.14405974002331495,0.30774496808932844,1.864708423614502,0.5626675486564636,0.7630597949028015,1.2652949094772339,1.1387356193846727,1.1387356193846727,NA,NA,NA,NA,NA,NA,NA,NA,NA,NA,NA,2.5597483302121562e-05,2.5597483302121562e-05,2.5597483302121562e-05,[2.56e-05],NA,0.05,6.064139394402185,12.105755805969238,2.5392889976501465,5.9791107177734375,8.737403678894042,10.026783561706537,1.5004118136354476,1.0,1.0,159.38113403320312,4.165179252624512,0.026133452230028678,262144.0,1,1866,1866,0,0,214.72157382965088,209.078289270401,5.643284559249878,12282.07196521759,0.0,204.2434003353119,0.0,0.0,0.0,7.582958560240897,0.03627441755896827,112.02800325003211,113.06023597717285,119.02129650115967,126.87367200851438,136.77573204040527,571.0540315622461,1772.017677827189,119395,6924910,9018.306100845337,96.6745283018868,99.0,5748.23828125,20475.0,86.44811320754717,76.31132075471699,78.0,119.27537735849056,120.473,2153.3490566037735,8551.0,25577.50560649915,4.0,566.6259765625,4416.0,2972.56396484375,20474.5,1,8.366037735849057,24,40486.58914357311,64860.765625,62.43066037735847,25342.71875,-1,632779,25609.998653000825,7.1138885147224515,0.007113888514722451,1466461.5241410015,407.3504233725004,0.40735042337250044,3.379097044493164,0.003379097044493164,193.4914511019375,0.19349145110193752,475.0,119.27900147928995,121.116,94.96,214.49808327820114,2028,10.0,64,64,1,True,100,adamw,cosine,32,100,0.1,False,1.0.0
p6-vit_small_p16-imagenet100-jointexit-s1,58,110094,2026-08-29T18:57:44Z,1788029864.7948475,local,0,local-ac35a4a3df,CB-410-122,vit_small_p16,vit,imagenet100,1,p6,jointexit,76044ceca0e37bb1e3eb1f7c71d0716f21bd2ed5a555b56c35346c8fa981fe62,1.13386490311753,2.3563682823181153,0.9651911721596381,0.6227,NA,0.8239,0.6221670605550991,0.6227,0.6221670605550992,0.6281196671309696,0.6227,0.6281196671309697,0.6227000000000001,0.6227,0.6227,0.6227000000000001,0.6188888888888888,0.6189658392538102,0.9794365763664246,1.3675928115844727,0.05657873741489131,1.1291301250457764,0.6227,0,True,0.13778995561301707,0.31820253997182646,1.8828999996185303,0.5626168251037598,0.7603437304496765,1.2872949838638306,1.13386490311753,1.13386490311753,NA,NA,NA,NA,NA,NA,NA,NA,NA,NA,NA,2.4584386539257908e-05,2.4584386539257908e-05,2.4584386539257908e-05,[2.458e-05],NA,0.05,6.011770564685238,11.791064262390137,2.564483642578125,5.994338035583496,8.608816337585449,9.738234710693359,1.4992932294257026,1.0,1.0,159.2075653076172,4.0186567306518555,0.025241619158531188,262144.0,1,1866,1866,0,0,215.3699164390564,209.73650002479553,5.633416414260864,12497.441881656647,0.0,204.92812514305115,0.0,0.0,0.0,10.803908586502075,0.05151912478893615,112.38304237333013,116.0508394241333,118.81673336029053,127.81121730804435,133.9106559753418,569.2619071353096,1775.1217493322931,119395,7044305,8830.166574001312,96.75,99.0,5749.86328125,20475.0,86.64622641509433,76.30660377358491,78.0,119.23265566037736,120.683,2158.514150943396,8551.0,25572.176911499802,4.0,567.08203125,4416.0,2971.84228515625,20474.5,1,8.460377358490566,24,40497.39650280071,64860.765625,62.43962264150941,25307.25390625,-1,632779,25669.138293498967,7.130316192638602,0.0071303161926386015,1492130.6624345004,414.480739565139,0.414480739565139,3.3869001915033357,0.0033869001915033357,196.87835129344086,0.19687835129344086,475.0,119.22506679668454,120.771,96.865,214.99341089240727,2051,10.0,64,64,1,True,100,adamw,cosine,32,100,0.1,False,1.0.0
p6-vit_small_p16-imagenet100-jointexit-s1,59,111960,2026-08-29T19:01:20Z,1788030080.5324938,local,0,local-ac35a4a3df,CB-410-122,vit_small_p16,vit,imagenet100,1,p6,jointexit,76044ceca0e37bb1e3eb1f7c71d0716f21bd2ed5a555b56c35346c8fa981fe62,1.1264835572441427,2.3326583419799807,0.9662967460948951,0.6205,NA,0.8276,0.6185588525117587,0.6205,0.6185588525117589,0.6239000334490615,0.6205,0.6239000334490613,0.6204999999999999,0.6205,0.6205,0.6204999999999999,0.6166666666666667,0.6167454656061142,0.9811698198318481,1.3419023752212524,0.05357335385418262,1.1213663220405579,0.6227,1,False,0.13974852931126952,0.3221039524140067,1.8570765256881714,0.557946503162384,0.7601425051689148,1.2909315824508667,1.1264835572441427,1.1264835572441427,NA,NA,NA,NA,NA,NA,NA,NA,NA,NA,NA,2.3578578526850022e-05,2.3578578526850022e-05,2.3578578526850022e-05,[2.358e-05],NA,0.05,5.97549748804025,12.232329368591309,2.4933433532714844,5.8848042488098145,8.703983306884766,10.010099554061883,1.5512913314919985,1.0,1.0,159.02285766601562,3.853652000427246,0.024233321278383745,524288.0,0,1866,1866,0,0,215.26720476150513,209.63994932174683,5.627255439758301,12712.709086418152,0.0,204.94724035263062,0.0,0.0,0.0,11.047028754886828,0.05270354294433036,112.32955381673504,116.21642112731934,118.19672584533691,128.30457687377924,134.20772552490234,569.5240834882927,1777.0652331413473,119395,7163700,8610.688190460205,96.99528301886792,99.0,5749.80078125,20475.0,86.63679245283019,76.31132075471699,78.0,119.17514150943396,121.052,2150.5896226415093,8551.0,25563.056000001925,4.0,566.6259765625,4416.0,2972.56396484375,20474.5,1,8.422641509433962,24,40507.10049380896,64860.765625,62.445754716981114,25309.10546875,-1,632779,25638.380963998363,7.121772489999545,0.0071217724899995455,1517769.0433984988,421.60251205513856,0.42160251205513855,3.3828419327497836,0.003382841932749784,200.26119322619064,0.20026119322619065,475.0,119.16173525109703,121.052,85.875,214.7358010301802,2051,10.0,64,64,1,True,100,adamw,cosine,32,100,0.1,False,1.0.0
p6-vit_small_p16-imagenet100-jointexit-s1,60,113826,2026-08-29T19:04:55Z,1788030295.992836,local,0,local-ac35a4a3df,CB-410-122,vit_small_p16,vit,imagenet100,1,p6,jointexit,76044ceca0e37bb1e3eb1f7c71d0716f21bd2ed5a555b56c35346c8fa981fe62,1.1207363520242086,2.335617826843262,0.9672515599480715,0.6234,NA,0.8232,0.6198000728134382,0.6234,0.6198000728134382,0.6245364104880968,0.6234,0.6245364104880967,0.6234,0.6234,0.6234,0.6234,0.6195959595959596,0.6196920318270693,0.9950165152549744,1.3778026103973389,0.05446728298812271,1.1151282787322998,0.6234,0,True,0.1382579668208957,0.30700252871764333,1.8610972166061401,0.5567131638526917,0.7616579532623291,1.2895581722259521,1.1207363520242086,1.1207363520242086,NA,NA,NA,NA,NA,NA,NA,NA,NA,NA,NA,2.2581159101192357e-05,2.2581159101192357e-05,2.2581159101192357e-05,[2.258e-05],NA,0.05,5.9025732316536175,11.909585952758789,2.6425182819366455,5.76839542388916,8.664801788330077,9.81288761138916,1.5177357070891944,1.0,1.0,158.8494873046875,3.7223498821258545,0.023433187889275682,262144.0,1,1866,1866,0,0,215.10635137557983,209.48939871788025,5.616952657699585,12927.815437793732,0.0,204.19789958000183,0.0,0.0,0.0,14.161018082970068,0.06760292828778552,112.25800754428549,115.9212589263916,119.56906318664551,128.3916473388672,136.97028160095215,569.9333748185962,1780.3247791829326,119395,7283095,8389.147703647614,96.43867924528301,99.0,5750.48828125,20475.0,86.41509433962264,76.26415094339623,78.0,119.1786179245283,120.507,2148.6792452830186,8551.0,25573.661760000177,4.0,567.08203125,4416.0,2971.84228515625,20474.5,1,8.426415094339623,24,40521.75746241156,64860.765625,62.45424528301885,25307.69921875,-1,632778,25634.33855149964,7.120649597638789,0.007120649597638789,1543403.3819499984,428.7231616527773,0.42872316165277735,3.3823085588784245,0.0033823085588784245,203.64350178506908,0.20364350178506907,475.0,119.19312829268293,120.507,91.51,214.70194356128516,2050,10.0,64,64,1,True,100,adamw,cosine,32,100,0.1,False,1.0.0
p6-vit_small_p16-imagenet100-jointexit-s1,61,115692,2026-08-29T19:08:31Z,1788030511.085095,local,0,local-ac35a4a3df,CB-410-122,vit_small_p16,vit,imagenet100,1,p6,jointexit,76044ceca0e37bb1e3eb1f7c71d0716f21bd2ed5a555b56c35346c8fa981fe62,1.1138144320342163,2.3688310111999513,0.9695967167804347,0.6208,NA,0.8247,0.6190121413189805,0.6208,0.6190121413189805,0.6255701338576197,0.6208,0.6255701338576197,0.6208,0.6208,0.6208,0.6208,0.616969696969697,0.6170662909870117,0.9746708273887634,1.3544337749481201,0.052100348944340326,1.1097944378852844,0.6234,1,False,0.14518426273539659,0.3165592772156316,1.896257758140564,0.5661765933036804,0.7659457921981812,1.266654133796692,1.1138144320342163,1.1138144320342163,NA,NA,NA,NA,NA,NA,NA,NA,NA,NA,NA,2.1593218925782896e-05,2.1593218925782896e-05,2.1593218925782896e-05,[2.159e-05],NA,0.05,5.813184434159512,11.1780424118042,2.3566150665283203,5.687363147735596,8.494482231140136,9.684289474487304,1.5229833971625586,1.0,1.0,158.68072509765625,3.5792698860168457,0.022556425071879837,262144.0,1,1866,1866,0,0,214.68720698356628,209.07256317138672,5.614643812179565,13142.502644777298,0.0,203.37257957458496,0.0,0.0,0.0,8.832921228910747,0.04225470468340371,112.02569508731429,116.23358726501465,117.60032176971436,125.82560777664185,136.15846633911133,571.0696716437452,1781.0568817041433,119395,7402490,8158.113865375519,96.86792452830188,99.0,5747.36328125,20475.0,86.51415094339623,76.35377358490567,78.0,119.24719339622641,120.585,2156.1792452830186,8551.0,25584.177846497783,4.0,566.6259765625,4416.0,2972.56396484375,20474.5,1,8.57688679245283,24,40556.98448555425,64860.765625,62.530660377358494,25344.34375,-1,632778,25603.04121499923,7.111955893055342,0.007111955893055342,1569006.4231649977,435.8351175458327,0.4358351175458327,3.3781790492012873,0.0033781790492012874,207.02168083427037,0.20702168083427036,475.0,119.26378218306412,120.585,90.085,214.43981083796834,2043,10.0,64,64,1,True,100,adamw,cosine,32,100,0.1,False,1.0.0
p6-vit_small_p16-imagenet100-jointexit-s1,62,117558,2026-08-29T19:12:06Z,1788030726.2899382,local,0,local-ac35a4a3df,CB-410-122,vit_small_p16,vit,imagenet100,1,p6,jointexit,76044ceca0e37bb1e3eb1f7c71d0716f21bd2ed5a555b56c35346c8fa981fe62,1.1082208990366786,2.3655787879943846,0.9696469701411282,0.6201,NA,0.8206,0.6181319927969401,0.6201,0.6181319927969401,0.6249089797979106,0.6201,0.6249089797979105,0.6201,0.6201,0.6201,0.6201,0.6162626262626263,0.6163785163183836,0.9732019901275635,1.3494737148284912,0.0529064406863032,1.1024625897407532,0.6234,2,False,0.14254009401202203,0.34207230659178745,1.8977607488632202,0.5636992454528809,0.7626400589942932,1.3010722398757935,1.1082208990366786,1.1082208990366786,NA,NA,NA,NA,NA,NA,NA,NA,NA,NA,NA,2.0615838298698648e-05,2.0615838298698648e-05,2.0615838298698648e-05,[2.062e-05],NA,0.05,5.806611302197938,11.299426078796387,2.379905939102173,5.726994276046753,8.491738080978394,9.669472312927242,1.5362268548909481,1.0,1.0,158.5169219970703,3.427621364593506,0.021623062833991027,524288.0,0,1866,1866,0,0,214.96070647239685,209.32368993759155,5.637016534805298,13357.463351249695,0.0,204.70918607711792,0.0,0.0,0.0,9.22325284857499,0.04406624693211554,112.16733757194855,116.09244346618652,119.14384365081787,127.34155654907225,133.7285041809082,570.3845562611514,1773.9880552515356,119395,7521885,7953.5461394786835,97.01886792452831,100.0,5752.17578125,20475.0,87.16037735849056,76.23113207547169,78.0,119.31028301886792,120.495,2150.6603773584907,8551.0,25581.497615499065,4.0,567.08203125,4416.0,2971.84228515625,20474.5,1,8.483490566037736,24,40549.72542010613,64860.765625,62.525,25307.69921875,-1,632777,25636.54375000106,7.121262152778072,0.007121262152778072,1594642.9669149988,442.95637969861076,0.4429563796986108,3.382599522569584,0.003382599522569584,210.40428035683993,0.21040428035683995,475.0,119.27228334147533,121.319,98.103,214.72041333390058,2047,10.0,64,64,1,True,100,adamw,cosine,32,100,0.1,False,1.0.0
p6-vit_small_p16-imagenet100-jointexit-s1,63,119424,2026-08-29T19:15:41Z,1788030941.2639747,local,0,local-ac35a4a3df,CB-410-122,vit_small_p16,vit,imagenet100,1,p6,jointexit,76044ceca0e37bb1e3eb1f7c71d0716f21bd2ed5a555b56c35346c8fa981fe62,1.1024047189533843,2.366673614501953,0.9704845261526864,0.6206,NA,0.8223,0.618689458741392,0.6206,0.6186894587413919,0.6258052268603843,0.6206,0.6258052268603843,0.6205999999999999,0.6206,0.6206,0.6205999999999999,0.6167676767676767,0.6168817855272138,0.9736106991767883,1.3224377632141113,0.05196986573606398,1.0977071523666382,0.6234,3,False,0.14711347478628162,0.3339823199662681,1.8970366716384888,0.5663881897926331,0.7675942182540894,1.2783406972885132,1.1024047189533843,1.1024047189533843,NA,NA,NA,NA,NA,NA,NA,NA,NA,NA,NA,1.9650085971305595e-05,1.9650085971305595e-05,1.9650085971305595e-05,[1.965e-05],NA,0.05,5.7545602041658706,11.376445770263672,2.1834065914154053,5.640984058380127,8.539771842956542,9.643947639465331,1.5445234483331687,1.0,1.0,158.3620147705078,3.2825167179107666,0.020727929754289023,262144.0,1,1866,1866,0,0,214.67360734939575,209.05004358291626,5.623563766479492,13572.13695859909,0.0,204.40791058540344,0.0,0.0,0.0,10.85491863049959,0.051930056947088396,112.02014591405118,115.22972583770752,119.23825740814209,126.92227363586426,136.1706256866455,571.1311892295489,1778.2318144247306,119395,7641280,7728.249864578247,96.94339622641509,100.0,5749.11328125,20475.0,86.63207547169812,76.3254716981132,78.0,119.30936320754716,120.532,2153.632075471698,8551.0,25584.603345499316,4.0,566.6259765625,4416.0,2972.56396484375,20474.5,1,8.496698113207547,24,40535.94929245283,64860.765625,62.52216981132076,25340.91015625,-1,632777,25614.389353002447,7.115108153611791,0.007115108153611791,1620257.3562680013,450.07148785222256,0.45007148785222256,3.3796763729656005,0.0033796763729656005,213.78395672980554,0.21378395672980555,475.0,119.32444335937501,121.264,98.0,214.53485785001422,2048,10.0,64,64,1,True,100,adamw,cosine,32,100,0.1,False,1.0.0
p6-vit_small_p16-imagenet100-jointexit-s1,64,121290,2026-08-29T19:19:16Z,1788031156.7205312,local,0,local-ac35a4a3df,CB-410-122,vit_small_p16,vit,imagenet100,1,p6,jointexit,76044ceca0e37bb1e3eb1f7c71d0716f21bd2ed5a555b56c35346c8fa981fe62,1.0972212456564563,2.355521813583374,0.9712131998827421,0.62,NA,0.8208,0.6183641064886731,0.62,0.618364106488673,0.6248719034325166,0.62,0.6248719034325166,0.6200000000000001,0.62,0.62,0.6200000000000001,0.6161616161616161,0.6162587935181404,0.961027204990387,1.3229950666427612,0.05116401300533867,1.0920014381408691,0.6234,4,False,0.1402858467966318,0.3477995767109636,1.8888484239578247,0.5601611733436584,0.7602858543395996,1.3149744272232056,1.0972212456564563,1.0972212456564563,NA,NA,NA,NA,NA,NA,NA,NA,NA,NA,NA,1.8697017979594702e-05,1.8697017979594702e-05,1.8697017979594702e-05,[1.87e-05],NA,0.05,5.731739436014088,15.223179817199707,2.4675989151000977,5.59389591217041,8.517862129211425,9.83028694152832,1.5946857640801415,1.0,1.0,158.21514892578125,3.135964870452881,0.019820888781793975,262144.0,1,1866,1866,0,0,215.14199900627136,209.51774501800537,5.624253988265991,13787.278957605362,0.0,205.2617335319519,0.0,0.0,0.0,9.850546435305947,0.047020236395812154,112.2700393774885,112.4260425567627,119.69482898712158,127.45400667190552,135.98871231079102,569.8562667794058,1778.0135855996593,119395,7760675,7529.969965219498,96.82075471698113,99.0,5749.80078125,20475.0,86.75,76.38679245283019,78.0,119.21939150943396,120.651,2151.7216981132074,8551.0,25571.052443999415,4.0,567.08203125,4416.0,2971.84228515625,20474.5,1,8.358018867924528,24,40528.77257149175,64860.765625,62.49528301886792,25308.3671875,-1,632777,25642.373270500706,7.122881464027974,0.007122881464027974,1645899.729538502,457.1943693162505,0.4571943693162505,3.3833686954132878,0.0033833686954132876,217.16732542521882,0.21716732542521883,475.0,119.23481039603959,121.192,95.657,214.7692388332904,2020,10.0,64,64,1,True,100,adamw,cosine,32,100,0.1,False,1.0.0
p6-vit_small_p16-imagenet100-jointexit-s1,65,123156,2026-08-29T19:22:53Z,1788031373.444842,local,0,local-ac35a4a3df,CB-410-122,vit_small_p16,vit,imagenet100,1,p6,jointexit,76044ceca0e37bb1e3eb1f7c71d0716f21bd2ed5a555b56c35346c8fa981fe62,1.0910685614807891,2.3646554576873777,0.972318773817999,0.622,NA,0.8266,0.6195384874223554,0.622,0.6195384874223554,0.6250879768866491,0.622,0.625087976886649,0.622,0.622,0.622,0.622,0.6181818181818182,0.6182833748828221,0.9691468477249146,1.3278793096542358,0.0490027581545674,1.0864062309265137,0.6234,5,False,0.14465817742943762,0.32504926583705807,1.8951431512832642,0.5658971071243286,0.7666581869125366,1.2790344953536987,1.0910685614807891,1.0910685614807891,NA,NA,NA,NA,NA,NA,NA,NA,NA,NA,NA,1.7757676489422093e-05,1.7757676489422093e-05,1.7757676489422093e-05,[1.776e-05],NA,0.05,5.693979513868889,11.695836067199707,2.2314705848693848,5.52992057800293,8.541100120544431,9.80339130401611,1.5880705814962706,1.0,1.0,158.05772399902344,2.9761505126953125,0.01882951644118133,262144.0,1,1866,1866,0,0,215.60652828216553,209.98337721824646,5.623151063919067,14002.885485887527,0.0,205.6888120174408,0.0,0.0,0.0,11.561051243229917,0.05506644490968304,112.51194888500284,115.05639553070068,119.2091703414917,128.11586856842038,133.5890293121338,568.5926266244717,1778.3623250253709,119395,7880070,7330.621961593628,95.91549295774648,99.0,5749.80078125,20475.0,85.58215962441315,76.44131455399061,78.0,118.79077934272301,120.714,2154.8591549295775,8551.0,25619.945039999417,4.0,566.6259765625,4416.0,2972.56396484375,20474.5,1,8.594835680751173,24,40511.68937059859,64860.765625,62.446948356807496,25343.9453125,-1,632776,25621.112122499515,7.116975589583198,0.0071169755895831984,1671520.8416610016,464.3113449058338,0.46431134490583376,3.380563405052019,0.003380563405052019,220.54788883027084,0.22054788883027085,475.0,118.88654647201946,120.903,43.283,214.5911648100801,2055,10.0,64,64,1,True,100,adamw,cosine,32,100,0.1,False,1.0.0
p6-vit_small_p16-imagenet100-jointexit-s1,66,125022,2026-08-29T19:26:28Z,1788031588.5681007,local,0,local-ac35a4a3df,CB-410-122,vit_small_p16,vit,imagenet100,1,p6,jointexit,76044ceca0e37bb1e3eb1f7c71d0716f21bd2ed5a555b56c35346c8fa981fe62,1.0867415040196013,2.352470436477661,0.9732987143515223,0.6251,NA,0.8283,0.6233785244006489,0.6251,0.6233785244006488,0.6293867310271719,0.6251,0.6293867310271719,0.6251,0.6251,0.6251,0.6251,0.6213131313131313,0.6214071215408272,0.9585261344909668,1.327266812324524,0.04898915622107313,1.0819578766822815,0.6251,0,True,0.14456925379931923,0.3282549779936178,1.8805636167526245,0.5623437166213989,0.7695595026016235,1.2631406784057617,1.0867415040196013,1.0867415040196013,NA,NA,NA,NA,NA,NA,NA,NA,NA,NA,NA,1.6833088656916006e-05,1.6833088656916006e-05,1.6833088656916006e-05,[1.683e-05],NA,0.05,5.576831672530392,11.210352897644043,2.277959108352661,5.398762226104736,8.592316246032714,9.572037124633788,1.6267601264515137,1.0,1.0,157.9105224609375,2.8387582302093506,0.017977004863064635,262144.0,1,1866,1866,0,0,214.8479323387146,209.21427822113037,5.6336541175842285,14217.733418226242,0.0,204.05822777748108,0.0,0.0,0.0,11.888267153187803,0.056825483683129924,112.11501402103633,116.16218090057373,118.58868598937988,127.66835689544678,135.37979125976562,570.6828473427836,1775.0468508152055,119395,7999465,7089.981767177582,96.67924528301887,100.0,5751.48828125,20475.0,86.80188679245283,76.27358490566037,78.0,119.29437735849056,120.983,2155.330188679245,8551.0,25581.296225501144,4.0,567.08203125,4416.0,2971.84228515625,20474.5,1,8.34433962264151,24,40511.880859375,64860.765625,62.44764150943394,25342.24609375,-1,632776,25620.340314502027,7.116761198472785,0.007116761198472785,1697141.1819755037,471.4281061043066,0.4714281061043066,3.3804615692745728,0.0033804615692745728,223.92835039954542,0.22392835039954542,475.0,119.28719804878048,120.983,97.913,214.5847004857995,2050,10.0,64,64,1,True,100,adamw,cosine,32,100,0.1,False,1.0.0
p6-vit_small_p16-imagenet100-jointexit-s1,67,126888,2026-08-29T19:30:03Z,1788031803.6419818,local,0,local-ac35a4a3df,CB-410-122,vit_small_p16,vit,imagenet100,1,p6,jointexit,76044ceca0e37bb1e3eb1f7c71d0716f21bd2ed5a555b56c35346c8fa981fe62,1.0814958468789087,2.3671153898239137,0.9736504878763768,0.6216,NA,0.8261,0.6199158505196831,0.6216,0.6199158505196831,0.6257313906182227,0.6216,0.6257313906182227,0.6215999999999999,0.6216,0.6216,0.6215999999999999,0.6177777777777778,0.6178685799256982,0.9450216293334961,1.3205757141113281,0.04924090925023678,1.075918972492218,0.6251,1,False,0.1471361390829086,0.36212434343524746,1.898469090461731,0.5641613006591797,0.7687361836433411,1.27589750289917,1.0814958468789087,1.0814958468789087,NA,NA,NA,NA,NA,NA,NA,NA,NA,NA,NA,1.5924265505296617e-05,1.5924265505296617e-05,1.5924265505296617e-05,[1.592e-05],NA,0.05,5.602283553934046,12.734512329101562,2.307558536529541,5.488885402679443,8.366554975509644,9.486468696594237,1.5830713697015715,1.0,1.0,157.7703857421875,2.696765899658203,0.017092979059232235,262144.0,0,1866,1866,0,0,214.719633102417,209.08220100402832,5.637432098388672,14432.453051328659,0.0,203.764746427536,0.0,0.0,0.0,14.380383516612806,0.06878463337681469,112.0385300819258,115.7684326171875,118.13819408416748,125.4823327064514,135.47420501708984,571.0433476721419,1773.857285635115,119395,8118860,6871.028259277344,96.39622641509433,100.0,5751.17578125,20475.0,86.12264150943396,76.2122641509434,78.0,119.25516509433963,120.847,2151.1556603773583,8551.0,25565.83587350054,4.0,566.6259765625,4416.0,2972.56396484375,20474.5,1,8.5,24,40534.65413104363,64860.765625,62.48113207547169,25311.39453125,-1,632775,25587.932410000463,7.1077590027779065,0.007107759002777906,1722729.114385504,478.5358651070845,0.47853586510708446,3.3761855263195053,0.003376185526319505,227.3045359258649,0.22730453592586491,475.0,119.2118111273792,120.847,93.532,214.31326613342654,2049,10.0,64,64,1,True,100,adamw,cosine,32,100,0.1,False,1.0.0
p6-vit_small_p16-imagenet100-jointexit-s1,68,128754,2026-08-29T19:33:39Z,1788032019.3610997,local,0,local-ac35a4a3df,CB-410-122,vit_small_p16,vit,imagenet100,1,p6,jointexit,76044ceca0e37bb1e3eb1f7c71d0716f21bd2ed5a555b56c35346c8fa981fe62,1.0769816548916467,2.3707918878555296,0.9750575819757946,0.6235,NA,0.8245,0.6203766582086172,0.6235,0.6203766582086175,0.6264465716843147,0.6235,0.6264465716843147,0.6235,0.6235,0.6235,0.6235,0.6196969696969696,0.6198022385864185,0.9531550407409668,1.2675554752349854,0.04795876812663162,1.0711315870285034,0.6251,2,False,0.14866237009912728,0.382307323580938,1.9003223180770874,0.5646235346794128,0.7721623778343201,1.255467176437378,1.0769816548916467,1.0769816548916467,NA,NA,NA,NA,NA,NA,NA,NA,NA,NA,NA,1.5032200819337021e-05,1.5032200819337021e-05,1.5032200819337021e-05,[1.503e-05],NA,0.05,5.51467005369171,12.432238578796387,2.272092819213867,5.35312032699585,8.436549949645995,9.927677688598632,1.611358556167762,1.0,1.0,157.64541625976562,2.56197452545166,0.01625150027343693,262144.0,1,1866,1866,0,0,215.41802191734314,209.77571368217468,5.642308235168457,14647.871073246002,0.0,205.1437544822693,0.0,0.0,0.0,12.116916719235872,0.05776747262942397,112.40797295831024,115.90492725372314,118.76118183135986,126.3664960861206,134.81855392456055,569.1554942384419,1772.3243011911488,119395,8238255,6677.958679437637,96.43867924528301,99.0,5750.11328125,20475.0,86.41037735849056,76.25943396226415,78.0,119.19733018867925,120.442,2152.146226415094,8551.0,25557.71770099914,4.0,567.08203125,4416.0,2971.84228515625,20474.5,1,8.53679245283019,24,40524.48269826061,64860.765625,62.46745283018867,25343.33984375,-1,632775,25671.024036500494,7.130840010139026,0.007130840010139026,1748400.1384220046,485.6667051172235,0.4856667051172235,3.3871490048160373,0.003387149004816037,230.69168493068096,0.23069168493068096,475.0,119.18346026328621,121.249,96.191,215.0092050462791,2051,10.0,64,64,1,True,100,adamw,cosine,32,100,0.1,False,1.0.0
p6-vit_small_p16-imagenet100-jointexit-s1,69,130620,2026-08-29T19:37:14Z,1788032234.7727432,local,0,local-ac35a4a3df,CB-410-122,vit_small_p16,vit,imagenet100,1,p6,jointexit,76044ceca0e37bb1e3eb1f7c71d0716f21bd2ed5a555b56c35346c8fa981fe62,1.0715907997419858,2.359343280029297,0.9755266133422673,0.6249,NA,0.8266,0.6230505910383757,0.6249,0.6230505910383756,0.6274246910511995,0.6249,0.6274246910511995,0.6248999999999999,0.6249,0.6249,0.6248999999999999,0.6211111111111112,0.6211809759388431,0.9380531311035156,1.2923694849014282,0.04839992984279321,1.0665850639343262,0.6251,3,False,0.14859095250070095,0.3664184994001404,1.8872991800308228,0.5626512765884399,0.7734537124633789,1.2505213022232056,1.0715907997419858,1.0715907997419858,NA,NA,NA,NA,NA,NA,NA,NA,NA,NA,NA,1.4157870058674164e-05,1.4157870058674164e-05,1.4157870058674164e-05,[1.416e-05],NA,0.05,5.434475953073988,12.375617980957031,2.404494047164917,5.27725076675415,8.27247657775879,9.789280891418452,1.6123728163978386,1.0,1.0,157.5057373046875,2.4169886112213135,0.015345400444339128,262144.0,1,1866,1866,0,0,214.81855726242065,209.185133934021,5.633423328399658,14862.689630508423,0.0,204.6060848236084,0.0,0.0,0.0,8.291666846526297,0.03964016291182807,112.09720238995321,114.87674713134766,118.12758445739746,127.11158990859985,134.71674919128418,570.7623565528243,1775.1195706502672,119395,8357650,6444.55671787262,96.19811320754717,100.0,5745.61328125,20475.0,86.05660377358491,76.27358490566037,78.0,119.1106320754717,121.037,2163.396226415094,8551.0,25538.369883998497,4.0,566.6259765625,4416.0,2972.56396484375,20474.5,1,8.508490566037736,24,40526.88288620283,64860.765625,62.50283018867924,25324.5234375,-1,632774,25582.365257000893,7.106212571389137,0.007106212571389137,1773982.5036790054,492.7729176886126,0.49277291768861264,3.37545097140984,0.00337545097140984,234.0671359020908,0.2340671359020908,475.0,119.09676145884673,121.037,77.136,214.266638108806,2029,10.0,64,64,1,True,100,adamw,cosine,32,100,0.1,False,1.0.0
p6-vit_small_p16-imagenet100-jointexit-s1,70,132486,2026-08-29T19:40:49Z,1788032449.9459636,local,0,local-ac35a4a3df,CB-410-122,vit_small_p16,vit,imagenet100,1,p6,jointexit,76044ceca0e37bb1e3eb1f7c71d0716f21bd2ed5a555b56c35346c8fa981fe62,1.0683801732943323,2.364610414505005,0.9760375225093179,0.6215,NA,0.8263,0.6188337804885784,0.6215,0.6188337804885784,0.6223101615223885,0.6215,0.6223101615223885,0.6214999999999999,0.6215,0.6215,0.6214999999999999,0.6176767676767676,0.6177548655643531,0.9511668682098389,1.30109703540802,0.047412895335566224,1.0646473169326782,0.6251,4,False,0.14928665346764028,0.3657212726997606,1.897758960723877,0.5641592741012573,0.7707866430282593,1.2801436185836792,1.0683801732943323,1.0683801732943323,NA,NA,NA,NA,NA,NA,NA,NA,NA,NA,NA,1.3302229291158011e-05,1.3302229291158011e-05,1.3302229291158011e-05,[1.33e-05],NA,0.05,5.433879254331926,12.314094543457031,2.172487735748291,5.196279764175415,8.472845792770386,9.757130289077752,1.6624920400143073,1.0,1.0,157.37794494628906,2.281027317047119,0.014493945246429558,524288.0,0,1866,1866,0,0,214.88077545166016,209.2398009300232,5.640974521636963,15077.570405960083,0.0,203.40995001792908,0.0,0.0,0.0,12.796660385633771,0.06116904041286444,112.11231935445902,115.81647396087646,119.31359767913818,125.74719190597533,133.66055488586426,570.6132364364545,1772.7433374576003,119395,8477045,6231.5424880981445,96.66981132075472,100.0,5749.80078125,20475.0,86.83490566037736,76.30188679245283,78.0,119.22509905660377,121.298,2144.5754716981132,8551.0,25572.913771000873,4.0,567.08203125,4416.0,2971.84228515625,20474.5,1,8.386320754716982,24,40533.72904997052,64860.765625,62.52122641509434,25311.76953125,-1,632774,25615.38871549755,7.115385754304874,0.007115385754304875,1799597.8923945029,499.88830344291745,0.49988830344291746,3.3798082332948156,0.0033798082332948155,237.44694413538562,0.2374469441353856,475.0,119.23383869395711,121.298,95.643,214.5432280706692,2052,10.0,64,64,1,True,100,adamw,cosine,32,100,0.1,False,1.0.0
p6-vit_small_p16-imagenet100-jointexit-s1,71,134352,2026-08-29T19:44:25Z,1788032665.2884088,local,0,local-ac35a4a3df,CB-410-122,vit_small_p16,vit,imagenet100,1,p6,jointexit,76044ceca0e37bb1e3eb1f7c71d0716f21bd2ed5a555b56c35346c8fa981fe62,1.062888370281518,2.3752164249420167,0.9766489383977554,0.6225,NA,0.822,0.6210990490834264,0.6225,0.6210990490834265,0.625642538128395,0.6225,0.6256425381283949,0.6224999999999999,0.6225,0.6225,0.6224999999999999,0.6186868686868687,0.6187640252461375,0.953214168548584,1.241403341293335,0.04718820449568005,1.0582435131072998,0.6251,5,False,0.1509714406378567,0.3935199284975508,1.9070320129394531,0.5660442113876343,0.773471474647522,1.2595113515853882,1.062888370281518,1.062888370281518,NA,NA,NA,NA,NA,NA,NA,NA,NA,NA,NA,1.2466214147405464e-05,1.2466214147405464e-05,1.2466214147405464e-05,[1.247e-05],NA,0.05,5.381954317629817,12.34981918334961,2.422739028930664,5.174382209777832,8.424908638000487,9.637285423278803,1.6475696486357205,1.0,1.0,157.2681121826172,2.1429505348205566,0.013626096893260836,262144.0,1,1866,1866,0,0,215.06254696846008,209.4148941040039,5.647652864456177,15292.632952928543,0.0,205.07240748405457,0.0,0.0,0.0,10.812736122231735,0.05163643206381246,112.2193474478277,115.8069372177124,118.8899278640747,125.82414150238036,133.70060920715332,570.1361429464688,1770.647070561926,119395,8596440,6021.751315116882,96.45283018867924,100.0,5750.48828125,20475.0,86.13207547169812,76.43867924528301,78.0,119.1818254716981,120.422,2160.919811320755,8551.0,25559.442446000707,4.0,566.6259765625,4416.0,2972.56396484375,20474.5,1,8.416981132075472,24,40535.13664504717,64860.765625,62.52169811320755,25307.86328125,-1,632773,25625.55749099952,7.118210414166533,0.007118210414166533,1825223.4498855025,507.00651385708403,0.5070065138570841,3.381149946729103,0.003381149946729103,240.82809408211472,0.24082809408211472,475.0,119.19761609756098,120.566,96.69,214.6283972611878,2050,10.0,64,64,1,True,100,adamw,cosine,32,100,0.1,False,1.0.0
p6-vit_small_p16-imagenet100-jointexit-s1,72,136218,2026-08-29T19:48:00Z,1788032880.3939886,local,0,local-ac35a4a3df,CB-410-122,vit_small_p16,vit,imagenet100,1,p6,jointexit,76044ceca0e37bb1e3eb1f7c71d0716f21bd2ed5a555b56c35346c8fa981fe62,1.0603421116650038,2.373804002761841,0.9773441098873488,0.6242,NA,0.8258,0.622150249961162,0.6242,0.6221502499611619,0.627077337585932,0.6242,0.627077337585932,0.6242,0.6242,0.6242,0.6242,0.6204040404040404,0.6205001438888129,0.9533146619796753,1.2654622793197632,0.043839452921474835,1.0567023754119873,0.6251,6,False,0.15257244603782893,0.3483051556387758,1.9051424264907837,0.566062867641449,0.7767724394798279,1.2507020235061646,1.0603421116650038,1.0603421116650038,NA,NA,NA,NA,NA,NA,NA,NA,NA,NA,NA,1.1650738797701966e-05,1.1650738797701966e-05,1.1650738797701966e-05,[1.165e-05],NA,0.05,5.4021453286290555,11.245137214660645,2.3661484718322754,5.169748783111572,8.390511512756348,9.823649358749389,1.5987552447068276,1.0,1.0,157.1632843017578,2.015098810195923,0.012821689360518057,524288.0,0,1866,1866,0,0,214.75549602508545,209.110045671463,5.6454503536224365,15507.388448953629,0.0,203.92102193832397,0.0,0.0,0.0,11.188070297241211,0.0535078499267333,112.05366007895842,115.74184894561768,119.25995349884033,126.36014223098755,134.01055335998535,570.9673087039724,1771.3378691893802,119395,8715835,5798.398392677307,96.90566037735849,99.0,5751.11328125,20475.0,86.88207547169812,76.37264150943396,78.0,119.25713679245283,120.848,2151.1556603773583,8551.0,25583.620843497898,4.0,567.08203125,4416.0,2971.84228515625,20474.5,1,8.409433962264151,24,40525.227575913916,64860.765625,62.457075471698104,25343.33984375,-1,632773,25603.476165999156,7.112076712777544,0.007112076712777544,1850826.9260515017,514.1185905698616,0.5141185905698615,3.378236438569333,0.003378236438569333,244.20633052068405,0.24420633052068405,475.0,119.26257149829183,120.848,94.181,214.44345379621555,2049,10.0,64,64,1,True,100,adamw,cosine,32,100,0.1,False,1.0.0
p6-vit_small_p16-imagenet100-jointexit-s1,73,138084,2026-08-29T19:51:35Z,1788033095.8672075,local,0,local-ac35a4a3df,CB-410-122,vit_small_p16,vit,imagenet100,1,p6,jointexit,76044ceca0e37bb1e3eb1f7c71d0716f21bd2ed5a555b56c35346c8fa981fe62,1.0550602116952805,2.3866095987319946,0.9775116210896604,0.6246,NA,0.8234,0.6234846162365342,0.6246,0.6234846162365341,0.6286242135735897,0.6246,0.6286242135735897,0.6246,0.6246,0.6246,0.6246,0.6208080808080808,0.6208823151760371,0.9270498752593994,1.2647567987442017,0.04511574467841976,1.0518783330917358,0.6251,7,False,0.1513199722833931,0.35719971834345066,1.9203228950500488,0.5682679414749146,0.7754680514335632,1.2555692195892334,1.0550602116952805,1.0550602116952805,NA,NA,NA,NA,NA,NA,NA,NA,NA,NA,NA,1.0856694952369727e-05,1.0856694952369727e-05,1.0856694952369727e-05,[1.086e-05],NA,0.05,5.351323166481611,12.062675476074219,2.06428599357605,5.147238731384277,8.400841331481933,9.807962684631336,1.6513771614419253,1.0,1.0,157.05393981933594,1.8918273448944092,0.012045717204360727,262144.0,1,1866,1866,0,0,215.1578335762024,209.50700330734253,5.650830268859863,15722.546282529831,0.0,204.25134682655334,0.0,0.0,0.0,11.673280364588688,0.05572316385051343,112.2652919601653,116.15848541259766,117.35820770263672,123.83943796157837,133.4977149963379,569.8854840897608,1769.6514537177286,119395,8835230,5594.103672981262,96.70283018867924,99.0,5751.17578125,20475.0,86.4245283018868,76.43396226415095,78.0,119.17445754716981,120.482,2151.2264150943397,8551.0,25560.467248002413,4.0,566.6259765625,4416.0,2972.56396484375,20474.5,1,8.51745283018868,24,40512.182488207545,64860.765625,62.441509433962246,25343.39453125,-1,632772,25643.964896500802,7.1233235823613335,0.007123323582361334,1876470.8909480025,521.2419141522229,0.5212419141522229,3.383578701621633,0.003383578701621633,247.58990922230566,0.24758990922230567,475.0,119.18330972154374,120.482,93.404,214.7825695925357,2047,10.0,64,64,1,True,100,adamw,cosine,32,100,0.1,False,1.0.0
p6-vit_small_p16-imagenet100-jointexit-s1,74,139950,2026-08-29T19:55:11Z,1788033311.7422802,local,0,local-ac35a4a3df,CB-410-122,vit_small_p16,vit,imagenet100,1,p6,jointexit,76044ceca0e37bb1e3eb1f7c71d0716f21bd2ed5a555b56c35346c8fa981fe62,1.0509912643237322,2.376104172897339,0.9783156748607563,0.6267,NA,0.8228,0.6228989504533051,0.6267,0.6228989504533052,0.6268297365947791,0.6267,0.6268297365947793,0.6267,0.6267,0.6267,0.6267,0.6229292929292929,0.6230166031818782,0.9332560896873474,1.268807053565979,0.04384623752228308,1.0460246801376343,0.6267,0,True,0.14820159895792603,0.3704978586244984,1.9094278812408447,0.5630742311477661,0.7749015688896179,1.2603455781936646,1.0509912643237322,1.0509912643237322,NA,NA,NA,NA,NA,NA,NA,NA,NA,NA,NA,1.0084950886695596e-05,1.0084950886695596e-05,1.0084950886695596e-05,[1.008e-05],NA,0.05,5.29509829490498,12.899602890014648,2.1953508853912354,4.998396396636963,8.479411506652832,10.010463943481446,1.689487481163494,1.0,1.0,156.9540557861328,1.7504481077194214,0.011152614686839311,262144.0,1,1866,1866,0,0,215.59047436714172,209.95794200897217,5.632532358169556,15938.136756896973,0.0,205.58458352088928,0.0,0.0,0.0,6.272350486956145,0.029879236742937777,112.49913395026105,114.93325233459473,120.48733234405518,127.85868644714354,133.4524154663086,568.6615083838927,1775.4003641889012,119395,8954625,5389.761859178543,96.5868544600939,100.0,5749.55078125,20475.0,86.60093896713614,76.2300469483568,78.0,119.18532394366198,120.998,2152.957746478873,8551.0,25677.408223001097,4.0,567.08203125,4416.0,2971.84228515625,20474.5,1,8.524882629107982,24,40524.766266872066,64860.765625,62.460093896713595,25343.39453125,-1,632773,25665.377319499974,7.1292714776388815,0.007129271477638882,1902136.2682675025,528.3711856298618,0.5283711856298619,3.386403951878469,0.003386403951878469,250.97631317418413,0.2509763131741841,475.0,119.10242133463225,120.998,100.497,214.96191062858557,2053,10.0,64,64,1,True,100,adamw,cosine,32,100,0.1,False,1.0.0
p6-vit_small_p16-imagenet100-jointexit-s1,75,141816,2026-08-29T19:58:47Z,1788033527.1277003,local,0,local-ac35a4a3df,CB-410-122,vit_small_p16,vit,imagenet100,1,p6,jointexit,76044ceca0e37bb1e3eb1f7c71d0716f21bd2ed5a555b56c35346c8fa981fe62,1.0466748440064468,2.3909591831207275,0.9794463754763599,0.627,NA,0.8225,0.6243607386243485,0.627,0.6243607386243485,0.629167773177369,0.627,0.629167773177369,0.627,0.627,0.627,0.627,0.6232323232323232,0.6233312077756559,0.9349930286407471,1.2346210479736328,0.04376805635748228,1.0417534708976746,0.627,0,True,0.1559205452039838,0.4214618491311358,1.9212968349456787,0.5670172572135925,0.7827145457267761,1.2192145586013794,1.0466748440064468,1.0466748440064468,NA,NA,NA,NA,NA,NA,NA,NA,NA,NA,NA,9.336350491484731e-06,9.336350491484731e-06,9.336350491484731e-06,[9.34e-06],NA,0.05,5.184335454731141,13.185213088989258,2.198436737060547,4.850897312164307,8.258671569824218,9.701045875549315,1.6324237302048634,1.0,1.0,156.87002563476562,1.643197774887085,0.010474899638971682,262144.0,1,1866,1866,0,0,214.93817496299744,209.30718207359314,5.630992889404297,16153.07493185997,0.0,204.2136378288269,0.0,0.0,0.0,15.64805979477732,0.07476781365344082,112.15901234270036,115.80526828765869,119.1946268081665,126.08342170715328,133.75353813171387,570.429541963927,1775.8857445579017,119395,9074020,5158.5161991119385,96.57075471698113,99.0,5749.11328125,20475.0,86.24056603773585,76.35377358490567,78.0,119.1620613207547,120.998,2152.6415094339623,8551.0,25568.080252499523,4.0,566.6259765625,4416.0,2972.56396484375,20474.5,1,8.456603773584906,24,40535.16264372052,64860.765625,62.52169811320755,25343.40234375,-1,632772,25610.847718999103,7.11412436638864,0.007114124366388639,1927747.1159865016,535.4853099962504,0.5354853099962504,3.3792090740346037,0.0033792090740346037,254.35552224821873,0.2543555222482187,475.0,119.15837017114913,120.998,83.447,214.5051946815118,2045,10.0,64,64,1,True,100,adamw,cosine,32,100,0.1,False,1.0.0
p6-vit_small_p16-imagenet100-jointexit-s1,76,143682,2026-08-29T20:02:22Z,1788033742.4838915,local,0,local-ac35a4a3df,CB-410-122,vit_small_p16,vit,imagenet100,1,p6,jointexit,76044ceca0e37bb1e3eb1f7c71d0716f21bd2ed5a555b56c35346c8fa981fe62,1.0431437194594497,2.391180866241455,0.9793626198752041,0.6286,NA,0.8227,0.6260041560966799,0.6286,0.62600415609668,0.6322658778441762,0.6286,0.6322658778441762,0.6286,0.6286,0.6286,0.6286,0.6248484848484849,0.6249557339298978,0.9393612742424011,1.197081446647644,0.04200500984137277,1.0396687984466553,0.6286,0,True,0.1551844995819032,0.42549042355629707,1.920670747756958,0.5663922429084778,0.7837457060813904,1.211192011833191,1.0431437194594497,1.0431437194594497,NA,NA,NA,NA,NA,NA,NA,NA,NA,NA,NA,8.61171235027847e-06,8.61171235027847e-06,8.61171235027847e-06,[8.61e-06],NA,0.05,5.19668610251857,11.47087574005127,2.439326763153076,4.956608533859253,8.13831877708435,9.382800531387325,1.6112347181870215,1.0,1.0,156.7776336669922,1.517006278038025,0.009676165168178668,524288.0,0,1866,1866,0,0,214.98719835281372,209.3519515991211,5.635246753692627,16368.062130212784,0.0,204.40586161613464,0.0,0.0,0.0,8.407630694539924,0.04016515349670115,112.17925632881581,112.37311363220215,119.82083320617676,127.3694634437561,137.22896575927734,570.3075566671777,1774.5451862329305,119395,9193415,4944.705562114716,96.9622641509434,100.0,5749.80078125,20475.0,87.07075471698113,76.31603773584905,78.0,119.16699056603774,120.852,2147.3349056603774,8551.0,25554.127606001213,4.0,567.08203125,4416.0,2971.84228515625,20474.5,1,8.467452830188678,24,40576.50915757665,64860.765625,62.5438679245283,25320.609375,-1,632772,25607.680568501546,7.113244602361541,0.00711324460236154,1953354.7965550032,542.5985545986119,0.542598554598612,3.3787911861217315,0.0033787911861217317,257.73431343434044,0.25773431343434045,475.0,119.16947514910537,121.052,92.363,214.47866802212442,2012,10.0,64,64,1,True,100,adamw,cosine,32,100,0.1,False,1.0.0
p6-vit_small_p16-imagenet100-jointexit-s1,77,145548,2026-08-29T20:05:57Z,1788033957.9450564,local,0,local-ac35a4a3df,CB-410-122,vit_small_p16,vit,imagenet100,1,p6,jointexit,76044ceca0e37bb1e3eb1f7c71d0716f21bd2ed5a555b56c35346c8fa981fe62,1.0407036353018253,2.365957548522949,0.9795133799572846,0.6307,NA,0.8243,0.6296733075406602,0.6307,0.6296733075406602,0.6341795883057707,0.6307,0.6341795883057707,0.6307,0.6307,0.6307,0.6307,0.626969696969697,0.6270405375508573,0.9119210839271545,1.2316560745239258,0.04335239769080465,1.0359822511672974,0.6307,0,True,0.15054018204212188,0.3919529252582126,1.8951566219329834,0.5600032210350037,0.7812401652336121,1.2305406332015991,1.0407036353018253,1.0407036353018253,NA,NA,NA,NA,NA,NA,NA,NA,NA,NA,NA,7.9118288442452e-06,7.9118288442452e-06,7.9118288442452e-06,[7.91e-06],NA,0.05,5.168113201489078,11.869585037231445,2.331754684448242,4.883151531219482,8.334693717956542,9.83278507232665,1.6916520800223114,1.0,1.0,156.6995391845703,1.411382794380188,0.0090069364704243,262144.0,1,1866,1866,0,0,215.08175468444824,209.43794679641724,5.628357648849487,16583.143884897232,0.0,204.55727624893188,0.0,0.0,0.0,12.984661139939961,0.06200941145576847,112.2177021552001,116.12021923065186,118.73054504394531,126.35756731033321,134.049654006958,570.073388448833,1776.717227989969,119395,9312810,4731.798603057861,96.75,100.0,5751.48828125,20475.0,86.63207547169812,76.30188679245283,78.0,119.09584433962266,121.153,2158.6556603773583,8551.0,25551.03005100009,4.0,566.6259765625,4416.0,2972.56396484375,20474.5,1,8.573584905660377,24,40560.462043042455,64860.765625,62.55141509433963,25343.33984375,-1,632771,25606.13225700005,7.112814515833347,0.007112814515833347,1978960.9288120032,549.7113691144453,0.5497113691144453,3.3785868950208395,0.0033785868950208394,261.1129003293613,0.2611129003293613,475.0,119.09592697176241,121.153,89.141,214.465700046066,2054,10.0,64,64,1,True,100,adamw,cosine,32,100,0.1,False,1.0.0
p6-vit_small_p16-imagenet100-jointexit-s1,78,147414,2026-08-29T20:09:33Z,1788034173.5725467,local,0,local-ac35a4a3df,CB-410-122,vit_small_p16,vit,imagenet100,1,p6,jointexit,76044ceca0e37bb1e3eb1f7c71d0716f21bd2ed5a555b56c35346c8fa981fe62,1.0375097867516878,2.374158778381348,0.9801750492064156,0.6304,NA,0.8195,0.627980260009901,0.6304,0.6279802600099013,0.6316567651573735,0.6304,0.6316567651573733,0.6304000000000001,0.6304,0.6304,0.6304000000000001,0.6266666666666667,0.6267470410494468,0.9314050078392029,1.219036340713501,0.04252326183375587,1.0333107709884644,0.6307,1,False,0.1477599506877363,0.43753063042958573,1.9077095985412598,0.5586181879043579,0.7781599760055542,1.2546608448028564,1.0375097867516878,1.0375097867516878,NA,NA,NA,NA,NA,NA,NA,NA,NA,NA,NA,7.237465285723151e-06,7.237465285723151e-06,7.237465285723151e-06,[7.24e-06],NA,0.05,5.15266882778812,11.904610633850098,2.2963922023773193,4.876007556915283,8.270554542541502,9.853304176330555,1.6884482527265616,1.0,1.0,156.61878967285156,1.286814570426941,0.008216220883298006,262144.0,1,1866,1866,0,0,215.2101833820343,209.57305312156677,5.636130094528198,16798.354068279266,0.0,205.10096907615662,0.0,0.0,0.0,8.270089726699027,0.03946497073642116,112.30182059963673,116.20748043060303,118.29781532287598,125.97408294677729,133.73947143554688,569.7058768845759,1774.2670648621893,119395,9432205,4519.41385102272,96.47641509433963,100.0,5751.17578125,20475.0,86.54716981132076,76.41037735849056,78.0,119.12078301886793,120.451,2155.0471698113206,8551.0,25558.32559200004,4.0,567.08203125,4416.0,2971.84228515625,20474.5,1,8.486792452830187,24,40518.30571933962,64860.765625,62.46273584905658,25333.21875,-1,632771,25630.223352999656,7.119506486944349,0.007119506486944349,2004591.152165003,556.8308756013897,0.5568308756013897,3.3817655812985654,0.0033817655812985654,264.4946659106598,0.26449466591065984,475.0,119.13987463414635,121.104,88.519,214.66747646886097,2050,10.0,64,64,1,True,100,adamw,cosine,32,100,0.1,False,1.0.0
p6-vit_small_p16-imagenet100-jointexit-s1,79,149280,2026-08-29T20:13:08Z,1788034388.7420785,local,0,local-ac35a4a3df,CB-410-122,vit_small_p16,vit,imagenet100,1,p6,jointexit,76044ceca0e37bb1e3eb1f7c71d0716f21bd2ed5a555b56c35346c8fa981fe62,1.0341820113153393,2.3789123863220216,0.9808032162150844,0.6298,NA,0.8231,0.6269598201487591,0.6298,0.6269598201487592,0.6302930805905267,0.6298,0.6302930805905267,0.6297999999999999,0.6298,0.6298,0.6297999999999999,0.626060606060606,0.6261394856304023,0.9317794442176819,1.2463608980178833,0.04246582645016682,1.029604434967041,0.6307,2,False,0.15353526600897313,0.3663593174256,1.9105621576309204,0.5618369579315186,0.783335268497467,1.2308396100997925,1.0341820113153393,1.0341820113153393,NA,NA,NA,NA,NA,NA,NA,NA,NA,NA,NA,6.589359081362703e-06,6.589359081362703e-06,6.589359081362703e-06,[6.59e-06],NA,0.05,5.11708099729634,12.162023544311523,2.14776349067688,4.78329873085022,8.302723169326782,9.755948877334594,1.6888556490985056,1.0,1.0,156.55062866210938,1.2052253484725952,0.007698629885887524,524288.0,0,1866,1866,0,0,214.87098121643066,209.2252094745636,5.645206928253174,17013.225049495697,0.0,203.67845821380615,0.0,0.0,0.0,11.411018258646916,0.054542945466042964,112.11769833825409,115.9285306930542,119.19689178466797,126.62136554718018,133.2223415374756,570.6530312472473,1771.4142505480047,119395,9551600,4297.419624328613,96.61792452830188,100.0,5752.17578125,20475.0,86.55660377358491,76.3254716981132,78.0,119.25591037735848,120.782,2150.872641509434,8551.0,25572.45273800165,4.0,566.6259765625,4416.0,2972.56396484375,20474.5,1,8.430188679245283,24,40445.494343307786,64860.765625,62.349528301886785,25336.9453125,-1,632770,25619.68216799951,7.116578379999863,0.007116578379999863,2030210.8343330023,563.9474539813896,0.5639474539813896,3.380374730499935,0.003380374730499935,267.8750406411598,0.2678750406411598,475.0,119.23698000975135,121.158,96.813,214.57918814020277,2051,10.0,64,64,1,True,100,adamw,cosine,32,100,0.1,False,1.0.0
p6-vit_small_p16-imagenet100-jointexit-s1,80,151146,2026-08-29T20:16:44Z,1788034604.4370372,local,0,local-ac35a4a3df,CB-410-122,vit_small_p16,vit,imagenet100,1,p6,jointexit,76044ceca0e37bb1e3eb1f7c71d0716f21bd2ed5a555b56c35346c8fa981fe62,1.0317595036256761,2.3752161001205443,0.9810963608191298,0.6273,NA,0.8239,0.6240306410852182,0.6273,0.6240306410852183,0.6265945032570037,0.6273,0.6265945032570037,0.6273,0.6273,0.6273,0.6273,0.6235353535353536,0.623604023048071,0.9261710047721863,1.2496522665023804,0.04144304085697889,1.0267911553382874,0.6307,3,False,0.15393012420237062,0.3841533625827116,1.9075227975845337,0.5617982149124146,0.781220018863678,1.2366626262664795,1.0317595036256761,1.0317595036256761,NA,NA,NA,NA,NA,NA,NA,NA,NA,NA,NA,5.968218925782895e-06,5.968218925782895e-06,5.968218925782895e-06,[5.97e-06],NA,0.05,5.060514213955754,11.747395515441895,2.232771396636963,4.777914524078369,8.089759635925292,9.331360778808586,1.6093098963098906,1.0,1.0,156.47885131835938,1.092646837234497,0.006982712539290598,262144.0,1,1866,1866,0,0,215.37832379341125,209.73914051055908,5.639183282852173,17228.60337328911,0.0,204.12313175201416,0.0,0.0,0.0,12.067217927230033,0.057538896527884575,112.39163464160849,116.16218090057373,118.99387836456299,127.46703624725339,134.83691215515137,569.2547404807792,1773.3064343569665,119395,9670995,4092.188152074814,97.00471698113208,100.0,5750.11328125,20475.0,86.84905660377359,76.39622641509433,78.0,119.15738679245284,120.554,2149.811320754717,8551.0,25548.38977399867,4.0,567.08203125,4416.0,2971.84228515625,20474.5,1,8.38632075471698,24,40448.7333984375,64860.765625,62.349056603773576,25338.16796875,-1,632769,25659.114953997756,7.127531931666043,0.007127531931666043,2055869.949287,571.0749859130556,0.5710749859130556,3.3855776675413707,0.0033855776675413706,271.26061830870117,0.2712606183087012,475.0,119.16159707317074,120.56,93.071,214.90945980985597,2050,10.0,64,64,1,True,100,adamw,cosine,32,100,0.1,False,1.0.0
p6-vit_small_p16-imagenet100-jointexit-s1,81,153012,2026-08-29T20:20:19Z,1788034819.9190772,local,0,local-ac35a4a3df,CB-410-122,vit_small_p16,vit,imagenet100,1,p6,jointexit,76044ceca0e37bb1e3eb1f7c71d0716f21bd2ed5a555b56c35346c8fa981fe62,1.029308472019558,2.3716589057922364,0.9809372251769337,0.6296,NA,0.8216,0.6259519980545473,0.6296,0.6259519980545473,0.6289525691781859,0.6296,0.6289525691781859,0.6296,0.6296,0.6296,0.6296,0.6258585858585858,0.6259394321056801,0.9162736535072327,1.219051718711853,0.04147236993177499,1.0241863131523132,0.6307,4,False,0.15030846342891452,0.3937397122383117,1.9050583839416504,0.5598911643028259,0.7797948122024536,1.2491954565048218,1.029308472019558,1.029308472019558,NA,NA,NA,NA,NA,NA,NA,NA,NA,NA,NA,5.374724026624373e-06,5.374724026624373e-06,5.374724026624373e-06,[5.37e-06],NA,0.05,5.090021182001436,12.847028732299805,2.1459057331085205,4.740011692047119,8.361961555480956,9.778855361938476,1.6859754358024817,1.0,1.0,156.41819763183594,0.9872214198112488,0.006311423061751983,262144.0,1,1866,1866,0,0,215.2293746471405,209.61525535583496,5.614119291305542,17443.83274793625,0.0,205.21500086784363,0.0,0.0,0.0,10.044939543071546,0.04792536197658059,112.32341166350109,113.06607723236084,118.84641647338867,127.35036611557007,133.46505165100098,569.5911769270779,1781.223283852691,119395,9790390,3874.128743648529,96.83018867924528,99.0,5749.11328125,20475.0,86.44811320754717,76.41037735849056,78.0,119.17030188679244,120.678,2150.235849056604,8551.0,25547.63165000044,4.0,566.6259765625,4416.0,2972.56396484375,20474.5,1,8.529245283018867,24,40454.88198334316,64860.765625,62.34764150943395,25339.765625,-1,632769,25637.248353498737,7.121457875971871,0.007121457875971872,2081507.1976404989,578.1964437890275,0.5781964437890275,3.382692491086639,0.003382692491086639,274.6433107997878,0.2746433107997878,475.0,119.16366716049383,120.809,100.857,214.72631478285302,2025,10.0,64,64,1,True,100,adamw,cosine,32,100,0.1,False,1.0.0
p6-vit_small_p16-imagenet100-jointexit-s1,82,154878,2026-08-29T20:23:55Z,1788035035.290009,local,0,local-ac35a4a3df,CB-410-122,vit_small_p16,vit,imagenet100,1,p6,jointexit,76044ceca0e37bb1e3eb1f7c71d0716f21bd2ed5a555b56c35346c8fa981fe62,1.0267411205795443,2.3818119338989256,0.9816491477867583,0.6291,NA,0.8233,0.6269098541328182,0.6291,0.6269098541328182,0.6300112129879372,0.6291,0.6300112129879373,0.6291,0.6291,0.6291,0.6291,0.6253535353535353,0.6254213498661585,0.9181297421455383,1.2029272317886353,0.04105128313782129,1.0216816663742065,0.6307,5,False,0.15066396388858558,0.3955515785650774,1.9164224863052368,0.5616821050643921,0.77976393699646,1.2486045360565186,1.0267411205795443,1.0267411205795443,NA,NA,NA,NA,NA,NA,NA,NA,NA,NA,NA,4.809523361845771e-06,4.809523361845771e-06,4.809523361845771e-06,[4.81e-06],NA,0.05,5.002336635027111,12.174395561218262,1.9876596927642822,4.679675102233887,8.255299758911132,9.995079727172852,1.6820644871594115,1.0,1.0,156.35435485839844,0.8907971382141113,0.005697296624842061,262144.0,1,1866,1866,0,0,215.09277844429016,209.448383808136,5.644394636154175,17658.92552638054,0.0,203.99966835975647,0.0,0.0,0.0,13.461090501986053,0.06427169457942541,112.240309117308,115.92864990234375,119.3913221359253,126.89430713653563,135.0250244140625,570.0449811509222,1771.6691770534192,119395,9909785,3656.5772335529327,96.4245283018868,99.0,5749.80078125,20475.0,86.30660377358491,76.33490566037736,78.0,119.1984669811321,120.809,2149.669811320755,8551.0,25563.062016501328,4.0,567.08203125,4416.0,2971.84228515625,20474.5,1,8.480660377358491,24,40456.72304318986,64860.765625,62.351415094339615,25305.51953125,-1,632769,25632.19369400116,7.120053803889211,0.007120053803889211,2107139.3913345,585.3164975929167,0.5853164975929167,3.382025556847375,0.003382025556847375,278.0253363566352,0.2780253363566352,475.0,119.17380487804877,120.809,96.452,214.68397917836725,2050,10.0,64,64,1,True,100,adamw,cosine,32,100,0.1,False,1.0.0
p6-vit_small_p16-imagenet100-jointexit-s1,83,156744,2026-08-29T20:27:29Z,1788035249.6866305,local,0,local-ac35a4a3df,CB-410-122,vit_small_p16,vit,imagenet100,1,p6,jointexit,76044ceca0e37bb1e3eb1f7c71d0716f21bd2ed5a555b56c35346c8fa981fe62,1.0259087614689826,2.3808479194641112,0.9812554964613258,0.6278,NA,0.8254,0.6255284918173113,0.6278,0.6255284918173114,0.6288665036364093,0.6278,0.6288665036364092,0.6278,0.6278,0.6278,0.6278,0.6240404040404041,0.6241108127549625,0.9265412092208862,1.186444640159607,0.041829112638384645,1.0207407474517822,0.6307,6,False,0.1544751164972782,0.4138632762259331,1.9139474630355835,0.5653692483901978,0.7822750806808472,1.2352286577224731,1.0259087614689826,1.0259087614689826,NA,NA,NA,NA,NA,NA,NA,NA,NA,NA,NA,4.273234970075814e-06,4.273234970075814e-06,4.273234970075814e-06,[4.27e-06],NA,0.05,5.09735899135103,13.489227294921875,2.261063814163208,4.721188545227051,8.432101011276245,10.430692100524897,1.7677003422256428,1.0,1.0,156.3057403564453,0.8098896145820618,0.005181445113501014,524288.0,0,1866,1866,0,0,214.1268825531006,208.52409029006958,5.602792263031006,17873.05240893364,0.0,203.30072832107544,0.0,0.0,0.0,12.054503465953626,0.05781302435558542,111.7408569474951,115.71168899536133,118.76249313354492,126.57142877578731,134.38963890075684,572.5717342006593,1784.8243394607293,119395,10029180,3426.0301208496094,96.79620853080569,99.0,5750.48828125,20475.0,86.62559241706161,76.49289099526067,78.0,119.30873459715639,120.942,2151.895734597156,8551.0,25469.30439999973,4.0,566.6259765625,4416.0,2972.56396484375,20474.5,1,8.47914691943128,24,40461.35754220971,64860.765625,62.36398104265402,25305.5234375,-1,632768,25535.682689500987,7.093245191528052,0.007093245191528052,2132675.074024001,592.4097427844448,0.5924097427844448,3.369291465975824,0.0033692914659758243,281.39462782261097,0.281394627822611,475.0,119.28181274509805,120.942,98.666,213.8756454583608,2040,10.0,64,64,1,True,100,adamw,cosine,32,100,0.1,False,1.0.0
p6-vit_small_p16-imagenet100-jointexit-s1,84,158610,2026-08-29T20:31:04Z,1788035464.767668,local,0,local-ac35a4a3df,CB-410-122,vit_small_p16,vit,imagenet100,1,p6,jointexit,76044ceca0e37bb1e3eb1f7c71d0716f21bd2ed5a555b56c35346c8fa981fe62,1.022616457254215,2.3914299160003663,0.9819674190711504,0.6271,NA,0.8213,0.6250285553372943,0.6271,0.6250285553372944,0.6293280124689085,0.6271,0.6293280124689086,0.6271000000000001,0.6271,0.6271,0.6271000000000001,0.6233333333333333,0.6234113213003503,0.9186919927597046,1.2144185304641724,0.040453611425881164,1.0190238952636719,0.6307,7,False,0.15381649801135064,0.4587032352724383,1.9267101287841797,0.5651321411132812,0.7809165120124817,1.243393063545227,1.022616457254215,1.022616457254215,NA,NA,NA,NA,NA,NA,NA,NA,NA,NA,NA,3.7664452747972187e-06,3.7664452747972187e-06,3.7664452747972187e-06,[3.77e-06],NA,0.05,4.998153610459601,12.493184089660645,2.208833694458008,4.6618499755859375,8.220277976989744,9.907162933349603,1.6839341590926593,1.0,1.0,156.2560272216797,0.7169525027275085,0.0045883190266342265,262144.0,1,1866,1866,0,0,214.79817366600037,209.15676188468933,5.641411781311035,18087.85058259964,0.0,203.95412874221802,0.0,0.0,0.0,9.663084230924907,0.04620670178713253,112.07252478931751,115.85891246795654,118.98291110992432,130.0787568092346,137.6636028289795,570.8397802879733,1772.605934055048,119395,10148575,3221.9726049900055,96.80660377358491,99.0,5753.73828125,20475.0,86.81132075471699,76.36792452830188,78.0,119.14950471698113,120.474,2140.896226415094,8551.0,25559.29964949969,4.0,567.08203125,4416.0,2971.84228515625,20474.5,1,8.448584905660377,24,40466.26601193986,64860.765625,62.41084905660375,25318.72265625,-1,632768,25590.935435499934,7.1085931765277595,0.007108593176527759,2158266.009459501,599.5183359609725,0.5995183359609725,3.3765817588506852,0.0033765817588506854,284.7712095814617,0.2847712095814617,475.0,119.16380966325038,121.325,97.101,214.338418154026,2049,10.0,64,64,1,True,100,adamw,cosine,32,100,0.1,False,1.0.0
p6-vit_small_p16-imagenet100-jointexit-s1,85,160476,2026-08-29T20:34:39Z,1788035679.8832097,local,0,local-ac35a4a3df,CB-410-122,vit_small_p16,vit,imagenet100,1,p6,jointexit,76044ceca0e37bb1e3eb1f7c71d0716f21bd2ed5a555b56c35346c8fa981fe62,1.0219423725545205,2.3816982400894164,0.9820176724318439,0.629,NA,0.8228,0.6253786554550945,0.629,0.6253786554550945,0.6274517099970904,0.629,0.6274517099970903,0.6289999999999999,0.629,0.629,0.6289999999999999,0.6252525252525252,0.6253209605860756,0.928250789642334,1.1952775716781616,0.04038225448878058,1.0170289278030396,0.6307,8,False,0.15482834414467214,0.4015950318929311,1.9139732122421265,0.5620238184928894,0.783531129360199,1.2291532754898071,1.0219423725545205,1.0219423725545205,NA,NA,NA,NA,NA,NA,NA,NA,NA,NA,NA,3.2897084431011402e-06,3.2897084431011402e-06,3.2897084431011402e-06,[3.29e-06],NA,0.05,5.04282766475115,13.580709457397461,2.310924768447876,4.620035171508789,8.510217094421385,9.851402053833002,1.7395798699698939,1.0,1.0,156.21768188476562,0.6388471722602844,0.004089467751362049,262144.0,1,1866,1866,0,0,214.78236269950867,209.16517424583435,5.617188453674316,18302.63294529915,0.0,205.33711671829224,0.0,0.0,0.0,9.431437517467298,0.045094249197560825,112.08437953347945,116.0205602645874,117.7297830581665,124.64560270309448,134.66191291809082,570.8168218274884,1780.2500454580259,119395,10267970,3006.9530777931213,96.93867924528301,100.0,5750.23828125,20475.0,86.75943396226415,76.40094339622641,78.0,119.17139150943396,121.23,2151.509433962264,8551.0,25565.94651400009,4.0,566.6259765625,4416.0,2972.56396484375,20474.5,1,8.529716981132076,24,40463.06705114977,64860.765625,62.38490566037735,25339.31640625,-1,632768,25583.340362000836,7.106483433889121,0.007106483433889121,2183849.349821502,606.6248193948617,0.6066248193948617,3.3755796310973323,0.0033755796310973325,288.14678921255904,0.28814678921255904,475.0,119.16425987323257,121.23,94.273,214.27480515935204,2051,10.0,64,64,1,True,100,adamw,cosine,32,100,0.1,False,1.0.0
p6-vit_small_p16-imagenet100-jointexit-s1,86,162342,2026-08-29T20:38:15Z,1788035895.1573277,local,0,local-ac35a4a3df,CB-410-122,vit_small_p16,vit,imagenet100,1,p6,jointexit,76044ceca0e37bb1e3eb1f7c71d0716f21bd2ed5a555b56c35346c8fa981fe62,1.019425910570258,2.379786104774475,0.9824029481971607,0.6323,NA,0.8221,0.6299704719595561,0.6323,0.629970471959556,0.6330337803878808,0.6323,0.6330337803878807,0.6323,0.6323,0.6323,0.6323,0.6285858585858586,0.628655611478188,0.9263988733291626,1.2308706045150757,0.039271377882282195,1.015019714832306,0.6323,0,True,0.14965036844462154,0.4515111325150829,1.9133578538894653,0.5608823299407959,0.7817338705062866,1.2382436990737915,1.019425910570258,1.019425910570258,NA,NA,NA,NA,NA,NA,NA,NA,NA,NA,NA,2.8435457797136775e-06,2.8435457797136775e-06,2.8435457797136775e-06,[2.84e-06],NA,0.05,4.973094659068948,13.136826515197754,2.35137939453125,4.60375452041626,8.158632850646972,9.682951774597162,1.6616663676920325,1.0,1.0,156.17764282226562,0.5580387115478516,0.003573102407384357,262144.0,1,1866,1866,0,0,214.99108600616455,209.3573133945465,5.633772611618042,18517.624031305313,0.0,204.89414596557617,0.0,0.0,0.0,12.079030902762163,0.05770125296421483,112.18510767782361,116.13261699676514,118.97158622741699,126.63965225219725,133.59403610229492,570.2929506694276,1775.0095166031133,119395,10387365,2794.884118080139,96.95754716981132,100.0,5749.11328125,20475.0,87.00471698113208,76.27358490566037,78.0,119.22104716981133,120.272,2152.2169811320755,8551.0,25575.1454035003,4.0,567.08203125,4416.0,2971.84228515625,20474.5,1,8.482075471698112,24,40449.29020489387,64860.765625,62.34339622641509,25337.5625,-1,632767,25626.21677400138,7.118393548333716,0.007118393548333717,2209475.566595503,613.7432129431953,0.6137432129431953,3.3812369354585154,0.0033812369354585155,291.52802614801755,0.29152802614801754,475.0,119.2061169020945,120.861,96.509,214.63391912560306,2053,10.0,64,64,1,True,100,adamw,cosine,32,100,0.1,False,1.0.0
p6-vit_small_p16-imagenet100-jointexit-s1,87,164208,2026-08-29T20:41:50Z,1788036110.5807927,local,0,local-ac35a4a3df,CB-410-122,vit_small_p16,vit,imagenet100,1,p6,jointexit,76044ceca0e37bb1e3eb1f7c71d0716f21bd2ed5a555b56c35346c8fa981fe62,1.0172910548753138,2.385631424713135,0.9819757946312659,0.6281,NA,0.821,0.62451826297925,0.6281,0.62451826297925,0.6260113190294837,0.6281,0.6260113190294837,0.6281000000000001,0.6281,0.6281,0.6281000000000001,0.6243434343434344,0.6244058654367982,0.9128802418708801,1.2054005861282349,0.038975117893557856,1.0136918425559998,0.6323,1,False,0.15583733201026917,0.3877306846471933,1.9186614751815796,0.5617819428443909,0.7837686538696289,1.2284451723098755,1.0172910548753138,1.0172910548753138,NA,NA,NA,NA,NA,NA,NA,NA,NA,NA,NA,2.4284451569567256e-06,2.4284451569567256e-06,2.4284451569567256e-06,[2.43e-06],NA,0.05,4.975146515695403,12.353598594665527,2.2290751934051514,4.622928619384766,8.30387897491455,10.046152915954588,1.7101292281995197,1.0,1.0,156.15435791015625,0.48156601190567017,0.0030839101665208744,262144.0,1,1866,1866,0,0,215.03701162338257,209.40663146972656,5.630380153656006,18732.661042928696,0.0,204.34492945671082,0.0,0.0,0.0,13.502956904863057,0.06448706152531355,112.21338263917454,116.06907844543457,119.07792091369629,126.38213634490967,135.20407676696777,570.1586390174117,1776.0790083608554,119395,10506760,2580.444139480591,96.27358490566037,100.0,5747.11328125,20475.0,86.07075471698113,76.34433962264151,78.0,119.08258490566038,120.509,2155.9669811320755,8551.0,25550.281915998377,4.0,566.6259765625,4416.0,2972.56396484375,20474.5,1,8.454245283018867,24,40466.67368071934,64860.765625,62.36556603773583,25339.31640625,-1,632767,25605.92296299974,7.112756378611039,0.007112756378611039,2235081.489558503,620.8559693218064,0.6208559693218064,3.378559279840243,0.003378559279840243,294.9065854278578,0.2949065854278578,475.0,119.09226123046875,121.043,90.796,214.46394709158457,2048,10.0,64,64,1,True,100,adamw,cosine,32,100,0.1,False,1.0.0
p6-vit_small_p16-imagenet100-jointexit-s1,88,166074,2026-08-29T20:45:25Z,1788036325.7380435,local,0,local-ac35a4a3df,CB-410-122,vit_small_p16,vit,imagenet100,1,p6,jointexit,76044ceca0e37bb1e3eb1f7c71d0716f21bd2ed5a555b56c35346c8fa981fe62,1.015267356141258,2.3843130443572997,0.982737970601784,0.632,NA,0.8241,0.6292870826553956,0.632,0.6292870826553955,0.6318622718760307,0.632,0.6318622718760307,0.632,0.632,0.632,0.632,0.6282828282828283,0.6283541600493594,0.9133200645446777,1.2064064741134644,0.03848082390885401,1.0110518336296082,0.6323,2,False,0.15254147647321223,0.4179778979374812,1.917350172996521,0.5617812275886536,0.7845122814178467,1.2272799015045166,1.015267356141258,1.015267356141258,NA,NA,NA,NA,NA,NA,NA,NA,NA,NA,NA,2.044860481266844e-06,2.044860481266844e-06,2.044860481266844e-06,[2.04e-06],NA,0.05,4.931870436604477,12.299466133117676,2.3464369773864746,4.591144561767578,8.154729461669922,9.763648338317871,1.6608305536927046,1.0,1.0,156.12913513183594,0.41547349095344543,0.0026610887878333427,262144.0,1,1866,1866,0,0,214.88991975784302,209.23682355880737,5.6530961990356445,18947.55096268654,0.0,204.1019241809845,0.0,0.0,0.0,10.70037821719521,0.051145835769908894,112.1184820786422,111.65297031402588,120.0263500213623,127.35018730163574,136.05213165283203,570.6213560752286,1768.9421244425116,119395,10626155,2363.789117336273,97.04245283018868,100.0,5749.80078125,20475.0,87.20283018867924,76.41509433962264,78.0,119.25541981132076,120.628,2143.372641509434,8551.0,25569.76244100037,4.0,567.08203125,4416.0,2971.84228515625,20474.5,1,8.329716981132076,24,40463.86276533019,64860.765625,62.3825471698113,25340.71875,-1,632767,25620.122616999655,7.116700726944349,0.007116700726944349,2260701.612175503,627.9726700487507,0.6279726700487508,3.3804328452985657,0.0033804328452985656,298.2870182731563,0.29828701827315635,475.0,119.24504324055665,121.14,97.93,214.58287714728132,2012,10.0,64,64,1,True,100,adamw,cosine,32,100,0.1,False,1.0.0
p6-vit_small_p16-imagenet100-jointexit-s1,89,167940,2026-08-29T20:49:01Z,1788036541.0234785,local,0,local-ac35a4a3df,CB-410-122,vit_small_p16,vit,imagenet100,1,p6,jointexit,76044ceca0e37bb1e3eb1f7c71d0716f21bd2ed5a555b56c35346c8fa981fe62,1.0133390924410284,2.383384814453125,0.9834833954520709,0.6306,NA,0.8219,0.6272652511717425,0.6306,0.6272652511717425,0.6292997790516344,0.6306,0.6292997790516344,0.6306,0.6306,0.6306,0.6306,0.6268686868686868,0.6269392183318294,0.9173995852470398,1.16951584815979,0.03833563350301507,1.009048581123352,0.6323,3,False,0.15361376219242812,0.372634626668075,1.9165213108062744,0.5603007674217224,0.7842137813568115,1.2290544509887695,1.0133390924410284,1.0133390924410284,NA,NA,NA,NA,NA,NA,NA,NA,NA,NA,NA,1.693211196855167e-06,1.693211196855167e-06,1.693211196855167e-06,[1.69e-06],NA,0.05,4.864723770309236,12.48106575012207,2.1363024711608887,4.411516904830933,8.212228298187256,9.856440448760983,1.686947373679599,1.0,1.0,156.10308837890625,0.34876859188079834,0.0022342196781798356,262144.0,0,1866,1866,0,0,215.0116024017334,209.36763763427734,5.642958641052246,19162.562565088272,0.0,204.49527955055237,0.0,0.0,0.0,13.952786583649486,0.06664950053231969,112.18955176947328,115.80562591552734,118.95406246185303,125.29031038284302,133.34393501281738,570.2648286482497,1772.1200235724737,119395,10745550,2150.116024017334,96.66981132075472,99.0,5750.48828125,20475.0,86.33490566037736,76.48584905660377,78.0,119.19131132075474,120.504,2146.485849056604,8551.0,25564.446553000416,4.0,566.6259765625,4416.0,2972.56396484375,20474.5,1,8.437264150943397,24,40474.08993587854,64860.765625,62.416037735849045,25339.8671875,-1,632766,25626.7306420029,7.118536289445251,0.007118536289445251,2286328.342817506,635.0912063381961,0.635091206338196,3.381304737486494,0.003381304737486494,301.66832301064284,0.30166832301064284,475.0,119.19931024390245,120.504,97.587,214.6382230579413,2050,10.0,64,64,1,True,100,adamw,cosine,32,100,0.1,False,1.0.0
p6-vit_small_p16-imagenet100-jointexit-s1,90,169806,2026-08-29T20:52:36Z,1788036756.491923,local,0,local-ac35a4a3df,CB-410-122,vit_small_p16,vit,imagenet100,1,p6,jointexit,76044ceca0e37bb1e3eb1f7c71d0716f21bd2ed5a555b56c35346c8fa981fe62,1.01280646071052,2.384424333381653,0.9831651241676788,0.6311,NA,0.82,0.6283648133622732,0.6311,0.6283648133622732,0.630957527479262,0.6311,0.630957527479262,0.6311000000000001,0.6311,0.6311,0.6311000000000001,0.6273737373737374,0.6274407059829642,0.9067308902740479,1.1914403438568115,0.038764897762164095,1.008443832397461,0.6323,4,False,0.15018317736759781,0.44970623389729913,1.920001745223999,0.5608001351356506,0.7810937762260437,1.247997760772705,1.01280646071052,1.01280646071052,NA,NA,NA,NA,NA,NA,NA,NA,NA,NA,NA,1.3738818270513231e-06,1.3738818270513231e-06,1.3738818270513231e-06,[1.37e-06],NA,0.05,4.895600677751025,13.677766799926758,2.3146214485168457,4.471835613250732,8.077910232543944,9.57600234985351,1.7013301133656937,1.0,1.0,156.0850830078125,0.29333966970443726,0.0018793574892083363,262144.0,1,1866,1866,0,0,215.17576837539673,209.52326679229736,5.640881299972534,19377.73833346367,0.0,204.72882986068726,0.0,0.0,0.0,9.770372742100767,0.046636144600226255,112.27339435875864,116.14418029785156,118.38161945343018,126.31242275238036,133.78167152404785,569.8412487924672,1772.7726339585786,119395,10864945,1936.5819153785706,96.7877358490566,99.0,5750.80078125,20475.0,86.64622641509433,76.37264150943396,78.0,119.25958962264153,120.445,2158.514150943396,8551.0,25570.71208600223,4.0,567.08203125,4416.0,2971.84228515625,20474.5,1,8.467924528301888,24,40480.75725972877,64860.765625,62.424528301886774,25334.85546875,-1,632766,25658.97005100256,7.127491680834045,0.007127491680834045,2311987.3128685085,642.2186980190302,0.6422186980190301,3.385558548396171,0.0033855585483961712,305.053881559039,0.305053881559039,475.0,119.2490867869332,120.79,94.791,214.90824616610882,2051,10.0,64,64,1,True,100,adamw,cosine,32,100,0.1,False,1.0.0
p6-vit_small_p16-imagenet100-jointexit-s1,91,171672,2026-08-29T20:56:11Z,1788036971.726016,local,0,local-ac35a4a3df,CB-410-122,vit_small_p16,vit,imagenet100,1,p6,jointexit,76044ceca0e37bb1e3eb1f7c71d0716f21bd2ed5a555b56c35346c8fa981fe62,1.0133598319729038,2.386020064544678,0.9834163909711462,0.6306,NA,0.8221,0.6277326910512893,0.6306,0.6277326910512893,0.6303995466084596,0.6306,0.6303995466084596,0.6305999999999999,0.6306,0.6306,0.6305999999999999,0.6268686868686868,0.6269361526283803,0.926870584487915,1.2131205797195435,0.03917716677750634,1.0084728002548218,0.6323,5,False,0.15382191416472196,0.4173891232127235,1.9197276830673218,0.5617601275444031,0.7844219207763672,1.2296704053878784,1.0133598319729038,1.0133598319729038,NA,NA,NA,NA,NA,NA,NA,NA,NA,NA,NA,1.087221553832857e-06,1.087221553832857e-06,1.087221553832857e-06,[1.09e-06],NA,0.05,4.8950327401506355,11.933513641357422,2.2582266330718994,4.52351713180542,8.12864990234375,9.813485565185543,1.6717569599599647,1.0,1.0,156.06622314453125,0.23922991752624512,0.001532874395920358,262144.0,1,1866,1866,0,0,214.97841501235962,209.35822987556458,5.619011163711548,19592.71674847603,0.0,204.33055233955383,0.0,0.0,0.0,7.271758656752738,0.034736747051751664,112.18600193915005,115.91029167175293,118.70121955871582,125.70112943649292,133.5127353668213,570.2904541701768,1779.6725631338059,119395,10984340,1719.827320098877,96.88207547169812,100.0,5748.86328125,20475.0,86.52830188679245,76.52830188679245,78.0,119.24829716981132,120.522,2148.75,8551.0,25572.144404997678,4.0,566.6259765625,4416.0,2972.56396484375,20474.5,1,8.52688679245283,24,40475.92021668632,64860.765625,62.425943396226394,25338.38671875,-1,632765,25632.1611159985,7.120044754444028,0.007120044754444028,2337619.473984507,649.3387427734741,0.6493387427734741,3.382021258360913,0.003382021258360913,308.4359028173999,0.3084359028173999,475.0,119.27179170731708,120.934,98.956,214.68370631934755,2050,10.0,64,64,1,True,100,adamw,cosine,32,100,0.1,False,1.0.0
p6-vit_small_p16-imagenet100-jointexit-s1,92,173538,2026-08-29T20:59:47Z,1788037187.7932258,local,0,local-ac35a4a3df,CB-410-122,vit_small_p16,vit,imagenet100,1,p6,jointexit,76044ceca0e37bb1e3eb1f7c71d0716f21bd2ed5a555b56c35346c8fa981fe62,1.0107252858342963,2.388712373352051,0.9841534402613175,0.6314,NA,0.8208,0.6285823105418132,0.6314,0.6285823105418131,0.6314016699119943,0.6314,0.6314016699119945,0.6314,0.6314,0.6314,0.6314,0.6276767676767676,0.6277466733804954,0.9223124980926514,1.199396014213562,0.03746134020003729,1.0055497288703918,0.6323,6,False,0.15358307955935596,0.4257160219652899,1.9232908487319946,0.5614044070243835,0.7844279408454895,1.2320712804794312,1.0107252858342963,1.0107252858342963,NA,NA,NA,NA,NA,NA,NA,NA,NA,NA,NA,8.335438359998204e-07,8.335438359998204e-07,8.335438359998204e-07,[8.3e-07],NA,0.05,4.848002730873251,11.814618110656738,2.048959970474243,4.411276340484619,8.269729232788086,10.212362823486318,1.700690054845049,1.0,1.0,156.0463104248047,0.19014450907707214,0.0012185133282513504,262144.0,1,1866,1866,0,0,215.04801392555237,209.37373280525208,5.669226408004761,19807.76476240158,0.0,203.8195915222168,0.0,0.0,0.0,13.335690322675203,0.0636991970088293,112.19407047872758,116.10627174377441,119.1248893737793,126.34429931640625,133.61215591430664,570.2482274175943,1763.909090997024,119395,11103735,1505.3360974788666,96.45283018867924,100.0,5749.11328125,20475.0,86.50943396226415,76.41509433962264,78.0,118.99129245283017,120.518,2151.7216981132074,8551.0,25544.523198001236,4.0,567.08203125,4416.0,2971.84228515625,20474.5,1,8.452830188679245,24,40455.395986880896,64860.765625,62.350943396226405,25340.640625,-1,632764,25602.06258899961,7.111684052499892,0.0071116840524998925,2363221.5365735064,656.450426825974,0.656450426825974,3.3780499249374487,0.003378049924937449,311.8139527423374,0.31181395274233736,475.0,119.07785407515861,120.739,60.807,214.43161429707786,2049,10.0,64,64,1,True,100,adamw,cosine,32,100,0.1,False,1.0.0
p6-vit_small_p16-imagenet100-jointexit-s1,93,175404,2026-08-29T21:03:23Z,1788037403.0670207,local,0,local-ac35a4a3df,CB-410-122,vit_small_p16,vit,imagenet100,1,p6,jointexit,76044ceca0e37bb1e3eb1f7c71d0716f21bd2ed5a555b56c35346c8fa981fe62,1.0107476769018235,2.3904084617614747,0.983801666736463,0.6297,NA,0.821,0.6270886215182285,0.6297,0.6270886215182288,0.6297999928703298,0.6297,0.6297999928703301,0.6297,0.6297,0.6297,0.6297,0.6259595959595959,0.6260264895154042,0.9224070906639099,1.1812219619750977,0.03799832458709312,1.0066606402397156,0.6323,7,False,0.15551918331533673,0.39574141759541176,1.9242511987686157,0.561734139919281,0.7852191925048828,1.2260075807571411,1.0107476769018235,1.0107476769018235,NA,NA,NA,NA,NA,NA,NA,NA,NA,NA,NA,6.131260664122074e-07,6.131260664122074e-07,6.131260664122074e-07,[6.1e-07],NA,0.05,4.853967523446991,12.212563514709473,2.302612066268921,4.431105136871338,8.119179153442383,9.57389148712158,1.6900327394758243,1.0,1.0,156.02552795410156,0.14957277476787567,0.0009586429652196139,262144.0,1,1866,1866,0,0,214.99638867378235,209.35388946533203,5.642499208450317,20022.761151075363,0.0,205.16135716438293,0.0,0.0,0.0,9.529523849487305,0.04552557395505151,112.17708028014451,111.7316484451294,118.9262866973877,127.20779180526733,270.57814598083496,570.302277664496,1772.2643159654863,119395,11223130,1289.978332042694,96.61320754716981,99.0,5749.80078125,20475.0,86.25943396226415,76.31132075471699,78.0,119.20336320754716,121.077,2148.8207547169814,8551.0,25559.899922999895,4.0,566.6259765625,4416.0,2972.56396484375,20474.5,1,8.47311320754717,24,40470.915002211084,64860.765625,62.417452830188665,25305.42578125,-1,632764,25611.15501249877,7.114209725694103,0.007114209725694103,2388832.691586005,663.5646365516681,0.6635646365516681,3.3792496197046984,0.0033792496197046985,315.1932023620421,0.31519320236204207,475.0,119.17764582291146,121.077,95.112,214.50776843669138,1999,10.0,64,64,1,True,100,adamw,cosine,32,100,0.1,False,1.0.0
p6-vit_small_p16-imagenet100-jointexit-s1,94,177270,2026-08-29T21:06:58Z,1788037618.364799,local,0,local-ac35a4a3df,CB-410-122,vit_small_p16,vit,imagenet100,1,p6,jointexit,76044ceca0e37bb1e3eb1f7c71d0716f21bd2ed5a555b56c35346c8fa981fe62,1.0096942567302132,2.3927112188339232,0.9845470915867499,0.631,NA,0.8212,0.627765054099796,0.631,0.627765054099796,0.63036590969807,0.631,0.6303659096980699,0.6309999999999999,0.631,0.631,0.6309999999999999,0.6272727272727272,0.6273452120111025,0.9059522747993469,1.2311618328094482,0.038608131662320924,1.00480318069458,0.6323,8,False,0.1542845773652196,0.4262932385167768,1.9264870882034302,0.5618473291397095,0.7852845788002014,1.2244864702224731,1.0096942567302132,1.0096942567302132,NA,NA,NA,NA,NA,NA,NA,NA,NA,NA,NA,4.2620926866492726e-07,4.2620926866492726e-07,4.2620926866492726e-07,[4.3e-07],NA,0.05,4.817768990386267,12.186774253845215,2.1599104404449463,4.360274791717529,8.180047988891602,9.717106132507322,1.6686881208552369,1.0,1.0,156.004150390625,0.11061590164899826,0.000709057428100616,262144.0,1,1866,1866,0,0,215.03803634643555,209.41906118392944,5.6189751625061035,20237.7991874218,0.0,204.27338004112244,0.0,0.0,0.0,9.851810856869347,0.0470472959129238,112.21986938775034,115.94820022583008,119.31955814361572,128.12031507492063,133.75091552734375,570.1247982156565,1779.6839656326097,119395,11342525,1075.1901817321777,96.64150943396227,99.0,5750.48828125,20475.0,86.61792452830188,76.41981132075472,78.0,119.20750471698113,120.907,2142.5235849056603,8551.0,25559.22300850239,4.0,567.08203125,4416.0,2971.84228515625,20474.5,1,8.436792452830188,24,40481.04893867925,64860.765625,62.43160377358489,25305.421875,-1,632763,25628.517357000157,7.119032599166711,0.00711903259916671,2414461.208943005,670.6836691508348,0.6706836691508348,3.381540484604187,0.0033815404846041872,318.5747428466463,0.3185747428466463,475.0,119.20091646311677,121.122,97.937,214.65318779681022,2047,10.0,64,64,1,True,100,adamw,cosine,32,100,0.1,False,1.0.0
p6-vit_small_p16-imagenet100-jointexit-s1,95,179136,2026-08-29T21:10:33Z,1788037833.9568603,local,0,local-ac35a4a3df,CB-410-122,vit_small_p16,vit,imagenet100,1,p6,jointexit,76044ceca0e37bb1e3eb1f7c71d0716f21bd2ed5a555b56c35346c8fa981fe62,1.0109116013322954,2.387475593948364,0.9838351689769254,0.6308,NA,0.8221,0.6277702828240336,0.6308,0.6277702828240336,0.6302287770063594,0.6308,0.6302287770063594,0.6308,0.6308,0.6308,0.6308,0.6270707070707071,0.6271399243330104,0.9190181493759155,1.1742979288101196,0.038470828142981285,1.0058176517486572,0.6323,9,False,0.15189630044326188,0.3803247481152631,1.9229614734649658,0.561095654964447,0.7826963067054749,1.2404788732528687,1.0109116013322954,1.0109116013322954,NA,NA,NA,NA,NA,NA,NA,NA,NA,NA,NA,2.7299783353202504e-07,2.7299783353202504e-07,2.7299783353202504e-07,[2.7e-07],NA,0.05,4.8603629943258895,12.907293319702148,2.2162065505981445,4.4208664894104,8.066905736923218,9.921821260452269,1.715631086352942,1.0,1.0,156.005615234375,0.07650835812091827,0.0004904205403502685,262144.0,0,1866,1866,0,0,215.25481939315796,209.60434246063232,5.649280071258545,20453.054006814957,0.0,204.1360719203949,0.0,0.0,0.0,13.075945352253163,0.062388704199345266,112.31958546694707,116.0954236984253,119.24862861633301,130.3045988082885,135.0712776184082,569.6208322708039,1770.1370570873826,119395,11461920,861.0192775726318,96.37735849056604,99.0,5750.48828125,20475.0,86.05660377358491,76.36792452830188,78.0,119.17490566037736,120.743,2153.3490566037735,8551.0,25566.998538499975,4.0,566.6259765625,4416.0,2972.56396484375,20474.5,1,8.375471698113207,24,40466.29400058962,64860.765625,62.392924528301876,25305.3828125,-1,632763,25648.974825000983,7.12471522916694,0.00712471522916694,2440110.183768006,677.8083843800017,0.6778083843800017,3.384239733854296,0.003384239733854296,321.9589825805006,0.3219589825805006,475.0,119.1839006815969,120.743,94.985,214.82453054986374,2054,10.0,64,64,1,True,100,adamw,cosine,32,100,0.1,False,1.0.0
p6-vit_small_p16-imagenet100-jointexit-s1,96,181002,2026-08-29T21:14:09Z,1788038049.566456,local,0,local-ac35a4a3df,CB-410-122,vit_small_p16,vit,imagenet100,1,p6,jointexit,76044ceca0e37bb1e3eb1f7c71d0716f21bd2ed5a555b56c35346c8fa981fe62,1.0090322690830993,2.3869460819244384,0.984463335985594,0.6311,NA,0.8221,0.6281661064522295,0.6311,0.6281661064522295,0.6308736840102661,0.6311,0.630873684010266,0.6311,0.6311,0.6311,0.6311,0.6273737373737374,0.627445561819062,0.9221956133842468,1.1757118701934814,0.038131592321976444,1.004438877105713,0.6323,10,False,0.1505753012277186,0.4516718436260613,1.9235302209854126,0.5607925057411194,0.7815831899642944,1.2485722303390503,1.0090322690830993,1.0090322690830993,NA,NA,NA,NA,NA,NA,NA,NA,NA,NA,NA,1.5365929546839318e-07,1.5365929546839318e-07,1.5365929546839318e-07,[1.5e-07],NA,0.05,4.8377539239684,12.603191375732422,2.1812596321105957,4.397336006164551,8.127205276489258,9.763801116943359,1.731651930228334,1.0,1.0,156.00656127929688,0.04859314486384392,0.0003114814176106871,262144.0,1,1866,1866,0,0,215.3471701145172,209.69004774093628,5.641116380691528,20668.401176929474,0.0,204.81339693069458,0.0,0.0,0.0,12.362799882888794,0.058966655398411894,112.35663004115719,116.1423921585083,119.010329246521,127.73844003677368,136.17873191833496,569.3880147688639,1772.6987576835152,119395,11581315,646.0415103435516,96.58018867924528,100.0,5751.48828125,20475.0,86.46698113207547,76.35849056603773,78.0,119.13355188679245,120.813,2151.1556603773583,8551.0,25552.149909000906,4.0,567.08203125,4416.0,2971.84228515625,20474.5,1,8.440566037735849,24,40477.17425191627,64860.765625,62.42830188679243,25340.42578125,-1,632763,25649.337020000225,7.124815838888951,0.007124815838888951,2465759.5207880065,684.9332002188906,0.6849332002188907,3.3842875234722514,0.0033842875234722514,325.3432701039728,0.32534327010397285,475.0,119.14972124756335,120.813,98.914,214.82756413585346,2052,10.0,64,64,1,True,100,adamw,cosine,32,100,0.1,False,1.0.0
p6-vit_small_p16-imagenet100-jointexit-s1,97,182868,2026-08-29T21:17:44Z,1788038264.537364,local,0,local-ac35a4a3df,CB-410-122,vit_small_p16,vit,imagenet100,1,p6,jointexit,76044ceca0e37bb1e3eb1f7c71d0716f21bd2ed5a555b56c35346c8fa981fe62,1.0088899026459608,2.3951483406066894,0.9841450647012019,0.6303,NA,0.8211,0.6272629647986276,0.6303,0.6272629647986276,0.6297584909632765,0.6303,0.6297584909632765,0.6303,0.6303,0.6303,0.6303,0.6265656565656565,0.6266365527922485,0.9113555550575256,1.2267017364501953,0.037805523537398494,1.0045371055603027,0.6323,11,False,0.1556841407433152,0.38127031090402774,1.9287739992141724,0.5629220008850098,0.7859841585159302,1.2204630374908447,1.0088899026459608,1.0088899026459608,NA,NA,NA,NA,NA,NA,NA,NA,NA,NA,NA,6.832414941329576e-08,6.832414941329576e-08,6.832414941329576e-08,[7e-08],NA,0.05,4.79796537982235,13.019796371459961,2.022456407546997,4.354410648345947,8.174547576904297,9.664607887268065,1.6825102324866055,1.0,1.0,156.0070343017578,0.02799856849014759,0.00017946991054256658,262144.0,1,1866,1866,0,0,214.69651007652283,209.05116820335388,5.645341873168945,20883.097687005997,0.0,203.31791925430298,0.0,0.0,0.0,14.157751660597953,0.06773104772816516,112.01981652332401,115.9975528717041,119.03119087219238,126.97166204452512,136.00945472717285,571.128116748235,1771.3719070810887,119395,11700710,429.39302015304565,96.58962264150944,99.0,5749.11328125,20475.0,86.33962264150944,76.39622641509433,78.0,119.29241509433963,120.467,2142.240566037736,8551.0,25587.262052499464,4.0,566.6259765625,4416.0,2972.56396484375,20474.5,1,8.448584905660377,24,40479.557930424526,64860.765625,62.42877358490564,25305.38671875,-1,632762,25602.236980000376,7.111732494444549,0.007111732494444549,2491361.757768007,692.0449327133352,0.6920449327133352,3.3780729348611604,0.0033780729348611605,328.721343038834,0.328721343038834,475.0,119.2804584148728,120.53,97.952,214.43307491938836,2044,10.0,64,64,1,True,100,adamw,cosine,32,100,0.1,False,1.0.0
p6-vit_small_p16-imagenet100-jointexit-s1,98,184734,2026-08-29T21:21:20Z,1788038480.024117,local,0,local-ac35a4a3df,CB-410-122,vit_small_p16,vit,imagenet100,1,p6,jointexit,76044ceca0e37bb1e3eb1f7c71d0716f21bd2ed5a555b56c35346c8fa981fe62,1.0076565962719595,2.39040768737793,0.9848821139913732,0.6302,NA,0.8208,0.6271485710165795,0.6302,0.6271485710165796,0.6295921147390368,0.6302,0.6295921147390366,0.6302,0.6302,0.6302,0.6302,0.6264646464646464,0.626535138797675,0.9195425510406494,1.183430552482605,0.0381600993705058,1.0033483505249023,0.6323,12,False,0.15396145986914636,0.3947530917401584,1.9254083633422852,0.5617356300354004,0.7839856147766113,1.2341151237487793,1.0076565962719595,1.0076565962719595,NA,NA,NA,NA,NA,NA,NA,NA,NA,NA,NA,1.7085708096060962e-08,1.7085708096060962e-08,1.7085708096060962e-08,[2e-08],NA,0.05,4.779731128043208,13.307707786560059,2.1771745681762695,4.354454517364502,7.979328250885009,9.617917556762693,1.6639811783094427,1.0,1.0,156.00721740722656,0.012571826577186584,8.058490360974948e-05,262144.0,1,1866,1866,0,0,215.21803641319275,209.60100412368774,5.616389513015747,21098.31572341919,0.0,204.99820756912231,0.0,0.0,0.0,11.061874000649704,0.05278280328326126,112.31160048886511,115.98789691925049,119.162917137146,126.24309062957764,133.93139839172363,569.6299046809135,1780.5032889591114,119395,11820105,215.21803641319275,96.4622641509434,100.0,5749.80078125,20475.0,86.66037735849056,76.40566037735849,78.0,119.17636320754717,120.63,2152.2169811320755,8551.0,25568.309832000417,4.0,567.08203125,4416.0,2971.84228515625,20474.5,1,8.486320754716981,24,40485.54022331958,64860.765625,62.42971698113206,25340.4765625,-1,632762,25646.476887000514,7.124021357500142,0.007124021357500143,2517008.2346550077,699.1689540708355,0.6991689540708355,3.383910144812568,0.0033839101448125677,332.10525318364654,0.33210525318364653,475.0,119.21086195121953,121.307,98.985,214.80360891997583,2050,10.0,64,64,1,True,100,adamw,cosine,32,100,0.1,False,1.0.0
p6-vit_small_p16-imagenet100-jointexit-s1,99,186600,2026-08-29T21:24:54Z,1788038694.883908,local,0,local-ac35a4a3df,CB-410-122,vit_small_p16,vit,imagenet100,1,p6,jointexit,76044ceca0e37bb1e3eb1f7c71d0716f21bd2ed5a555b56c35346c8fa981fe62,1.0072544179822767,2.390728876876831,0.9847983583902173,0.6309,NA,0.8223,0.6278718069190488,0.6309,0.6278718069190488,0.6302716359327502,0.6309,0.6302716359327502,0.6309,0.6309,0.6309,0.6309,0.6271717171717172,0.627241604650002,0.9185475707054138,1.1505402326583862,0.03818983619339692,1.0018638372421265,0.6323,13,False,0.15328466669097543,0.41537548993763174,1.9257445335388184,0.5616869926452637,0.7840332388877869,1.23380446434021,1.0072544179822767,1.0072544179822767,NA,NA,NA,NA,NA,NA,NA,NA,NA,NA,NA,0.0,0.0,0.0,[0.0],NA,0.05,4.765725839042152,13.187642097473145,2.17710280418396,4.339578628540039,8.049036788940429,9.926532554626464,1.6969667694770139,1.0,1.0,156.00726318359375,0.003206017427146435,2.055043695865303e-05,262144.0,1,1866,1866,0,0,214.5616114139557,208.93998098373413,5.621630430221558,21312.877334833145,0.0,204.66374135017395,0.0,0.0,0.0,10.003155093444022,0.04787966625672239,111.96292826600397,116.10734462738037,118.65794658660889,125.70052146911611,134.19437408447266,571.4320420527598,1778.8433665508467,119395,11939500,0.0,96.85377358490567,100.0,5750.48828125,20475.0,86.60377358490567,76.4622641509434,78.0,119.29701886792454,120.638,2158.301886792453,8551.0,25590.764438499384,4.0,566.6259765625,4416.0,2972.56396484375,20474.5,1,8.419811320754716,24,40496.42983490566,64860.765625,62.438679245283005,25305.3828125,-1,632762,25587.13115449924,7.107536431805344,0.007107536431805344,2542595.3658095067,706.2764905026407,0.7062764905026407,3.3760798051075387,0.0033760798051075385,335.48133298875405,0.33548133298875404,475.0,119.30207729941291,121.044,96.304,214.3065551698081,2044,10.0,64,64,1,True,100,adamw,cosine,32,100,0.1,False,1.0.0
