run_id,epoch,global_step,timestamp_utc,unix_ts,account,worker_id,session_id,hostname,arch,family,dataset,seed,phase,method,config_hash,train_loss,val_loss,train_accuracy,val_accuracy,train_accuracy_top5,val_accuracy_top5,f1_macro,f1_micro,f1_weighted,precision_macro,precision_micro,precision_weighted,recall_macro,recall_micro,recall_weighted,balanced_accuracy,cohen_kappa,matthews_corrcoef,train_loss_min,train_loss_max,train_loss_std,train_loss_median,best_val_accuracy_so_far,epochs_since_best,is_best,val_ece,val_mce,val_nll,val_brier,val_confidence_mean,val_entropy_mean,loss_total,loss_ce,loss_kd,loss_msc,loss_l1,alpha,beta,temperature,loss_feature,loss_attention,loss_energy_boundary,loss_counterfactual,loss_pareto,learning_rate,lr_min_group,lr_max_group,lr_groups_json,momentum,weight_decay,grad_norm_mean,grad_norm_max,grad_norm_min,grad_norm_p50,grad_norm_p95,grad_norm_p99,grad_norm_std,grad_clip_value,grad_clip_hit_frac,weight_norm,update_norm,update_to_weight_ratio,amp_scale,amp_scale_decreases,n_batches,n_optimizer_steps,n_skipped_steps,nan_or_inf_batches,epoch_time_sec,train_time_sec,val_time_sec,cumulative_time_sec,dataload_time_sec,compute_time_sec,backward_time_sec,optimizer_time_sec,dataload_frac,augment_time_sec,augment_frac,step_time_mean_ms,step_time_p50_ms,step_time_p90_ms,step_time_p99_ms,step_time_max_ms,throughput_train_img_s,throughput_val_img_s,samples_seen,cumulative_samples_seen,eta_sec,gpu0_util_mean_pct,gpu0_util_max_pct,gpu0_mem_used_mb,gpu0_mem_total_mb,gpu0_mem_util_pct,gpu0_temp_mean_c,gpu0_temp_max_c,gpu0_power_mean_w,gpu0_power_max_w,gpu0_sm_clock_mhz,gpu0_mem_clock_mhz,gpu0_energy_j,gpu0_throttle_reasons,vram_allocated_mb,vram_reserved_mb,peak_vram_mb,vram_total_mb,n_gpus_visible,cpu_percent,cpu_count,ram_used_mb,ram_total_mb,ram_percent,proc_rss_mb,disk_free_scratch_mb,disk_free_working_mb,epoch_energy_j,epoch_energy_wh,epoch_energy_kwh,cumulative_energy_j,cumulative_energy_wh,cumulative_energy_kwh,epoch_co2_g,epoch_co2_kg,cumulative_co2_g,cumulative_co2_kg,carbon_intensity_g_per_kwh,power_mean_w,power_max_w,power_min_w,energy_per_sample_mj,energy_samples_n,energy_sample_hz,batch_size,effective_batch_size,gradient_accumulation_steps,amp_enabled,num_epochs,optimizer,scheduler,image_size,num_classes,label_smoothing,deterministic,msc_lib_version
p6-resnet50-imagenet100-jointexit-s1,0,1866,2026-08-29T08:32:01Z,1787992321.6836107,local,0,local-ac35a4a3df,CB-410-122,resnet50,resnet,imagenet100,1,p6,jointexit,5ebc9ef77ddcfc9511257817cc08e2e52da55d4cf2058b69153c9569ab0b7469,4.158174155260571,3.721121726226807,0.10140290631936011,0.1828,NA,0.4304,0.15741827634808722,0.1828,0.15741827634808725,0.17457692850006754,0.1828,0.1745769285000676,0.18280000000000005,0.1828,0.1828,0.18280000000000005,0.17454545454545456,0.17515714342674268,3.574523687362671,4.799013614654541,0.2141954136730859,4.139930963516235,0.1828,0,True,0.026276824748888615,0.22645498835851274,3.4943394660949707,0.9169062376022339,0.17216508090496063,3.5458343029022217,4.158174155260571,4.158174155260571,NA,NA,NA,NA,NA,NA,NA,NA,NA,NA,NA,0.005,0.005,0.005,[0.005],0.9,0.0001,3.832965881399842,52.20912551879883,2.828336238861084,3.331329822540283,5.723582601547241,14.77453508377075,2.60174924879729,NA,0.0,274.48760986328125,NA,NA,16384.0,2,1866,1866,0,0,256.86211252212524,247.70860385894775,9.15350866317749,256.86211252212524,0.0,244.5092372894287,0.0,0.0,0.0,16.322406254316633,0.0659035975120147,132.72826617936994,133.07428359985352,136.96908950805664,145.00467777252197,1910.05277633667,481.99779151791944,1092.477253037161,119395,119395,25429.3491396904,97.27667984189723,100.0,5172.03515625,20475.0,93.82608695652173,68.99604743083005,77.0,118.39690118577074,122.101,2316.818181818182,8518.802371541502,30352.24904350021,4.0,318.69189453125,472.0,4455.0341796875,20474.5,1,6.319367588932806,24,41951.426460597824,64860.765625,64.67944664031621,26614.63671875,-1,633821,30468.05451949931,8.463348477638696,0.008463348477638697,30468.05451949931,8.463348477638696,0.008463348477638697,4.020090526878381,0.004020090526878381,4.020090526878381,0.004020090526878381,475.0,118.62920393120393,122.209,10.141,255.18702223291857,2442,10.0,64,64,1,True,100,sgd,cosine,32,100,0.1,False,1.0.0
p6-resnet50-imagenet100-jointexit-s1,1,3732,2026-08-29T08:36:14Z,1787992574.3248684,local,0,local-ac35a4a3df,CB-410-122,resnet50,resnet,imagenet100,1,p6,jointexit,5ebc9ef77ddcfc9511257817cc08e2e52da55d4cf2058b69153c9569ab0b7469,3.660222449802495,3.2778554203033448,0.23466644331839692,0.2735,NA,0.5617,0.260676095638662,0.2735,0.260676095638662,0.31759766091287356,0.2735,0.3175976609128736,0.27349999999999997,0.2735,0.2735,0.27349999999999997,0.26616161616161615,0.26748409536722567,3.0686721801757812,4.290322303771973,0.20538401023497005,3.657423496246338,0.2735,0,True,0.014563960893824696,0.06547203171140392,2.9596855640411377,0.8442080020904541,0.26302093267440796,3.088763952255249,3.660222449802495,3.660222449802495,NA,NA,NA,NA,NA,NA,NA,NA,NA,NA,NA,0.01,0.01,0.01,[0.01],0.9,0.0001,3.0833778832375303,4.039095878601074,2.5874712467193604,3.073173761367798,3.39204078912735,3.6046363472938534,0.1856752244979173,NA,0.0,269.6948547363281,12.369720458984375,0.04586561531208242,32768.0,0,1866,1866,0,0,252.31994032859802,244.91139340400696,7.4085469245910645,509.18205285072327,0.0,241.57537484169006,0.0,0.0,0.0,16.35281090987356,0.06677570437742707,131.23881420777414,132.70723819732666,136.90173625946045,144.97323036193845,183.26616287231445,487.50284068265233,1349.7923549363195,119395,238790,24727.354152202606,97.74698795180723,100.0,7197.85546875,20475.0,94.25301204819277,76.00401606425703,77.0,121.48458634538153,122.379,2302.5301204819275,8551.0,30590.959541499287,4.0,318.69189453125,5886.0,3321.08642578125,20474.5,1,5.852208835341367,24,41554.31265687751,64860.765625,64.06706827309237,26636.59375,-1,633542,30640.100500000015,8.511139027777782,0.008511139027777783,61108.155019499325,16.97448750541648,0.01697448750541648,4.042791038194446,0.004042791038194446,8.062881565072827,0.008062881565072826,475.0,121.4721961602671,122.424,87.74,256.6280036852466,2396,10.0,64,64,1,True,100,sgd,cosine,32,100,0.1,False,1.0.0
p6-resnet50-imagenet100-jointexit-s1,2,5598,2026-08-29T08:40:26Z,1787992826.8898735,local,0,local-ac35a4a3df,CB-410-122,resnet50,resnet,imagenet100,1,p6,jointexit,5ebc9ef77ddcfc9511257817cc08e2e52da55d4cf2058b69153c9569ab0b7469,3.2861145073826665,2.9768764427185057,0.34032413417647306,0.3787,NA,0.6725,0.36299138127341585,0.3787,0.36299138127341596,0.42648546073044985,0.3787,0.4264854607304499,0.37870000000000004,0.3787,0.3787,0.37870000000000004,0.37242424242424244,0.37379967496196465,2.7226529121398926,3.8769586086273193,0.18455442574295916,3.275002121925354,0.3787,0,True,0.0335974591076374,0.11331323560434403,2.5179738998413086,0.759006142616272,0.40975233912467957,2.403050422668457,3.2861145073826665,3.2861145073826665,NA,NA,NA,NA,NA,NA,NA,NA,NA,NA,NA,0.015000000000000003,0.015000000000000003,0.015000000000000003,[0.015],0.9,0.0001,2.910999495883463,3.8835127353668213,2.4090020656585693,2.900004506111145,3.242830812931061,3.3706523180007935,0.18810158888579848,NA,0.0,262.7681884765625,14.965632438659668,0.056953745144818095,65536.0,0,1866,1866,0,0,252.27571654319763,244.8747923374176,7.400924205780029,761.4577693939209,0.0,241.8557538986206,0.0,0.0,0.0,10.711535566731504,0.043746315952927904,131.21956976535876,133.18192958831787,135.9332799911499,143.2411789894104,153.48339080810547,487.5757069983887,1351.182598544939,119395,358185,24470.74450469017,97.3293172690763,100.0,7203.16796875,20475.0,93.76305220883535,75.19277108433735,77.0,121.40442168674699,122.175,2305.9638554216867,8551.0,30593.65619650066,4.0,318.69189453125,5886.0,3320.46142578125,20474.5,1,5.810843373493976,24,41248.360535893575,64860.765625,63.601204819277115,26639.515625,-1,633544,30616.554527000695,8.504598479722416,0.008504598479722415,91724.70954650002,25.479085985138894,0.025479085985138893,4.0396842778681465,0.004039684277868147,12.102565842940972,0.012102565842940973,475.0,121.40107781939244,122.281,99.416,256.43079297291087,2403,10.0,64,64,1,True,100,sgd,cosine,32,100,0.1,False,1.0.0
p6-resnet50-imagenet100-jointexit-s1,3,7464,2026-08-29T08:44:39Z,1787993079.2941165,local,0,local-ac35a4a3df,CB-410-122,resnet50,resnet,imagenet100,1,p6,jointexit,5ebc9ef77ddcfc9511257817cc08e2e52da55d4cf2058b69153c9569ab0b7469,3.0135785111031486,2.6934543685913086,0.4175049206415679,0.447,NA,0.7387,0.4435159126923995,0.447,0.44351591269239954,0.49522372145147,0.447,0.4952237214514699,0.44699999999999995,0.447,0.447,0.44699999999999995,0.44141414141414137,0.44219820180289227,2.455822467803955,3.587806463241577,0.17664219672411077,3.012102246284485,0.447,0,True,0.014514628352969888,0.10207489566054456,2.1663341522216797,0.6858347058296204,0.44887596368789673,2.2003417015075684,3.0135785111031486,3.0135785111031486,NA,NA,NA,NA,NA,NA,NA,NA,NA,NA,NA,0.02,0.02,0.02,[0.02],0.9,0.0001,2.7286343822397474,3.9120779037475586,2.2139642238616943,2.717167854309082,3.0409571528434753,3.192529690265655,0.1853597265581568,NA,0.0,253.9459686279297,17.13245391845703,0.06746495725458332,131072.0,0,1866,1866,0,0,252.12970519065857,244.73703932762146,7.391671657562256,1013.5874745845795,0.0,241.7817244529724,0.0,0.0,0.0,10.635225383858932,0.043458615782414695,131.1472442244666,133.1155300140381,136.04462146759033,144.0224289894104,148.76389503479004,487.85014449802924,1352.8739456073135,119395,477580,24204.451698303223,97.79919678714859,100.0,7168.16796875,20475.0,94.26104417670683,74.51807228915662,76.0,121.25225702811244,122.156,2305.6626506024095,8551.0,30544.799957499774,4.0,318.69189453125,5886.0,3320.64892578125,20474.5,1,5.720481927710843,24,41201.255851531125,64860.765625,63.53654618473896,26657.37109375,-1,633544,30568.427568499515,8.491229880138754,0.008491229880138755,122293.13711499952,33.97031586527765,0.03397031586527765,4.033334193065908,0.004033334193065908,16.13590003600688,0.01613590003600688,475.0,121.27283527939949,122.156,99.439,256.0277027388041,2398,10.0,64,64,1,True,100,sgd,cosine,32,100,0.1,False,1.0.0
p6-resnet50-imagenet100-jointexit-s1,4,9330,2026-08-29T08:48:51Z,1787993331.4367423,local,0,local-ac35a4a3df,CB-410-122,resnet50,resnet,imagenet100,1,p6,jointexit,5ebc9ef77ddcfc9511257817cc08e2e52da55d4cf2058b69153c9569ab0b7469,2.7948746840006002,2.574999716758728,0.4787386406465932,0.4869,NA,0.7673,0.48124600781005783,0.4869,0.48124600781005783,0.5342870892485557,0.4869,0.5342870892485558,0.4869,0.4869,0.4869,0.4869,0.48171717171717177,0.48260203673997576,2.1499361991882324,3.341625213623047,0.16982768871268186,2.7922415733337402,0.4869,0,True,0.022494778091460478,0.04028691878685586,2.045135259628296,0.6535137891769409,0.47799423336982727,2.1398231983184814,2.7948746840006002,2.7948746840006002,NA,NA,NA,NA,NA,NA,NA,NA,NA,NA,NA,0.025,0.025,0.025,[0.025],0.9,0.0001,2.5376177181640496,3.629868507385254,2.015160322189331,2.5275990962982178,2.840226948261261,3.016668236255646,0.1831055068861635,NA,0.0,243.48641967773438,18.893068313598633,0.07759393044837773,262144.0,0,1866,1866,0,0,251.85252904891968,244.45601201057434,7.396517038345337,1265.4400036334991,0.0,241.43872332572937,0.0,0.0,0.0,13.508799000790246,0.05526350537961168,130.99860518947165,133.09168815612793,136.33882999420166,144.14565563201904,149.6105194091797,488.41097839244543,1351.9876920660868,119395,596975,23925.99025964737,97.4475806451613,100.0,7164.04296875,20475.0,94.03225806451613,74.42338709677419,76.0,121.32065322580645,122.103,2307.0362903225805,8551.0,30439.89459150072,4.0,318.69189453125,5886.0,3320.46142578125,20474.5,1,5.746370967741936,24,41220.51567225302,64860.765625,63.554032258064524,26668.4609375,-1,633547,30548.79118950129,8.485775330417026,0.008485775330417025,152841.92830450082,42.456091195694675,0.04245609119569467,4.030743281948086,0.004030743281948086,20.166643317954964,0.020166643317954966,475.0,121.30128381190178,122.121,99.061,255.86323706605214,2403,10.0,64,64,1,True,100,sgd,cosine,32,100,0.1,False,1.0.0
p6-resnet50-imagenet100-jointexit-s1,5,11196,2026-08-29T08:53:03Z,1787993583.5597951,local,0,local-ac35a4a3df,CB-410-122,resnet50,resnet,imagenet100,1,p6,jointexit,5ebc9ef77ddcfc9511257817cc08e2e52da55d4cf2058b69153c9569ab0b7469,2.5946340781589305,2.504943696594238,0.5406340299007496,0.5254,NA,0.7928,0.5197416044771775,0.5254,0.5197416044771775,0.5921714456635726,0.5254,0.5921714456635726,0.5254000000000001,0.5254,0.5254,0.5254000000000001,0.5206060606060606,0.5215583102129292,2.007451295852661,3.123445987701416,0.15892049597272637,2.5940725803375244,0.5254,0,True,0.03113885190486907,0.0643439001119287,1.894737720489502,0.6184932589530945,0.5502094030380249,1.765692949295044,2.5946340781589305,2.5946340781589305,NA,NA,NA,NA,NA,NA,NA,NA,NA,NA,NA,0.02499316571676158,0.02499316571676158,0.02499316571676158,[0.02499317],0.9,0.0001,2.4054695076497805,2.972712993621826,1.9228705167770386,2.397203207015991,2.6857762336730957,2.835645079612731,0.1646903355908446,NA,0.0,233.5275421142578,17.354482650756836,0.07431450052373618,524288.0,0,1866,1866,0,0,251.84236931800842,244.46694946289062,7.375419855117798,1517.2823729515076,0.0,241.43963313102722,0.0,0.0,0.0,10.008938651335868,0.04094590708792022,130.99836983736944,133.14473628997803,136.01231575012207,144.03724670410156,147.01008796691895,488.38912688327963,1355.8550152315747,119395,716370,23673.18271589279,97.43951612903226,100.0,7160.60546875,20475.0,94.02016129032258,74.29838709677419,76.0,121.21879032258065,122.021,2305.5846774193546,8551.0,30413.346679499606,4.0,318.69189453125,5886.0,3320.64892578125,20474.5,1,5.680645161290323,24,41222.075715095765,64860.765625,63.541532258064514,26648.2890625,-1,633547,30529.13483900114,8.480315233055872,0.008480315233055872,183371.06314350196,50.936406428750544,0.050936406428750546,4.028149735701539,0.004028149735701539,24.194793053656504,0.024194793053656505,475.0,121.2288084131612,122.293,98.532,255.69860412078515,2401,10.0,64,64,1,True,100,sgd,cosine,32,100,0.1,False,1.0.0
p6-resnet50-imagenet100-jointexit-s1,6,13062,2026-08-29T08:57:15Z,1787993835.888306,local,0,local-ac35a4a3df,CB-410-122,resnet50,resnet,imagenet100,1,p6,jointexit,5ebc9ef77ddcfc9511257817cc08e2e52da55d4cf2058b69153c9569ab0b7469,2.451656914765753,2.269950775527954,0.5839105490179656,0.5732,NA,0.8209,0.5661639111674972,0.5732,0.5661639111674972,0.6160499035188978,0.5732,0.6160499035188978,0.5732,0.5732,0.5732,0.5732,0.5688888888888889,0.5695855440754739,1.9805622100830078,2.9877192974090576,0.15926357377667838,2.4500129222869873,0.5732,0,True,0.044152181859314445,0.08946794424301541,1.7034677267074585,0.5605893731117249,0.5292602777481079,1.94401216506958,2.451656914765753,2.451656914765753,NA,NA,NA,NA,NA,NA,NA,NA,NA,NA,NA,0.024972670340234687,0.024972670340234687,0.024972670340234687,[0.02497267],0.9,0.0001,2.326418864567222,2.974303960800171,1.8388350009918213,2.317845582962036,2.6134360790252686,2.756747617721557,0.16965284588841095,NA,0.0,224.070068359375,16.36446762084961,0.07303281397943541,524288.0,1,1866,1866,0,0,252.0244104862213,244.62709069252014,7.397319793701172,1769.3067834377289,0.0,241.4207615852356,0.0,0.0,0.0,10.760883130525288,0.04399479617514583,131.07955711319772,133.15856456756592,136.01148128509521,144.22775506973267,149.8856544494629,488.06941071817556,1351.840974688564,119395,835765,23438.270175218582,97.45381526104417,100.0,7160.66796875,20475.0,94.01204819277109,74.26506024096386,76.0,121.26969879518072,122.238,2309.156626506024,8551.0,30551.181112500235,4.0,318.69189453125,5886.0,3320.46142578125,20474.5,1,5.652208835341365,24,41215.30611508534,64860.765625,63.535341365461846,26648.31640625,-1,633547,30558.82799049987,8.488563330694408,0.008488563330694409,213929.89113400184,59.424969759444956,0.05942496975944495,4.0320675820798435,0.004032067582079844,28.226860635736347,0.02822686063573635,475.0,121.27864681382758,122.238,98.892,255.94730089618383,2401,10.0,64,64,1,True,100,sgd,cosine,32,100,0.1,False,1.0.0
p6-resnet50-imagenet100-jointexit-s1,7,14928,2026-08-29T09:01:27Z,1787994087.9073207,local,0,local-ac35a4a3df,CB-410-122,resnet50,resnet,imagenet100,1,p6,jointexit,5ebc9ef77ddcfc9511257817cc08e2e52da55d4cf2058b69153c9569ab0b7469,2.3461403505672056,2.2155209774017335,0.6168935047531303,0.5827,NA,0.8292,0.5769185788298388,0.5827,0.5769185788298385,0.6371863435855186,0.5827,0.6371863435855187,0.5827,0.5827,0.5827,0.5827,0.5784848484848485,0.5792082691862811,1.8575934171676636,2.8308138847351074,0.15069370688247677,2.3407535552978516,0.5827,0,True,0.04244490573778748,0.06706791012528535,1.6495823860168457,0.550715446472168,0.5403696298599243,1.9099695682525635,2.3461403505672056,2.3461403505672056,NA,NA,NA,NA,NA,NA,NA,NA,NA,NA,NA,0.024938536281812647,0.024938536281812647,0.024938536281812647,[0.02493854],0.9,0.0001,2.2837105278674783,3.6516387462615967,1.7650760412216187,2.2842812538146973,2.555185651779175,2.7118130779266356,0.16549561897322232,NA,0.0,215.11244201660156,15.668410301208496,0.07283823359691703,262144.0,1,1866,1866,0,0,251.77449131011963,244.3777723312378,7.396718978881836,2021.0812747478485,0.0,241.23926854133606,0.0,0.0,0.0,10.77041312267906,0.04407571157956154,130.9547904731121,133.06868076324463,136.81650161743164,144.44648027420044,149.80840682983398,488.5673474352161,1351.9507809544634,119395,955160,23163.253200531006,97.77822580645162,100.0,7157.84765625,20475.0,94.38306451612904,74.51209677419355,76.0,121.36245161290323,122.003,2308.6693548387098,8551.0,30442.691980499654,4.0,318.69189453125,5886.0,3320.64892578125,20474.5,1,5.673387096774194,24,41237.49506993448,64860.765625,63.56733870967742,26667.2578125,-1,633546,30548.140016999685,8.485594449166578,0.00848559444916658,244478.03115100152,67.91056420861153,0.06791056420861154,4.030657363354125,0.004030657363354125,32.257517999090474,0.032257517999090476,475.0,121.35359833333334,122.091,100.507,255.85778313161927,2400,10.0,64,64,1,True,100,sgd,cosine,32,100,0.1,False,1.0.0
p6-resnet50-imagenet100-jointexit-s1,8,16794,2026-08-29T09:05:40Z,1787994340.1174428,local,0,local-ac35a4a3df,CB-410-122,resnet50,resnet,imagenet100,1,p6,jointexit,5ebc9ef77ddcfc9511257817cc08e2e52da55d4cf2058b69153c9569ab0b7469,2.2586641740776985,2.0706307064056397,0.64211231626115,0.6273,NA,0.8575,0.6223957509838476,0.6273,0.6223957509838476,0.6658645841915312,0.6273,0.6658645841915309,0.6273000000000001,0.6273,0.6273,0.6273000000000001,0.6235353535353536,0.6241052326722543,1.8447816371917725,2.8499867916107178,0.14492083452764876,2.2557815313339233,0.6273,0,True,0.03807525220811367,0.0726313969681679,1.4612061977386475,0.5001277327537537,0.589451014995575,1.702002763748169,2.2586641740776985,2.2586641740776985,NA,NA,NA,NA,NA,NA,NA,NA,NA,NA,NA,0.024890800866587192,0.024890800866587192,0.024890800866587192,[0.0248908],0.9,0.0001,2.2491798499900555,3.463437795639038,1.6375539302825928,2.240575909614563,2.526898443698883,2.6392868876457203,0.16664734963387937,NA,0.0,206.63775634765625,15.157210350036621,0.07335160145920032,524288.0,0,1866,1866,0,0,251.9450821876526,244.5431046485901,7.40093207359314,2273.026356935501,0.0,241.1337766647339,0.0,0.0,0.0,12.336235322450337,0.05045038647143918,131.0407917343663,133.1470012664795,136.09421253204346,145.25970220565796,166.4130687713623,488.23703359606617,1351.1811621242211,119395,1074555,22927.002479076385,97.714859437751,100.0,7157.84765625,20475.0,94.26506024096386,74.44578313253012,76.0,121.31114457831325,122.082,2307.289156626506,8551.0,30548.931468501025,4.0,318.69189453125,5886.0,3320.46142578125,20474.5,1,5.689558232931728,24,41258.3086251255,64860.765625,63.630120481927726,26650.9375,-1,633546,30552.698108499913,8.486860585694421,0.00848686058569442,275030.72925950144,76.39742479430596,0.07639742479430596,4.03125877820485,0.00403125877820485,36.288776777295325,0.03628877677729533,475.0,121.2951935886761,122.082,99.409,255.89595970099177,2402,10.0,64,64,1,True,100,sgd,cosine,32,100,0.1,False,1.0.0
p6-resnet50-imagenet100-jointexit-s1,9,18660,2026-08-29T09:09:52Z,1787994592.1766205,local,0,local-ac35a4a3df,CB-410-122,resnet50,resnet,imagenet100,1,p6,jointexit,5ebc9ef77ddcfc9511257817cc08e2e52da55d4cf2058b69153c9569ab0b7469,2.1891963786848017,1.920823011779785,0.663629130198082,0.6546,NA,0.8843,0.6518995164380942,0.6546,0.6518995164380941,0.6796746004648617,0.6546,0.6796746004648617,0.6546000000000001,0.6546,0.6546,0.6546000000000001,0.6511111111111111,0.6515086658542935,1.7393072843551636,2.6862688064575195,0.14950057644445633,2.185093879699707,0.6546,0,True,0.09164134742915629,0.14708093722847893,1.3434206247329712,0.47190332412719727,0.5629586577415466,1.8701114654541016,2.1891963786848017,2.1891963786848017,NA,NA,NA,NA,NA,NA,NA,NA,NA,NA,NA,0.02482951629253403,0.02482951629253403,0.02482951629253403,[0.02482952],0.9,0.0001,2.226844220570521,3.0556800365448,1.5485519170761108,2.22383189201355,2.518642282485962,2.6685172653198235,0.1755960953029362,NA,0.0,198.62802124023438,14.720049858093262,0.07410862659850909,524288.0,1,1866,1866,0,0,251.74129056930542,244.34328365325928,7.398006916046143,2524.7676475048065,0.0,240.9676811695099,0.0,0.0,0.0,15.19531492183083,0.062192801635592404,130.93566089581063,133.09717178344727,136.44838333129883,144.37420368194577,147.06921577453613,488.636307963472,1351.7154165279546,119395,1193950,22656.716151237488,97.74193548387096,100.0,7157.84765625,20475.0,94.38709677419355,74.35887096774194,76.0,121.29837096774193,122.079,2305.0403225806454,8551.0,30417.29109750133,4.0,318.69189453125,5886.0,3320.64892578125,20474.5,1,5.689919354838709,24,41251.690461189515,64860.765625,63.6217741935484,26670.2734375,-1,633546,30536.95955000087,8.48248876388913,0.00848248876388913,305567.6888095023,84.87991355819508,0.08487991355819507,4.029182162847337,0.004029182162847337,40.31795894014267,0.040317958940142666,475.0,121.31096371976646,122.251,97.71,255.76414045815042,2398,10.0,64,64,1,True,100,sgd,cosine,32,100,0.1,False,1.0.0
p6-resnet50-imagenet100-jointexit-s1,10,20526,2026-08-29T09:14:04Z,1787994844.8833737,local,0,local-ac35a4a3df,CB-410-122,resnet50,resnet,imagenet100,1,p6,jointexit,5ebc9ef77ddcfc9511257817cc08e2e52da55d4cf2058b69153c9569ab0b7469,2.127910260390564,1.9280383163452148,0.6797939612211567,0.6588,NA,0.8832,0.6599348755815265,0.6588,0.6599348755815264,0.6952566936476633,0.6588,0.6952566936476633,0.6587999999999999,0.6588,0.6588,0.6587999999999999,0.6553535353535354,0.6558932262574115,1.6845085620880127,2.639301300048828,0.14624056226619997,2.124762773513794,0.6588,0,True,0.052529297465085965,0.10798196475155086,1.3172787427902222,0.46332645416259766,0.6063669919967651,1.655241847038269,2.127910260390564,2.127910260390564,NA,NA,NA,NA,NA,NA,NA,NA,NA,NA,NA,0.02475474957343512,0.02475474957343512,0.02475474957343512,[0.02475475],0.9,0.0001,2.208573010204305,2.9759228229522705,1.5409163236618042,2.203700542449951,2.497088623046875,2.6036554431915273,0.1720647573531433,NA,0.0,191.0673828125,14.348477363586426,0.0750964248966921,524288.0,1,1866,1866,0,0,252.41182899475098,244.99413013458252,7.417698860168457,2777.1794764995575,0.0,241.97225499153137,0.0,0.0,0.0,9.835127516796716,0.040146562529856905,131.28647569163692,133.1561803817749,136.053204536438,144.12702322006226,151.94249153137207,487.33820657014434,1348.1269850004262,119395,1313345,22464.652780532837,97.66265060240964,100.0,7157.72265625,20475.0,94.1726907630522,74.29317269076306,76.0,121.14987148594378,121.98,2309.879518072289,8551.0,30517.507342499965,4.0,318.69189453125,5886.0,3320.46142578125,20474.5,1,5.758634538152611,24,41252.48371611446,64860.765625,63.622088353413666,26656.421875,-1,633545,30573.928196501045,8.492757832361402,0.008492757832361402,336141.61700600333,93.37267139055648,0.09337267139055648,4.034059970371666,0.004034059970371665,44.35201891051433,0.04435201891051433,475.0,121.16884477736163,122.352,97.071,256.0737735793044,2403,10.0,64,64,1,True,100,sgd,cosine,32,100,0.1,False,1.0.0
p6-resnet50-imagenet100-jointexit-s1,11,22392,2026-08-29T09:18:17Z,1787995097.1930256,local,0,local-ac35a4a3df,CB-410-122,resnet50,resnet,imagenet100,1,p6,jointexit,5ebc9ef77ddcfc9511257817cc08e2e52da55d4cf2058b69153c9569ab0b7469,2.0761742868307245,1.896796005821228,0.6946438293060848,0.6681,NA,0.8865,0.6658352489358538,0.6681,0.6658352489358538,0.6967410187602903,0.6681,0.6967410187602903,0.6680999999999999,0.6681,0.6681,0.6680999999999999,0.6647474747474748,0.6651600153259716,1.6751985549926758,2.588745594024658,0.1415163774503023,2.0752294063568115,0.6681,0,True,0.06847898717448116,0.1175699884241278,1.3062855005264282,0.45307934284210205,0.5996832847595215,1.7170941829681396,2.0761742868307245,2.0761742868307245,NA,NA,NA,NA,NA,NA,NA,NA,NA,NA,NA,0.024666582465600075,0.024666582465600075,0.024666582465600075,[0.02466658],0.9,0.0001,2.197444781852894,2.8372421264648438,1.6836016178131104,2.1982433795928955,2.4714640259742735,2.5875257873535156,0.16956767246201748,NA,0.0,183.9486083984375,14.081178665161133,0.07654952536885157,262144.0,2,1866,1866,0,0,252.0271327495575,244.63246703147888,7.393666982650757,3029.206609249115,0.0,241.7782166004181,0.0,0.0,0.0,11.934231218538788,0.04878769860561356,131.09087918476789,133.1171989440918,136.4980936050415,145.01383304595947,150.79879760742188,488.058684314525,1352.5088462146057,119395,1432740,22178.38768196106,97.78313253012048,100.0,7195.48828125,20475.0,94.47791164658635,74.37751004016064,76.0,121.22271084337349,122.125,2309.277108433735,8551.0,30541.854869499384,4.0,318.69189453125,5886.0,3320.64892578125,20474.5,1,5.764658634538153,24,41411.05484437751,64860.765625,63.85582329317268,26669.6484375,-1,633544,30546.746814500053,8.485207448472236,0.008485207448472237,366688.3638205034,101.85787883902873,0.10185787883902872,4.030473538024312,0.004030473538024312,48.38249244853864,0.04838249244853864,475.0,121.21596291666665,122.16,99.004,255.84611428033043,2400,10.0,64,64,1,True,100,sgd,cosine,32,100,0.1,False,1.0.0
p6-resnet50-imagenet100-jointexit-s1,12,24258,2026-08-29T09:22:29Z,1787995349.5342305,local,0,local-ac35a4a3df,CB-410-122,resnet50,resnet,imagenet100,1,p6,jointexit,5ebc9ef77ddcfc9511257817cc08e2e52da55d4cf2058b69153c9569ab0b7469,2.03342552906934,1.8830814086914063,0.7076594497257004,0.6665,NA,0.8891,0.6632852940805241,0.6665,0.6632852940805242,0.6980578841198121,0.6665,0.698057884119812,0.6665000000000001,0.6665,0.6665,0.6665000000000001,0.6631313131313131,0.6635783804186303,1.6555509567260742,2.475817918777466,0.13839754584533026,2.0316191911697388,0.6681,1,False,0.050080469144508255,0.09502956404614804,1.276638150215149,0.4507739245891571,0.6164560317993164,1.6301072835922241,2.03342552906934,2.03342552906934,NA,NA,NA,NA,NA,NA,NA,NA,NA,NA,NA,0.02456511137846686,0.02456511137846686,0.02456511137846686,[0.02456511],0.9,0.0001,2.1895266274397978,3.54557466506958,1.6180189847946167,2.18625545501709,2.4734726786613463,2.5985429620742795,0.17817663682343773,NA,0.0,177.24343872070312,13.804914474487305,0.07788674477389727,131072.0,2,1866,1866,0,0,252.07613849639893,244.67523503303528,7.4009034633636475,3281.282747745514,0.0,241.48406958580017,0.0,0.0,0.0,11.894565845790662,0.04861810232556507,131.110946337382,133.19754600524902,135.75613498687744,143.9004898071289,148.54717254638672,487.97337410907016,1351.1863854869262,119395,1552135,21930.624049186707,97.78313253012048,100.0,7157.84765625,20475.0,94.34939759036145,74.27710843373494,75.0,121.18577911646585,122.042,2309.2168674698796,8551.0,30539.688201001347,4.0,318.69189453125,5886.0,3320.46142578125,20474.5,1,5.743775100401606,24,41379.49188943273,64860.765625,63.82610441767067,26660.88671875,-1,633544,30549.777697501195,8.486049360416999,0.008486049360416999,397238.1415180046,110.34392819944571,0.11034392819944572,4.030873446198074,0.004030873446198074,52.41336589473672,0.05241336589473672,475.0,121.19708992506244,122.042,99.851,255.8714996231098,2402,10.0,64,64,1,True,100,sgd,cosine,32,100,0.1,False,1.0.0
p6-resnet50-imagenet100-jointexit-s1,13,26124,2026-08-29T09:26:41Z,1787995601.4265428,local,0,local-ac35a4a3df,CB-410-122,resnet50,resnet,imagenet100,1,p6,jointexit,5ebc9ef77ddcfc9511257817cc08e2e52da55d4cf2058b69153c9569ab0b7469,1.9852336544812617,1.8237395359039306,0.7207085723857783,0.6807,NA,0.8988,0.6850233168061309,0.6807,0.6850233168061309,0.7182051943812183,0.6807,0.7182051943812183,0.6807,0.6807,0.6807,0.6807,0.6774747474747475,0.6780515352244605,1.4949307441711426,2.5011184215545654,0.13579676859032971,1.9792363047599792,0.6807,0,True,0.09356179451122881,0.1545093678960613,1.2513313293457031,0.4448789060115814,0.5871381759643555,1.7992162704467773,1.9852336544812617,1.9852336544812617,NA,NA,NA,NA,NA,NA,NA,NA,NA,NA,NA,0.02445044726917947,0.02445044726917947,0.02445044726917947,[0.02445045],0.9,0.0001,2.177591467351121,3.17546010017395,1.5707284212112427,2.1711513996124268,2.4701469421386717,2.590650568008422,0.17648295402021427,NA,0.0,170.92648315429688,13.529749870300293,0.07915537499292527,131072.0,1,1866,1866,0,0,251.7403907775879,244.34015035629272,7.400240421295166,3533.023138523102,0.0,241.01609325408936,0.0,0.0,0.0,11.780053741053532,0.04821668631105969,130.92972994617327,133.11302661895752,136.26325130462646,144.01381015777588,150.1007080078125,488.6425739932639,1351.307448231504,119395,1671530,21649.67360687256,97.83870967741936,100.0,7160.16015625,20475.0,94.47177419354838,74.47177419354838,76.0,121.26333064516128,122.161,2309.7580645161293,8551.0,30415.861468500985,4.0,318.69189453125,5886.0,3320.64892578125,20474.5,1,5.7754032258064525,24,41293.76946824597,64860.765625,63.65201612903226,26656.83984375,-1,633543,30517.67104250077,8.477130845139103,0.008477130845139102,427755.81256050535,118.82105904458481,0.11882105904458481,4.026637151441074,0.004026637151441074,56.44000304617779,0.05644000304617779,475.0,121.25279974968709,122.161,107.448,255.60258840404347,2397,10.0,64,64,1,True,100,sgd,cosine,32,100,0.1,False,1.0.0
p6-resnet50-imagenet100-jointexit-s1,14,27990,2026-08-29T09:30:53Z,1787995853.5517845,local,0,local-ac35a4a3df,CB-410-122,resnet50,resnet,imagenet100,1,p6,jointexit,5ebc9ef77ddcfc9511257817cc08e2e52da55d4cf2058b69153c9569ab0b7469,1.9544430295807707,1.8113938610076905,0.7268813601909627,0.6836,NA,0.8973,0.6813272745766341,0.6836,0.681327274576634,0.7159265378453838,0.6836,0.7159265378453837,0.6835999999999999,0.6836,0.6836,0.6835999999999999,0.6804040404040403,0.6809043036820321,1.5316249132156372,2.4907913208007812,0.1365921406725816,1.951975703239441,0.6836,0,True,0.06627125353738665,0.11331164162908758,1.2218871116638184,0.4312957525253296,0.6173287034034729,1.6678197383880615,1.9544430295807707,1.9544430295807707,NA,NA,NA,NA,NA,NA,NA,NA,NA,NA,NA,0.024322715521257934,0.024322715521257934,0.024322715521257934,[0.02432272],0.9,0.0001,2.1778839278796402,3.1520161628723145,1.631327748298645,2.1738102436065674,2.4808611392974855,2.6180288696289056,0.18294519614847646,NA,0.0,164.99090576171875,13.309396743774414,0.08066745668392146,65536.0,1,1866,1866,0,0,251.80748963356018,244.41859030723572,7.387882471084595,3784.830628156662,0.0,241.23059916496277,0.0,0.0,0.0,11.242288225575498,0.04599815446731341,130.97930107852653,133.1191062927246,136.3523006439209,144.20310258865356,146.35491371154785,488.48575654544004,1353.567823952122,119395,1790925,21403.636618852615,97.79838709677419,100.0,7157.78515625,20475.0,94.37096774193549,74.50806451612904,76.0,121.22773387096774,122.203,2307.5806451612902,8551.0,30404.79754799929,4.0,318.69189453125,5886.0,3320.46142578125,20474.5,1,5.788709677419354,24,41174.367707283265,64860.765625,63.472177419354836,26682.24609375,-1,633542,30516.04182399988,8.47667828444441,0.00847667828444441,458271.85438450525,127.29773732902923,0.12729773732902924,4.026422185111095,0.004026422185111095,60.46642523128889,0.06046642523128889,475.0,121.2159090909091,122.203,96.421,255.58894278654788,2398,10.0,64,64,1,True,100,sgd,cosine,32,100,0.1,False,1.0.0
p6-resnet50-imagenet100-jointexit-s1,15,29856,2026-08-29T09:35:05Z,1787996105.6272774,local,0,local-ac35a4a3df,CB-410-122,resnet50,resnet,imagenet100,1,p6,jointexit,5ebc9ef77ddcfc9511257817cc08e2e52da55d4cf2058b69153c9569ab0b7469,1.9230539781892813,1.750544147872925,0.7375266970978684,0.7083,NA,0.9066,0.7075272163971823,0.7083,0.7075272163971822,0.732000880011654,0.7083,0.7320008800116541,0.7082999999999999,0.7083,0.7083,0.7082999999999999,0.7053535353535354,0.7056415315073327,1.5244628190994263,2.393840789794922,0.1355886332598615,1.9185441136360168,0.7083,0,True,0.0986031473979354,0.1557094442844391,1.1743543148040771,0.41264984011650085,0.6096968054771423,1.7435458898544312,1.9230539781892813,1.9230539781892813,NA,NA,NA,NA,NA,NA,NA,NA,NA,NA,NA,0.024182055807493264,0.024182055807493264,0.024182055807493264,[0.02418206],0.9,0.0001,2.1864349483484875,2.7800583839416504,1.6434231996536255,2.183143138885498,2.509207773208618,2.646373176574707,0.1875799344527401,NA,0.0,159.43264770507812,13.193646430969238,0.08275373093831524,65536.0,1,1866,1866,0,0,251.79341650009155,244.37451887130737,7.41889762878418,4036.6240446567535,0.0,241.1257302761078,0.0,0.0,0.0,11.567455304296393,0.047339278597237626,130.94971430391107,133.12089443206787,136.33179664611816,144.19944286346433,152.47821807861328,488.57385193615806,1347.9091504378684,119395,1910320,21150.64698600769,97.54838709677419,100.0,7157.78515625,20475.0,94.14516129032258,74.51209677419355,76.0,121.20881451612904,122.01,2310.1209677419356,8551.0,30410.172930500292,4.0,318.69189453125,5886.0,3320.64892578125,20474.5,1,5.837096774193548,24,41196.38030808972,64860.765625,63.53024193548387,26679.09375,-1,633541,30509.9652304999,8.474990341805528,0.008474990341805528,488781.81961500517,135.77272767083477,0.13577272767083476,4.025620412357626,0.004025620412357626,64.4920456436465,0.06449204564364651,475.0,121.199313283208,122.148,98.07,255.53804791239082,2394,10.0,64,64,1,True,100,sgd,cosine,32,100,0.1,False,1.0.0
p6-resnet50-imagenet100-jointexit-s1,16,31722,2026-08-29T09:39:17Z,1787996357.9516678,local,0,local-ac35a4a3df,CB-410-122,resnet50,resnet,imagenet100,1,p6,jointexit,5ebc9ef77ddcfc9511257817cc08e2e52da55d4cf2058b69153c9569ab0b7469,1.8964544046244143,1.7192496816635132,0.744980945600737,0.7148,NA,0.9136,0.7149796009999285,0.7148,0.7149796009999285,0.7428100815600105,0.7148,0.7428100815600105,0.7147999999999999,0.7148,0.7148,0.7147999999999999,0.7119191919191918,0.7122636654925705,1.4367964267730713,2.3323559761047363,0.13699981539854617,1.887208342552185,0.7148,0,True,0.08309101612791421,0.13771785451815677,1.1335192918777466,0.4052726924419403,0.6317352652549744,1.649127721786499,1.8964544046244143,1.8964544046244143,NA,NA,NA,NA,NA,NA,NA,NA,NA,NA,NA,0.024028621937217314,0.024028621937217314,0.024028621937217314,[0.02402862],0.9,0.0001,2.1816459352784756,2.900541305541992,1.464296579360962,2.174161434173584,2.501553535461426,2.6282696151733393,0.1904153834422546,NA,0.0,154.2183837890625,13.001738548278809,0.08430731945720805,65536.0,1,1866,1866,0,0,252.05017828941345,244.65800976753235,7.391173362731934,4288.674222946167,0.0,241.24419379234314,0.0,0.0,0.0,12.113907864219264,0.0495164226458471,131.1062409563463,133.17513465881348,135.76507568359375,143.7005043029785,151.02100372314453,488.0077301104755,1352.9651530597828,119395,2029715,20920.164798021317,97.4578313253012,100.0,7157.78515625,20475.0,94.06425702811245,74.59437751004016,76.0,121.21944578313253,122.124,2311.746987951807,8551.0,30527.80868099977,4.0,318.69189453125,5886.0,3320.46142578125,20474.5,1,5.784738955823293,24,41185.69441829819,64860.765625,63.52168674698795,26661.40625,-1,633541,30546.086828499094,8.485024119027527,0.008485024119027526,519327.90644350427,144.25775178986228,0.1442577517898623,4.030386456538075,0.004030386456538075,68.52243210018457,0.06852243210018458,475.0,121.19300873544094,122.124,99.141,255.84058652790398,2404,10.0,64,64,1,True,100,sgd,cosine,32,100,0.1,False,1.0.0
p6-resnet50-imagenet100-jointexit-s1,17,33588,2026-08-29T09:43:29Z,1787996609.996208,local,0,local-ac35a4a3df,CB-410-122,resnet50,resnet,imagenet100,1,p6,jointexit,5ebc9ef77ddcfc9511257817cc08e2e52da55d4cf2058b69153c9569ab0b7469,1.8671562273901028,1.743048203086853,0.7545290841325014,0.7085,NA,0.9076,0.7071481309689507,0.7085,0.7071481309689506,0.7354607824970545,0.7085,0.7354607824970544,0.7084999999999998,0.7085,0.7085,0.7084999999999998,0.7055555555555555,0.7059397055378904,1.498405933380127,2.3698458671569824,0.13238948584732435,1.8618445992469788,0.7148,1,False,0.08081126686334611,0.1874867081642151,1.166190505027771,0.4096749424934387,0.6276887655258179,1.6824232339859009,1.8671562273901028,1.8671562273901028,NA,NA,NA,NA,NA,NA,NA,NA,NA,NA,NA,0.02386258168811454,0.02386258168811454,0.02386258168811454,[0.02386258],0.9,0.0001,2.190293706134561,3.170139789581299,1.5417548418045044,2.187018394470215,2.51131911277771,2.6747122478485106,0.19830932968647572,NA,0.0,149.35348510742188,12.882838249206543,0.08625736614007108,65536.0,1,1866,1866,0,0,251.78083205223083,244.39245009422302,7.387346267700195,4540.455054998398,0.0,240.8582227230072,0.0,0.0,0.0,15.490241251493757,0.06338625009451752,130.9638646893435,133.13162326812744,136.31534576416016,144.127094745636,147.11523056030273,488.53800497506563,1353.6660713635627,119395,2149110,20646.02822828293,97.7258064516129,100.0,7157.78515625,20475.0,94.3508064516129,74.49193548387096,76.0,121.19097983870967,121.926,2309.6370967741937,8551.0,30407.647866000305,4.0,318.69189453125,5886.0,3320.64892578125,20474.5,1,5.8076612903225815,24,41199.56568170363,64860.765625,63.53024193548387,26662.26171875,-1,633540,30501.963488500623,8.472767635694618,0.008472767635694618,549829.869932005,152.73051942555693,0.15273051942555693,4.024564626954943,0.004024564626954943,72.54699672713951,0.07254699672713952,475.0,121.1904522319566,121.989,99.904,255.4710288412465,2397,10.0,64,64,1,True,100,sgd,cosine,32,100,0.1,False,1.0.0
p6-resnet50-imagenet100-jointexit-s1,18,35454,2026-08-29T09:47:42Z,1787996862.0166068,local,0,local-ac35a4a3df,CB-410-122,resnet50,resnet,imagenet100,1,p6,jointexit,5ebc9ef77ddcfc9511257817cc08e2e52da55d4cf2058b69153c9569ab0b7469,1.8485050175656146,1.6909645351409912,0.7572176389296034,0.7269,NA,0.9173,0.7265890273425513,0.7269,0.7265890273425513,0.7502686897568961,0.7269,0.7502686897568961,0.7269000000000001,0.7269,0.7269,0.7269000000000001,0.7241414141414142,0.7244591335289117,1.3954908847808838,2.26926326751709,0.12943127353690811,1.846432089805603,0.7269,0,True,0.06504015766903758,0.1473018971717086,1.0739670991897583,0.3838898539543152,0.6618841290473938,1.4831398725509644,1.8485050175656146,1.8485050175656146,NA,NA,NA,NA,NA,NA,NA,NA,NA,NA,NA,0.02368411662275955,0.02368411662275955,0.02368411662275955,[0.02368412],0.9,0.0001,2.2000283057184706,3.0740935802459717,1.5109354257583618,2.2054243087768555,2.518297243118286,2.6500152778625488,0.19469883232048543,NA,0.0,144.80706787109375,12.796060562133789,0.08836627072322709,65536.0,1,1866,1866,0,0,251.85837364196777,244.44200778007507,7.415560245513916,4792.313428640366,0.0,240.8776822090149,0.0,0.0,0.0,10.991288837633636,0.04496793301788543,130.98876754826162,133.15129280090332,136.33060455322266,144.30967569351196,150.66790580749512,488.43895975285847,1348.5157788380932,119395,2268505,20400.52826499939,97.71084337349397,100.0,7160.16015625,20475.0,94.34538152610442,74.40160642570281,76.0,121.18730522088353,121.995,2310.7831325301204,8551.0,30504.96535149974,4.0,318.69189453125,5886.0,3320.46142578125,20474.5,1,5.76425702811245,24,41192.38990336345,64860.765625,63.51566265060241,26662.16796875,-1,633540,30507.116676500274,8.474199076805633,0.008474199076805631,580336.9866085052,161.20471850236257,0.16120471850236257,4.025244561482674,0.0040252445614826745,76.5722412886222,0.0765722412886222,475.0,121.1728100791337,121.995,106.463,255.51418967712448,2401,10.0,64,64,1,True,100,sgd,cosine,32,100,0.1,False,1.0.0
p6-resnet50-imagenet100-jointexit-s1,19,37320,2026-08-29T09:51:54Z,1787997114.0509057,local,0,local-ac35a4a3df,CB-410-122,resnet50,resnet,imagenet100,1,p6,jointexit,5ebc9ef77ddcfc9511257817cc08e2e52da55d4cf2058b69153c9569ab0b7469,1.826188892736882,1.7071728969573974,0.7661041082122367,0.7123,NA,0.9166,0.7134203370314397,0.7123,0.7134203370314396,0.7380432082469791,0.7123,0.7380432082469791,0.7123,0.7123,0.7123,0.7123,0.7093939393939395,0.7096749689777025,1.4630069732666016,2.410599708557129,0.1274440936753139,1.8218334913253784,0.7269,1,False,0.10842095913514492,0.156570305756483,1.1510159969329834,0.40823113918304443,0.6039508581161499,1.8036613464355469,1.826188892736882,1.826188892736882,NA,NA,NA,NA,NA,NA,NA,NA,NA,NA,NA,0.02349342189008112,0.02349342189008112,0.02349342189008112,[0.02349342],0.9,0.0001,2.2019597286193684,3.088078498840332,1.6340241432189941,2.192455291748047,2.527868366241455,2.679537191390991,0.19505823390718877,NA,0.0,140.553466796875,12.63229751586914,0.08987538908680978,65536.0,1,1866,1866,0,0,251.72760343551636,244.3407244682312,7.386878967285156,5044.041032075882,0.0,241.0061547756195,0.0,0.0,0.0,10.406528987382588,0.04259468636686831,130.92989936902208,133.07154178619385,136.44421100616455,144.31816339492798,148.94485473632812,488.641425860729,1353.7517054615048,119395,2387900,20138.20827484131,97.6975806451613,100.0,7160.16015625,20475.0,94.41532258064517,74.4274193548387,76.0,121.16718548387097,121.94,2309.4556451612902,8551.0,30397.69293549997,4.0,318.69189453125,5886.0,3320.64892578125,20474.5,1,6.45483870967742,24,41252.439846900204,64860.765625,63.597580645161294,26669.796875,-1,633243,30502.678174501536,8.47296615958376,0.00847296615958376,610839.6647830068,169.67768466194633,0.16967768466194633,4.024658925802286,0.004024658925802286,80.59690021442448,0.08059690021442448,475.0,121.16873769808174,121.977,97.215,255.4770147368109,2398,10.0,64,64,1,True,100,sgd,cosine,32,100,0.1,False,1.0.0
p6-resnet50-imagenet100-jointexit-s1,20,39186,2026-08-29T09:56:06Z,1787997366.1175454,local,0,local-ac35a4a3df,CB-410-122,resnet50,resnet,imagenet100,1,p6,jointexit,5ebc9ef77ddcfc9511257817cc08e2e52da55d4cf2058b69153c9569ab0b7469,1.8045892430817523,1.6572018272399902,0.769730725742284,0.7265,NA,0.9228,0.7263425336994992,0.7265,0.7263425336994993,0.74945372520224,0.7265,0.74945372520224,0.7265,0.7265,0.7265,0.7265,0.7237373737373738,0.7240133192776221,1.4131568670272827,2.281381607055664,0.1255585368107063,1.799608588218689,0.7269,2,False,0.09279366682767867,0.2809971918662389,1.0789085626602173,0.3842445909976959,0.6337063312530518,1.6658648252487183,1.8045892430817523,1.8045892430817523,NA,NA,NA,NA,NA,NA,NA,NA,NA,NA,NA,0.02329070601196968,0.02329070601196968,0.02329070601196968,[0.02329071],0.9,0.0001,2.2117614162511545,3.359530210494995,1.5325348377227783,2.213517665863037,2.5400617122650146,2.664511022567749,0.20072750140203038,NA,0.0,136.59359741210938,12.520520210266113,0.09166257018980992,65536.0,1,1866,1866,0,0,251.87430953979492,244.47517132759094,7.3991382122039795,5295.915341615677,0.0,241.47317242622375,0.0,0.0,0.0,10.53985521667882,0.0431152119286539,131.00639033547552,133.14318656921387,136.07287406921387,143.91376972198486,148.10681343078613,488.3727020279435,1351.5087451003706,119395,2507295,19898.0704536438,97.75806451612904,100.0,7160.16015625,20475.0,94.37903225806451,74.26612903225806,75.0,121.17451209677421,121.886,2313.5685483870966,8551.0,30408.64459199925,4.0,318.69189453125,5886.0,3320.46142578125,20474.5,1,5.805645161290323,24,41253.699612525204,64860.765625,63.6209677419355,26683.79296875,-1,633242,30511.246559000654,8.47534626638907,0.00847534626638907,641350.9113420075,178.1530309283354,0.1781530309283354,4.025789476534809,0.004025789476534808,84.62268969095929,0.08462268969095929,475.0,121.17457756463719,122.082,104.99,255.54877975627664,2398,10.0,64,64,1,True,100,sgd,cosine,32,100,0.1,False,1.0.0
p6-resnet50-imagenet100-jointexit-s1,21,41052,2026-08-29T10:00:17Z,1787997617.9747486,local,0,local-ac35a4a3df,CB-410-122,resnet50,resnet,imagenet100,1,p6,jointexit,5ebc9ef77ddcfc9511257817cc08e2e52da55d4cf2058b69153c9569ab0b7469,1.7869076951214344,1.665664165687561,0.7750492064156791,0.7278,NA,0.9203,0.728221250093577,0.7278,0.7282212500935771,0.754382352225846,0.7278,0.754382352225846,0.7278,0.7278,0.7278,0.7278,0.7250505050505051,0.7254026159410376,1.4162176847457886,2.206969738006592,0.12700437732767417,1.7846842408180237,0.7278,0,True,0.07998105157092211,0.18705477565526962,1.0855547189712524,0.38357970118522644,0.647818922996521,1.6166449785232544,1.7869076951214344,1.7869076951214344,NA,NA,NA,NA,NA,NA,NA,NA,NA,NA,NA,0.0230761906552617,0.0230761906552617,0.0230761906552617,[0.02307619],0.9,0.0001,2.224324725907865,3.249669313430786,1.5979769229888916,2.2264602184295654,2.5575336456298827,2.685765209197996,0.20836904882909316,NA,0.0,132.917236328125,12.461128234863281,0.09375103319257423,65536.0,1,1866,1866,0,0,251.67345237731934,244.27408003807068,7.383848667144775,5547.588793992996,0.0,240.88113045692444,0.0,0.0,0.0,9.501249978416846,0.0388993519108448,130.89610973227317,133.12888145446777,136.0921859741211,144.34431791305542,149.7628688812256,488.77474016642293,1354.3072794132509,119395,2626690,19630.52928543091,97.82661290322581,100.0,7162.53515625,20475.0,94.47983870967742,74.23387096774194,76.0,121.13210483870968,121.978,2312.1774193548385,8551.0,30381.093190999396,4.0,318.69189453125,5886.0,3320.64892578125,20474.5,1,5.903629032258064,24,41268.6613218246,64860.765625,63.636693548387115,26658.703125,-1,633241,30478.128104999803,8.46614669583328,0.008466146695833279,671829.0394470072,186.61917762416869,0.1866191776241687,4.021419680520808,0.004021419680520807,88.6441093714801,0.0886441093714801,475.0,121.14058315964984,121.978,105.853,255.27139415385741,2399,10.0,64,64,1,True,100,sgd,cosine,32,100,0.1,False,1.0.0
p6-resnet50-imagenet100-jointexit-s1,22,42918,2026-08-29T10:04:30Z,1787997870.123484,local,0,local-ac35a4a3df,CB-410-122,resnet50,resnet,imagenet100,1,p6,jointexit,5ebc9ef77ddcfc9511257817cc08e2e52da55d4cf2058b69153c9569ab0b7469,1.7711995706630514,1.602098952293396,0.7788684618283848,0.7423,NA,0.927,0.736681568483486,0.7423,0.7366815684834861,0.7516771902566484,0.7423,0.7516771902566484,0.7422999999999998,0.7423,0.7423,0.7422999999999998,0.7396969696969697,0.7399179990263585,1.420642614364624,2.4680042266845703,0.12676644801800271,1.766123652458191,0.7423,0,True,0.05938869463093579,0.10517946408719436,0.9939382672309875,0.35876575112342834,0.6829478740692139,1.4458601474761963,1.7711995706630514,1.7711995706630514,NA,NA,NA,NA,NA,NA,NA,NA,NA,NA,NA,0.022850110389350257,0.022850110389350257,0.022850110389350257,[0.02285011],0.9,0.0001,2.237772122537118,3.1068203449249268,1.5259088277816772,2.2343159914016724,2.594780671596527,2.7292165374755846,0.20992281874845486,NA,0.0,129.50112915039062,12.36595630645752,0.09548917748892245,32768.0,2,1866,1866,0,0,251.89103817939758,244.48979139328003,7.401246786117554,5799.479832172394,0.0,241.16145586967468,0.0,0.0,0.0,11.414788108122977,0.04669624126147903,131.00090338613953,133.1425905227661,136.0151767730713,143.88827085494992,150.0685214996338,488.3434981869826,1351.123707799732,119395,2746085,19395.609939813614,97.40160642570281,100.0,7160.16015625,20475.0,94.04417670682732,74.35341365461848,76.0,121.11401204819276,121.857,2313.0722891566265,8551.0,30500.57241800068,4.0,318.69189453125,5886.0,3320.46142578125,20474.5,1,5.916465863453816,24,41338.68484877008,64860.765625,63.735742971887554,26673.04296875,-1,633241,30501.983424499434,8.472773173472065,0.008472773173472066,702331.0228715066,195.09195079764072,0.19509195079764075,4.024567257399231,0.004024567257399231,92.66867662887933,0.09266867662887933,475.0,121.12767153589316,122.111,100.123,255.471195816403,2396,10.0,64,64,1,True,100,sgd,cosine,32,100,0.1,False,1.0.0
p6-resnet50-imagenet100-jointexit-s1,23,44784,2026-08-29T10:08:42Z,1787998122.1639066,local,0,local-ac35a4a3df,CB-410-122,resnet50,resnet,imagenet100,1,p6,jointexit,5ebc9ef77ddcfc9511257817cc08e2e52da55d4cf2058b69153c9569ab0b7469,1.7546146330838828,1.587380575942993,0.7850412496335692,0.7505,NA,0.9313,0.7499553322350426,0.7505,0.7499553322350427,0.7637464905547502,0.7505,0.7637464905547501,0.7505000000000002,0.7505,0.7505,0.7505000000000002,0.747979797979798,0.7481732446654675,1.386195182800293,2.20522403717041,0.12699665904628313,1.7460055947303772,0.7505,0,True,0.0906862270064652,0.27330713470776874,0.9976500868797302,0.3584609031677246,0.6598137617111206,1.5646700859069824,1.7546146330838828,1.7546146330838828,NA,NA,NA,NA,NA,NA,NA,NA,NA,NA,NA,0.02261271242968685,0.02261271242968685,0.02261271242968685,[0.02261271],0.9,0.0001,2.2423174946637783,3.205179214477539,1.583022117614746,2.234682559967041,2.605932116508484,2.792752683162687,0.21593182833715086,NA,0.0,126.30587768554688,12.261275291442871,0.09707604678516021,32768.0,0,1866,1866,0,0,251.7243893146515,244.32540225982666,7.389769792556763,6051.204221487045,0.0,241.1958954334259,0.0,0.0,0.0,9.907597604550814,0.04055271338214133,130.92928671249112,133.08346271514893,136.1846923828125,144.12400722503662,148.67782592773438,488.67206968938075,1353.222127443314,119395,2865480,19131.053587913513,97.66935483870968,100.0,7158.22265625,20475.0,94.31451612903226,74.32661290322581,76.0,121.16417338709678,121.958,2311.5120967741937,8551.0,30397.013769999954,4.0,318.69189453125,5886.0,3320.64892578125,20474.5,1,5.735483870967743,24,41337.09130859375,64860.765625,63.739919354838726,26664.671875,-1,633240,30491.494629500507,8.469859619305696,0.008469859619305697,732822.5175010072,203.56181041694643,0.20356181041694643,4.023183319170205,0.0040231833191702055,96.69185994804953,0.09669185994804953,475.0,121.16275489787412,121.958,96.044,255.38334628334945,2399,10.0,64,64,1,True,100,sgd,cosine,32,100,0.1,False,1.0.0
p6-resnet50-imagenet100-jointexit-s1,24,46650,2026-08-29T10:12:54Z,1787998374.1696439,local,0,local-ac35a4a3df,CB-410-122,resnet50,resnet,imagenet100,1,p6,jointexit,5ebc9ef77ddcfc9511257817cc08e2e52da55d4cf2058b69153c9569ab0b7469,1.7389175813238726,1.5759417373657227,0.7885673604422295,0.7496,NA,0.934,0.7500239248801951,0.7496,0.7500239248801951,0.7648861247747913,0.7496,0.7648861247747915,0.7495999999999999,0.7496,0.7496,0.7495999999999999,0.747070707070707,0.7472393908721747,1.3890944719314575,2.2174179553985596,0.12301366071761763,1.7338512539863586,0.7505,1,False,0.08312933909669519,0.12722346714489796,0.9832492470741272,0.3544745147228241,0.6664837598800659,1.5383691787719727,1.7389175813238726,1.7389175813238726,NA,NA,NA,NA,NA,NA,NA,NA,NA,NA,NA,0.022364256367454927,0.022364256367454927,0.022364256367454927,[0.02236426],0.9,0.0001,2.262589791196719,3.007370710372925,1.5830215215682983,2.2559045553207397,2.63138610124588,2.781737768650054,0.21954821005905245,NA,0.0,123.36878967285156,12.223670959472656,0.09908236104031899,65536.0,0,1866,1866,0,0,251.74465036392212,244.3577160835266,7.386934280395508,6302.948871850967,0.0,241.2478325366974,0.0,0.0,0.0,14.62042458433854,0.05983869641057146,130.9381563691592,133.10229778289795,136.06667518615723,144.2514181137085,150.23231506347656,488.6074477762277,1353.741568615199,119395,2984875,18880.84877729416,97.74596774193549,100.0,7158.22265625,20475.0,94.375,74.21774193548387,75.0,121.13194758064516,122.076,2315.8064516129034,8551.0,30386.871851499738,4.0,318.69189453125,5886.0,3320.46142578125,20474.5,1,5.739516129032259,24,41333.008395287296,64860.765625,63.7342741935484,26664.7421875,-1,633240,30480.460030998736,8.466794453055204,0.008466794453055204,763302.9775320059,212.02860487000163,0.21202860487000164,4.0217273652012215,0.004021727365201222,100.71358731325076,0.10071358731325075,475.0,121.12073352793993,122.106,99.669,255.29092534024656,2398,10.0,64,64,1,True,100,sgd,cosine,32,100,0.1,False,1.0.0
p6-resnet50-imagenet100-jointexit-s1,25,48516,2026-08-29T10:17:06Z,1787998626.2477005,local,0,local-ac35a4a3df,CB-410-122,resnet50,resnet,imagenet100,1,p6,jointexit,5ebc9ef77ddcfc9511257817cc08e2e52da55d4cf2058b69153c9569ab0b7469,1.7226732620617229,1.5944990684509277,0.7928891494618703,0.7482,NA,0.9295,0.7516425063095751,0.7482,0.751642506309575,0.7730550817209929,0.7482,0.773055081720993,0.7482,0.7482,0.7482,0.7482,0.7456565656565657,0.7460595768224273,1.3675720691680908,2.252626895904541,0.12793134200094916,1.715756595134735,0.7505,2,False,0.07682760773338378,0.27231773858269054,1.0004788637161255,0.3562949597835541,0.6713723540306091,1.5145583152770996,1.7226732620617229,1.7226732620617229,NA,NA,NA,NA,NA,NA,NA,NA,NA,NA,NA,0.022105013885710744,0.022105013885710744,0.022105013885710744,[0.02210501],0.9,0.0001,2.2632383940366894,3.184584140777588,1.596436619758606,2.2589712142944336,2.6348986148834226,2.7871746444702143,0.22364075011028864,NA,0.0,120.61433410644531,12.08310317993164,0.10017966164177457,65536.0,1,1866,1866,0,0,251.85840034484863,244.48543643951416,7.372963905334473,6554.807272195816,0.0,241.14351201057434,0.0,0.0,0.0,14.458578624223408,0.05914279133701059,131.01232192396222,133.142352104187,136.34681701660156,144.73049640655518,149.87683296203613,488.3521969192565,1356.3066533887165,119395,3104270,18637.5216255188,97.75502008032129,100.0,7180.89453125,20475.0,94.36546184738955,74.24497991967871,76.0,121.1285140562249,122.242,2313.5542168674697,8551.0,30501.375132498866,4.0,318.69189453125,5886.0,3320.64892578125,20474.5,1,5.786746987951807,24,41345.02484939759,64860.765625,63.756224899598394,26659.0234375,-1,633241,30504.224256499263,8.47339562680535,0.00847339562680535,793807.2017885051,220.50200049680697,0.22050200049680696,4.024862922732541,0.004024862922732541,104.7384502359833,0.1047384502359833,475.0,121.1316798666111,122.242,103.315,255.48996403952646,2399,10.0,64,64,1,True,100,sgd,cosine,32,100,0.1,False,1.0.0
p6-resnet50-imagenet100-jointexit-s1,26,50382,2026-08-29T10:21:18Z,1787998878.3213851,local,0,local-ac35a4a3df,CB-410-122,resnet50,resnet,imagenet100,1,p6,jointexit,5ebc9ef77ddcfc9511257817cc08e2e52da55d4cf2058b69153c9569ab0b7469,1.710425557183223,1.5918078931808473,0.7968340382763097,0.7451,NA,0.9289,0.7440174380316456,0.7451,0.7440174380316457,0.761736065393458,0.7451,0.761736065393458,0.7450999999999999,0.7451,0.7451,0.7450999999999999,0.7425252525252526,0.7427447622880788,1.374019980430603,2.106658458709717,0.1198851081483141,1.706729769706726,0.7505,3,False,0.0895638773292303,0.12531651417162448,1.015149474143982,0.36250096559524536,0.6555744409561157,1.606261968612671,1.710425557183223,1.710425557183223,NA,NA,NA,NA,NA,NA,NA,NA,NA,NA,NA,0.021835268462301927,0.021835268462301927,0.021835268462301927,[0.02183527],0.9,0.0001,2.2832235468616435,3.256528854370117,1.622473120689392,2.283067464828491,2.645259952545166,2.8051691246032715,0.22076281768266934,NA,0.0,118.08247375488281,12.053356170654297,0.10207574238048922,65536.0,1,1866,1866,0,0,251.88547277450562,244.4884397983551,7.397032976150513,6806.692744970322,0.0,241.301185131073,0.0,0.0,0.0,12.486467336353504,0.05107399223692766,131.0171475364464,133.13674926757812,136.0265016555786,144.77351903915402,151.30376815795898,488.3461978753372,1351.8933918832001,119395,3223665,18387.63951253891,97.77510040160642,100.0,7158.09765625,20475.0,94.46586345381526,74.39759036144578,76.0,121.20302008032128,122.043,2314.9397590361446,8551.0,30512.112657999936,4.0,318.69189453125,5886.0,3320.46142578125,20474.5,1,5.794377510040161,24,41351.028473268074,64860.765625,63.72931726907631,26682.890625,-1,633241,30527.5751295001,8.479881980416694,0.008479881980416694,824334.7769180052,228.98188247722368,0.22898188247722367,4.027943940697929,0.004027943940697929,108.76639417668123,0.10876639417668123,475.0,121.20119557964969,122.102,105.684,255.6855406800963,2398,10.0,64,64,1,True,100,sgd,cosine,32,100,0.1,False,1.0.0
p6-resnet50-imagenet100-jointexit-s1,27,52248,2026-08-29T10:25:30Z,1787999130.2041728,local,0,local-ac35a4a3df,CB-410-122,resnet50,resnet,imagenet100,1,p6,jointexit,5ebc9ef77ddcfc9511257817cc08e2e52da55d4cf2058b69153c9569ab0b7469,1.6992001370871666,1.586743994140625,0.7996566020352611,0.7476,NA,0.9296,0.7449215401468525,0.7476,0.7449215401468526,0.7636504399092071,0.7476,0.7636504399092072,0.7476,0.7476,0.7476,0.7476,0.7450505050505051,0.745264193143559,1.335096836090088,2.2431893348693848,0.12235461322174483,1.694596767425537,0.7505,4,False,0.07707419327609241,0.1239781867772013,0.9982197284698486,0.3574617803096771,0.6705362796783447,1.5271655321121216,1.6992001370871666,1.6992001370871666,NA,NA,NA,NA,NA,NA,NA,NA,NA,NA,NA,0.021555315059888617,0.021555315059888617,0.021555315059888617,[0.02155532],0.9,0.0001,2.2960782834096505,3.0906982421875,1.4763349294662476,2.2972071170806885,2.672345209121704,2.8567471122741694,0.22728401832688688,NA,0.0,115.7219467163086,11.973443031311035,0.10346734885703084,65536.0,1,1866,1866,0,0,251.67836141586304,244.3057713508606,7.372590065002441,7058.371106386185,0.0,240.79668068885803,0.0,0.0,0.0,14.796846515253971,0.060574247227834555,130.9089995401593,133.1392526626587,136.31093502044678,143.96190643310547,150.59590339660645,488.7113363708893,1356.375427337243,119395,3343060,18120.84202194214,97.79435483870968,100.0,7158.09765625,20475.0,94.43548387096774,74.39516129032258,76.0,121.19083467741936,121.871,2314.657258064516,8551.0,30395.69245649943,4.0,318.69189453125,5886.0,3320.64892578125,20474.5,1,5.6887096774193555,24,41242.65711630545,64860.765625,63.613306451612914,26659.0859375,-1,633241,30488.203742999787,8.468945484166607,0.008468945484166608,854822.980661005,237.45082796139027,0.23745082796139028,4.022749104979139,0.004022749104979139,112.78914328166037,0.11278914328166037,475.0,121.18892580241767,121.871,104.6,255.35578326562913,2399,10.0,64,64,1,True,100,sgd,cosine,32,100,0.1,False,1.0.0
p6-resnet50-imagenet100-jointexit-s1,28,54114,2026-08-29T10:29:42Z,1787999382.2709107,local,0,local-ac35a4a3df,CB-410-122,resnet50,resnet,imagenet100,1,p6,jointexit,5ebc9ef77ddcfc9511257817cc08e2e52da55d4cf2058b69153c9569ab0b7469,1.6849735289573708,1.5470816930770874,0.8024875413543281,0.7576,NA,0.9353,0.7565636388165986,0.7576,0.7565636388165985,0.7691278680148401,0.7576,0.7691278680148401,0.7575999999999999,0.7576,0.7576,0.7575999999999999,0.7551515151515151,0.7553072007736668,1.362565279006958,2.080977439880371,0.12131131203335951,1.6821159720420837,0.7576,0,True,0.07622658918350933,0.1280402934297602,0.9495915174484253,0.3431048095226288,0.6814116835594177,1.4764962196350098,1.6849735289573708,1.6849735289573708,NA,NA,NA,NA,NA,NA,NA,NA,NA,NA,NA,0.021265459803406113,0.021265459803406113,0.021265459803406113,[0.02126546],0.9,0.0001,2.307045794927511,3.2287399768829346,1.5964794158935547,2.301540493965149,2.686500322818756,2.8218917608261105,0.23186435702702576,NA,0.0,113.55398559570312,11.87071418762207,0.1045380672932651,32768.0,2,1866,1866,0,0,251.8771641254425,244.47503113746643,7.4011430740356445,7310.248270511627,0.0,240.85722732543945,0.0,0.0,0.0,10.307330432691073,0.04216107626506586,131.01555795148255,133.1925392150879,135.82491874694824,144.03655529022217,152.12750434875488,488.3729820771149,1351.1426410714241,119395,3462455,17883.278652906418,97.49799196787149,100.0,7158.09765625,20475.0,94.1726907630522,74.53413654618474,76.0,121.19832931726908,122.178,2313.4939759036147,8551.0,30523.080636499268,4.0,318.69189453125,5886.0,3320.46142578125,20474.5,1,5.8128514056224905,24,41248.990273594376,64860.765625,63.61405622489961,26685.26171875,-1,633240,30523.245615499196,8.478679337638665,0.008478679337638666,885346.2262765042,245.92950729902896,0.24592950729902896,4.027372685378366,0.0040273726853783665,116.81651596703874,0.11681651596703874,475.0,121.20587125,122.178,104.842,255.6492785753105,2400,10.0,64,64,1,True,100,sgd,cosine,32,100,0.1,False,1.0.0
p6-resnet50-imagenet100-jointexit-s1,29,55980,2026-08-29T10:33:54Z,1787999634.2959788,local,0,local-ac35a4a3df,CB-410-122,resnet50,resnet,imagenet100,1,p6,jointexit,5ebc9ef77ddcfc9511257817cc08e2e52da55d4cf2058b69153c9569ab0b7469,1.670833101025568,1.5454917440414428,0.8075128774236777,0.7594,NA,0.9358,0.75954044828758,0.7594,0.75954044828758,0.7730062593898505,0.7594,0.7730062593898503,0.7593999999999999,0.7594,0.7594,0.7593999999999999,0.756969696969697,0.7571122998825472,1.2808564901351929,2.1045711040496826,0.11974918039873939,1.6691946387290955,0.7594,0,True,0.061389210699498646,0.09826634881536911,0.934039831161499,0.3379427492618561,0.698034405708313,1.3862545490264893,1.670833101025568,1.670833101025568,NA,NA,NA,NA,NA,NA,NA,NA,NA,NA,NA,0.02096601964532177,0.02096601964532177,0.02096601964532177,[0.02096602],0.9,0.0001,2.3222515411826703,3.0787055492401123,1.3620822429656982,2.3197256326675415,2.7073649764060974,2.865176594257354,0.2372661709441697,NA,0.0,111.5494155883789,11.837732315063477,0.1061209711644309,32768.0,0,1866,1866,0,0,251.70063757896423,244.31745839118958,7.383179187774658,7561.948908090591,0.0,241.04215240478516,0.0,0.0,0.0,10.206352321725143,0.04177729127615503,130.92381100690378,133.11612606048584,136.23690605163574,144.2742109298706,150.64477920532227,488.6879586346644,1354.430082986252,119395,3581850,17619.044630527496,97.6491935483871,100.0,7158.09765625,20475.0,94.25,74.40322580645162,76.0,121.15415725806452,122.07,2316.1693548387098,8551.0,30398.43271200024,4.0,318.69189453125,5886.0,3320.64892578125,20474.5,1,5.728225806451612,24,41298.78441595262,64860.765625,63.6608870967742,26683.8671875,-1,633240,30494.80613450047,8.470779481805687,0.008470779481805687,915841.0324110046,254.40028678083462,0.25440028678083465,4.0236202538577,0.004023620253857701,120.84013622089644,0.12084013622089644,475.0,121.16145333333334,122.358,95.472,255.4110819925497,2400,10.0,64,64,1,True,100,sgd,cosine,32,100,0.1,False,1.0.0
p6-resnet50-imagenet100-jointexit-s1,30,57846,2026-08-29T10:38:06Z,1787999886.3203998,local,0,local-ac35a4a3df,CB-410-122,resnet50,resnet,imagenet100,1,p6,jointexit,5ebc9ef77ddcfc9511257817cc08e2e52da55d4cf2058b69153c9569ab0b7469,1.6633629898753586,1.5837036098480224,0.8098245320155786,0.7469,NA,0.93,0.7485780689619606,0.7469,0.7485780689619607,0.7650911935506335,0.7469,0.7650911935506334,0.7469000000000002,0.7469,0.7469,0.7469000000000002,0.7443434343434343,0.7445521788789244,1.2594209909439087,2.0596187114715576,0.11751770289946958,1.6593870520591736,0.7594,1,False,0.06576924057304859,0.2738207032283147,0.9883089661598206,0.3539387285709381,0.6811307668685913,1.4738231897354126,1.6633629898753586,1.6633629898753586,NA,NA,NA,NA,NA,NA,NA,NA,NA,NA,NA,0.020657322019052113,0.020657322019052113,0.020657322019052113,[0.02065732],0.9,0.0001,2.339163268621839,3.2106597423553467,1.4762563705444336,2.329739570617676,2.74690580368042,2.9482272624969483,0.23939757213566845,NA,0.0,109.68093872070312,11.77115249633789,0.10732177016019644,65536.0,0,1866,1866,0,0,251.75867223739624,244.3760323524475,7.3826398849487305,7813.707580327988,0.0,241.13711214065552,0.0,0.0,0.0,11.32214581338983,0.0463353141810806,130.94984603464795,133.1624984741211,135.97512245178223,144.15748119354245,153.74374389648438,488.5708260775935,1354.5290242840344,119395,3701245,17371.34838438034,97.62903225806451,100.0,7158.09765625,20475.0,94.33870967741936,74.32661290322581,76.0,121.13450806451613,122.379,2315.3830645161293,8551.0,30391.46413849986,4.0,318.69189453125,5886.0,3320.46142578125,20474.5,1,5.705645161290323,24,41284.48062626008,64860.765625,63.6475806451613,26663.29296875,-1,633240,30500.3800999999,8.472327805555528,0.008472327805555529,946341.4125110046,262.87261458639017,0.26287261458639016,4.024355707638875,0.004024355707638876,124.86449192853532,0.12486449192853531,475.0,121.14601166666667,122.391,99.324,255.45776707567236,2400,10.0,64,64,1,True,100,sgd,cosine,32,100,0.1,False,1.0.0
p6-resnet50-imagenet100-jointexit-s1,31,59712,2026-08-29T10:42:18Z,1788000138.1124659,local,0,local-ac35a4a3df,CB-410-122,resnet50,resnet,imagenet100,1,p6,jointexit,5ebc9ef77ddcfc9511257817cc08e2e52da55d4cf2058b69153c9569ab0b7469,1.6498336218365812,1.5765509201049805,0.8138531764311738,0.7498,NA,0.9281,0.7493749113419387,0.7498,0.7493749113419388,0.7692207990655854,0.7498,0.7692207990655855,0.7497999999999999,0.7498,0.7498,0.7497999999999999,0.7472727272727273,0.747531221447293,1.3515130281448364,2.0208122730255127,0.11457400078176255,1.6465479135513306,0.7594,2,False,0.07029572813436388,0.10540408687253966,0.9925878643989563,0.3524757921695709,0.6799983382225037,1.5087860822677612,1.6498336218365812,1.6498336218365812,NA,NA,NA,NA,NA,NA,NA,NA,NA,NA,NA,0.020339704480919218,0.020339704480919218,0.020339704480919218,[0.0203397],0.9,0.0001,2.3479929259251655,3.2627980709075928,1.6286437511444092,2.343756914138794,2.7543426513671876,2.9106899166107176,0.24057544080314086,NA,0.0,107.95130920410156,11.65066146850586,0.10792515213019017,32768.0,1,1866,1866,0,0,251.62884163856506,244.23912978172302,7.388640642166138,8065.336421966553,0.0,241.02857303619385,0.0,0.0,0.0,9.316105880235371,0.038146004370944266,130.88013134329776,133.13591480255127,136.13486289978027,144.21852827072144,150.50029754638672,488.8446831050518,1353.4289302055279,119395,3820640,17110.761231422424,97.61290322580645,100.0,7155.72265625,20475.0,94.37096774193549,74.49193548387096,76.0,121.1247056451613,122.26,2316.9556451612902,8551.0,30374.407870499912,4.0,318.69189453125,5886.0,3320.64892578125,20474.5,1,5.72741935483871,24,41280.56342930948,64860.765625,63.62701612903227,26659.109375,-1,633239,30471.611391499286,8.46433649763869,0.00846433649763869,976813.0239025039,271.33695108402884,0.27133695108402883,4.020559836378378,0.004020559836378378,128.8850517649137,0.1288850517649137,475.0,121.12123433583959,122.26,106.747,255.21681302817777,2394,10.0,64,64,1,True,100,sgd,cosine,32,100,0.1,False,1.0.0
p6-resnet50-imagenet100-jointexit-s1,32,61578,2026-08-29T10:46:30Z,1788000390.2046754,local,0,local-ac35a4a3df,CB-410-122,resnet50,resnet,imagenet100,1,p6,jointexit,5ebc9ef77ddcfc9511257817cc08e2e52da55d4cf2058b69153c9569ab0b7469,1.6409059196886562,1.5232468910217285,0.8160894509820344,0.7661,NA,0.9358,0.7652252499192747,0.7661,0.7652252499192747,0.7803360528971388,0.7661,0.7803360528971388,0.7661,0.7661,0.7661,0.7661,0.7637373737373737,0.7639165293133358,1.2586946487426758,2.060502290725708,0.11686024893961366,1.6349186301231384,0.7661,0,True,0.06984389290362598,0.10894546603340749,0.9322670102119446,0.33100423216819763,0.6963547468185425,1.4501901865005493,1.6409059196886562,1.6409059196886562,NA,NA,NA,NA,NA,NA,NA,NA,NA,NA,NA,0.02001351434103782,0.02001351434103782,0.02001351434103782,[0.02001351],0.9,0.0001,2.3680804368639556,3.464594841003418,1.5656133890151978,2.368547558784485,2.7737693786621094,2.965232849121093,0.24790591571038376,NA,0.0,106.3590087890625,11.570802688598633,0.10879005756387346,65536.0,0,1866,1866,0,0,251.91177225112915,244.5284457206726,7.383326530456543,8317.248194217682,0.0,241.35392117500305,0.0,0.0,0.0,13.7109425444352,0.056074829470179194,131.03511977425725,133.17930698394775,135.88106632232666,142.56268739700315,147.02439308166504,488.2663023032754,1354.4030537928352,119395,3940035,16878.088740825653,97.61847389558233,100.0,7155.72265625,20475.0,94.33333333333333,74.5421686746988,76.0,121.19404016064259,122.061,2315.843373493976,8551.0,30527.37184649872,4.0,318.69189453125,5886.0,3320.46142578125,20474.5,1,5.757028112449799,24,41278.90516754518,64860.765625,63.63895582329318,26659.21484375,-1,633238,30528.619692998618,8.480172136944061,0.008480172136944061,1007341.6435955025,279.8171232209729,0.2798171232209729,4.028081765048429,0.004028081765048429,132.91313352996212,0.13291313352996212,475.0,121.19051773049644,122.061,106.152,255.6942894844727,2397,10.0,64,64,1,True,100,sgd,cosine,32,100,0.1,False,1.0.0
p6-resnet50-imagenet100-jointexit-s1,33,63444,2026-08-29T10:50:44Z,1788000644.046143,local,0,local-ac35a4a3df,CB-410-122,resnet50,resnet,imagenet100,1,p6,jointexit,5ebc9ef77ddcfc9511257817cc08e2e52da55d4cf2058b69153c9569ab0b7469,1.6246762670231174,1.5570046920776368,0.8216843251392437,0.7548,NA,0.9337,0.7511244896852474,0.7548,0.7511244896852476,0.7706248293228374,0.7548,0.7706248293228374,0.7548,0.7548,0.7548,0.7548,0.7523232323232323,0.7525706178600085,1.2820994853973389,2.1540050506591797,0.11641845832943828,1.619759440422058,0.7661,1,False,0.05663593413978814,0.1026439724198307,0.9663601517677307,0.34563252329826355,0.6981884837150574,1.4422019720077515,1.6246762670231174,1.6246762670231174,NA,NA,NA,NA,NA,NA,NA,NA,NA,NA,NA,0.0196791082835368,0.0196791082835368,0.0196791082835368,[0.01967911],0.9,0.0001,2.3652509323074096,3.9150123596191406,1.324296474456787,2.355874538421631,2.771233558654785,2.985480728149414,0.254056290525501,NA,0.0,104.85352325439453,11.420666694641113,0.10892019972407041,65536.0,1,1866,1866,0,0,253.54165291786194,246.10728693008423,7.43436598777771,8570.789847135544,0.0,242.56559371948242,0.0,0.0,0.0,9.81413577732287,0.039880017444592214,131.88186591333385,133.1787109375,136.76834106445312,146.12327814102173,150.0997543334961,485.13394905661005,1345.1046150324398,119395,4059430,16733.749092578888,96.9,100.0,7182.203125,20475.0,93.38,74.244,75.0,120.517,121.851,2320.2,8551.0,30500.676766000277,4.0,318.69189453125,5886.0,3320.64892578125,20474.5,1,10.4296,24,41360.12359375,64860.765625,63.762,26683.4921875,-1,633235,30554.210622499675,8.487280728472133,0.008487280728472131,1037895.8542180022,288.30440394944503,0.28830440394944506,4.031458346024262,0.004031458346024262,136.94459187598636,0.13694459187598637,475.0,120.53412008281575,121.851,98.004,255.90862785292245,2415,10.0,64,64,1,True,100,sgd,cosine,32,100,0.1,False,1.0.0
p6-resnet50-imagenet100-jointexit-s1,34,65310,2026-08-29T10:54:58Z,1788000898.221241,local,0,local-ac35a4a3df,CB-410-122,resnet50,resnet,imagenet100,1,p6,jointexit,5ebc9ef77ddcfc9511257817cc08e2e52da55d4cf2058b69153c9569ab0b7469,1.6182517162524124,1.54449934425354,0.8234180660831694,0.7582,NA,0.9324,0.7568222321547056,0.7582,0.7568222321547053,0.7717478954863967,0.7582,0.7717478954863968,0.7582000000000001,0.7582,0.7582,0.7582000000000001,0.7557575757575757,0.7559303370346186,1.2798789739608765,2.159975290298462,0.11546668515184122,1.6155732870101929,0.7661,2,False,0.0798627280443907,0.13243817691449766,0.9708395600318909,0.3426850438117981,0.6783947944641113,1.5472800731658936,1.6182517162524124,1.6182517162524124,NA,NA,NA,NA,NA,NA,NA,NA,NA,NA,NA,0.01933685197653034,0.01933685197653034,0.01933685197653034,[0.01933685],0.9,0.0001,2.383904439249264,3.219524383544922,1.6165380477905273,2.379035234451294,2.794722652435303,2.9864197707176205,0.24581685199329784,NA,0.0,103.460205078125,11.349003791809082,0.10969438716305664,32768.0,2,1866,1866,0,0,253.8274953365326,246.41888976097107,7.408605575561523,8824.617342472076,0.0,242.62373304367065,0.0,0.0,0.0,10.565764151121442,0.04288236587573073,132.04152599408312,133.1850290298462,136.76035404205322,145.83535194396973,149.918794631958,484.5204850805651,1349.7816691695139,119395,4178825,16498.78719687462,96.732,100.0,7155.9921875,20475.0,93.428,74.208,75.0,120.445832,121.727,2321.16,8551.0,30473.70895699989,4.0,318.69189453125,5886.0,3320.46142578125,20474.5,1,12.471599999999999,24,41503.31821875,64860.765625,64.004,26659.12890625,-1,633234,30560.943583000517,8.489150995277921,0.008489150995277922,1068456.7978010026,296.7935549447229,0.2967935549447229,4.032346722757012,0.004032346722757012,140.97693859874337,0.14097693859874338,475.0,120.42392253521123,121.727,90.664,255.9650201683531,2414,10.0,64,64,1,True,100,sgd,cosine,32,100,0.1,False,1.0.0
p6-resnet50-imagenet100-jointexit-s1,35,67176,2026-08-29T10:59:12Z,1788001152.4790268,local,0,local-ac35a4a3df,CB-410-122,resnet50,resnet,imagenet100,1,p6,jointexit,5ebc9ef77ddcfc9511257817cc08e2e52da55d4cf2058b69153c9569ab0b7469,1.6089740424206311,1.5520545812606812,0.8259391096779597,0.7591,NA,0.9314,0.7558886111254468,0.7591,0.7558886111254468,0.7716729267715717,0.7591,0.7716729267715716,0.7591,0.7591,0.7591,0.7591,0.7566666666666667,0.7569177833028239,1.1999173164367676,2.059969425201416,0.1135377156410617,1.5997645854949951,0.7661,3,False,0.04971811060160399,0.07401466984063543,0.952565610408783,0.3392300307750702,0.7094787359237671,1.379961371421814,1.6089740424206311,1.6089740424206311,NA,NA,NA,NA,NA,NA,NA,NA,NA,NA,NA,0.018987119672265195,0.018987119672265195,0.018987119672265195,[0.01898712],0.9,0.0001,2.411313199549514,3.5164592266082764,1.4031802415847778,2.4039151668548584,2.8307780742645265,3.038574504852294,0.2551597492215169,NA,0.0,102.19591522216797,11.279900550842285,0.11037525840754435,32768.0,1,1866,1866,0,0,253.9960720539093,246.5691590309143,7.425396680831909,9078.613414525986,0.0,242.0810136795044,0.0,0.0,0.0,13.638273427360938,0.055316554330959854,132.1273223124644,133.20136070251465,136.77096366882324,146.44204378128052,153.4595489501953,484.225198598461,1346.7293977457434,119395,4298220,16255.748611450195,96.72509960159363,100.0,7155.9921875,20475.0,93.41035856573706,74.21115537848605,75.0,120.3714501992032,121.837,2319.5019920318723,8551.0,30573.184915999947,4.0,318.69189453125,5886.0,3320.64892578125,20474.5,1,12.142629482071712,24,41493.541910483065,64860.765625,63.96254980079681,26659.8515625,-1,633234,30555.282816999945,8.487578560277763,0.008487578560277763,1099012.0806180027,305.28113350500075,0.30528113350500075,4.031599816131937,0.004031599816131937,145.00853841487532,0.14500853841487532,475.0,120.34843384487765,122.068,100.24,255.91760808241503,2411,10.0,64,64,1,True,100,sgd,cosine,32,100,0.1,False,1.0.0
p6-resnet50-imagenet100-jointexit-s1,36,69042,2026-08-29T11:03:26Z,1788001406.820944,local,0,local-ac35a4a3df,CB-410-122,resnet50,resnet,imagenet100,1,p6,jointexit,5ebc9ef77ddcfc9511257817cc08e2e52da55d4cf2058b69153c9569ab0b7469,1.5977831471290334,1.5326493686676026,0.8290548180409565,0.7594,NA,0.9355,0.7571499687973295,0.7594,0.7571499687973295,0.7727270140683861,0.7594,0.772727014068386,0.7594000000000001,0.7594,0.7594,0.7594000000000001,0.756969696969697,0.7571579544298866,1.3114192485809326,1.9867284297943115,0.11050094260083522,1.5926160216331482,0.7661,4,False,0.07962204005569219,0.09957204159692135,0.9608155488967896,0.34271112084388733,0.6798126697540283,1.5545990467071533,1.5977831471290334,1.5977831471290334,NA,NA,NA,NA,NA,NA,NA,NA,NA,NA,NA,0.018630293797881354,0.018630293797881354,0.018630293797881354,[0.01863029],0.9,0.0001,2.4264535563880574,3.2820355892181396,1.5651847124099731,2.4243171215057373,2.865273857116699,3.043626232147216,0.2653966062223542,NA,0.0,101.02069854736328,11.17057991027832,0.11057713984269298,32768.0,1,1866,1866,0,0,254.14196825027466,246.69901585578918,7.442952394485474,9332.75538277626,0.0,242.60060811042786,0.0,0.0,0.0,12.674994932977777,0.051385807836389796,132.18828451211812,133.20910930633545,136.91961765289307,146.57336473464966,156.91852569580078,483.970313322181,1343.5528631634213,119395,4417615,16010.943999767303,96.82868525896414,100.0,7156.1171875,20475.0,93.38247011952191,74.31474103585657,75.0,120.42308366533864,121.682,2320.7569721115538,8551.0,30592.754515998982,4.0,318.69189453125,5886.0,3320.46142578125,20474.5,1,12.341434262948209,24,41534.396818974106,64860.765625,64.03545816733069,26659.953125,-1,633232,30597.225644499937,8.499229345694427,0.008499229345694427,1129609.3062625027,313.7803628506952,0.3137803628506952,4.037133939204852,0.004037133939204853,149.04567235408018,0.14904567235408017,475.0,120.40885844370862,121.682,103.628,256.26890275555877,2416,10.0,64,64,1,True,100,sgd,cosine,32,100,0.1,False,1.0.0
p6-resnet50-imagenet100-jointexit-s1,37,70908,2026-08-29T11:07:40Z,1788001660.8484297,local,0,local-ac35a4a3df,CB-410-122,resnet50,resnet,imagenet100,1,p6,jointexit,5ebc9ef77ddcfc9511257817cc08e2e52da55d4cf2058b69153c9569ab0b7469,1.588174915613254,1.5166364841461182,0.8323380376062649,0.7625,NA,0.9385,0.7595517972527545,0.7625,0.7595517972527546,0.7736801398862718,0.7625,0.7736801398862718,0.7625,0.7625,0.7625,0.7625,0.7601010101010102,0.7602927278769288,1.1961520910263062,2.039273977279663,0.10919203671143665,1.5849766731262207,0.7661,5,False,0.0724949692927301,0.10286047848515545,0.9373443126678467,0.33738917112350464,0.6900179386138916,1.5054681301116943,1.588174915613254,1.588174915613254,NA,NA,NA,NA,NA,NA,NA,NA,NA,NA,NA,0.018266764537233603,0.018266764537233603,0.018266764537233603,[0.01826676],0.9,0.0001,2.438542133298061,3.5255095958709717,1.4646553993225098,2.431353807449341,2.880565643310547,3.0376894283294673,0.2657248408494405,NA,0.0,99.91740417480469,11.077125549316406,0.11086282355711588,32768.0,1,1866,1866,0,0,253.7545039653778,246.3263030052185,7.428200960159302,9586.509886741638,0.0,242.12092661857605,0.0,0.0,0.0,9.699483181300916,0.039381447764728156,131.99129109725052,133.18073749542236,137.4955177307129,146.72604799270627,153.18870544433594,484.7026019688631,1346.220983200964,119395,4537010,15732.779245853424,97.056,100.0,7156.0546875,20475.0,93.756,74.264,76.0,120.44191599999999,121.944,2320.14,8551.0,30478.87648849992,4.0,318.69189453125,5886.0,3320.64892578125,20474.5,1,12.308,24,41310.567265625,64860.765625,63.705600000000004,26685.1953125,-1,633231,30562.15807249965,8.489488353472124,0.008489488353472125,1160171.4643350022,322.2698512041673,0.3222698512041673,4.032506967899259,0.004032506967899259,153.07817932197943,0.15307817932197942,475.0,120.44840696228763,121.944,95.773,255.97519219816283,2413,10.0,64,64,1,True,100,sgd,cosine,32,100,0.1,False,1.0.0
p6-resnet50-imagenet100-jointexit-s1,38,72774,2026-08-29T11:11:55Z,1788001915.304588,local,0,local-ac35a4a3df,CB-410-122,resnet50,resnet,imagenet100,1,p6,jointexit,5ebc9ef77ddcfc9511257817cc08e2e52da55d4cf2058b69153c9569ab0b7469,1.579984627678005,1.5152532861709596,0.8352527325264877,0.774,NA,0.9363,0.7729404732693348,0.774,0.7729404732693348,0.7887722619222931,0.774,0.7887722619222933,0.7739999999999999,0.774,0.774,0.7739999999999999,0.7717171717171717,0.7719223197903082,1.2853721380233765,1.95991849899292,0.10939615467393589,1.5735018253326416,0.774,0,True,0.04117562496513131,0.12322949380316633,0.8986172676086426,0.3236381709575653,0.7328243851661682,1.262660264968872,1.579984627678005,1.579984627678005,NA,NA,NA,NA,NA,NA,NA,NA,NA,NA,NA,0.017896929404231165,0.017896929404231165,0.017896929404231165,[0.01789693],0.9,0.0001,2.450539718934066,3.3910858631134033,1.554577350616455,2.4364776611328125,2.891662299633026,3.107357323169708,0.264627117653036,NA,0.0,98.89018249511719,10.977721214294434,0.11100921180761772,32768.0,0,1866,1866,0,0,254.20330166816711,246.74306201934814,7.459239721298218,9840.713188409805,0.0,242.6152584552765,0.0,0.0,0.0,10.48370553317823,0.042489128352040155,132.2285856847978,133.2477331161499,136.5807056427002,147.40219116210938,149.97100830078125,483.883919664731,1340.6192016389016,119395,4656405,15506.401401758194,96.92828685258964,100.0,7156.0546875,20475.0,93.50996015936255,74.2589641434263,75.0,120.43291633466136,121.983,2319.561752988048,8551.0,30600.3692020014,4.0,318.69189453125,5886.0,3320.46142578125,20474.5,1,12.203187250996017,24,41228.284564865535,64860.765625,63.553386454183276,26660.00390625,-1,633230,30599.93947299993,8.499983186944425,0.008499983186944424,1190771.4038080021,330.7698343911117,0.3307698343911117,4.037492013798602,0.004037492013798601,157.11567133577802,0.15711567133577803,475.0,120.41342236024843,121.983,101.692,256.29163258930384,2415,10.0,64,64,1,True,100,sgd,cosine,32,100,0.1,False,1.0.0
p6-resnet50-imagenet100-jointexit-s1,39,74640,2026-08-29T11:16:10Z,1788002170.009126,local,0,local-ac35a4a3df,CB-410-122,resnet50,resnet,imagenet100,1,p6,jointexit,5ebc9ef77ddcfc9511257817cc08e2e52da55d4cf2058b69153c9569ab0b7469,1.5679014079279923,1.5340910999298096,0.8394991415050882,0.7638,NA,0.9318,0.760787780542837,0.7638,0.7607877805428371,0.7759194040471874,0.7638,0.7759194040471874,0.7638000000000001,0.7638,0.7638,0.7638000000000001,0.7614141414141414,0.7616316221392424,1.208497166633606,1.970789909362793,0.11101175079902381,1.5618261694908142,0.774,1,False,0.06293313660025594,0.11332280290197339,0.953439474105835,0.3327278196811676,0.7008967995643616,1.4654661417007446,1.5679014079279923,1.5679014079279923,NA,NA,NA,NA,NA,NA,NA,NA,NA,NA,NA,0.017521192808162125,0.017521192808162125,0.017521192808162125,[0.01752119],0.9,0.0001,2.4700859425214916,3.395400285720825,1.6854749917984009,2.476724863052368,2.9216814994812013,3.1100224304199213,0.27180638861781287,NA,0.0,97.93757629394531,10.86782455444336,0.1109668522102811,32768.0,1,1866,1866,0,0,254.141282081604,246.73248434066772,7.408797740936279,10094.85447049141,0.0,242.14698672294617,0.0,0.0,0.0,11.836835635335822,0.047979115391405945,132.2122637226395,133.18753242492676,136.7509365081787,146.78401947021482,151.5812873840332,483.9046642725378,1349.746659265159,119395,4775800,15248.47692489624,96.55776892430279,100.0,7156.0546875,20475.0,93.02788844621514,74.18326693227091,75.0,120.24801195219123,121.908,2320.6972111553787,8551.0,30562.987963001004,4.0,318.69189453125,5886.0,3320.64892578125,20474.5,1,12.057768924302788,24,41204.329650149404,64860.765625,63.527091633466135,26681.875,-1,633230,30561.571318499566,8.48932536624988,0.00848932536624988,1221332.9751265016,339.25915975736154,0.33925915975736154,4.032429548968693,0.004032429548968693,161.1481008847467,0.1611481008847467,475.0,120.26590769867548,121.908,76.886,255.97027780476205,2416,10.0,64,64,1,True,100,sgd,cosine,32,100,0.1,False,1.0.0
p6-resnet50-imagenet100-jointexit-s1,40,76506,2026-08-29T11:20:24Z,1788002424.774937,local,0,local-ac35a4a3df,CB-410-122,resnet50,resnet,imagenet100,1,p6,jointexit,5ebc9ef77ddcfc9511257817cc08e2e52da55d4cf2058b69153c9569ab0b7469,1.5645082432229573,1.4775228717803954,0.8401608107542192,0.7779,NA,0.9438,0.7775760578633395,0.7779,0.7775760578633398,0.7942036356838281,0.7779,0.794203635683828,0.7779,0.7779,0.7779,0.7779,0.7756565656565657,0.7758390111538838,1.2489469051361084,1.9481306076049805,0.10945013041581533,1.5609063506126404,0.7779,0,True,0.05953082606196402,0.10210652238678197,0.8767099380493164,0.3157299757003784,0.7201493382453918,1.3483105897903442,1.5645082432229573,1.5645082432229573,NA,NA,NA,NA,NA,NA,NA,NA,NA,NA,NA,0.017139965611477764,0.017139965611477764,0.017139965611477764,[0.01713997],0.9,0.0001,2.496787803732697,3.527371644973755,1.6468384265899658,2.498400568962097,2.9465919137001038,3.116475582122801,0.2784804504954479,NA,0.0,97.05496978759766,10.751834869384766,0.1107808790514786,65536.0,0,1866,1866,0,0,254.19252824783325,246.76633596420288,7.426192283630371,10349.046998739243,0.0,242.54621863365173,0.0,0.0,0.0,12.025960319920591,0.04873901187379561,132.23042902072527,133.24546813964844,136.185884475708,146.2180495262146,150.22897720336914,483.83828180404646,1346.5851163109658,119395,4895195,14997.359166622162,96.8207171314741,100.0,7156.0546875,20475.0,93.49402390438247,74.30278884462152,76.0,120.35285657370518,121.71,2319.262948207171,8551.0,30575.089341499868,4.0,318.69189453125,5886.0,3320.46142578125,20474.5,1,12.249402390438245,24,41196.79170816733,64860.765625,63.518725099601596,26660.07421875,-1,633229,30594.308320000655,8.498418977777959,0.00849841897777796,1251927.2834465024,347.75757873513953,0.34775757873513957,4.03674901444453,0.004036749014444531,165.18484989919125,0.16518484989919124,475.0,120.37152213487794,121.836,76.391,256.24446852883835,2417,10.0,64,64,1,True,100,sgd,cosine,32,100,0.1,False,1.0.0
p6-resnet50-imagenet100-jointexit-s1,41,78372,2026-08-29T11:24:39Z,1788002679.4499295,local,0,local-ac35a4a3df,CB-410-122,resnet50,resnet,imagenet100,1,p6,jointexit,5ebc9ef77ddcfc9511257817cc08e2e52da55d4cf2058b69153c9569ab0b7469,1.5548102686655692,1.4844062171936034,0.8428912433518991,0.7789,NA,0.9451,0.7753763592095088,0.7789,0.7753763592095086,0.7890796554126751,0.7789,0.7890796554126753,0.7789,0.7789,0.7789,0.7789,0.7766666666666666,0.7768973923683722,1.269599199295044,1.9970102310180664,0.10945321844426648,1.5511122345924377,0.7789,0,True,0.04405172297656538,0.07221618028416965,0.8711257576942444,0.314750611782074,0.7368456125259399,1.2707449197769165,1.5548102686655692,1.5548102686655692,NA,NA,NA,NA,NA,NA,NA,NA,NA,NA,NA,0.01675366468052054,0.01675366468052054,0.01675366468052054,[0.01675366],0.9,0.0001,2.5153573687530395,3.6479947566986084,1.5813177824020386,2.506592273712158,3.002145004272461,3.2534189891815175,0.29494051325085174,NA,0.0,96.23300170898438,10.619747161865234,0.11035452467730483,32768.0,1,1866,1866,0,0,254.2091200351715,246.76527404785156,7.443845987319946,10603.256118774414,0.0,242.8718774318695,0.0,0.0,0.0,10.462924530631618,0.042401658686414524,132.23871106375705,133.22699069976807,136.40284538269043,146.46261930465695,152.0559787750244,483.8403639275739,1343.3915770200347,119395,5014590,14744.128962039948,96.99203187250995,100.0,7156.0546875,20475.0,93.7011952191235,74.26294820717132,76.0,120.3176374501992,121.722,2319.6812749003984,8551.0,30578.848083000317,4.0,318.69189453125,5886.0,3320.64892578125,20474.5,1,12.027490039840638,24,41212.41540089642,64860.765625,63.53147410358566,26679.02734375,-1,633229,30582.920711000104,8.495255753055584,0.008495255753055585,1282510.2041575026,356.25283448819516,0.35625283448819517,4.035246482701402,0.004035246482701402,169.22009638189263,0.16922009638189264,475.0,120.32363636363637,121.906,85.011,256.14909092508145,2420,10.0,64,64,1,True,100,sgd,cosine,32,100,0.1,False,1.0.0
p6-resnet50-imagenet100-jointexit-s1,42,80238,2026-08-29T11:28:53Z,1788002933.9593887,local,0,local-ac35a4a3df,CB-410-122,resnet50,resnet,imagenet100,1,p6,jointexit,5ebc9ef77ddcfc9511257817cc08e2e52da55d4cf2058b69153c9569ab0b7469,1.541058192843593,1.4785556282043457,0.848737384312576,0.7787,NA,0.9406,0.7775667244721799,0.7787,0.7775667244721801,0.7893860612036022,0.7787,0.7893860612036022,0.7787,0.7787,0.7787,0.7787,0.7764646464646465,0.7766108277937457,1.2117156982421875,1.9584758281707764,0.10637177675485043,1.5334368348121643,0.7789,1,False,0.05582107998728751,0.08591726852368708,0.8763728737831116,0.3133509159088135,0.7249950170516968,1.3338485956192017,1.541058192843593,1.541058192843593,NA,NA,NA,NA,NA,NA,NA,NA,NA,NA,NA,0.016362712429686847,0.016362712429686847,0.016362712429686847,[0.01636271],0.9,0.0001,2.513972246551002,3.7263100147247314,1.7046453952789307,2.505592107772827,2.967029285430908,3.1559341812133783,0.28199997772695373,NA,0.0,95.4306869506836,10.436768531799316,0.1093649104422019,32768.0,1,1866,1866,0,0,254.01275753974915,246.57701230049133,7.4357452392578125,10857.268876314163,0.0,242.05251502990723,0.0,0.0,0.0,13.701951102206582,0.05557264384341188,132.13251922419346,133.19528102874756,136.4203691482544,145.1497912406921,149.74379539489746,484.2097764348737,1344.8551124645758,119395,5133985,14478.727179765701,96.66533864541833,100.0,7156.0546875,20475.0,93.21513944223108,74.25498007968127,75.0,120.31821115537848,121.929,2321.0557768924305,8551.0,30571.26849000027,4.0,318.69189453125,5886.0,3320.46142578125,20474.5,1,12.12390438247012,24,41216.287988670316,64860.765625,63.537848605577686,26664.3046875,-1,633229,30558.469015499508,8.48846361541653,0.00848846361541653,1313068.6731730022,364.7412981036117,0.3647412981036117,4.032020217322851,0.004032020217322851,173.2521165992155,0.1732521165992155,475.0,120.33661853537441,121.929,81.614,255.94429427948833,2417,10.0,64,64,1,True,100,sgd,cosine,32,100,0.1,False,1.0.0
p6-resnet50-imagenet100-jointexit-s1,43,82104,2026-08-29T11:33:08Z,1788003188.2365334,local,0,local-ac35a4a3df,CB-410-122,resnet50,resnet,imagenet100,1,p6,jointexit,5ebc9ef77ddcfc9511257817cc08e2e52da55d4cf2058b69153c9569ab0b7469,1.5340155285573633,1.5044186264038086,0.8521127350391557,0.773,NA,0.9398,0.7726481630280753,0.773,0.7726481630280753,0.7867660246348148,0.773,0.7867660246348149,0.7730000000000001,0.773,0.773,0.7730000000000001,0.7707070707070707,0.7708988770781514,1.222367525100708,1.8971890211105347,0.1050261312846678,1.5308493971824646,0.7789,2,False,0.06482773640193046,0.10364696612724889,0.9184146523475647,0.3261164128780365,0.7082029581069946,1.4228599071502686,1.5340155285573633,1.5340155285573633,NA,NA,NA,NA,NA,NA,NA,NA,NA,NA,NA,0.015967536359523065,0.015967536359523065,0.015967536359523065,[0.01596754],0.9,0.0001,2.539781206862217,3.6460580825805664,1.6026259660720825,2.5398411750793457,3.0221125602722165,3.217856378555297,0.2915864638142183,NA,0.0,94.69136810302734,10.322349548339844,0.10901045950786967,32768.0,1,1866,1866,0,0,253.92599487304688,246.471529006958,7.454465866088867,11111.19487118721,0.0,241.8703830242157,0.0,0.0,0.0,10.140637523249577,0.04114950545905795,132.06538433430663,133.1692934036255,137.29417324066162,146.09727859497067,152.91714668273926,484.41700540848035,1341.477736921572,119395,5253380,14219.855712890625,96.86,100.0,7156.0546875,20475.0,93.596,74.096,75.0,120.29702800000001,121.596,2322.36,8551.0,30446.86242200016,4.0,318.69189453125,5886.0,3320.64892578125,20474.5,1,12.069600000000003,24,41218.15778125,64860.765625,63.5312,26683.55859375,-1,633228,30539.541335500122,8.48320592652781,0.008483205926527812,1343608.2145085023,373.22450403013954,0.3732245040301395,4.0295228151007105,0.004029522815100711,177.2816394143162,0.1772816394143162,475.0,120.2958330571665,121.663,90.764,255.78576435780494,2414,10.0,64,64,1,True,100,sgd,cosine,32,100,0.1,False,1.0.0
p6-resnet50-imagenet100-jointexit-s1,44,83970,2026-08-29T11:37:22Z,1788003442.9608383,local,0,local-ac35a4a3df,CB-410-122,resnet50,resnet,imagenet100,1,p6,jointexit,5ebc9ef77ddcfc9511257817cc08e2e52da55d4cf2058b69153c9569ab0b7469,1.524476824184574,1.5179682117462159,0.8556639725281628,0.7689,NA,0.9366,0.7688918729001658,0.7689,0.768891872900166,0.786806015230302,0.7689,0.7868060152303019,0.7689000000000001,0.7689,0.7689,0.7689000000000001,0.7665656565656566,0.7667808268670705,1.220363736152649,1.9277902841567993,0.10530180366858359,1.5197545886039734,0.7789,3,False,0.06033865678161385,0.09146677757140886,0.9359371066093445,0.33146655559539795,0.7085613012313843,1.4324158430099487,1.524476824184574,1.524476824184574,NA,NA,NA,NA,NA,NA,NA,NA,NA,NA,NA,0.015568568589259995,0.015568568589259995,0.015568568589259995,[0.01556857],0.9,0.0001,2.5541869438346176,4.107789039611816,1.5480871200561523,2.552541494369507,3.055482029914856,3.243870031833648,0.29769798488780014,NA,0.0,93.98682403564453,10.173626899719238,0.10824524611940166,65536.0,0,1866,1866,0,0,254.3767957687378,246.92834997177124,7.448445796966553,11365.571666955948,0.0,242.71305179595947,0.0,0.0,0.0,11.079435411252474,0.04487729701084372,132.3059268319722,133.24761390686035,135.63549518585205,146.0353136062622,150.33721923828125,483.52082704820725,1342.5619615937314,119395,5372775,13990.723767280579,96.9601593625498,100.0,7156.0546875,20475.0,93.41035856573706,74.07569721115537,75.0,120.31850199203186,121.774,2322.3107569721114,8551.0,30573.144634000982,4.0,318.69189453125,5886.0,3320.46142578125,20474.5,1,12.080876494023903,24,41216.23571339642,64860.765625,63.53386454183267,26685.0859375,-1,633228,30604.963785500884,8.501378829305802,0.008501378829305802,1374213.1782940032,381.72588285944533,0.38172588285944536,4.038154943920255,0.004038154943920256,181.31979435823646,0.18131979435823647,475.0,120.33962985938791,121.971,90.327,256.333714020695,2418,10.0,64,64,1,True,100,sgd,cosine,32,100,0.1,False,1.0.0
p6-resnet50-imagenet100-jointexit-s1,45,85836,2026-08-29T11:41:37Z,1788003697.1621637,local,0,local-ac35a4a3df,CB-410-122,resnet50,resnet,imagenet100,1,p6,jointexit,5ebc9ef77ddcfc9511257817cc08e2e52da55d4cf2058b69153c9569ab0b7469,1.5169422565839854,1.4865530424118043,0.8575400979940534,0.7756,NA,0.9428,0.775158962941831,0.7756,0.7751589629418306,0.7888906572142099,0.7756,0.7888906572142097,0.7756000000000002,0.7756,0.7756,0.7756000000000002,0.7733333333333333,0.7735139347609492,1.249996304512024,1.9266759157180786,0.10199771277088088,1.5137020945549011,0.7789,4,False,0.05888034288287163,0.08978596202833655,0.9024187326431274,0.32040882110595703,0.7170754671096802,1.4064500331878662,1.5169422565839854,1.5169422565839854,NA,NA,NA,NA,NA,NA,NA,NA,NA,NA,NA,0.015166245384296844,0.015166245384296844,0.015166245384296844,[0.01516625],0.9,0.0001,2.5702846487469713,3.713094472885132,1.7510932683944702,2.5665314197540283,3.0761422157287597,3.2943471050262447,0.29678133088435327,NA,0.0,93.32977294921875,10.008261680603027,0.10723546585770201,32768.0,1,1866,1866,0,0,253.97459483146667,246.54698848724365,7.4276063442230225,11619.546261787415,0.0,242.39529705047607,0.0,0.0,0.0,11.609099262639097,0.04709181009542372,132.11176696953154,133.13663005828857,137.44628429412842,147.0534086227417,152.8763771057129,484.2687421678951,1346.3287547242876,119395,5492170,13714.6281208992,96.932,100.0,7156.0546875,20475.0,93.628,74.156,75.0,120.381928,121.852,2320.8,8551.0,30459.64862200027,4.0,318.69189453125,5886.0,3320.64892578125,20474.5,1,12.032800000000002,24,41219.977296875,64860.765625,63.52960000000001,26687.7265625,-1,633228,30568.77229050112,8.491325636250311,0.008491325636250312,1404781.9505845043,390.2172084956956,0.39021720849569563,4.033379677218898,0.004033379677218898,185.35317403545537,0.18535317403545537,475.0,120.37232104391055,121.852,100.13,256.0305899786517,2414,10.0,64,64,1,True,100,sgd,cosine,32,100,0.1,False,1.0.0
p6-resnet50-imagenet100-jointexit-s1,46,87702,2026-08-29T11:45:51Z,1788003951.3566139,local,0,local-ac35a4a3df,CB-410-122,resnet50,resnet,imagenet100,1,p6,jointexit,5ebc9ef77ddcfc9511257817cc08e2e52da55d4cf2058b69153c9569ab0b7469,1.5082810263492148,1.4905445022583008,0.8610327065622514,0.7774,NA,0.9416,0.776049492145261,0.7774,0.7760494921452611,0.791395707920731,0.7774,0.7913957079207312,0.7774000000000001,0.7774,0.7774,0.7774000000000001,0.7751515151515151,0.7753491603967009,1.1999828815460205,1.89300537109375,0.10213307311790856,1.5051741003990173,0.7789,5,False,0.03846582628041505,0.07176616550988235,0.8815934658050537,0.3175126016139984,0.7389341592788696,1.2638276815414429,1.5082810263492148,1.5082810263492148,NA,NA,NA,NA,NA,NA,NA,NA,NA,NA,NA,0.014761006679151378,0.014761006679151378,0.014761006679151378,[0.01476101],0.9,0.0001,2.5899926368416795,3.768465757369995,1.6448462009429932,2.584733009338379,3.091750431060791,3.305508651733398,0.3065858653216947,NA,0.0,92.69317626953125,9.84272289276123,0.10618605693412393,32768.0,1,1866,1866,0,0,253.9046983718872,246.49130082130432,7.413397550582886,11873.450960159302,0.0,242.05753135681152,0.0,0.0,0.0,12.832883721903752,0.052067144080966105,132.0835894965921,133.20040702819824,136.14225387573242,146.03333473205566,153.0313491821289,484.3781488522237,1348.9091785201429,119395,5611565,13456.949013710022,97.044,100.0,7156.0546875,20475.0,93.588,74.156,75.0,120.44582399999999,122.025,2320.8,8551.0,30476.37473349997,4.0,318.69189453125,5886.0,3320.46142578125,20474.5,1,11.196,24,41224.374734375,64860.765625,63.5364,26661.265625,-1,633227,30572.76804750115,8.49243556875032,0.008492435568750319,1435354.7186320054,398.70964406444597,0.3987096440644459,4.033906895156401,0.0040339068951564016,189.38708093061177,0.18938708093061177,475.0,120.45260489220563,122.025,97.871,256.0640566816127,2412,10.0,64,64,1,True,100,sgd,cosine,32,100,0.1,False,1.0.0
p6-resnet50-imagenet100-jointexit-s1,47,89568,2026-08-29T11:50:05Z,1788004205.7978923,local,0,local-ac35a4a3df,CB-410-122,resnet50,resnet,imagenet100,1,p6,jointexit,5ebc9ef77ddcfc9511257817cc08e2e52da55d4cf2058b69153c9569ab0b7469,1.4984567200949337,1.4933255222320556,0.8643578039281377,0.7768,NA,0.9411,0.7766991914989364,0.7768,0.7766991914989366,0.7920907634427228,0.7768,0.7920907634427227,0.7768,0.7768,0.7768,0.7768,0.7745454545454545,0.7747875939403532,1.1628038883209229,1.909725308418274,0.1015553243617633,1.4911689162254333,0.7789,6,False,0.04639196352064611,0.07246144561280943,0.8990132808685303,0.32050034403800964,0.7304080128669739,1.3330414295196533,1.4984567200949337,1.4984567200949337,NA,NA,NA,NA,NA,NA,NA,NA,NA,NA,NA,0.014353295596398028,0.014353295596398028,0.014353295596398028,[0.0143533],0.9,0.0001,2.6095157151309114,3.639334201812744,1.6237986087799072,2.6075921058654785,3.140873432159424,3.337386584281921,0.31216052034049385,NA,0.0,92.09412384033203,9.711520195007324,0.10545211561863219,65536.0,0,1866,1866,0,0,254.07492971420288,246.64120388031006,7.433725833892822,12127.525889873505,0.0,242.63556122779846,0.0,0.0,0.0,14.496979575408133,0.05878145328981244,132.16777182596417,133.09729099273682,137.9561424255371,147.2821593284607,156.0955047607422,484.0837545454893,1345.2204484602705,119395,5730960,13211.89634513855,97.12350597609561,100.0,7175.4765625,20475.0,93.79282868525897,74.11952191235059,75.0,120.34021115537848,121.874,2322.7290836653387,8551.0,30568.340205000335,4.0,318.69189453125,5886.0,3320.64892578125,20474.5,1,12.151394422310757,24,41254.50017119024,64860.765625,63.61115537848606,26661.25390625,-1,633227,30567.220271500435,8.490894519861232,0.008490894519861233,1465921.938903506,407.2005385843072,0.4072005385843072,4.033174896934086,0.004033174896934086,193.42025582754584,0.19342025582754585,475.0,120.33509464508096,121.886,92.297,256.01759095021094,2409,10.0,64,64,1,True,100,sgd,cosine,32,100,0.1,False,1.0.0
p6-resnet50-imagenet100-jointexit-s1,48,91434,2026-08-29T11:54:18Z,1788004458.5565007,local,0,local-ac35a4a3df,CB-410-122,resnet50,resnet,imagenet100,1,p6,jointexit,5ebc9ef77ddcfc9511257817cc08e2e52da55d4cf2058b69153c9569ab0b7469,1.4895522507936683,1.493474485397339,0.8679509192177227,0.7751,NA,0.9397,0.7754867904406875,0.7751,0.7754867904406875,0.7916125017288417,0.7751,0.7916125017288418,0.7751000000000002,0.7751,0.7751,0.7751000000000002,0.7728282828282829,0.7730260231893461,1.2067047357559204,1.9750001430511475,0.10005017206030682,1.4826533198356628,0.7789,7,False,0.04988968862928452,0.0737543295366696,0.9048628807067871,0.31938907504081726,0.7269629836082458,1.3608735799789429,1.4895522507936683,1.4895522507936683,NA,NA,NA,NA,NA,NA,NA,NA,NA,NA,NA,0.013943557962119832,0.013943557962119832,0.013943557962119832,[0.01394356],0.9,0.0001,2.6235453989166997,3.870917320251465,1.560968279838562,2.614083766937256,3.1592604160308837,3.3788586616516105,0.31175137368723366,NA,0.0,91.52960968017578,9.522682189941406,0.10403936194217056,32768.0,1,1866,1866,0,0,252.47523045539856,245.096843957901,7.377746343612671,12380.001120328903,0.0,241.49538111686707,0.0,0.0,0.0,15.212314367294313,0.0620711865176268,131.3389696875569,133.20279121398926,135.6719732284546,142.0151591300964,148.86140823364258,487.1339755827613,1355.4274617556569,119395,5850355,12876.236753225327,97.2570281124498,100.0,7156.0546875,20475.0,93.87550200803213,74.36546184738955,76.0,120.9318232931727,122.121,2320.3614457831327,8551.0,30464.117431499893,4.0,318.69189453125,5886.0,3320.46142578125,20474.5,1,7.461044176706827,24,41325.97234249498,64860.765625,63.725702811244986,26661.2578125,-1,633227,30535.837751001072,8.482177153055854,0.008482177153055853,1496457.776654507,415.6827157373631,0.41568271573736304,4.0290341477015295,0.00402903414770153,197.44928997524738,0.19744928997524738,475.0,120.95745133111481,122.121,95.074,255.75474476319005,2404,10.0,64,64,1,True,100,sgd,cosine,32,100,0.1,False,1.0.0
p6-resnet50-imagenet100-jointexit-s1,49,93300,2026-08-29T11:58:30Z,1788004710.3297591,local,0,local-ac35a4a3df,CB-410-122,resnet50,resnet,imagenet100,1,p6,jointexit,5ebc9ef77ddcfc9511257817cc08e2e52da55d4cf2058b69153c9569ab0b7469,1.4799933009273647,1.4674594860076904,0.8709577452992169,0.7834,NA,0.9432,0.7792516375175853,0.7834,0.7792516375175854,0.7908835103038635,0.7834,0.7908835103038634,0.7834,0.7834,0.7834,0.7834,0.7812121212121212,0.7813930149015083,1.205368161201477,1.8982703685760498,0.10115859102923211,1.4733130931854248,0.7834,0,True,0.04721039082594215,0.07941965443831589,0.8716380000114441,0.308390736579895,0.7368319630622864,1.3185783624649048,1.4799933009273647,1.4799933009273647,NA,NA,NA,NA,NA,NA,NA,NA,NA,NA,NA,0.013532241818404159,0.013532241818404159,0.013532241818404159,[0.01353224],0.9,0.0001,2.6370730025518996,4.358485698699951,1.595171332359314,2.6311416625976562,3.167599058151245,3.432795553207396,0.32296365194269805,NA,0.0,90.97310638427734,9.33687973022461,0.10263340564391543,32768.0,1,1866,1866,0,0,251.5769486427307,244.1921684741974,7.384780168533325,12631.578068971634,0.0,240.9101231098175,0.0,0.0,0.0,12.317116800107454,0.05044270495162694,130.85763081349234,133.11266899108887,136.3389492034912,144.24008131027222,150.634765625,488.93869425061393,1354.136449803905,119395,5969750,12578.847432136536,97.6975806451613,100.0,7156.0546875,20475.0,94.46774193548387,74.4475806451613,76.0,121.16970161290321,121.909,2318.7701612903224,8551.0,30398.13027749997,4.0,318.69189453125,5886.0,3320.64892578125,20474.5,1,5.872177419354839,24,41325.31708354335,64860.765625,63.716935483870984,26671.87109375,-1,633226,30481.214629999286,8.467004063888691,0.00846700406388869,1526938.9912845064,424.14971980125176,0.42414971980125177,4.021826930347127,0.0040218269303471275,201.47111690559453,0.20147111690559452,475.0,121.15972977481235,121.969,104.001,255.2972455295388,2398,10.0,64,64,1,True,100,sgd,cosine,32,100,0.1,False,1.0.0
p6-resnet50-imagenet100-jointexit-s1,50,95166,2026-08-29T12:02:43Z,1788004963.005544,local,0,local-ac35a4a3df,CB-410-122,resnet50,resnet,imagenet100,1,p6,jointexit,5ebc9ef77ddcfc9511257817cc08e2e52da55d4cf2058b69153c9569ab0b7469,1.4691944551565743,1.4554397985458374,0.8750031408350434,0.7849,NA,0.9472,0.7848641922692198,0.7849,0.7848641922692198,0.7969423433253624,0.7849,0.7969423433253624,0.7848999999999998,0.7849,0.7849,0.7848999999999998,0.7827272727272727,0.7828654804535569,1.1837568283081055,1.8726081848144531,0.09652352506693666,1.4684383273124695,0.7849,0,True,0.05082710544615985,0.15117116076381582,0.8526468873023987,0.30579087138175964,0.7385021448135376,1.2850315570831299,1.4691944551565743,1.4691944551565743,NA,NA,NA,NA,NA,NA,NA,NA,NA,NA,NA,0.013119796933415286,0.013119796933415286,0.013119796933415286,[0.0131198],0.9,0.0001,2.652688839747336,4.109984397888184,1.6540411710739136,2.652022957801819,3.1947659254074097,3.4108802795410154,0.3244141331782214,NA,0.0,90.43803405761719,9.15129280090332,0.10118854192554784,65536.0,0,1866,1866,0,0,252.3608500957489,244.91935992240906,7.441490173339844,12883.938919067383,0.0,241.36751914024353,0.0,0.0,0.0,12.79131000920346,0.05223093870605529,131.2428201765365,133.16142559051514,136.11602783203125,144.2508816719055,150.59471130371094,487.4869836252413,1343.8168655824297,119395,6089145,12365.681654691696,97.55421686746988,100.0,7156.0546875,20475.0,94.23293172690764,74.14859437751004,75.0,120.84600401606426,121.7,2321.9277108433735,8551.0,30440.560716000025,4.0,318.69189453125,5886.0,3320.46142578125,20474.5,1,7.502409638554218,24,41329.6788560492,64860.765625,63.72208835341366,26684.6328125,-1,633229,30502.281319499954,8.47285592208332,0.00847285592208332,1557441.2726040063,432.6225757233351,0.43262257572333507,4.024606562989577,0.004024606562989577,205.49572346858412,0.2054957234685841,475.0,120.86718893050353,121.777,98.051,255.473690853888,2403,10.0,64,64,1,True,100,sgd,cosine,32,100,0.1,False,1.0.0
p6-resnet50-imagenet100-jointexit-s1,51,97032,2026-08-29T12:06:55Z,1788005215.8132362,local,0,local-ac35a4a3df,CB-410-122,resnet50,resnet,imagenet100,1,p6,jointexit,5ebc9ef77ddcfc9511257817cc08e2e52da55d4cf2058b69153c9569ab0b7469,1.4625900038373276,1.469354814338684,0.8776833200720299,0.7861,NA,0.9437,0.7823979315980694,0.7861,0.7823979315980694,0.7930737735098989,0.7861,0.793073773509899,0.7861,0.7861,0.7861,0.7861,0.7839393939393939,0.7841210142318232,1.1661908626556396,1.8351460695266724,0.0995405504708184,1.4581324458122253,0.7861,0,True,0.04163237256109713,0.1300020694732666,0.8657128810882568,0.30783796310424805,0.7491689920425415,1.2521378993988037,1.4625900038373276,1.4625900038373276,NA,NA,NA,NA,NA,NA,NA,NA,NA,NA,NA,0.012706674309579485,0.012706674309579485,0.012706674309579485,[0.01270667],0.9,0.0001,2.6834443332682345,3.961322069168091,1.556098222732544,2.6779539585113525,3.244874143600464,3.451667366027832,0.3400582644057256,NA,0.0,89.93984985351562,9.00267505645752,0.10009662092076105,32768.0,1,1866,1866,0,0,252.29408383369446,244.8764865398407,7.416561603546143,13136.233002901077,0.0,241.2403335571289,0.0,0.0,0.0,13.804579985769172,0.05638324520668846,131.20835463717054,133.15868377685547,136.41762733459473,144.91654634475705,151.6897678375244,487.5723336571753,1348.3337069860804,119395,6208540,12110.116024017334,97.3293172690763,100.0,7156.0546875,20475.0,93.97590361445783,74.13253012048193,75.0,120.71220883534137,122.09,2322.4698795180725,8551.0,30414.91985199889,4.0,318.69189453125,5886.0,3320.64892578125,20474.5,1,7.669879518072289,24,41224.45157191265,64860.765625,63.5433734939759,26666.140625,-1,633227,30455.858225500557,8.459960618194598,0.008459960618194599,1587897.1308295068,441.08253634152965,0.44108253634152966,4.018481293642434,0.004018481293642434,209.51420476222654,0.20951420476222654,475.0,120.71640907199335,122.09,78.115,255.08487143934465,2403,10.0,64,64,1,True,100,sgd,cosine,32,100,0.1,False,1.0.0
p6-resnet50-imagenet100-jointexit-s1,52,98898,2026-08-29T12:11:08Z,1788005468.8219602,local,0,local-ac35a4a3df,CB-410-122,resnet50,resnet,imagenet100,1,p6,jointexit,5ebc9ef77ddcfc9511257817cc08e2e52da55d4cf2058b69153c9569ab0b7469,1.4568689498176897,1.4610221904754639,0.8791322919720256,0.7858,NA,0.9435,0.7841318711313922,0.7858,0.7841318711313922,0.7964456973584066,0.7858,0.7964456973584066,0.7857999999999998,0.7858,0.7858,0.7857999999999998,0.7836363636363636,0.7838116482708354,1.157175898551941,1.8150649070739746,0.09728051962437571,1.4520331621170044,0.7861,1,False,0.04165342957824468,0.07312157883006298,0.8617637753486633,0.3067946434020996,0.7469034790992737,1.2759435176849365,1.4568689498176897,1.4568689498176897,NA,NA,NA,NA,NA,NA,NA,NA,NA,NA,NA,0.012293325690420524,0.012293325690420524,0.012293325690420524,[0.01229333],0.9,0.0001,2.7062718202217653,3.853233575820923,1.5465129613876343,2.70560884475708,3.2821796417236326,3.502881326675415,0.3401909496580417,NA,0.0,89.45603942871094,8.823206901550293,0.0986317632425663,32768.0,1,1866,1866,0,0,252.69136095046997,245.33593273162842,7.355428218841553,13388.924363851547,0.0,241.6791615486145,0.0,0.0,0.0,11.675645301216528,0.04759629013798389,131.46076350605628,133.19528102874756,135.60235500335693,145.27564048767087,150.3458023071289,486.6592458374433,1359.5401521809638,119395,6327935,11876.493964672089,97.15261044176707,100.0,7156.0546875,20475.0,93.85140562248996,74.0,75.0,120.72987951807228,122.341,2322.8313253012047,8551.0,30411.843234999636,4.0,318.69189453125,5886.0,3320.46142578125,20474.5,1,8.264658634538153,24,41215.97375439257,64860.765625,63.53574297188756,26683.89453125,-1,633227,30499.869530999546,8.472185980833206,0.008472185980833206,1618397.0003605064,449.55472232236286,0.4495547223223629,4.024288340895772,0.0040242883408957725,213.5384931031223,0.2135384931031223,475.0,120.74592512479202,122.341,95.702,255.45349077431672,2404,10.0,64,64,1,True,100,sgd,cosine,32,100,0.1,False,1.0.0
p6-resnet50-imagenet100-jointexit-s1,53,100764,2026-08-29T12:15:20Z,1788005720.9309735,local,0,local-ac35a4a3df,CB-410-122,resnet50,resnet,imagenet100,1,p6,jointexit,5ebc9ef77ddcfc9511257817cc08e2e52da55d4cf2058b69153c9569ab0b7469,1.4451175375726386,1.4584011838912965,0.8846182838477323,0.7886,NA,0.9451,0.7877758868720673,0.7886,0.7877758868720673,0.7980789856193821,0.7886,0.7980789856193821,0.7886,0.7886,0.7886,0.7886,0.7864646464646465,0.7865880869174668,1.1747627258300781,1.7950712442398071,0.09473652171622739,1.4400821328163147,0.7886,0,True,0.04866664837561547,0.08174714317844001,0.8629137873649597,0.30394086241722107,0.7402681708335876,1.3074969053268433,1.4451175375726386,1.4451175375726386,NA,NA,NA,NA,NA,NA,NA,NA,NA,NA,NA,0.011880203066584728,0.011880203066584728,0.011880203066584728,[0.0118802],0.9,0.0001,2.7158508078981662,4.183709621429443,1.611425757408142,2.707759380340576,3.282121181488037,3.5357362747192345,0.34623714541843226,NA,0.0,88.98648071289062,8.635903358459473,0.09704736370373698,32768.0,1,1866,1866,0,0,251.92576694488525,244.54184556007385,7.383921384811401,13640.850130796432,0.0,240.99520444869995,0.0,0.0,0.0,11.621146390312598,0.0475259046856629,131.04092193186474,133.11123847961426,136.66701316833496,144.50550079345703,149.45459365844727,488.2395474138579,1354.2939420468138,119395,6447330,11588.585279464722,97.285140562249,100.0,7156.0546875,20475.0,94.02008032128514,73.79116465863454,75.0,120.85742570281124,122.302,2323.734939759036,8551.0,30430.739375498943,4.0,318.69189453125,5886.0,3320.64892578125,20474.5,1,7.3686746987951794,24,41195.13729919679,64860.765625,63.51686746987952,26685.9609375,-1,633227,30436.40162550044,8.454556007083456,0.008454556007083456,1648833.4019860069,458.0092783294464,0.4580092783294464,4.015914103364641,0.004015914103364641,217.55440720648696,0.21755440720648694,475.0,120.83287671803414,122.302,105.93,254.9219115163988,2401,10.0,64,64,1,True,100,sgd,cosine,32,100,0.1,False,1.0.0
p6-resnet50-imagenet100-jointexit-s1,54,102630,2026-08-29T12:19:33Z,1788005973.8280542,local,0,local-ac35a4a3df,CB-410-122,resnet50,resnet,imagenet100,1,p6,jointexit,5ebc9ef77ddcfc9511257817cc08e2e52da55d4cf2058b69153c9569ab0b7469,1.4360208435181203,1.4472632968902588,0.8877507433309603,0.7885,NA,0.9505,0.7882045222125252,0.7885,0.7882045222125252,0.7990723606066972,0.7885,0.7990723606066973,0.7884999999999998,0.7885,0.7885,0.7884999999999998,0.7863636363636364,0.7864778507738942,1.1781883239746094,1.8364143371582031,0.09363070513711184,1.4300383925437927,0.7886,1,False,0.05615974576808513,0.09423232877138754,0.8603324294090271,0.30396366119384766,0.7358731031417847,1.3515727519989014,1.4360208435181203,1.4360208435181203,NA,NA,NA,NA,NA,NA,NA,NA,NA,NA,NA,0.011467758181595853,0.011467758181595853,0.011467758181595853,[0.01146776],0.9,0.0001,2.7307193668964462,4.048672676086426,1.5469557046890259,2.7253538370132446,3.317022681236267,3.5555596709251396,0.34535352545821607,NA,0.0,88.52295684814453,8.408183097839355,0.0949830800643392,65536.0,0,1866,1866,0,0,252.55956888198853,245.17673134803772,7.382837533950806,13893.409699678421,0.0,241.58782529830933,0.0,0.0,0.0,9.602473949131213,0.03917048409611236,131.3749486610437,133.1632137298584,136.12687587738037,143.7649130821228,150.0258445739746,486.97524982709,1354.4927616263908,119395,6566725,11365.180599689484,96.99196787148594,100.0,7156.0546875,20475.0,93.75100401606426,74.07228915662651,76.0,120.77167068273093,122.163,2323.7951807228915,8551.0,30438.866435999968,4.0,318.69189453125,5886.0,3320.46142578125,20474.5,1,7.875100401606426,24,41223.281187249,64860.765625,63.53734939759036,26666.28515625,-1,633226,30508.07400049889,8.474465000138581,0.00847446500013858,1679341.4759865059,466.48374332958497,0.466483743329585,4.025370875065826,0.004025370875065826,221.57977808155277,0.22157977808155277,475.0,120.79276507276506,122.163,95.18,255.52220780182495,2405,10.0,64,64,1,True,100,sgd,cosine,32,100,0.1,False,1.0.0
p6-resnet50-imagenet100-jointexit-s1,55,104496,2026-08-29T12:23:45Z,1788006225.463337,local,0,local-ac35a4a3df,CB-410-122,resnet50,resnet,imagenet100,1,p6,jointexit,5ebc9ef77ddcfc9511257817cc08e2e52da55d4cf2058b69153c9569ab0b7469,1.428752020068432,1.4515213779449463,0.890506302608987,0.7868,NA,0.9484,0.7845602483163823,0.7868,0.7845602483163824,0.7949150037404477,0.7868,0.7949150037404473,0.7867999999999999,0.7868,0.7868,0.7867999999999999,0.7846464646464646,0.7847911570092774,1.1719390153884888,1.7769101858139038,0.09069948050497234,1.424911618232727,0.7886,2,False,0.0444835912063718,0.07239551215931994,0.8524727821350098,0.3045490086078644,0.7480823993682861,1.2703266143798828,1.428752020068432,1.428752020068432,NA,NA,NA,NA,NA,NA,NA,NA,NA,NA,NA,0.011056442037880181,0.011056442037880181,0.011056442037880181,[0.01105644],0.9,0.0001,2.7622645117322495,4.199633598327637,1.8617130517959595,2.7588753700256348,3.3320512771606445,3.5799829578399653,0.3461028623557023,NA,0.0,88.0829086303711,8.226946830749512,0.09340003592834184,32768.0,1,1866,1866,0,0,251.4240367412567,243.99670886993408,7.427327871322632,14144.833736419678,0.0,240.9655044078827,0.0,0.0,0.0,11.783882128564935,0.04829942533686449,130.74791942506485,133.0130100250244,136.57069206237793,144.1767334938049,148.48780632019043,489.33037069629165,1346.3792326457828,119395,6686120,11062.657616615295,97.62096774193549,100.0,7156.0546875,20475.0,94.29032258064517,74.30645161290323,75.0,121.12999193548387,122.043,2319.6169354838707,8551.0,30389.95878750036,4.0,318.69189453125,5886.0,3320.64892578125,20474.5,1,5.854838709677419,24,41215.34765625,64860.765625,63.52943548387096,26688.73828125,-1,633226,30444.98979450012,8.456941609583367,0.008456941609583367,1709786.465781006,474.94068493916836,0.47494068493916836,4.017047264552099,0.004017047264552099,225.59682534610488,0.22559682534610487,475.0,121.11410638297873,122.043,104.978,254.99384224213844,2397,10.0,64,64,1,True,100,sgd,cosine,32,100,0.1,False,1.0.0
p6-resnet50-imagenet100-jointexit-s1,56,106362,2026-08-29T12:27:58Z,1788006478.2089255,local,0,local-ac35a4a3df,CB-410-122,resnet50,resnet,imagenet100,1,p6,jointexit,5ebc9ef77ddcfc9511257817cc08e2e52da55d4cf2058b69153c9569ab0b7469,1.4167035827265697,1.456295903968811,0.8965199547719753,0.7901,NA,0.9444,0.7895213204690176,0.7901,0.7895213204690177,0.7977985095901048,0.7901,0.7977985095901048,0.7901,0.7901,0.7901,0.7901,0.787979797979798,0.7880779715446565,1.1543152332305908,1.7755229473114014,0.09134900113649579,1.4119758009910583,0.7901,0,True,0.035989174287766205,0.14679133406151895,0.8463619351387024,0.3016107976436615,0.7604565620422363,1.1974228620529175,1.4167035827265697,1.4167035827265697,NA,NA,NA,NA,NA,NA,NA,NA,NA,NA,NA,0.010646704403601978,0.010646704403601978,0.010646704403601978,[0.0106467],0.9,0.0001,2.7550234746677305,3.8770036697387695,1.5821678638458252,2.739157199859619,3.397200775146484,3.60402096748352,0.3700446266572477,NA,0.0,87.62907409667969,7.972892761230469,0.0909845601293711,32768.0,1,1866,1866,0,0,252.5730175971985,245.20609283447266,7.36692476272583,14397.406754016876,0.0,241.57217025756836,0.0,0.0,0.0,12.12212660438136,0.0494396755978042,131.39884980417395,132.97343254089355,136.44778728485107,145.60558795928955,151.17597579956055,486.9169384000505,1357.4185052895677,119395,6805515,10860.639756679535,97.57831325301204,100.0,7192.5390625,20475.0,94.18875502008032,74.16465863453816,75.0,120.88858232931726,121.809,2323.6746987951806,8551.0,30459.715144499656,4.0,318.69189453125,5886.0,3320.46142578125,20474.5,1,7.276706827309237,24,41274.85758659639,64860.765625,63.62409638554217,26685.3125,-1,633221,30509.716173500037,8.474921159305566,0.008474921159305565,1740296.181954506,483.4156060984739,0.4834156060984739,4.025587550670143,0.004025587550670143,229.62241289677502,0.229622412896775,475.0,120.83302092050208,121.824,103.544,255.53596192051626,2390,10.0,64,64,1,True,100,sgd,cosine,32,100,0.1,False,1.0.0
p6-resnet50-imagenet100-jointexit-s1,57,108228,2026-08-29T12:32:10Z,1788006730.1142714,local,0,local-ac35a4a3df,CB-410-122,resnet50,resnet,imagenet100,1,p6,jointexit,5ebc9ef77ddcfc9511257817cc08e2e52da55d4cf2058b69153c9569ab0b7469,1.4108218967577606,1.4557915515899658,0.8986222203609866,0.7919,NA,0.9449,0.7908100092068547,0.7919,0.7908100092068545,0.7979587809200923,0.7919,0.7979587809200925,0.7918999999999999,0.7919,0.7919,0.7918999999999999,0.7897979797979798,0.7898953503747861,1.1598684787750244,1.797110676765442,0.0911270814277555,1.4040584564208984,0.7919,0,True,0.044330135433375814,0.0841943899088311,0.8615869283676147,0.30132347345352173,0.7492401599884033,1.279403567314148,1.4108218967577606,1.4108218967577606,NA,NA,NA,NA,NA,NA,NA,NA,NA,NA,NA,0.01023899332084863,0.01023899332084863,0.01023899332084863,[0.01023899],0.9,0.0001,2.793696217470486,4.029340744018555,1.7764793634414673,2.7812827825546265,3.432428538799286,3.647132086753845,0.37346966237632584,NA,0.0,87.2005386352539,7.8017578125,0.08946914703283568,65536.0,0,1866,1866,0,0,251.6251938343048,244.2416729927063,7.383520841598511,14649.031947851181,0.0,240.7764344215393,0.0,0.0,0.0,11.023508172286185,0.045138834177899746,130.87534840595043,133.14366340637207,136.29984855651855,144.0433144569397,150.09355545043945,488.83959292059654,1354.3674101467057,119395,6924910,10568.258141040802,97.77016129032258,100.0,7156.1171875,20475.0,94.45564516129032,74.19354838709677,75.0,121.00336693548387,122.092,2321.9153225806454,8551.0,30354.245520499604,4.0,318.69189453125,5886.0,3320.64892578125,20474.5,1,5.7911290322580635,24,41351.84017452117,64860.765625,63.75282258064518,26684.296875,-1,633220,30433.689055500196,8.45380251541672,0.008453802515416721,1770729.8710100062,491.8694086138906,0.4918694086138906,4.015556194822943,0.0040155561948229425,233.63796909159794,0.23363796909159795,475.0,120.99383653846154,122.092,99.335,254.89919222329405,2392,10.0,64,64,1,True,100,sgd,cosine,32,100,0.1,False,1.0.0
p6-resnet50-imagenet100-jointexit-s1,58,110094,2026-08-29T12:36:22Z,1788006982.3735182,local,0,local-ac35a4a3df,CB-410-122,resnet50,resnet,imagenet100,1,p6,jointexit,5ebc9ef77ddcfc9511257817cc08e2e52da55d4cf2058b69153c9569ab0b7469,1.4019421172324744,1.4578855926513672,0.9020729511286067,0.7871,NA,0.9438,0.7862272519595169,0.7871,0.7862272519595169,0.7999930155713472,0.7871,0.7999930155713473,0.7870999999999999,0.7871,0.7871,0.7870999999999999,0.784949494949495,0.7851267394738615,1.1632485389709473,1.7504475116729736,0.08904045974810551,1.3974629044532776,0.7919,1,False,0.04607501651123167,0.07975623965850609,0.8696660995483398,0.30408498644828796,0.745125412940979,1.3147765398025513,1.4019421172324744,1.4019421172324744,NA,NA,NA,NA,NA,NA,NA,NA,NA,NA,NA,0.009833754615703169,0.009833754615703169,0.009833754615703169,[0.00983375],0.9,0.0001,2.8157050052852477,4.264173984527588,1.6487771272659302,2.808357000350952,3.4558489322662354,3.7538167858123774,0.3837363481866787,NA,0.0,86.78875732421875,7.590368747711182,0.08745797245783422,32768.0,1,1866,1866,0,0,251.97122859954834,244.58957076072693,7.381657838821411,14901.00317645073,0.0,241.56993103027344,0.0,0.0,0.0,12.763609810879357,0.05218721087839643,131.06833815191337,132.1392059326172,137.40897178649902,144.92672681808472,152.12488174438477,488.1442803495484,1354.709229058041,119395,7044305,10330.820372581482,97.38955823293173,100.0,7156.1171875,20475.0,94.09236947791165,74.11646586345381,75.0,120.91626506024097,121.811,2322.5301204819275,8551.0,30456.065076499806,4.0,318.69189453125,5886.0,3320.46142578125,20474.5,1,6.550602409638554,24,40858.6961753263,64860.765625,62.97751004016065,26664.91796875,-1,633253,30464.516247499392,8.462365624305386,0.008462365624305386,1801194.3872575057,500.33177423819603,0.500331774238196,4.019623671545058,0.004019623671545058,237.65759276314301,0.23765759276314302,475.0,120.91865447667087,122.033,95.329,255.15738722307796,2379,10.0,64,64,1,True,100,sgd,cosine,32,100,0.1,False,1.0.0
p6-resnet50-imagenet100-jointexit-s1,59,111960,2026-08-29T12:40:34Z,1788007234.1314397,local,0,local-ac35a4a3df,CB-410-122,resnet50,resnet,imagenet100,1,p6,jointexit,5ebc9ef77ddcfc9511257817cc08e2e52da55d4cf2058b69153c9569ab0b7469,1.3907987557662043,1.4509503484725952,0.9065957535910214,0.7909,NA,0.9444,0.7895675882034441,0.7909,0.7895675882034441,0.7976793082948005,0.7909,0.7976793082948005,0.7909,0.7909,0.7909,0.7909,0.7887878787878788,0.7888914933418069,1.1569840908050537,1.6878682374954224,0.08793543731655308,1.386212706565857,0.7919,2,False,0.04071506503745915,0.07635317843508077,0.8523394465446472,0.3002631962299347,0.7597065567970276,1.2388771772384644,1.3907987557662043,1.3907987557662043,NA,NA,NA,NA,NA,NA,NA,NA,NA,NA,NA,0.009431431410740014,0.009431431410740014,0.009431431410740014,[0.00943143],0.9,0.0001,2.8263582928890196,4.157202243804932,1.632030963897705,2.804622173309326,3.493898582458496,3.7874362468719482,0.3847182936155906,NA,0.0,86.36962127685547,7.375402450561523,0.085393479113679,32768.0,1,1866,1866,0,0,251.54240679740906,244.12133646011353,7.421070337295532,15152.545583248138,0.0,240.85354280471802,0.0,0.0,0.0,10.67438732950311,0.043730192043424855,130.81270718242322,133.1273317337036,136.08813285827637,143.6423420906067,163.01631927490234,489.0805602299646,1347.5145154929646,119395,7163700,10061.696271896362,97.75,100.0,7156.1171875,20475.0,94.45161290322581,73.81048387096774,75.0,120.93710080645161,121.708,2321.8548387096776,8551.0,30349.025196001017,4.0,318.69189453125,5886.0,3320.64892578125,20474.5,1,5.875,24,40315.934223790326,64860.765625,62.13024193548388,25794.9765625,-1,633252,30412.51850899951,8.447921808055419,0.00844792180805542,1831606.9057665053,508.77969604625144,0.5087796960462515,4.012762858826325,0.004012762858826325,241.67035562196935,0.24167035562196934,475.0,120.9320037578288,121.708,104.608,254.72187703839782,2395,10.0,64,64,1,True,100,sgd,cosine,32,100,0.1,False,1.0.0
p6-resnet50-imagenet100-jointexit-s1,60,113826,2026-08-29T12:44:46Z,1788007486.790202,local,0,local-ac35a4a3df,CB-410-122,resnet50,resnet,imagenet100,1,p6,jointexit,5ebc9ef77ddcfc9511257817cc08e2e52da55d4cf2058b69153c9569ab0b7469,1.383717307281023,1.4794031377792358,0.9092843083881235,0.7846,NA,0.9421,0.7821826218683796,0.7846,0.7821826218683796,0.7924484254543676,0.7846,0.7924484254543674,0.7846000000000001,0.7846,0.7846,0.7846000000000001,0.7824242424242425,0.7825576917461557,1.1472804546356201,1.7106868028640747,0.08348096743734444,1.3767957091331482,0.7919,3,False,0.04054877241626382,0.09123787360972371,0.8914511799812317,0.3101693391799927,0.7516874670982361,1.2804675102233887,1.383717307281023,1.383717307281023,NA,NA,NA,NA,NA,NA,NA,NA,NA,NA,NA,0.009032463640476947,0.009032463640476947,0.009032463640476947,[0.00903246],0.9,0.0001,2.844188104174412,4.300753116607666,1.7960883378982544,2.8230862617492676,3.513302278518677,3.81998487472534,0.38263860598905824,NA,0.0,85.9682846069336,7.141225814819336,0.08306814364705115,32768.0,1,1866,1866,0,0,252.34181714057922,244.96763730049133,7.374179840087891,15404.887400388718,0.0,241.0343794822693,0.0,0.0,0.0,13.246033467744526,0.0540806501316902,131.25997123738705,133.103609085083,136.35993003845215,145.45173645019528,152.8170108795166,487.39091136982825,1356.0830108370144,119395,7283095,9841.33086848259,97.17670682730923,100.0,7156.1171875,20475.0,93.855421686747,74.00401606425703,75.0,120.76753012048192,122.014,2324.156626506024,8551.0,30425.900305000687,4.0,318.69189453125,5886.0,3320.46142578125,20474.5,1,7.765060240963855,24,40316.74226593875,64860.765625,62.18554216867471,25796.4453125,-1,633252,30471.55931550069,8.464322032083524,0.008464322032083525,1862078.465082006,517.244018078335,0.517244018078335,4.020552965239674,0.004020552965239674,245.690908587209,0.24569090858720902,475.0,120.77674342928661,122.014,94.412,255.21637686252097,2397,10.0,64,64,1,True,100,sgd,cosine,32,100,0.1,False,1.0.0
p6-resnet50-imagenet100-jointexit-s1,61,115692,2026-08-29T12:48:59Z,1788007739.1823366,local,0,local-ac35a4a3df,CB-410-122,resnet50,resnet,imagenet100,1,p6,jointexit,5ebc9ef77ddcfc9511257817cc08e2e52da55d4cf2058b69153c9569ab0b7469,1.3750515535461967,1.4808238628387451,0.9131203149210604,0.7825,NA,0.9433,0.7821074933097221,0.7825,0.7821074933097218,0.794615108565237,0.7825,0.794615108565237,0.7825000000000002,0.7825,0.7825,0.7825000000000002,0.7803030303030303,0.7804660543657216,1.144129753112793,1.6711453199386597,0.08653494793281809,1.3692657351493835,0.7919,4,False,0.043892823946475985,0.08269355694452922,0.8927843570709229,0.3126646876335144,0.7551423907279968,1.2747963666915894,1.3750515535461967,1.3750515535461967,NA,NA,NA,NA,NA,NA,NA,NA,NA,NA,NA,0.008637287570313162,0.008637287570313162,0.008637287570313162,[0.00863729],0.9,0.0001,2.8541999029321046,5.124035835266113,1.4716094732284546,2.8587095737457275,3.55367773771286,3.92094371318817,0.4250468899290544,NA,0.0,85.56453704833984,6.881460666656494,0.08042421433039251,65536.0,0,1866,1866,0,0,252.21284341812134,244.80524063110352,7.407602787017822,15657.100243806839,0.0,241.3568992614746,0.0,0.0,0.0,10.103067812166717,0.041275338210072295,131.174974375088,133.09776782989502,136.4755630493164,145.06477117538452,150.1445770263672,487.7142323105577,1349.964393005181,119395,7402490,9584.08804988861,97.53815261044177,100.0,7156.1171875,20475.0,94.27710843373494,73.8433734939759,75.0,120.69518072289156,121.9,2327.3493975903616,8551.0,30397.198616499572,4.0,318.69189453125,5886.0,3320.64892578125,20474.5,1,7.945381526104418,24,40092.59163215361,64860.765625,61.816465863453814,25796.4609375,-1,633252,30439.64130049966,8.45545591680546,0.008455455916805462,1892518.1063825057,525.6994739951405,0.5256994739951405,4.016341560482594,0.004016341560482594,249.7072501476916,0.2497072501476916,475.0,120.68998792672774,121.9,106.1,254.94904560910976,2402,10.0,64,64,1,True,100,sgd,cosine,32,100,0.1,False,1.0.0
p6-resnet50-imagenet100-jointexit-s1,62,117558,2026-08-29T12:53:12Z,1788007992.3831186,local,0,local-ac35a4a3df,CB-410-122,resnet50,resnet,imagenet100,1,p6,jointexit,5ebc9ef77ddcfc9511257817cc08e2e52da55d4cf2058b69153c9569ab0b7469,1.3629623352819824,1.452168314743042,0.9182545332719125,0.7912,NA,0.9443,0.7920339823628022,0.7912,0.7920339823628022,0.800461454425768,0.7912,0.8004614544257678,0.7911999999999999,0.7912,0.7912,0.7911999999999999,0.7890909090909091,0.7891865180531806,1.1372625827789307,1.7308391332626343,0.08381575151755648,1.3589051365852356,0.7919,5,False,0.046189352124184374,0.11552887409925461,0.8601089119911194,0.3000917136669159,0.7607851624488831,1.2494564056396484,1.3629623352819824,1.3629623352819824,NA,NA,NA,NA,NA,NA,NA,NA,NA,NA,NA,0.008246335319479462,0.008246335319479462,0.008246335319479462,[0.00824634],0.9,0.0001,2.8554501160859425,5.0123724937438965,1.6209542751312256,2.861645221710205,3.546505928039551,3.846559190750122,0.4110623219577032,NA,0.0,85.16212463378906,6.626155853271484,0.0778063708692688,32768.0,1,1866,1866,0,0,253.0071725845337,245.63923716545105,7.367935419082642,15910.107416391373,0.0,241.83427548408508,0.0,0.0,0.0,14.038158454393086,0.05715385985651718,131.6294101529055,133.19933414459229,136.28947734832764,145.60383558273313,150.56562423706055,486.05834058823893,1357.232308809388,119395,7521885,9361.265385627747,97.028,100.0,7156.1171875,20475.0,93.708,74.14,75.0,120.58626,121.727,2323.92,8551.0,30512.097812499975,4.0,318.69189453125,5886.0,3320.46142578125,20474.5,1,9.098,24,40055.7331875,64860.765625,61.732000000000006,25796.45703125,-1,633251,30506.35830499926,8.47398841805535,0.008473988418055349,1923024.464687505,534.1734624131958,0.5341734624131959,4.0251444985762905,0.004025144498576291,253.7323946462679,0.2537323946462679,475.0,120.60233070211882,121.779,105.09,255.50783789102778,2407,10.0,64,64,1,True,100,sgd,cosine,32,100,0.1,False,1.0.0
p6-resnet50-imagenet100-jointexit-s1,63,119424,2026-08-29T12:57:25Z,1788008245.040197,local,0,local-ac35a4a3df,CB-410-122,resnet50,resnet,imagenet100,1,p6,jointexit,5ebc9ef77ddcfc9511257817cc08e2e52da55d4cf2058b69153c9569ab0b7469,1.3567061730088927,1.438324948310852,0.9196281251308681,0.7966,NA,0.9455,0.7950890291527467,0.7966,0.7950890291527467,0.801998668607103,0.7966,0.8019986686071031,0.7966000000000001,0.7966,0.7966,0.7966000000000001,0.7945454545454546,0.7946433783019663,1.136617660522461,1.6743431091308594,0.08371153654681095,1.3528046607971191,0.7966,0,True,0.04206738552153113,0.062021788320151594,0.8392481207847595,0.29313206672668457,0.7661659121513367,1.216584324836731,1.3567061730088927,1.3567061730088927,NA,NA,NA,NA,NA,NA,NA,NA,NA,NA,NA,0.007860034388522242,0.007860034388522242,0.007860034388522242,[0.00786003],0.9,0.0001,2.880234165613517,5.099538326263428,1.6827672719955444,2.8662164211273193,3.57905478477478,3.8424089050292958,0.4232519028891194,NA,0.0,84.77055358886719,6.415666103363037,0.0756827203757414,32768.0,1,1866,1866,0,0,252.47411274909973,245.08849358558655,7.385619163513184,16162.581529140472,0.0,241.44385409355164,0.0,0.0,0.0,12.885813813460501,0.052579740028236066,131.33539302556076,133.15439224243164,136.09492778778076,144.37075853347778,150.2242088317871,487.15057264941106,1353.9826219855088,119395,7641280,9089.06805896759,97.4578313253012,100.0,7156.1171875,20475.0,94.03212851405623,73.87951807228916,75.0,120.67964257028112,121.593,2323.734939759036,8551.0,30408.741444501327,4.0,318.69189453125,5886.0,3320.64892578125,20474.5,1,8.752610441767068,24,40061.99639181727,64860.765625,61.735742971887554,25796.46484375,-1,633251,30457.726551999935,8.46047959777776,0.00846047959777776,1953482.191239505,542.6339420109737,0.5426339420109736,4.018727808944435,0.0040187278089444355,257.75112245521234,0.2577511224552123,475.0,120.67788463140359,121.762,105.682,255.10051972025576,2401,10.0,64,64,1,True,100,sgd,cosine,32,100,0.1,False,1.0.0
p6-resnet50-imagenet100-jointexit-s1,64,121290,2026-08-29T13:01:37Z,1788008497.6580787,local,0,local-ac35a4a3df,CB-410-122,resnet50,resnet,imagenet100,1,p6,jointexit,5ebc9ef77ddcfc9511257817cc08e2e52da55d4cf2058b69153c9569ab0b7469,1.3481628811775257,1.4362890571594238,0.9233803760626492,0.7984,NA,0.9481,0.7977034110913741,0.7984,0.7977034110913742,0.8053329571367105,0.7984,0.8053329571367104,0.7984,0.7984,0.7984,0.7984,0.7963636363636364,0.7964601828435163,1.1158273220062256,1.734856367111206,0.08020527450589403,1.3419318795204163,0.7984,0,True,0.041944169735908476,0.0788198709487915,0.8439540863037109,0.2928731441497803,0.7625182867050171,1.2463479042053223,1.3481628811775257,1.3481628811775257,NA,NA,NA,NA,NA,NA,NA,NA,NA,NA,NA,0.0074788071918378855,0.0074788071918378855,0.0074788071918378855,[0.00747881],0.9,0.0001,2.897668400526686,6.161334991455078,1.680710792541504,2.8873414993286133,3.612826108932495,3.88280680656433,0.42512741809088117,NA,0.0,84.38575744628906,6.182096481323242,0.07325995130467487,32768.0,1,1866,1866,0,0,252.30261135101318,244.937805891037,7.364805459976196,16414.884140491486,0.0,241.30360174179077,0.0,0.0,0.0,7.783100103077136,0.031777881756073614,131.25505311951633,133.12160968780518,136.2980604171753,144.9064016342163,148.8020420074463,487.4502715726704,1357.8091172054287,119395,7760675,8830.591397285461,97.0,100.0,7156.1171875,20475.0,93.69076305220884,73.85943775100401,75.0,120.6665983935743,121.918,2327.289156626506,8551.0,30405.613703999617,4.0,318.69189453125,5886.0,3320.46142578125,20474.5,1,7.744979919678715,24,40092.062562751,64860.765625,61.81164658634538,25799.54296875,-1,633255,30437.621460000402,8.454894850000112,0.008454894850000111,1983919.8126995056,551.0888368609737,0.5510888368609738,4.016075053750053,0.004016075053750053,261.7671975089624,0.2617671975089624,475.0,120.65311041666668,122.364,96.681,254.93212831358437,2400,10.0,64,64,1,True,100,sgd,cosine,32,100,0.1,False,1.0.0
p6-resnet50-imagenet100-jointexit-s1,65,123156,2026-08-29T13:05:49Z,1788008749.9430213,local,0,local-ac35a4a3df,CB-410-122,resnet50,resnet,imagenet100,1,p6,jointexit,5ebc9ef77ddcfc9511257817cc08e2e52da55d4cf2058b69153c9569ab0b7469,1.3381868887368975,1.4411603267669677,0.9271661292348926,0.7975,NA,0.9454,0.7950965784248791,0.7975,0.7950965784248788,0.799877095587338,0.7975,0.799877095587338,0.7974999999999999,0.7975,0.7975,0.7974999999999999,0.7954545454545454,0.7955368435782265,1.1125069856643677,1.6432849168777466,0.07851163562855007,1.3338972926139832,0.7984,1,False,0.047819761995971204,0.07655693587154555,0.85420823097229,0.29541316628456116,0.7643764615058899,1.2618895769119263,1.3381868887368975,1.3381868887368975,NA,NA,NA,NA,NA,NA,NA,NA,NA,NA,NA,0.007103070595768842,0.007103070595768842,0.007103070595768842,[0.00710307],0.9,0.0001,2.9004383659234954,4.823766708374023,1.46161687374115,2.8824031352996826,3.6777842998504635,3.9730900478363034,0.4475300824552596,NA,0.0,84.00541687011719,5.940580368041992,0.07071663458592042,32768.0,1,1866,1866,0,0,251.9743573665619,244.59822845458984,7.376128911972046,16666.858497858047,0.0,241.04577088356018,0.0,0.0,0.0,12.854519379766364,0.0525580043223891,131.07061513878267,133.1796646118164,135.87427139282227,143.73286962509155,150.11191368103027,488.1270022042123,1355.724678803973,119395,7880070,8567.128150463104,97.6987951807229,100.0,7156.1171875,20475.0,94.38955823293173,73.69076305220884,76.0,120.71752208835342,122.073,2327.7710843373493,8551.0,30406.78242000098,4.0,318.69189453125,5886.0,3320.64892578125,20474.5,1,6.473092369477912,24,40114.649567018074,64860.765625,61.84899598393574,25800.984375,-1,633255,30415.982516000597,8.448884032222388,0.008448884032222388,2014335.795215506,559.5377208931961,0.5595377208931961,4.013219915305634,0.004013219915305634,265.780417424268,0.265780417424268,475.0,120.73384612176812,122.073,98.463,254.75089003727624,2398,10.0,64,64,1,True,100,sgd,cosine,32,100,0.1,False,1.0.0
p6-resnet50-imagenet100-jointexit-s1,66,125022,2026-08-29T13:10:01Z,1788009001.3942995,local,0,local-ac35a4a3df,CB-410-122,resnet50,resnet,imagenet100,1,p6,jointexit,5ebc9ef77ddcfc9511257817cc08e2e52da55d4cf2058b69153c9569ab0b7469,1.3312033391117655,1.447143801498413,0.9294777838267935,0.7967,NA,0.9482,0.7960606702491397,0.7967,0.7960606702491397,0.8072072146543386,0.7967,0.8072072146543388,0.7966999999999999,0.7967,0.7967,0.7966999999999999,0.7946464646464646,0.7947876443161572,1.1036473512649536,1.5905628204345703,0.0778887165447118,1.3274491429328918,0.7984,2,False,0.0464988197773695,0.08965866227407715,0.8487616181373596,0.2957534193992615,0.777671754360199,1.1761085987091064,1.3312033391117655,1.3312033391117655,NA,NA,NA,NA,NA,NA,NA,NA,NA,NA,NA,0.0067332354627664065,0.0067332354627664065,0.0067332354627664065,[0.00673324],0.9,0.0001,2.9248021320107793,4.9049072265625,1.4641590118408203,2.8961145877838135,3.672214078903198,4.046910209655761,0.4558436988084835,NA,0.0,83.63225555419922,5.710832118988037,0.0682850424294373,32768.0,1,1866,1866,0,0,251.2634003162384,243.88830280303955,7.3750975131988525,16918.121898174286,0.0,240.67404079437256,0.0,0.0,0.0,11.524745953710456,0.04725692596249146,130.69357979335967,132.9493522644043,136.84964179992676,144.35994625091553,149.8713493347168,489.54787346411433,1355.914275316833,119395,7999465,8291.692210435867,97.87903225806451,100.0,7156.1171875,20475.0,94.56854838709677,73.70967741935483,75.0,120.97744354838711,121.972,2324.2137096774195,8551.0,30345.61178399963,4.0,318.69189453125,5886.0,3320.46142578125,20474.5,1,5.70483870967742,24,40074.31226373488,64860.765625,61.81008064516127,25796.796875,-1,633254,30395.739450500245,8.44326095847229,0.00844326095847229,2044731.5346660065,567.9809818516685,0.5679809818516685,4.010548955274338,0.004010548955274338,269.79096637954234,0.26979096637954236,475.0,120.97151274550774,121.972,105.761,254.58134302525437,2393,10.0,64,64,1,True,100,sgd,cosine,32,100,0.1,False,1.0.0
p6-resnet50-imagenet100-jointexit-s1,67,126888,2026-08-29T13:14:13Z,1788009253.998312,local,0,local-ac35a4a3df,CB-410-122,resnet50,resnet,imagenet100,1,p6,jointexit,5ebc9ef77ddcfc9511257817cc08e2e52da55d4cf2058b69153c9569ab0b7469,1.3201810436655346,1.4740131046295166,0.9347795133799572,0.7886,NA,0.9442,0.7866923675372348,0.7886,0.7866923675372347,0.7953210482813675,0.7886,0.7953210482813674,0.7886,0.7886,0.7886,0.7886,0.7864646464646465,0.7865849316485198,1.1008554697036743,1.6652185916900635,0.07694879931437647,1.3134126663208008,0.7984,3,False,0.05297881517037751,0.10549242877960208,0.8830349445343018,0.30498626828193665,0.7750502228736877,1.1999950408935547,1.3201810436655346,1.3201810436655346,NA,NA,NA,NA,NA,NA,NA,NA,NA,NA,NA,0.00636970620211865,0.00636970620211865,0.00636970620211865,[0.00636971],0.9,0.0001,2.9124950443305644,5.196180820465088,1.6685878038406372,2.9054192304611206,3.6616249680519104,4.016040325164795,0.45014530258121144,NA,0.0,83.26099395751953,5.414083480834961,0.06502544857436211,32768.0,0,1866,1866,0,0,252.40842056274414,244.99078512191772,7.417635440826416,17170.53031873703,0.0,241.55759072303772,0.0,0.0,0.0,14.105067428789642,0.057583015980065655,131.2710984599041,133.1501007080078,136.0710859298706,144.36928033828735,150.12288093566895,487.34486050397373,1348.1385112242556,119395,8118860,8077.0694580078125,97.35742971887551,100.0,7156.1171875,20475.0,94.08835341365462,73.69477911646587,75.0,120.67769477911646,121.566,2325.0,8551.0,30398.682723000336,4.0,318.69189453125,5886.0,3320.64892578125,20474.5,1,7.764658634538153,24,40083.9467871486,64860.765625,61.8152610441767,25823.34765625,-1,633254,30458.506377499994,8.46069621597222,0.008460696215972221,2075190.0410435065,576.4416780676407,0.5764416780676407,4.018830702586805,0.004018830702586805,273.80979708212914,0.27380979708212916,475.0,120.6890579166667,121.629,104.8,255.10705119561118,2400,10.0,64,64,1,True,100,sgd,cosine,32,100,0.1,False,1.0.0
p6-resnet50-imagenet100-jointexit-s1,68,128754,2026-08-29T13:18:28Z,1788009508.3094115,local,0,local-ac35a4a3df,CB-410-122,resnet50,resnet,imagenet100,1,p6,jointexit,5ebc9ef77ddcfc9511257817cc08e2e52da55d4cf2058b69153c9569ab0b7469,1.3152284067187,1.4450606502532959,0.9361698563591441,0.7942,NA,0.9454,0.794483301870313,0.7942,0.7944833018703128,0.8017340644291887,0.7942,0.8017340644291887,0.7941999999999999,0.7942,0.7942,0.7941999999999999,0.7921212121212121,0.7922077435372578,1.089674472808838,1.5730942487716675,0.07393242274517127,1.3118133544921875,0.7984,4,False,0.04806778858006,0.09070228019805804,0.856590747833252,0.2962053418159485,0.7689117193222046,1.234267234802246,1.3152284067187,1.3152284067187,NA,NA,NA,NA,NA,NA,NA,NA,NA,NA,NA,0.0060128803277348115,0.0060128803277348115,0.0060128803277348115,[0.00601288],0.9,0.0001,2.9350208316987065,4.4582600593566895,1.5084211826324463,2.9110982418060303,3.720896768569946,4.081175155639647,0.45531985502249744,NA,0.0,82.89778900146484,5.1799092292785645,0.062485493179884846,32768.0,1,1866,1866,0,0,254.026953458786,246.59272456169128,7.434228897094727,17424.557272195816,0.0,242.69612669944763,0.0,0.0,0.0,9.638673870187057,0.03909094991969607,132.1385152086951,133.12149047851562,137.1220350265503,146.3966965675354,153.13220024108887,484.1789238195078,1345.1294193951935,119395,8238255,7874.835557222366,96.95617529880478,100.0,7156.1171875,20475.0,93.57768924302789,73.77689243027888,75.0,120.2381673306773,121.581,2326.195219123506,8551.0,30543.372109999123,4.0,318.69189453125,5886.0,3320.46142578125,20474.5,1,11.922709163346616,24,40095.65537848606,64860.765625,61.817529880478084,25822.5703125,-1,633253,30541.485789499122,8.483746052638645,0.008483746052638646,2105731.5268330057,584.9254241202793,0.5849254241202794,4.029779375003356,0.004029779375003356,277.8395764571325,0.27783957645713253,475.0,120.22985139061853,121.87,95.24,255.80205024916557,2409,10.0,64,64,1,True,100,sgd,cosine,32,100,0.1,False,1.0.0
p6-resnet50-imagenet100-jointexit-s1,69,130620,2026-08-29T13:22:42Z,1788009762.6342862,local,0,local-ac35a4a3df,CB-410-122,resnet50,resnet,imagenet100,1,p6,jointexit,5ebc9ef77ddcfc9511257817cc08e2e52da55d4cf2058b69153c9569ab0b7469,1.3022547123574837,1.439843476486206,0.9414548347920767,0.8005,NA,0.9458,0.7994178156891397,0.8005,0.7994178156891395,0.8057425829114645,0.8005,0.8057425829114645,0.8005000000000001,0.8005,0.8005,0.8005000000000001,0.7984848484848485,0.7985735596084872,1.099600076675415,1.6224654912948608,0.07401717263188967,1.2961651682853699,0.8005,0,True,0.04407080830037592,0.06186733096837997,0.8472153544425964,0.2907794117927551,0.7783134579658508,1.19544517993927,1.3022547123574837,1.3022547123574837,NA,NA,NA,NA,NA,NA,NA,NA,NA,NA,NA,0.005663148023469668,0.005663148023469668,0.005663148023469668,[0.00566315],0.9,0.0001,2.9083951223951243,5.513339996337891,1.541664481163025,2.9056434631347656,3.7172307491302488,4.021680946350096,0.4693458914772913,NA,0.0,82.52881622314453,4.883828639984131,0.0591772530309783,32768.0,1,1866,1866,0,0,254.00991940498352,246.574227809906,7.434365749359131,17678.5671916008,0.0,242.3614501953125,0.0,0.0,0.0,15.733560449198674,0.06381463442728885,132.12806899958994,133.19194316864014,136.9410753250122,145.7655906677246,155.29489517211914,484.2152444741565,1345.1046581696678,119395,8357650,7620.297582149506,96.708,100.0,7156.1171875,20475.0,93.464,73.608,75.0,120.15039599999999,121.504,2325.54,8551.0,30402.56855200004,4.0,318.69189453125,5886.0,3320.64892578125,20474.5,1,11.9332,24,40094.582859375,64860.765625,61.818,25796.94921875,-1,633253,30521.774172499587,8.478270603472108,0.008478270603472107,2136253.3010055055,593.4036947237515,0.5934036947237515,4.0271785366492505,0.00402717853664925,281.8667549937818,0.2818667549937818,475.0,120.17136634894322,121.914,94.768,255.63695441601058,2413,10.0,64,64,1,True,100,sgd,cosine,32,100,0.1,False,1.0.0
p6-resnet50-imagenet100-jointexit-s1,70,132486,2026-08-29T13:26:57Z,1788010017.2131093,local,0,local-ac35a4a3df,CB-410-122,resnet50,resnet,imagenet100,1,p6,jointexit,5ebc9ef77ddcfc9511257817cc08e2e52da55d4cf2058b69153c9569ab0b7469,1.294661356139869,1.438610188293457,0.9443360274718372,0.8014,NA,0.9477,0.7990650076357368,0.8014,0.799065007635737,0.8059909072661999,0.8014,0.8059909072662002,0.8014000000000001,0.8014,0.8014,0.8014000000000001,0.7993939393939394,0.7994940277749767,1.0702669620513916,1.6052249670028687,0.07357322813425807,1.2888966798782349,0.8014,0,True,0.045706928697973465,0.08127244268809714,0.8487129807472229,0.28977543115615845,0.7767055630683899,1.2096506357192993,1.294661356139869,1.294661356139869,NA,NA,NA,NA,NA,NA,NA,NA,NA,NA,NA,0.005320891716463207,0.005320891716463207,0.005320891716463207,[0.00532089],0.9,0.0001,2.914766681545861,4.85085916519165,1.5832713842391968,2.901603937149048,3.707161712646484,4.180894794464111,0.4726421685736234,NA,0.0,82.17412567138672,4.628903388977051,0.0563304245850814,32768.0,1,1866,1866,0,0,254.0240261554718,246.5903284549713,7.433697700500488,17932.59121775627,0.0,242.5413019657135,0.0,0.0,0.0,11.333853420458343,0.04596761396022557,132.1338200492491,133.2184076309204,137.17353343963623,147.40097522735596,155.08413314819336,484.1836285635272,1345.2255395490095,119395,8477045,7366.696758508682,97.06,100.0,7178.0078125,20475.0,93.62,73.76,75.0,120.13518,121.659,2325.42,8551.0,30412.416348998842,4.0,318.69189453125,5886.0,3320.46142578125,20474.5,1,12.082,24,40138.06765625,64860.765625,61.87279999999999,25799.90625,-1,633254,30512.550399999363,8.475708444444267,0.008475708444444268,2166765.8514055046,601.8794031681957,0.6018794031681958,4.025961511111028,0.004025961511111027,285.8927165048928,0.2858927165048928,475.0,120.15314321192054,121.704,77.19,255.5597001549425,2416,10.0,64,64,1,True,100,sgd,cosine,32,100,0.1,False,1.0.0
p6-resnet50-imagenet100-jointexit-s1,71,134352,2026-08-29T13:31:11Z,1788010271.6343634,local,0,local-ac35a4a3df,CB-410-122,resnet50,resnet,imagenet100,1,p6,jointexit,5ebc9ef77ddcfc9511257817cc08e2e52da55d4cf2058b69153c9569ab0b7469,1.2875159298845948,1.4667367980957031,0.947912391641191,0.7931,NA,0.9441,0.7935567244721732,0.7931,0.7935567244721732,0.8018154009269004,0.7931,0.8018154009269005,0.7931,0.7931,0.7931,0.7931,0.7910101010101009,0.791103936296562,1.0853854417800903,1.5867879390716553,0.07162482162219637,1.2845082879066467,0.8014,1,False,0.053978229467570776,0.11149684339761734,0.8737396597862244,0.3015809655189514,0.7812255620956421,1.1720187664031982,1.2875159298845948,1.2875159298845948,NA,NA,NA,NA,NA,NA,NA,NA,NA,NA,NA,0.0049864856589621875,0.0049864856589621875,0.0049864856589621875,[0.00498649],0.9,0.0001,2.9200468374640947,5.0920491218566895,1.5149893760681152,2.8920977115631104,3.7667962551116942,4.122479801177977,0.49743333574765053,NA,0.0,81.8245849609375,4.3939900398254395,0.05370012010354957,32768.0,1,1866,1866,0,0,254.1422975063324,246.71682906150818,7.425468444824219,18186.733515262604,0.0,241.82577919960022,0.0,0.0,0.0,10.187748934093275,0.041297585771969965,132.20318873978886,133.21566581726074,136.53814792633057,147.5023508071899,155.81393241882324,483.9353701738523,1346.7163821792697,119395,8596440,7115.984330177307,96.70517928286853,100.0,7156.0546875,20475.0,93.34262948207171,73.80876494023904,75.0,120.21941832669323,121.912,2328.0478087649403,8551.0,30538.45100800031,4.0,318.69189453125,5886.0,3320.64892578125,20474.5,1,12.229083665338646,24,40209.33019484562,64860.765625,62.0203187250996,25799.91015625,-1,633254,30539.30365049924,8.483139902916456,0.008483139902916456,2197305.155056004,610.3625430711122,0.6103625430711123,4.029491453885316,0.004029491453885316,289.9222079587781,0.2899222079587781,475.0,120.20419073231278,121.912,96.537,255.78377361279146,2417,10.0,64,64,1,True,100,sgd,cosine,32,100,0.1,False,1.0.0
p6-resnet50-imagenet100-jointexit-s1,72,136218,2026-08-29T13:35:24Z,1788010524.0946293,local,0,local-ac35a4a3df,CB-410-122,resnet50,resnet,imagenet100,1,p6,jointexit,5ebc9ef77ddcfc9511257817cc08e2e52da55d4cf2058b69153c9569ab0b7469,1.281021301108063,1.448439715385437,0.9489342099752921,0.7978,NA,0.9498,0.7972213919659602,0.7978,0.7972213919659602,0.8047781668408084,0.7978,0.8047781668408084,0.7977999999999997,0.7978,0.7978,0.7977999999999997,0.7957575757575758,0.7958506876960372,1.063797950744629,1.5494669675827026,0.06828302975897604,1.2774688005447388,0.8014,2,False,0.0482618990004063,0.09913478034953171,0.8587698936462402,0.29460597038269043,0.7833625078201294,1.1848136186599731,1.281021301108063,1.281021301108063,NA,NA,NA,NA,NA,NA,NA,NA,NA,NA,NA,0.004660295519080788,0.004660295519080788,0.004660295519080788,[0.0046603],0.9,0.0001,2.9356991491752398,4.913891792297363,1.549077033996582,2.9189231395721436,3.763205814361572,4.160645351409911,0.47947448931902525,NA,0.0,81.49410247802734,4.160040378570557,0.051047134112461666,32768.0,1,1866,1866,0,0,252.12819623947144,244.72579503059387,7.3998963832855225,18438.861711502075,0.0,239.8904423713684,0.0,0.0,0.0,12.147391620435213,0.04964369062922246,131.13159177643183,133.04626941680908,136.1095905303955,144.385027885437,150.39324760437012,487.8725595112444,1351.3702735875395,119395,8715835,6807.461298465729,97.7429718875502,100.0,7214.30078125,20475.0,94.5863453815261,73.78714859437751,75.0,120.81775903614458,121.95,2322.5301204819275,8551.0,30458.206078999494,4.0,318.69189453125,5886.0,3320.46142578125,20474.5,1,9.607228915662652,24,40313.39308797691,64860.765625,62.1562248995984,25795.73046875,-1,633253,30453.565758000437,8.459323821666787,0.008459323821666788,2227758.7208140045,618.821866892779,0.6188218668927791,4.018178815291724,0.004018178815291724,293.9403867740698,0.2939403867740698,475.0,120.81655212677234,121.95,91.316,255.06567073998437,2398,10.0,64,64,1,True,100,sgd,cosine,32,100,0.1,False,1.0.0
p6-resnet50-imagenet100-jointexit-s1,73,138084,2026-08-29T13:39:36Z,1788010776.8302262,local,0,local-ac35a4a3df,CB-410-122,resnet50,resnet,imagenet100,1,p6,jointexit,5ebc9ef77ddcfc9511257817cc08e2e52da55d4cf2058b69153c9569ab0b7469,1.2721648381050819,1.4455830179214477,0.9528790987897315,0.7972,NA,0.9481,0.7971151496574269,0.7972,0.797115149657427,0.8039253484974822,0.7972,0.8039253484974823,0.7972000000000001,0.7972,0.7972,0.7972000000000001,0.7951515151515152,0.7952331311438681,1.091806411743164,1.5870667695999146,0.06818395415362097,1.2674848437309265,0.8014,3,False,0.051262602733075605,0.10211915714594122,0.8564136028289795,0.2956696152687073,0.7823902368545532,1.1906195878982544,1.2721648381050819,1.2721648381050819,NA,NA,NA,NA,NA,NA,NA,NA,NA,NA,NA,0.004342677980947892,0.004342677980947892,0.004342677980947892,[0.00434268],0.9,0.0001,2.914085236520757,5.102442264556885,1.4746687412261963,2.887656569480896,3.7276431918144226,4.166779136657714,0.4839832817279985,NA,0.0,81.16531372070312,3.875579357147217,0.04774920689006909,32768.0,0,1866,1866,0,0,252.48569774627686,245.10444569587708,7.38125205039978,18691.347409248352,0.0,240.76608538627625,0.0,0.0,0.0,10.312914961262754,0.04207833584330471,131.3443034408177,133.09228420257568,136.36422157287598,144.72280740737912,152.8627872467041,487.11886747310984,1354.7837049485913,119395,8835230,6564.628141403198,97.5421686746988,100.0,7196.80078125,20475.0,94.2570281124498,73.65461847389558,76.0,120.66265060240964,121.956,2325.602409638554,8551.0,30425.612632000266,4.0,318.69189453125,5886.0,3320.64892578125,20474.5,1,8.876305220883534,24,40290.674730170686,64860.765625,62.12208835341366,25795.79296875,-1,633253,30455.66689350028,8.459907470416745,0.008459907470416745,2258214.387707505,627.2817743631958,0.6272817743631958,4.018456048447953,0.004018456048447953,297.9588428225178,0.2979588428225178,475.0,120.66731005818787,121.963,101.257,255.08326892667432,2406,10.0,64,64,1,True,100,sgd,cosine,32,100,0.1,False,1.0.0
p6-resnet50-imagenet100-jointexit-s1,74,139950,2026-08-29T13:43:49Z,1788011029.1807437,local,0,local-ac35a4a3df,CB-410-122,resnet50,resnet,imagenet100,1,p6,jointexit,5ebc9ef77ddcfc9511257817cc08e2e52da55d4cf2058b69153c9569ab0b7469,1.2617231305367713,1.4429364240646363,0.956019933833075,0.7986,NA,0.9502,0.7985642547393108,0.7986,0.7985642547393108,0.8046624905487505,0.7986,0.8046624905487504,0.7985999999999999,0.7986,0.7986,0.7985999999999999,0.7965656565656566,0.7966297918689966,1.0802066326141357,1.5381278991699219,0.0666474689008034,1.2572556734085083,0.8014,4,False,0.05057766637578607,0.09451434661582148,0.8523034453392029,0.29286354780197144,0.7879166603088379,1.1682511568069458,1.2617231305367713,1.2617231305367713,NA,NA,NA,NA,NA,NA,NA,NA,NA,NA,NA,0.004033980354678239,0.004033980354678239,0.004033980354678239,[0.00403398],0.9,0.0001,2.8937694232521363,4.920459270477295,1.561212420463562,2.8686695098876953,3.718140316009521,4.123349456787109,0.4983909223348398,NA,0.0,80.84369659423828,3.6150190830230713,0.04471615271586571,32768.0,1,1866,1866,0,0,252.0959050655365,244.6733672618866,7.422537803649902,18943.44331431389,0.0,240.35302090644836,0.0,0.0,0.0,11.069729804992676,0.045248457709624684,131.10570802821482,133.06403160095215,136.32142543792725,144.64972019195557,150.58135986328125,487.9770991675009,1347.248106312463,119395,8954625,6302.3976266384125,97.64257028112449,100.0,7196.80078125,20475.0,94.30522088353413,73.65863453815261,75.0,120.74156224899598,122.008,2324.277108433735,8551.0,30433.52276550102,4.0,318.69189453125,5886.0,3320.46142578125,20474.5,1,6.318875502008032,24,40263.343467620485,64860.765625,62.09558232931728,25795.80859375,-1,633252,30427.30948650052,8.45203041291681,0.008452030412916811,2288641.6971940054,635.7338047761126,0.6357338047761126,4.014714446135486,0.004014714446135485,301.9735572686533,0.30197355726865327,475.0,120.72012228714524,122.008,97.8,254.84575975962576,2396,10.0,64,64,1,True,100,sgd,cosine,32,100,0.1,False,1.0.0
p6-resnet50-imagenet100-jointexit-s1,75,141816,2026-08-29T13:48:01Z,1788011281.8693023,local,0,local-ac35a4a3df,CB-410-122,resnet50,resnet,imagenet100,1,p6,jointexit,5ebc9ef77ddcfc9511257817cc08e2e52da55d4cf2058b69153c9569ab0b7469,1.2556809752055051,1.4341568975448609,0.9578960592989656,0.803,NA,0.9504,0.801627736547976,0.803,0.8016277365479758,0.8050734731360969,0.803,0.8050734731360968,0.8029999999999999,0.803,0.803,0.8029999999999999,0.801010101010101,0.8010667279101661,1.0694897174835205,1.4687395095825195,0.0654358224987409,1.2533707022666931,0.803,0,True,0.049343012648820905,0.09726013966193237,0.8420276641845703,0.28659623861312866,0.7925975322723389,1.1541365385055542,1.2556809752055051,1.2556809752055051,NA,NA,NA,NA,NA,NA,NA,NA,NA,NA,NA,0.003734540196593893,0.003734540196593893,0.003734540196593893,[0.00373454],0.9,0.0001,2.902025424315527,4.796347618103027,1.48175847530365,2.8832008838653564,3.7624516010284426,4.12134572982788,0.4972508786822733,NA,0.0,80.54059600830078,3.395508050918579,0.04215896354390805,32768.0,1,1866,1866,0,0,252.37684893608093,244.97446751594543,7.400314092636108,19195.82016324997,0.0,241.04630875587463,0.0,0.0,0.0,11.766028027785453,0.04803510161398575,131.2681985949141,133.0641508102417,135.95962524414062,144.69488859176636,149.88017082214355,487.3773222600374,1351.2939957441513,119395,9074020,6057.044374465942,97.55421686746988,100.0,7196.80078125,20475.0,94.16465863453816,73.67871485943775,75.0,120.62278313253012,121.947,2324.397590361446,8551.0,30409.78014299955,4.0,318.69189453125,5886.0,3320.64892578125,20474.5,1,6.410441767068273,24,40250.40656375502,64860.765625,62.029718875502006,25795.79296875,-1,633252,30434.345318000116,8.453984810555587,0.008453984810555587,2319076.0425120057,644.1877895866683,0.6441877895866682,4.015642785013903,0.0040156427850139035,305.9892000536672,0.3059892000536672,475.0,120.62818552412645,121.947,92.62,254.90468878931378,2404,10.0,64,64,1,True,100,sgd,cosine,32,100,0.1,False,1.0.0
p6-resnet50-imagenet100-jointexit-s1,76,143682,2026-08-29T13:52:13Z,1788011533.908407,local,0,local-ac35a4a3df,CB-410-122,resnet50,resnet,imagenet100,1,p6,jointexit,5ebc9ef77ddcfc9511257817cc08e2e52da55d4cf2058b69153c9569ab0b7469,1.248771349292159,1.4308962576866149,0.9600318271284393,0.8045,NA,0.9467,0.8031185569098777,0.8045,0.8031185569098777,0.8061610734565798,0.8045,0.80616107345658,0.8045000000000002,0.8045,0.8045,0.8045000000000002,0.8025252525252525,0.8025785082135816,1.0608669519424438,1.5662556886672974,0.06500500809446158,1.2439560294151306,0.8045,0,True,0.049155394542217255,0.0800946262904576,0.843090832233429,0.2866628170013428,0.7878921627998352,1.1806410551071167,1.248771349292159,1.248771349292159,NA,NA,NA,NA,NA,NA,NA,NA,NA,NA,NA,0.0034446849401113884,0.0034446849401113884,0.0034446849401113884,[0.00344468],0.9,0.0001,2.888145758894749,5.57425594329834,1.3337278366088867,2.867375373840332,3.764139652252197,4.201785545349121,0.5139358946818574,NA,0.0,80.24790954589844,3.1420295238494873,0.03915403580765401,32768.0,1,1866,1866,0,0,251.65567016601562,244.25738310813904,7.398287057876587,19447.475833415985,0.0,239.98459386825562,0.0,0.0,0.0,14.230280286387394,0.05826413969281943,130.88819438877087,132.99083709716797,136.37232780456543,145.54760456085205,151.87692642211914,488.8081517975682,1351.6642327839252,119395,9193415,5788.080413818359,97.79838709677419,100.0,7196.80078125,20475.0,94.56451612903226,73.6491935483871,75.0,120.7194879032258,121.695,2325.6653225806454,8551.0,30325.449374500015,4.0,318.69189453125,5886.0,3320.46142578125,20474.5,1,6.337903225806452,24,40227.3505859375,64860.765625,62.03306451612904,25819.08984375,-1,633251,30373.508788999745,8.437085774722151,0.008437085774722151,2349449.5513010053,652.6248753613903,0.6526248753613904,4.007615742993022,0.004007615742993022,309.9968157966602,0.3099968157966602,475.0,120.7213871237458,121.707,89.151,254.39514878344778,2392,10.0,64,64,1,True,100,sgd,cosine,32,100,0.1,False,1.0.0
p6-resnet50-imagenet100-jointexit-s1,77,145548,2026-08-29T13:56:25Z,1788011785.9031599,local,0,local-ac35a4a3df,CB-410-122,resnet50,resnet,imagenet100,1,p6,jointexit,5ebc9ef77ddcfc9511257817cc08e2e52da55d4cf2058b69153c9569ab0b7469,1.2419594069841973,1.4276179683685302,0.9621089660371037,0.8039,NA,0.9513,0.8038205005233171,0.8039,0.8038205005233171,0.8064348392826632,0.8039,0.8064348392826631,0.8039000000000002,0.8039,0.8039,0.8039000000000002,0.8019191919191919,0.8019508412501509,1.0805987119674683,1.5205365419387817,0.06665073676274727,1.2350430488586426,0.8045,1,False,0.05185155251920224,0.11988536077263079,0.8307351469993591,0.28448399901390076,0.7989000082015991,1.1192165613174438,1.2419594069841973,1.2419594069841973,NA,NA,NA,NA,NA,NA,NA,NA,NA,NA,NA,0.0031647315376980806,0.0031647315376980806,0.0031647315376980806,[0.00316473],0.9,0.0001,2.868735542374066,5.4431471824646,1.4486554861068726,2.8330607414245605,3.7903882026672364,4.241034278869628,0.5299475367671667,NA,0.0,79.96796417236328,2.9060866832733154,0.036340636070333415,32768.0,1,1866,1866,0,0,251.69264674186707,244.30803036689758,7.382191181182861,19699.168480157852,0.0,239.6059684753418,0.0,0.0,0.0,10.369685147937975,0.042449806637557645,130.91162521100634,133.12602043151855,136.02674007415771,144.08720731735227,151.83353424072266,488.7068174578406,1354.6113551610408,119395,9312810,5537.238228321075,97.73790322580645,100.0,7196.80078125,20475.0,94.375,73.72983870967742,75.0,120.71301612903227,121.624,2323.3064516129034,8551.0,30305.61066100058,4.0,318.69189453125,5886.0,3320.64892578125,20474.5,1,6.3842741935483875,24,40174.19567477318,64860.765625,61.94032258064515,25800.19921875,-1,633251,30365.93616700113,8.434982268611426,0.008434982268611425,2379815.4874680066,661.0598576300018,0.6610598576300019,4.006616577590427,0.004006616577590427,314.0034323742507,0.31400343237425066,475.0,120.68853894210747,121.741,96.757,254.33172383266577,2401,10.0,64,64,1,True,100,sgd,cosine,32,100,0.1,False,1.0.0
p6-resnet50-imagenet100-jointexit-s1,78,147414,2026-08-29T14:00:37Z,1788012037.9458396,local,0,local-ac35a4a3df,CB-410-122,resnet50,resnet,imagenet100,1,p6,jointexit,5ebc9ef77ddcfc9511257817cc08e2e52da55d4cf2058b69153c9569ab0b7469,1.2348938266378016,1.426287106513977,0.9646635118723564,0.8058,NA,0.9483,0.8051375592302459,0.8058,0.8051375592302458,0.8088890760693305,0.8058,0.8088890760693307,0.8058,0.8058,0.8058,0.8058,0.8038383838383838,0.8038902080069066,1.0740971565246582,1.4955774545669556,0.06375847611457607,1.2300454378128052,0.8058,0,True,0.05739827691242098,0.12747483130352033,0.8401357531547546,0.2824115753173828,0.7904160022735596,1.1792185306549072,1.2348938266378016,1.2348938266378016,NA,NA,NA,NA,NA,NA,NA,NA,NA,NA,NA,0.0028949861142892608,0.0028949861142892608,0.0028949861142892608,[0.00289499],0.9,0.0001,2.853883054748617,5.287719249725342,1.4894150495529175,2.826756477355957,3.7839582443237303,4.275040397644043,0.5395013795410379,NA,0.0,79.70283508300781,2.6675784587860107,0.03346905359147912,32768.0,1,1866,1866,0,0,251.77961230278015,244.38005995750427,7.399552345275879,19950.948092460632,0.0,239.72001719474792,0.0,0.0,0.0,10.813497116691188,0.0442513341130232,130.9568321078792,133.12113285064697,136.0621452331543,144.25976276397705,149.31130409240723,488.56277398721414,1351.433104785634,119395,9432205,5287.371858358383,97.8225806451613,100.0,7196.80078125,20475.0,94.45564516129032,73.70161290322581,75.0,120.77649596774194,122.028,2322.5806451612902,8551.0,30321.83932099947,4.0,318.69189453125,5886.0,3320.46142578125,20474.5,1,6.387903225806451,24,40176.89763419859,64860.765625,61.93709677419354,25822.4609375,-1,633251,30405.170934000194,8.445880815000054,0.008445880815000055,2410220.6584020066,669.5057384450018,0.6695057384450018,4.011793387125026,0.004011793387125026,318.0152257613757,0.3180152257613757,475.0,120.77584820683903,122.032,97.998,254.6603369822873,2398,10.0,64,64,1,True,100,sgd,cosine,32,100,0.1,False,1.0.0
p6-resnet50-imagenet100-jointexit-s1,79,149280,2026-08-29T14:04:50Z,1788012290.3208284,local,0,local-ac35a4a3df,CB-410-122,resnet50,resnet,imagenet100,1,p6,jointexit,5ebc9ef77ddcfc9511257817cc08e2e52da55d4cf2058b69153c9569ab0b7469,1.2267933900574253,1.4344251670837402,0.9672683110683027,0.8089,NA,0.948,0.8068250360586575,0.8089,0.8068250360586573,0.8097723391814245,0.8089,0.8097723391814247,0.8089,0.8089,0.8089,0.8089,0.806969696969697,0.8070294682746577,1.065164566040039,1.450616717338562,0.06405942761495648,1.2231981754302979,0.8089,0,True,0.053302976959198736,0.11037489616545493,0.8453641533851624,0.28281962871551514,0.7978109121322632,1.1463954448699951,1.2267933900574253,1.2267933900574253,NA,NA,NA,NA,NA,NA,NA,NA,NA,NA,NA,0.0026357436325450817,0.0026357436325450817,0.0026357436325450817,[0.00263574],0.9,0.0001,2.8304842404486155,4.7317304611206055,1.4559952020645142,2.793923020362854,3.760823130607605,4.236512351036071,0.527523771977876,NA,0.0,79.45413208007812,2.4443604946136475,0.03076442257465087,32768.0,0,1866,1866,0,0,252.0259644985199,244.62529134750366,7.400673151016235,20202.974056959152,0.0,239.81342434883118,0.0,0.0,0.0,13.066731465490241,0.05342123946080298,131.0814891214156,133.16118717193604,135.50901412963867,144.11884546279904,150.61354637145996,488.07300072008024,1351.22843502781,119395,9551600,5040.519289970398,97.75806451612904,100.0,7196.80078125,20475.0,94.40322580645162,73.67338709677419,75.0,120.65128629032259,121.761,2323.9717741935483,8551.0,30295.547730500195,4.0,318.69189453125,5886.0,3320.64892578125,20474.5,1,6.96733870967742,24,40269.01833417339,64860.765625,62.064516129032256,25819.30078125,-1,633251,30395.16985999976,8.443102738888824,0.008443102738888823,2440615.8282620064,677.9488411838906,0.6779488411838906,4.01047380097219,0.00401047380097219,322.0256995623479,0.3220256995623479,475.0,120.63130833333334,121.789,92.297,254.5765723857763,2400,10.0,64,64,1,True,100,sgd,cosine,32,100,0.1,False,1.0.0
p6-resnet50-imagenet100-jointexit-s1,80,151146,2026-08-29T14:09:02Z,1788012542.5374954,local,0,local-ac35a4a3df,CB-410-122,resnet50,resnet,imagenet100,1,p6,jointexit,5ebc9ef77ddcfc9511257817cc08e2e52da55d4cf2058b69153c9569ab0b7469,1.2214255779960397,1.435308016204834,0.9690439298128062,0.8066,NA,0.9476,0.805988268836074,0.8066,0.8059882688360739,0.8085776840640985,0.8066,0.8085776840640987,0.8066,0.8066,0.8066,0.8066,0.8046464646464646,0.8046813186689201,1.0432147979736328,1.5694785118103027,0.06153408009954,1.2161579728126526,0.8089,1,False,0.050021116399765,0.12500228925987522,0.8456001877784729,0.2834349274635315,0.7984164953231812,1.1402060985565186,1.2214255779960397,1.2214255779960397,NA,NA,NA,NA,NA,NA,NA,NA,NA,NA,NA,0.0023872875703131583,0.0023872875703131583,0.0023872875703131583,[0.00238729],0.9,0.0001,2.8208412520048127,5.411495685577393,1.406079649925232,2.7882907390594482,3.7440520763397216,4.19736680984497,0.5341193510812338,NA,0.0,79.22021484375,2.2425010204315186,0.028307181757263794,32768.0,1,1866,1866,0,0,251.73451447486877,244.35964107513428,7.374873399734497,20454.70857143402,0.0,239.56192755699158,0.0,0.0,0.0,13.269483804702759,0.05430808357307286,130.94168090104802,132.99846649169922,136.55602931976318,144.93727684020996,151.81708335876465,488.60359867400985,1355.9554799083073,119395,9670995,4782.955775022507,97.33064516129032,100.0,7196.80078125,20475.0,94.10887096774194,74.0241935483871,75.0,120.79243145161291,121.788,2321.4919354838707,8551.0,30327.23662899987,4.0,318.69189453125,5886.0,3320.46142578125,20474.5,1,6.366935483870967,24,40249.743258568546,64860.765625,62.04596774193549,25820.5,-1,633250,30392.5569395007,8.442376927639083,0.008442376927639083,2471008.3852015072,686.3912181115298,0.6863912181115298,4.010129040628565,0.004010129040628564,326.0358286029765,0.3260358286029765,475.0,120.77805258764607,121.81,79.308,254.55468771305917,2396,10.0,64,64,1,True,100,sgd,cosine,32,100,0.1,False,1.0.0
p6-resnet50-imagenet100-jointexit-s1,81,153012,2026-08-29T14:13:14Z,1788012794.4720094,local,0,local-ac35a4a3df,CB-410-122,resnet50,resnet,imagenet100,1,p6,jointexit,5ebc9ef77ddcfc9511257817cc08e2e52da55d4cf2058b69153c9569ab0b7469,1.214616448599977,1.4434371578216554,0.9700657481469073,0.8053,NA,0.9477,0.8038554855458182,0.8053,0.803855485545818,0.8064948169838526,0.8053,0.8064948169838525,0.8053,0.8053,0.8053,0.8053,0.8033333333333333,0.8033812779618471,1.0408244132995605,1.4785898923873901,0.05811822579347548,1.211296260356903,0.8089,2,False,0.05246687833741306,0.22533268978198367,0.8595379590988159,0.2876174747943878,0.7953665256500244,1.1655923128128052,1.214616448599977,1.214616448599977,NA,NA,NA,NA,NA,NA,NA,NA,NA,NA,NA,0.0021498896106497494,0.0021498896106497494,0.0021498896106497494,[0.00214989],0.9,0.0001,2.7963612220242577,5.100438117980957,1.4856764078140259,2.7656309604644775,3.681351327896118,4.171722965240479,0.5077506918197552,NA,0.0,79.0010757446289,2.017277240753174,0.02553480723824604,32768.0,1,1866,1866,0,0,251.74701285362244,244.353129863739,7.393882989883423,20706.455584287643,0.0,239.67887473106384,0.0,0.0,0.0,12.759348241906418,0.05222129479553194,130.93905906329712,133.03351402282715,136.08312606811523,145.52412033081052,151.18932723999023,488.6166183612192,1352.469333594048,119395,9790390,4531.446231365204,97.58064516129032,100.0,7196.80078125,20475.0,94.25403225806451,73.70564516129032,75.0,120.81780241935483,121.79,2320.7056451612902,8551.0,30331.968264500618,4.0,318.69189453125,5886.0,3320.64892578125,20474.5,1,6.4125,24,40228.08451990927,64860.765625,62.025000000000006,25796.18359375,-1,633250,30408.31937349909,8.446755381527526,0.008446755381527525,2501416.7045750064,694.8379734930573,0.6948379734930573,4.012208806225574,0.004012208806225574,330.04803740920204,0.330048037409202,475.0,120.80253939141309,121.79,103.322,254.68670692658057,2399,10.0,64,64,1,True,100,sgd,cosine,32,100,0.1,False,1.0.0
p6-resnet50-imagenet100-jointexit-s1,82,154878,2026-08-29T14:17:26Z,1788013046.8469057,local,0,local-ac35a4a3df,CB-410-122,resnet50,resnet,imagenet100,1,p6,jointexit,5ebc9ef77ddcfc9511257817cc08e2e52da55d4cf2058b69153c9569ab0b7469,1.2095413107763977,1.4438860704421996,0.9720842581347627,0.8097,NA,0.9483,0.8085645833379209,0.8097,0.8085645833379209,0.8108369683464329,0.8097,0.8108369683464329,0.8097000000000001,0.8097,0.8097,0.8097000000000001,0.8077777777777778,0.8078169129673036,1.0390338897705078,1.4762784242630005,0.05946492533592054,1.2050015926361084,0.8097,0,True,0.04878775466680525,0.14112479984760284,0.8571970462799072,0.28534820675849915,0.7995941042900085,1.144156575202942,1.2095413107763977,1.2095413107763977,NA,NA,NA,NA,NA,NA,NA,NA,NA,NA,NA,0.0019238093447383085,0.0019238093447383085,0.0019238093447383085,[0.00192381],0.9,0.0001,2.7809726143650333,5.889583587646484,1.471451759338379,2.7394561767578125,3.7226655960083006,4.110623569488522,0.543221852711616,NA,0.0,78.80062866210938,1.8227499723434448,0.02313116028755617,32768.0,1,1866,1866,0,0,252.18728828430176,244.78692960739136,7.4003586769104,20958.642872571945,0.0,240.59870791435242,0.0,0.0,0.0,14.423549463874416,0.05893213181089524,131.16209874965753,132.97545909881592,136.70969009399414,145.5107569694519,154.39724922180176,487.7507152505861,1351.2858547249405,119395,9909785,4287.18390083313,97.55421686746988,100.0,7196.80078125,20475.0,94.32530120481928,73.64658634538152,75.0,120.66704016064257,121.737,2323.0722891566265,8551.0,30420.438349500124,4.0,318.69189453125,5886.0,3320.46142578125,20474.5,1,6.542168674698795,24,40237.07139495482,64860.765625,62.0285140562249,25821.28515625,-1,633249,30423.297345500043,8.450915929305568,0.008450915929305568,2531840.0019205064,703.2888894223629,0.7032888894223629,4.014185066420144,0.0040141850664201445,334.06222247562215,0.3340622224756222,475.0,120.6672212058212,121.763,103.443,254.8121558314841,2405,10.0,64,64,1,True,100,sgd,cosine,32,100,0.1,False,1.0.0
p6-resnet50-imagenet100-jointexit-s1,83,156744,2026-08-29T14:21:39Z,1788013299.3892887,local,0,local-ac35a4a3df,CB-410-122,resnet50,resnet,imagenet100,1,p6,jointexit,5ebc9ef77ddcfc9511257817cc08e2e52da55d4cf2058b69153c9569ab0b7469,1.2046561352416565,1.4441800377845764,0.9726537962226224,0.8103,NA,0.9497,0.8089346220178293,0.8103,0.808934622017829,0.8117790483482612,0.8103,0.8117790483482614,0.8103000000000001,0.8103,0.8103,0.8103000000000001,0.8083838383838384,0.8084298385337734,1.0458600521087646,1.466302752494812,0.059690918083807096,1.2010869979858398,0.8103,0,True,0.053481377920508374,0.18660911470651625,0.8542066216468811,0.2846706211566925,0.8053150773048401,1.1151316165924072,1.2046561352416565,1.2046561352416565,NA,NA,NA,NA,NA,NA,NA,NA,NA,NA,NA,0.001709293988030326,0.001709293988030326,0.001709293988030326,[0.00170929],0.9,0.0001,2.773909373066061,4.880340099334717,1.4167827367782593,2.7450950145721436,3.7457058429718018,4.1668112945556635,0.5502024301116405,NA,0.0,78.61526489257812,1.6413017511367798,0.020877647024143412,32768.0,1,1866,1866,0,0,252.18256378173828,244.77400159835815,7.407564163208008,21210.825436353683,0.0,240.1353795528412,0.0,0.0,0.0,13.137258090470967,0.05367828636260075,131.1578985706914,133.19218158721924,135.72323322296143,143.3722138404846,150.8042812347412,487.77647634290605,1349.9714318599006,119395,10029180,4034.9210205078125,97.52610441767068,100.0,7196.80078125,20475.0,94.16064257028113,73.70281124497993,75.0,120.55664257028113,121.539,2324.879518072289,8551.0,30392.255111001337,4.0,318.69189453125,5886.0,3320.64892578125,20474.5,1,6.5152610441767065,24,40244.38780120482,64860.765625,62.03815261044177,25817.1015625,-1,633249,30391.024770001168,8.441951325000325,0.008441951325000325,2562231.0266905073,711.7308407473631,0.7117308407473631,4.009926879375154,0.004009926879375154,338.07214935499735,0.33807214935499735,475.0,120.56298625572677,121.576,92.884,254.54185493530858,2401,10.0,64,64,1,True,100,sgd,cosine,32,100,0.1,False,1.0.0
p6-resnet50-imagenet100-jointexit-s1,84,158610,2026-08-29T14:25:51Z,1788013551.841931,local,0,local-ac35a4a3df,CB-410-122,resnet50,resnet,imagenet100,1,p6,jointexit,5ebc9ef77ddcfc9511257817cc08e2e52da55d4cf2058b69153c9569ab0b7469,1.1999785957806095,1.444858514213562,0.9745969261694376,0.8075,NA,0.948,0.8064411172434214,0.8075,0.8064411172434213,0.808298242603086,0.8075,0.808298242603086,0.8075000000000003,0.8075,0.8075,0.8075000000000003,0.8055555555555556,0.8055877797112401,1.0491440296173096,1.414599895477295,0.0588230980479167,1.1955159902572632,0.8103,1,False,0.05430710790753363,0.10814515214082043,0.8582881093025208,0.2846800684928894,0.8028014302253723,1.1344391107559204,1.1999785957806095,1.1999785957806095,NA,NA,NA,NA,NA,NA,NA,NA,NA,NA,NA,0.0015065781099188877,0.0015065781099188877,0.0015065781099188877,[0.00150658],0.9,0.0001,2.7396811181674376,6.349258899688721,1.4709151983261108,2.717426061630249,3.756974124908447,4.175785636901855,0.544372873647531,NA,0.0,78.44844818115234,1.452959656715393,0.018521203292131843,32768.0,1,1866,1866,0,0,252.10559797286987,244.70814085006714,7.397457122802734,21462.931034326553,0.0,240.40076756477356,0.0,0.0,0.0,11.594581829874139,0.047384492212696125,131.1315575341064,133.04495811462402,136.11221313476562,145.23087739944458,150.82931518554688,487.9077565022792,1351.8158786179242,119395,10148575,3781.583969593048,97.51807228915662,100.0,7196.80078125,20475.0,94.18875502008032,73.6706827309237,75.0,120.55192369477912,121.503,2324.156626506024,8551.0,30385.69641350064,4.0,318.69189453125,5886.0,3320.46142578125,20474.5,1,6.593975903614457,24,40255.14776292671,64860.765625,62.040562248995975,25820.19921875,-1,633248,30387.874317001326,8.441076199167036,0.008441076199167036,2592618.901007509,720.1719169465302,0.7201719169465303,4.009511194604341,0.004009511194604342,342.0816605496017,0.3420816605496017,475.0,120.54782492705293,121.578,93.355,254.51546812681707,2399,10.0,64,64,1,True,100,sgd,cosine,32,100,0.1,False,1.0.0
p6-resnet50-imagenet100-jointexit-s1,85,160476,2026-08-29T14:30:04Z,1788013804.36348,local,0,local-ac35a4a3df,CB-410-122,resnet50,resnet,imagenet100,1,p6,jointexit,5ebc9ef77ddcfc9511257817cc08e2e52da55d4cf2058b69153c9569ab0b7469,1.1983289903659677,1.4441571838378906,0.9748984463335986,0.8098,NA,0.95,0.8082641654776228,0.8098,0.8082641654776227,0.8102865333386339,0.8098,0.810286533338634,0.8097999999999999,0.8098,0.8098,0.8097999999999999,0.8078787878787879,0.8079184094955751,1.0500764846801758,1.4144539833068848,0.05834960666890098,1.1932613253593445,0.8103,2,False,0.053534183028340336,0.14522968916959367,0.8541620373725891,0.283970445394516,0.8095602989196777,1.1006388664245605,1.1983289903659677,1.1983289903659677,NA,NA,NA,NA,NA,NA,NA,NA,NA,NA,NA,0.0013158833772404562,0.0013158833772404562,0.0013158833772404562,[0.00131588],0.9,0.0001,2.7630563163041812,5.468722820281982,1.4128453731536865,2.7236536741256714,3.7135472297668457,4.204639196395871,0.5473182851725283,NA,0.0,78.29989624023438,1.3035345077514648,0.016647972351739135,32768.0,0,1866,1866,0,0,252.22275710105896,244.82720851898193,7.395548582077026,21715.153791427612,0.0,241.11337399482727,0.0,0.0,0.0,9.999748179787085,0.040846798807154285,131.19563859630884,132.36141204833984,141.1055326461792,145.30314207077024,153.1989574432373,487.67047062395056,1352.16473653284,119395,10267970,3531.1185994148254,97.429718875502,100.0,7218.37890625,20475.0,94.13654618473896,73.73895582329317,75.0,120.53338554216869,121.457,2323.6746987951806,8551.0,30402.486910999207,4.0,318.69189453125,5886.0,3320.64892578125,20474.5,1,6.506024096385542,24,40340.51921749498,64860.765625,62.19839357429719,25796.38671875,-1,633248,30399.562946499365,8.444323040694268,0.008444323040694268,2623018.463954008,728.6162399872245,0.7286162399872245,4.011053444329777,0.004011053444329777,346.0927139939315,0.3460927139939315,475.0,120.54446451338717,121.457,94.772,254.61336694584668,2353,10.0,64,64,1,True,100,sgd,cosine,32,100,0.1,False,1.0.0
p6-resnet50-imagenet100-jointexit-s1,86,162342,2026-08-29T14:34:16Z,1788014056.683887,local,0,local-ac35a4a3df,CB-410-122,resnet50,resnet,imagenet100,1,p6,jointexit,5ebc9ef77ddcfc9511257817cc08e2e52da55d4cf2058b69153c9569ab0b7469,1.1918859424960089,1.4438371282577516,0.9764311738347502,0.8124,NA,0.9475,0.8102910716127215,0.8124,0.8102910716127215,0.8119361311330564,0.8124,0.8119361311330564,0.8124000000000001,0.8124,0.8124,0.8124000000000001,0.8105050505050505,0.8105466678230876,1.046804666519165,1.4326517581939697,0.055952810667411944,1.1874803304672241,0.8124,0,True,0.049928297136723976,0.14286705887752027,0.8548927903175354,0.2827455401420593,0.8073410391807556,1.1097254753112793,1.1918859424960089,1.1918859424960089,NA,NA,NA,NA,NA,NA,NA,NA,NA,NA,NA,0.001137418311885471,0.001137418311885471,0.001137418311885471,[0.00113742],0.9,0.0001,2.719364975029278,5.321310043334961,1.5435248613357544,2.679399251937866,3.6972173213958737,4.221644687652587,0.5491804785752814,NA,0.0,78.16661071777344,1.1315910816192627,0.014476655329280674,32768.0,1,1866,1866,0,0,252.0789680480957,244.6589686870575,7.419999361038208,21967.232759475708,0.0,239.70397901535034,0.0,0.0,0.0,11.384477113422594,0.04653836914999571,131.09625599647515,133.06331634521484,135.97512245178223,145.23320198059082,150.5138874053955,488.0058174066685,1347.7090109345775,119395,10387365,3277.026584625244,97.56451612903226,100.0,7196.80078125,20475.0,94.34677419354838,73.66129032258064,75.0,120.57034677419354,121.73,2325.7862903225805,8551.0,30276.55834449923,4.0,318.69189453125,5886.0,3320.46142578125,20474.5,1,6.512096774193548,24,40247.42601751512,64860.765625,62.05040322580645,25796.3828125,-1,633248,30384.242696500125,8.440067415694479,0.00844006741569448,2653402.706650508,737.056307402919,0.7370563074029189,4.009032022454877,0.004009032022454877,350.10174601638636,0.3501017460163864,475.0,120.5696593086214,121.862,97.948,254.4850512709923,2401,10.0,64,64,1,True,100,sgd,cosine,32,100,0.1,False,1.0.0
p6-resnet50-imagenet100-jointexit-s1,87,164208,2026-08-29T14:38:29Z,1788014309.1592796,local,0,local-ac35a4a3df,CB-410-122,resnet50,resnet,imagenet100,1,p6,jointexit,5ebc9ef77ddcfc9511257817cc08e2e52da55d4cf2058b69153c9569ab0b7469,1.1871070903771046,1.437631823348999,0.977419489928389,0.813,NA,0.9485,0.8114534247705314,0.813,0.8114534247705313,0.812681889259221,0.813,0.812681889259221,0.813,0.813,0.813,0.813,0.8111111111111111,0.8111417384349678,1.0132577419281006,1.4178338050842285,0.053969583162149976,1.183411419391632,0.813,0,True,0.05322917916476727,0.10079233931721343,0.851165235042572,0.28097352385520935,0.805840253829956,1.1282745599746704,1.1871070903771046,1.1871070903771046,NA,NA,NA,NA,NA,NA,NA,NA,NA,NA,NA,0.0009713780627826904,0.0009713780627826904,0.0009713780627826904,[0.00097138],0.9,0.0001,2.7014530272650017,4.818507194519043,1.3381946086883545,2.6716504096984863,3.6148027420043944,4.050887050628662,0.5318985822450748,NA,0.0,78.04914093017578,0.9791790843009949,0.012545674079577464,32768.0,1,1866,1866,0,0,252.15360689163208,244.75346779823303,7.400139093399048,22219.38636636734,0.0,240.7044017314911,0.0,0.0,0.0,11.75691950948615,0.04803990750850439,131.153457162209,132.9103708267212,138.38744163513184,144.91015672683716,152.37665176391602,487.817398764807,1351.32595128111,119395,10506760,3025.843282699585,97.2570281124498,100.0,7196.80078125,20475.0,93.92369477911646,73.67871485943775,75.0,120.56818072289157,121.557,2325.1807228915663,8551.0,30393.687151499176,4.0,318.69189453125,5886.0,3320.64892578125,20474.5,1,6.48433734939759,24,40218.51217369478,64860.765625,62.02610441767068,25818.2734375,-1,633247,30396.17817850032,8.4433828273612,0.0084433828273612,2683798.8848290085,745.4996902302802,0.7454996902302802,4.01060684299657,0.00401060684299657,354.11235285938295,0.354112352859383,475.0,120.55263774220724,121.697,94.852,254.58501761799334,2374,10.0,64,64,1,True,100,sgd,cosine,32,100,0.1,False,1.0.0
p6-resnet50-imagenet100-jointexit-s1,88,166074,2026-08-29T14:42:41Z,1788014561.709482,local,0,local-ac35a4a3df,CB-410-122,resnet50,resnet,imagenet100,1,p6,jointexit,5ebc9ef77ddcfc9511257817cc08e2e52da55d4cf2058b69153c9569ab0b7469,1.1850499440908902,1.4314857622146606,0.9775870011307006,0.8113,NA,0.9466,0.810064383161838,0.8113,0.8100643831618383,0.8114945651968598,0.8113,0.81149456519686,0.8113000000000001,0.8113,0.8113,0.8113000000000001,0.8093939393939393,0.8094227520863355,1.0531244277954102,1.4095814228057861,0.056337832539049996,1.1805149912834167,0.813,1,False,0.05597043333947656,0.14265903330489293,0.8443830013275146,0.27873969078063965,0.8059675097465515,1.127251386642456,1.1850499440908902,1.1850499440908902,NA,NA,NA,NA,NA,NA,NA,NA,NA,NA,NA,0.0008179441925067377,0.0008179441925067377,0.0008179441925067377,[0.00081794],0.9,0.0001,2.7034872455827035,5.333865642547607,1.4798730611801147,2.6525399684906006,3.6434889316558836,4.134222526550292,0.5531263165084254,NA,0.0,77.9474105834961,0.8493146896362305,0.01089599620152176,32768.0,1,1866,1866,0,0,252.20257019996643,244.7915027141571,7.411067485809326,22471.588936567307,0.0,240.5453817844391,0.0,0.0,0.0,12.169518997794704,0.04971807538402243,131.1739103076031,132.97045230865479,137.442946434021,145.372998714447,155.67326545715332,487.74160326724035,1349.3332801445877,119395,10626155,2774.2282721996307,97.50602409638554,100.0,7196.80078125,20475.0,94.13253012048193,73.72289156626506,75.0,120.54916465863454,121.509,2326.5060240963853,8551.0,30388.463908499743,4.0,318.69189453125,5886.0,3320.46142578125,20474.5,1,6.502008032128514,24,40209.94393197791,64860.765625,62.01646586345382,25819.41796875,-1,633247,30397.783442999254,8.443828734166459,0.008443828734166459,2714196.6682720077,753.9435189644466,0.7539435189644466,4.010818648729068,0.004010818648729068,358.123171508112,0.358123171508112,475.0,120.53481150959132,121.85,91.387,254.5984626073056,2398,10.0,64,64,1,True,100,sgd,cosine,32,100,0.1,False,1.0.0
p6-resnet50-imagenet100-jointexit-s1,89,167940,2026-08-29T14:46:53Z,1788014813.383794,local,0,local-ac35a4a3df,CB-410-122,resnet50,resnet,imagenet100,1,p6,jointexit,5ebc9ef77ddcfc9511257817cc08e2e52da55d4cf2058b69153c9569ab0b7469,1.1801886728208386,1.4305976743698121,0.9789438418694251,0.8143,NA,0.949,0.8122623269894792,0.8143,0.8122623269894792,0.813447644193651,0.8143,0.8134476441936511,0.8143,0.8143,0.8143,0.8143,0.8124242424242425,0.8124612471837644,1.0274337530136108,1.415855884552002,0.056083272861075964,1.1767855286598206,0.8143,0,True,0.05329157172143462,0.12507990350970977,0.8452649116516113,0.2761184573173523,0.8067071437835693,1.1329602003097534,1.1801886728208386,1.1801886728208386,NA,NA,NA,NA,NA,NA,NA,NA,NA,NA,NA,0.0006772844787420668,0.0006772844787420668,0.0006772844787420668,[0.00067728],0.9,0.0001,2.6786085365924377,4.6728835105896,1.2987622022628784,2.627673864364624,3.6558074474334714,4.078529167175293,0.5479185084206798,NA,0.0,77.86123657226562,0.7188032269477844,0.009231849615959272,32768.0,1,1866,1866,0,0,251.4929165840149,244.09882760047913,7.394088983535767,22723.08185315132,0.0,239.74208211898804,0.0,0.0,0.0,10.340252223767733,0.04236618081322682,130.79772118203508,132.9352855682373,136.37030124664307,144.98180150985712,152.39667892456055,489.125659363739,1352.4316548349298,119395,10745550,2514.929165840149,97.59274193548387,100.0,7196.80078125,20475.0,94.29838709677419,73.72177419354838,75.0,120.74425403225807,121.93,2324.576612903226,8551.0,30310.018422499103,4.0,318.69189453125,5886.0,3320.64892578125,20474.5,1,6.4887096774193544,24,40215.13336378528,64860.765625,62.016129032258064,25796.55078125,-1,633246,30355.568639998975,8.432102399999716,0.008432102399999716,2744552.2369120065,762.3756213644463,0.7623756213644463,4.0052486399998655,0.004005248639999865,362.12842014811184,0.36212842014811186,475.0,120.73912505227939,121.93,103.359,254.2448899870093,2391,10.0,64,64,1,True,100,sgd,cosine,32,100,0.1,False,1.0.0
p6-resnet50-imagenet100-jointexit-s1,90,169806,2026-08-29T14:51:05Z,1788015065.6502175,local,0,local-ac35a4a3df,CB-410-122,resnet50,resnet,imagenet100,1,p6,jointexit,5ebc9ef77ddcfc9511257817cc08e2e52da55d4cf2058b69153c9569ab0b7469,1.177175705905855,1.4335710584640502,0.9796641400393651,0.8141,NA,0.9485,0.8131806254585148,0.8141,0.8131806254585151,0.8144622736816892,0.8141,0.8144622736816891,0.8140999999999999,0.8141,0.8141,0.8140999999999999,0.8122222222222222,0.8122469099807619,1.0277937650680542,1.4092897176742554,0.053297823116441524,1.1738154888153076,0.8143,1,False,0.05080250862687825,0.11277700563004078,0.8495926856994629,0.2790386974811554,0.8043695688247681,1.1423572301864624,1.177175705905855,1.177175705905855,NA,NA,NA,NA,NA,NA,NA,NA,NA,NA,NA,0.0005495527308205293,0.0005495527308205293,0.0005495527308205293,[0.00054955],0.9,0.0001,2.668722367542359,5.341639041900635,1.3452790975570679,2.6218278408050537,3.6345533847808835,4.089655075073237,0.541183664983136,NA,0.0,77.78884887695312,0.5981240272521973,0.007689071581433394,32768.0,1,1866,1866,0,0,251.86688423156738,244.4666645526886,7.400219678878784,22974.94873738289,0.0,240.30874395370483,0.0,0.0,0.0,12.956703374260352,0.053008969127312774,130.98860540829543,133.06427001953125,136.18624210357666,144.46642398834229,151.0450839996338,488.38969606945096,1351.3112358733533,119395,10864945,2266.8019580841064,97.68548387096774,100.0,7196.80078125,20475.0,94.47177419354838,73.85887096774194,75.0,120.635625,121.615,2321.673387096774,8551.0,30292.995164998963,4.0,318.69189453125,5886.0,3320.46142578125,20474.5,1,6.54516129032258,24,40214.35546875,64860.765625,62.02459677419355,25820.10546875,-1,633246,30387.605986499584,8.441001662916552,0.008441001662916552,2774939.842898506,770.8166230273629,0.7708166230273629,4.009475789885363,0.004009475789885362,366.1378959379972,0.3661378959379972,475.0,120.65976011681266,121.615,89.923,254.51322070856892,2397,10.0,64,64,1,True,100,sgd,cosine,32,100,0.1,False,1.0.0
p6-resnet50-imagenet100-jointexit-s1,91,171672,2026-08-29T14:55:17Z,1788015317.537549,local,0,local-ac35a4a3df,CB-410-122,resnet50,resnet,imagenet100,1,p6,jointexit,5ebc9ef77ddcfc9511257817cc08e2e52da55d4cf2058b69153c9569ab0b7469,1.1757087042755137,1.4353506732940673,0.9793542443150886,0.8148,NA,0.947,0.812976359221691,0.8148,0.8129763592216909,0.8137341885324364,0.8148,0.8137341885324365,0.8148000000000001,0.8148,0.8148,0.8148000000000001,0.812929292929293,0.8129584532044679,1.0106889009475708,1.4334079027175903,0.055135944197264794,1.1734244227409363,0.8148,0,True,0.05513382606133819,0.12182942299059563,0.8457580208778381,0.27684155106544495,0.8133437633514404,1.0964148044586182,1.1757087042755137,1.1757087042755137,NA,NA,NA,NA,NA,NA,NA,NA,NA,NA,NA,0.00043488862153314285,0.00043488862153314285,0.00043488862153314285,[0.00043489],0.9,0.0001,2.66466127196202,5.2047576904296875,1.2618147134780884,2.6215245723724365,3.6791638374328612,4.1581316375732404,0.5578327048489381,NA,0.0,77.7293930053711,0.4915311634540558,0.006323620247749665,32768.0,1,1866,1866,0,0,251.63838696479797,244.22527027130127,7.413116693496704,23226.587124347687,0.0,239.03974056243896,0.0,0.0,0.0,14.437821036890934,0.059122109499568344,130.86999727598726,133.03887844085693,136.3743543624878,145.3689694404602,155.01737594604492,488.87242449304404,1348.9602839751178,119395,10984340,2013.1070957183838,97.7258064516129,100.0,7196.80078125,20475.0,94.39112903225806,73.71774193548387,75.0,120.69332661290322,121.927,2323.4274193548385,8551.0,30300.60632699944,4.0,318.69189453125,5886.0,3320.64892578125,20474.5,1,6.511290322580645,24,40212.55870400705,64860.765625,62.01451612903226,25796.46484375,-1,633246,30359.071022999,8.433075284166389,0.008433075284166388,2805298.913921505,779.2496983115292,0.7792496983115292,4.005710759979035,0.0040057107599790346,370.1436066979762,0.37014360669797625,475.0,120.69434769874476,121.927,97.693,254.2742244063738,2390,10.0,64,64,1,True,100,sgd,cosine,32,100,0.1,False,1.0.0
p6-resnet50-imagenet100-jointexit-s1,92,173538,2026-08-29T14:59:30Z,1788015570.0508974,local,0,local-ac35a4a3df,CB-410-122,resnet50,resnet,imagenet100,1,p6,jointexit,5ebc9ef77ddcfc9511257817cc08e2e52da55d4cf2058b69153c9569ab0b7469,1.1737739245522845,1.4341002624511718,0.9808115917751999,0.8145,NA,0.948,0.8131280889884119,0.8145,0.8131280889884117,0.8143362478933761,0.8145,0.8143362478933761,0.8145,0.8145,0.8145,0.8145,0.8126262626262626,0.8126537537722837,1.0196263790130615,1.3759925365447998,0.05288475304762975,1.1711906790733337,0.8148,1,False,0.055805468761175876,0.14914321303367617,0.8491700291633606,0.2782464027404785,0.8082067966461182,1.1286407709121704,1.1737739245522845,1.1737739245522845,NA,NA,NA,NA,NA,NA,NA,NA,NA,NA,NA,0.00033341753439992814,0.00033341753439992814,0.00033341753439992814,[0.00033342],0.9,0.0001,2.638850330987033,4.82313346862793,1.3369919061660767,2.581716775894165,3.6135903000831604,4.008967685699463,0.5318557421233827,NA,0.0,77.68170928955078,0.38983282446861267,0.005018334792499865,65536.0,0,1866,1866,0,0,252.19298768043518,244.79174041748047,7.401247262954712,23478.780112028122,0.0,240.21426129341125,0.0,0.0,0.0,15.184778075469168,0.062035456548522654,131.17673798261603,133.17883014678955,135.75351238250732,143.6176300048828,151.24177932739258,487.74112964913604,1351.1236207514326,119395,11103735,1765.3509137630463,97.61847389558233,100.0,7196.80078125,20475.0,94.34939759036145,73.7429718875502,75.0,120.53142570281123,121.662,2325.1807228915663,8551.0,30391.939655999897,4.0,318.69189453125,5886.0,3320.46142578125,20474.5,1,6.520080321285141,24,40229.6086376757,64860.765625,62.03172690763052,25800.66015625,-1,633245,30400.480306000416,8.444577862777892,0.008444577862777893,2835699.3942275057,787.6942761743071,0.7876942761743071,4.011174484819499,0.004011174484819499,374.1547811827958,0.37415478118279577,475.0,120.56106910907577,121.669,95.497,254.62105034549532,2402,10.0,64,64,1,True,100,sgd,cosine,32,100,0.1,False,1.0.0
p6-resnet50-imagenet100-jointexit-s1,93,175404,2026-08-29T15:03:42Z,1788015822.3931322,local,0,local-ac35a4a3df,CB-410-122,resnet50,resnet,imagenet100,1,p6,jointexit,5ebc9ef77ddcfc9511257817cc08e2e52da55d4cf2058b69153c9569ab0b7469,1.1711184601871816,1.4366984582901001,0.9814816365844465,0.8144,NA,0.9482,0.812531482975507,0.8144,0.8125314829755069,0.8131952655902339,0.8144,0.8131952655902339,0.8144,0.8144,0.8144,0.8144,0.8125252525252525,0.8125535036139435,1.0330297946929932,1.39104163646698,0.0534190101441401,1.1685760617256165,0.8148,2,False,0.05733088710680601,0.16004376261781306,0.8502576947212219,0.2783050537109375,0.8096902370452881,1.1162422895431519,1.1711184601871816,1.1711184601871816,NA,NA,NA,NA,NA,NA,NA,NA,NA,NA,NA,0.000245250426564883,0.000245250426564883,0.000245250426564883,[0.00024525],0.9,0.0001,2.6271784423823012,4.687485694885254,1.3850456476211548,2.567573070526123,3.6266379356384277,4.083461322784421,0.5394381384142002,NA,0.0,77.64492797851562,0.30195415019989014,0.0038889101717428463,32768.0,1,1866,1866,0,0,252.0917763710022,244.70067167282104,7.389706373214722,23730.871888399124,0.0,240.02439904212952,0.0,0.0,0.0,14.58884916807476,0.05962705599484487,131.11912054264278,132.96520709991455,136.45970821380615,145.09518146514893,154.84213829040527,487.9226492669298,1353.233740957116,119395,11223130,1512.5506582260132,97.27822580645162,100.0,7196.80078125,20475.0,94.0,73.74193548387096,75.0,120.56661693548388,121.668,2326.2096774193546,8551.0,30279.474589999783,4.0,318.69189453125,5886.0,3320.64892578125,20474.5,1,6.522177419354839,24,40236.936066658265,64860.765625,62.020161290322584,25796.5390625,-1,633245,30390.192447998546,8.441720124444041,0.00844172012444404,2866089.586675504,796.1359962987511,0.7961359962987512,4.009817059110919,0.004009817059110919,378.1645982419067,0.3781645982419067,475.0,120.58645772594751,121.668,97.798,254.53488377234012,2401,10.0,64,64,1,True,100,sgd,cosine,32,100,0.1,False,1.0.0
p6-resnet50-imagenet100-jointexit-s1,94,177270,2026-08-29T15:07:55Z,1788016075.120848,local,0,local-ac35a4a3df,CB-410-122,resnet50,resnet,imagenet100,1,p6,jointexit,5ebc9ef77ddcfc9511257817cc08e2e52da55d4cf2058b69153c9569ab0b7469,1.1704548155014887,1.4367908325195313,0.9812889987017882,0.8112,NA,0.9489,0.8100468617527556,0.8112,0.8100468617527556,0.8105778503083478,0.8112,0.8105778503083476,0.8112,0.8112,0.8112,0.8112,0.8092929292929293,0.8093107506753737,1.0046067237854004,1.361695408821106,0.05403310942275595,1.1669714450836182,0.8148,3,False,0.05921689899265765,0.14917343932818744,0.8522070050239563,0.27959465980529785,0.8080236911773682,1.1290086507797241,1.1704548155014887,1.1704548155014887,NA,NA,NA,NA,NA,NA,NA,NA,NA,NA,NA,0.00017048370746597092,0.00017048370746597092,0.00017048370746597092,[0.00017048],0.9,0.0001,2.6365535094335315,5.13666296005249,1.4524035453796387,2.602785110473633,3.5966723918914796,3.9994891357421873,0.5483710084847292,NA,0.0,77.61780548095703,0.2270028442144394,0.0029246233233189375,32768.0,1,1866,1866,0,0,252.45944142341614,245.07364201545715,7.385799407958984,23983.33132982254,0.0,240.43225359916687,0.0,0.0,0.0,16.07015415241844,0.06558125283375796,131.31934091336987,133.10730457305908,136.01446151733398,145.4708099365234,152.3284912109375,487.1800941876466,1353.9495791374914,119395,11342525,1262.2972071170807,97.5421686746988,100.0,7196.80078125,20475.0,94.25301204819277,73.71887550200803,75.0,120.4846345381526,121.764,2328.855421686747,8551.0,30374.339566500188,4.0,318.69189453125,5886.0,3320.46142578125,20474.5,1,6.530120481927711,24,40243.04229417671,64860.765625,62.026506024096385,25796.60546875,-1,633245,30405.44816999915,8.445957824999763,0.008445957824999763,2896495.0348455035,804.581954123751,0.804581954123751,4.011829966874887,0.004011829966874887,382.17642820878154,0.38217642820878156,475.0,120.46325103906902,121.963,97.986,254.66265898906275,2406,10.0,64,64,1,True,100,sgd,cosine,32,100,0.1,False,1.0.0
p6-resnet50-imagenet100-jointexit-s1,95,179136,2026-08-29T15:12:07Z,1788016327.2384036,local,0,local-ac35a4a3df,CB-410-122,resnet50,resnet,imagenet100,1,p6,jointexit,5ebc9ef77ddcfc9511257817cc08e2e52da55d4cf2058b69153c9569ab0b7469,1.169000984052951,1.4330868789672853,0.9818417856694166,0.8158,NA,0.9488,0.814373965913023,0.8158,0.8143739659130229,0.8146900591463335,0.8158,0.8146900591463335,0.8158000000000001,0.8158,0.8158,0.8158000000000001,0.813939393939394,0.8139595376317529,1.0155348777770996,1.3794358968734741,0.05209853112582039,1.1653640270233154,0.8158,0,True,0.05776126223132015,0.12880650616403833,0.8458452224731445,0.2768203020095825,0.8110993504524231,1.1114180088043213,1.169000984052951,1.169000984052951,NA,NA,NA,NA,NA,NA,NA,NA,NA,NA,NA,0.00010919913341281004,0.00010919913341281004,0.00010919913341281004,[0.0001092],0.9,0.0001,2.6088157590528596,5.306793212890625,1.3686786890029907,2.558131217956543,3.5654029846191406,4.055207576751708,0.5401154373445158,NA,0.0,77.5987319946289,0.1594778448343277,0.0020551604483094667,32768.0,1,1866,1866,0,0,251.83252096176147,244.42483854293823,7.407682418823242,24235.1638507843,0.0,239.07344460487366,0.0,0.0,0.0,14.169751957843179,0.05797945710279497,130.97139825647156,133.03565979003906,136.08932495117188,144.77683305740354,151.9181728363037,488.47326937694106,1349.9498810302082,119395,11461920,1007.3300838470459,97.31854838709677,100.0,7196.80078125,20475.0,94.06451612903226,73.66532258064517,75.0,120.53718951612902,121.904,2323.608870967742,8551.0,30263.41397599903,4.0,318.69189453125,5886.0,3320.64892578125,20474.5,1,6.493548387096775,24,40228.303679435485,64860.765625,62.02298387096774,25822.046875,-1,633244,30345.82016749992,8.4293944909722,0.0084293944909722,2926840.8550130036,813.0113486147233,0.8130113486147232,4.003962383211794,0.0040039623832117946,386.18039059199333,0.3861803905919933,475.0,120.53769307756465,121.904,97.78,254.1632410695584,2398,10.0,64,64,1,True,100,sgd,cosine,32,100,0.1,False,1.0.0
p6-resnet50-imagenet100-jointexit-s1,96,181002,2026-08-29T15:16:19Z,1788016579.8907678,local,0,local-ac35a4a3df,CB-410-122,resnet50,resnet,imagenet100,1,p6,jointexit,5ebc9ef77ddcfc9511257817cc08e2e52da55d4cf2058b69153c9569ab0b7469,1.1687953951560581,1.4329472702026367,0.9820930524728841,0.8135,NA,0.9487,0.8122427764434608,0.8135,0.8122427764434608,0.8129204597894855,0.8135,0.8129204597894854,0.8135000000000001,0.8135,0.8135,0.8135000000000001,0.8116161616161617,0.8116371086825546,1.0134048461914062,1.375647783279419,0.0520478537840337,1.165056049823761,0.8158,1,False,0.06101654058843847,0.12878503469587532,0.85003662109375,0.2779645323753357,0.8070655465126038,1.140371322631836,1.1687953951560581,1.1687953951560581,NA,NA,NA,NA,NA,NA,NA,NA,NA,NA,NA,6.146371818735729e-05,6.146371818735729e-05,6.146371818735729e-05,[6.146e-05],0.9,0.0001,2.61299420598365,5.535894393920898,1.3738319873809814,2.5693857669830322,3.5398475646972654,4.166579818725583,0.5386291397088963,NA,0.0,77.58637237548828,0.10495258867740631,0.0013527193689308742,32768.0,1,1866,1866,0,0,252.301584482193,244.89204478263855,7.409539699554443,24487.465435266495,0.0,240.9194462299347,0.0,0.0,0.0,10.03743496694063,0.04099279578975405,131.22106735601557,133.11803340911865,136.04378700256348,144.57018375396726,152.82773971557617,487.5413576867011,1349.6115015891376,119395,11581315,756.904753446579,97.50602409638554,100.0,7196.80078125,20475.0,94.11646586345381,73.66666666666667,75.0,120.4700281124498,121.839,2324.6385542168673,8551.0,30373.513481999886,4.0,318.69189453125,5886.0,3320.46142578125,20474.5,1,6.617670682730925,24,40252.578564257026,64860.765625,62.03935742971887,25802.33984375,-1,633244,30383.81289700118,8.439948026944771,0.008439948026944772,2957224.667910005,821.451296641668,0.821451296641668,4.008975312798767,0.004008975312798767,390.1893659047921,0.3901893659047921,475.0,120.47282791666667,121.848,91.434,254.48145145945122,2400,10.0,64,64,1,True,100,sgd,cosine,32,100,0.1,False,1.0.0
p6-resnet50-imagenet100-jointexit-s1,97,182868,2026-08-29T15:20:32Z,1788016832.201845,local,0,local-ac35a4a3df,CB-410-122,resnet50,resnet,imagenet100,1,p6,jointexit,5ebc9ef77ddcfc9511257817cc08e2e52da55d4cf2058b69153c9569ab0b7469,1.167009515545467,1.4361815494537353,0.9821265547133464,0.8139,NA,0.949,0.8123297466077517,0.8139,0.8123297466077517,0.8126294479759213,0.8139,0.8126294479759212,0.8139000000000002,0.8139,0.8139,0.8139000000000002,0.8120202020202021,0.8120412087316667,1.039988398551941,1.3775285482406616,0.053531596434651045,1.1629758477210999,0.8158,2,False,0.05637292001247405,0.14967776883033013,0.8507681488990784,0.2777980864048004,0.809914767742157,1.1207218170166016,1.167009515545467,1.167009515545467,NA,NA,NA,NA,NA,NA,NA,NA,NA,NA,NA,2.7329659765318308e-05,2.7329659765318308e-05,2.7329659765318308e-05,[2.733e-05],0.9,0.0001,2.5924649768476513,4.902472972869873,1.3835326433181763,2.544691324234009,3.58107681274414,4.139406394958493,0.5425085188718741,NA,0.0,77.57939147949219,0.06012687087059021,0.0007750366395498798,32768.0,1,1866,1866,0,0,252.03329586982727,244.62481594085693,7.408479928970337,24739.498731136322,0.0,240.51500916481018,0.0,0.0,0.0,14.114468637265658,0.05770284298136872,131.0858101706796,132.8064203262329,137.47012615203857,144.96891498565674,150.09236335754395,488.07394924669535,1349.804561242814,119395,11700710,504.06659173965454,97.50806451612904,100.0,7196.80078125,20475.0,94.31854838709677,73.6491935483871,75.0,120.50617741935484,121.458,2327.1169354838707,8551.0,30255.747442999444,4.0,318.69189453125,5886.0,3320.64892578125,20474.5,1,6.589516129032258,24,40247.06906817036,64860.765625,62.031451612903226,25824.60546875,-1,633243,30364.59023949969,8.434608399861025,0.008434608399861024,2987589.2581495047,829.8859050415291,0.829885905041529,4.0064389899339865,0.0040064389899339865,394.19580489472605,0.39419580489472605,475.0,120.50510715780662,121.513,95.88,254.32045093596622,2389,10.0,64,64,1,True,100,sgd,cosine,32,100,0.1,False,1.0.0
p6-resnet50-imagenet100-jointexit-s1,98,184734,2026-08-29T15:24:44Z,1788017084.203862,local,0,local-ac35a4a3df,CB-410-122,resnet50,resnet,imagenet100,1,p6,jointexit,5ebc9ef77ddcfc9511257817cc08e2e52da55d4cf2058b69153c9569ab0b7469,1.1672050380453183,1.436237855911255,0.9827044683613216,0.8145,NA,0.9484,0.8132318270381927,0.8145,0.8132318270381926,0.8140946886377896,0.8145,0.8140946886377897,0.8145,0.8145,0.8145,0.8145,0.8126262626262626,0.8126498544402383,1.0216031074523926,1.3662772178649902,0.05296271576850084,1.1634137630462646,0.8158,3,False,0.057632628649473175,0.1133085771352666,0.8491212129592896,0.2778701186180115,0.8113183379173279,1.109845757484436,1.1672050380453183,1.1672050380453183,NA,NA,NA,NA,NA,NA,NA,NA,NA,NA,NA,6.834283238424386e-06,6.834283238424386e-06,6.834283238424386e-06,[6.83e-06],0.9,0.0001,2.5982268503752297,5.379528045654297,1.3712619543075562,2.542463779449463,3.50859934091568,4.02691624164581,0.5287005910624877,NA,0.0,77.57632446289062,0.02703889273107052,0.0003485456796036377,65536.0,0,1866,1866,0,0,251.73050928115845,244.32550930976868,7.403000354766846,24991.22924041748,0.0,239.67153596878052,0.0,0.0,0.0,12.731964148973164,0.052114846812759984,130.92491544966782,133.0122947692871,136.1825466156006,144.75218057632446,157.45806694030762,488.6718555802733,1350.8036634850257,119395,11820105,251.73050928115845,97.36693548387096,100.0,7196.80078125,20475.0,94.1491935483871,73.66532258064517,75.0,120.61289112903225,121.873,2324.2137096774195,8551.0,30286.120997000922,4.0,318.69189453125,5886.0,3320.46142578125,20474.5,1,6.504032258064516,24,40254.56275201613,64860.765625,62.07741935483871,25822.9296875,-1,633366,30364.028191500118,8.4344522754167,0.0084344522754167,3017953.286341005,838.3203573169459,0.8383203573169459,4.006364830822932,0.004006364830822932,398.202169725549,0.398202169725549,475.0,120.61970666666666,122.02,98.508,254.31574346915798,2400,10.0,64,64,1,True,100,sgd,cosine,32,100,0.1,False,1.0.0
p6-resnet50-imagenet100-jointexit-s1,99,186600,2026-08-29T15:28:56Z,1788017336.5125778,local,0,local-ac35a4a3df,CB-410-122,resnet50,resnet,imagenet100,1,p6,jointexit,5ebc9ef77ddcfc9511257817cc08e2e52da55d4cf2058b69153c9569ab0b7469,1.1664187189132764,1.4367244192123414,0.9821433058335777,0.8143,NA,0.9481,0.8126068729192599,0.8143,0.8126068729192598,0.8128797335873162,0.8143,0.8128797335873164,0.8143,0.8143,0.8143,0.8143,0.8124242424242425,0.8124463018717953,0.9994980096817017,1.4117532968521118,0.05433986918862795,1.1624857187271118,0.8158,4,False,0.060301053641736525,0.15059572127130294,0.8501461148262024,0.27806052565574646,0.8117122054100037,1.1111221313476562,1.1664187189132764,1.1664187189132764,NA,NA,NA,NA,NA,NA,NA,NA,NA,NA,NA,0.0,0.0,0.0,[0.0],0.9,0.0001,2.6000302312840726,5.067933082580566,1.2846200466156006,2.5542614459991455,3.5927596569061278,4.15877513885498,0.5508546839215083,NA,0.0,77.57561492919922,0.006977024953812361,8.993837767422235e-05,32768.0,1,1866,1866,0,0,252.09575080871582,244.67461133003235,7.419468641281128,25243.324991226196,0.0,240.3836624622345,0.0,0.0,0.0,11.119580795890407,0.04544958762764336,131.11332413467946,133.10015201568604,136.35635375976562,145.5516815185547,150.62212944030762,487.9746180078839,1347.8054134983565,119395,11939500,0.0,97.22177419354838,100.0,7218.72265625,20475.0,93.81854838709677,73.68548387096774,75.0,120.56527822580645,121.727,2323.9717741935483,8551.0,30279.399364999714,4.0,318.69189453125,5886.0,3320.64892578125,20474.5,1,6.5270161290322575,24,40295.4597719254,64860.765625,62.132258064516144,25823.83203125,-1,633366,30390.43654999929,8.441787930555359,0.008441787930555358,3048343.7228910043,846.7621452475012,0.8467621452475012,4.009849267013795,0.004009849267013795,402.21201899256283,0.4022120189925628,475.0,120.55788066528066,121.727,100.628,254.53692826332164,2405,10.0,64,64,1,True,100,sgd,cosine,32,100,0.1,False,1.0.0
