run_id,epoch,global_step,timestamp_utc,unix_ts,account,worker_id,session_id,hostname,arch,family,dataset,seed,phase,method,config_hash,train_loss,val_loss,train_accuracy,val_accuracy,train_accuracy_top5,val_accuracy_top5,f1_macro,f1_micro,f1_weighted,precision_macro,precision_micro,precision_weighted,recall_macro,recall_micro,recall_weighted,balanced_accuracy,cohen_kappa,matthews_corrcoef,train_loss_min,train_loss_max,train_loss_std,train_loss_median,best_val_accuracy_so_far,epochs_since_best,is_best,val_ece,val_mce,val_nll,val_brier,val_confidence_mean,val_entropy_mean,loss_total,loss_ce,loss_kd,loss_msc,loss_l1,alpha,beta,temperature,loss_feature,loss_attention,loss_energy_boundary,loss_counterfactual,loss_pareto,learning_rate,lr_min_group,lr_max_group,lr_groups_json,momentum,weight_decay,grad_norm_mean,grad_norm_max,grad_norm_min,grad_norm_p50,grad_norm_p95,grad_norm_p99,grad_norm_std,grad_clip_value,grad_clip_hit_frac,weight_norm,update_norm,update_to_weight_ratio,amp_scale,amp_scale_decreases,n_batches,n_optimizer_steps,n_skipped_steps,nan_or_inf_batches,epoch_time_sec,train_time_sec,val_time_sec,cumulative_time_sec,dataload_time_sec,compute_time_sec,backward_time_sec,optimizer_time_sec,dataload_frac,augment_time_sec,augment_frac,step_time_mean_ms,step_time_p50_ms,step_time_p90_ms,step_time_p99_ms,step_time_max_ms,throughput_train_img_s,throughput_val_img_s,samples_seen,cumulative_samples_seen,eta_sec,gpu0_util_mean_pct,gpu0_util_max_pct,gpu0_mem_used_mb,gpu0_mem_total_mb,gpu0_mem_util_pct,gpu0_temp_mean_c,gpu0_temp_max_c,gpu0_power_mean_w,gpu0_power_max_w,gpu0_sm_clock_mhz,gpu0_mem_clock_mhz,gpu0_energy_j,gpu0_throttle_reasons,vram_allocated_mb,vram_reserved_mb,peak_vram_mb,vram_total_mb,n_gpus_visible,cpu_percent,cpu_count,ram_used_mb,ram_total_mb,ram_percent,proc_rss_mb,disk_free_scratch_mb,disk_free_working_mb,epoch_energy_j,epoch_energy_wh,epoch_energy_kwh,cumulative_energy_j,cumulative_energy_wh,cumulative_energy_kwh,epoch_co2_g,epoch_co2_kg,cumulative_co2_g,cumulative_co2_kg,carbon_intensity_g_per_kwh,power_mean_w,power_max_w,power_min_w,energy_per_sample_mj,energy_samples_n,energy_sample_hz,batch_size,effective_batch_size,gradient_accumulation_steps,amp_enabled,num_epochs,optimizer,scheduler,image_size,num_classes,label_smoothing,deterministic,msc_lib_version
p7-msdnet-cifar100-jointexit-s2,0,782,2026-09-01T13:27:31Z,1788269251.9906704,local,0,local-1c8d861c2a,CB-410-122,msdnet,msdnet,cifar100,2,p7,jointexit,4648aa4b6179df102f913788605506586ea64187887a010d75319591508daa37,3.696844940032959,3.1899061756134035,0.13894,0.2173,NA,0.5108,0.20037511028512206,0.2173,0.20037511028512203,0.2653953903277635,0.2173,0.2653953903277635,0.2173,0.2173,0.2173,0.2173,0.20939393939393935,0.21047500684754109,2.8080313205718994,4.771148681640625,0.3511083505782019,3.6612229347229004,0.2173,0,True,0.01613917833417654,0.22611834786155005,3.189899206161499,0.8976648449897766,0.22206196188926697,3.14613676071167,3.696844940032959,3.696844940032959,NA,NA,NA,NA,NA,NA,NA,NA,NA,NA,NA,0.05,0.05,0.05,[0.05],0.9,0.0005,1.5444857918697854,3.386422872543335,1.1920489072799683,1.5165045857429504,1.814169579744339,2.1275448822975145,0.18379706533424192,NA,0.0,50.227386474609375,NA,NA,65536.0,0,782,782,0,0,63.05614447593689,60.82207942008972,2.234065055847168,63.05614447593689,14.764406681060791,46.03463006019592,0.0,0.0,0.2428394835249426,0.0,0.0,77.74812882513646,79.9870491027832,99.78048801422119,115.66407442092896,118.46280097961426,822.0698877237802,4476.14538969097,50000,50000,15070.418529748917,45.142857142857146,95.0,4475.6640625,20475.0,25.6984126984127,63.20634920634921,66.0,71.19455555555557,109.925,2381.190476190476,8551.0,4474.548148000267,1.0,45.59423828125,3388.0,635.7529296875,20474.5,1,14.238095238095243,24,24007.24150545635,64860.765625,37.0,2344.5390625,-1,628204,4481.385943500925,1.244829428750257,0.0012448294287502571,4481.385943500925,1.244829428750257,0.0012448294287502571,0.5912939786563721,0.0005912939786563721,0.5912939786563721,0.0005912939786563721,475.0,71.140795,109.925,38.753,89.62771887001851,600,10.0,64,64,1,True,240,sgd,multistep,32,100,0.0,False,1.0.0
p7-msdnet-cifar100-jointexit-s2,1,1564,2026-09-01T13:28:26Z,1788269306.8563614,local,0,local-1c8d861c2a,CB-410-122,msdnet,msdnet,cifar100,2,p7,jointexit,4648aa4b6179df102f913788605506586ea64187887a010d75319591508daa37,2.9197329764556885,2.6331830028533934,0.2861,0.3256,NA,0.6467,0.3076545726880283,0.3256,0.3076545726880283,0.37511176530707924,0.3256,0.3751117653070792,0.32559999999999995,0.3256,0.3256,0.32559999999999995,0.3187878787878786,0.3195698675369219,2.1247735023498535,3.7491021156311035,0.2494008994220207,2.915870785713196,0.3256,0,True,0.016244677025824782,0.05473527384967336,2.6331944465637207,0.8066114187240601,0.3349996507167816,2.546151638031006,2.9197329764556885,2.9197329764556885,NA,NA,NA,NA,NA,NA,NA,NA,NA,NA,NA,0.05,0.05,0.05,[0.05],0.9,0.0005,1.653007185062789,3.213587760925293,1.3062273263931274,1.6422168016433716,1.8595443248748778,2.0499776291847223,0.14256813486115158,NA,0.0,48.385868072509766,16.4955997467041,0.3409177184128274,65536.0,0,782,782,0,0,54.72253155708313,52.66958141326904,2.052950143814087,117.77867603302002,10.898740530014038,41.752049684524536,0.0,0.0,0.2070005119696104,0.0,0.0,67.32837623342529,66.60032272338867,83.57710838317871,101.51978492736815,113.02065849304199,949.3145504172073,4871.038894993053,50000,100000,13023.962510585785,54.72727272727273,95.0,4487.5390625,20475.0,32.054545454545455,64.32727272727273,68.0,78.32203636363637,114.778,2369.4545454545455,8551.0,4252.960236500276,0.0,45.98681640625,3388.0,641.7529296875,20474.5,1,10.138181818181819,24,24012.381392045456,64860.765625,37.0,2347.16015625,-1,628186,4234.6588089997895,1.1762941136110527,0.0011762941136110527,8716.044752500715,2.4211235423613098,0.00242112354236131,0.55873970396525,0.00055873970396525,1.150033682621622,0.001150033682621622,475.0,77.48255384615385,114.778,67.795,84.69317617999579,520,10.0,64,64,1,True,240,sgd,multistep,32,100,0.0,False,1.0.0
p7-msdnet-cifar100-jointexit-s2,2,2346,2026-09-01T13:29:17Z,1788269357.028165,local,0,local-1c8d861c2a,CB-410-122,msdnet,msdnet,cifar100,2,p7,jointexit,4648aa4b6179df102f913788605506586ea64187887a010d75319591508daa37,2.5104154919433594,2.3787895290374754,0.37758,0.3751,NA,0.6987,0.36188692448390364,0.3751,0.36188692448390364,0.4400780371197937,0.3751,0.4400780371197936,0.3751,0.3751,0.3751,0.3751,0.3687878787878788,0.369707394110193,1.911253571510315,3.1635985374450684,0.2005472219881116,2.5121244192123413,0.3751,0,True,0.01082826302908361,0.03871526973338424,2.378798007965088,0.7627558708190918,0.3710416257381439,2.391840934753418,2.5104154919433594,2.5104154919433594,NA,NA,NA,NA,NA,NA,NA,NA,NA,NA,NA,0.05,0.05,0.05,[0.05],0.9,0.0005,1.6639077576529948,3.5391063690185547,1.3162190914154053,1.6504302024841309,1.863235354423523,1.956263924837112,0.13130646699027876,NA,0.0,48.46441650390625,13.726378440856934,0.283225909461854,131072.0,0,782,782,0,0,50.104145526885986,48.035335063934326,2.06881046295166,167.882821559906,9.005974054336548,39.01002359390259,0.0,0.0,0.18756194800561057,0.0,0.0,61.401531519487385,64.28694725036621,71.29819393157959,80.13587474822995,87.99600601196289,1040.900410779913,4833.695584530529,50000,150000,11874.682489871979,58.92,92.0,4487.5390625,20475.0,34.06,66.12,69.0,81.93870000000001,114.778,2370.0,8551.0,4042.1146170009742,0.0,45.59423828125,3388.0,641.94921875,20474.5,1,8.86,24,24013.69859375,64860.765625,37.001999999999995,2336.02734375,-1,628186,4080.992039000401,1.1336088997223335,0.0011336088997223337,12797.036791501116,3.554732442083643,0.0035547324420836432,0.5384642273681085,0.0005384642273681085,1.6884979099897304,0.0016884979099897304,475.0,81.64492452830187,115.215,77.726,81.61984078000802,477,10.0,64,64,1,True,240,sgd,multistep,32,100,0.0,False,1.0.0
p7-msdnet-cifar100-jointexit-s2,3,3128,2026-09-01T13:30:06Z,1788269406.9748237,local,0,local-1c8d861c2a,CB-410-122,msdnet,msdnet,cifar100,2,p7,jointexit,4648aa4b6179df102f913788605506586ea64187887a010d75319591508daa37,2.2812060972595214,2.1638096214294436,0.43124,0.4312,NA,0.7472,0.42431144484612027,0.4312,0.42431144484612043,0.492762548909117,0.4312,0.49276254890911714,0.43119999999999997,0.4312,0.4312,0.43119999999999997,0.4254545454545454,0.42626678919018246,1.8000116348266602,2.8870668411254883,0.1903417808035889,2.2838064432144165,0.4312,0,True,0.03378716625869275,0.07078761500686681,2.1638073921203613,0.7126572132110596,0.39741283655166626,2.2806804180145264,2.2812060972595214,2.2812060972595214,NA,NA,NA,NA,NA,NA,NA,NA,NA,NA,NA,0.05,0.05,0.05,[0.05],0.9,0.0005,1.6907995332537404,3.3512308597564697,1.3976590633392334,1.6839037537574768,1.8953583061695096,2.020342512130737,0.12763846149693753,NA,0.0,49.18996810913086,12.352096557617188,0.2511100745219702,131072.0,0,782,782,0,0,49.83122515678406,47.771047592163086,2.0601775646209717,217.71404671669006,8.853296995162964,38.90181803703308,0.0,0.0,0.18538950202913668,0.0,0.0,61.06792203605632,64.53073024749756,69.00930404663086,80.04230260848996,86.46130561828613,1046.6590648558977,4853.950538889489,50000,200000,11760.169137001038,60.54,94.0,4487.5390625,20475.0,35.54,66.72,69.0,82.58256,115.215,2370.0,8551.0,4069.482669998998,0.0,45.98681640625,3388.0,641.7529296875,20474.5,1,8.75,24,24018.29609375,64860.765625,37.007999999999996,2338.94921875,-1,628186,4076.4075679992884,1.1323354355553579,0.001132335435555358,16873.444359500405,4.687067877639001,0.004687067877639001,0.537859331888795,0.000537859331888795,2.2263572418785254,0.0022263572418785254,475.0,81.87945073375263,115.215,75.844,81.52815135998577,477,10.0,64,64,1,True,240,sgd,multistep,32,100,0.0,False,1.0.0
p7-msdnet-cifar100-jointexit-s2,4,3910,2026-09-01T13:30:58Z,1788269458.8112118,local,0,local-1c8d861c2a,CB-410-122,msdnet,msdnet,cifar100,2,p7,jointexit,4648aa4b6179df102f913788605506586ea64187887a010d75319591508daa37,2.131504302825928,1.944746876144409,0.46738,0.4803,NA,0.7867,0.46852377919936783,0.4803,0.4685237791993679,0.5185766365938238,0.4803,0.5185766365938235,0.4803,0.4803,0.4803,0.4803,0.47505050505050506,0.4756139224121412,1.6053471565246582,2.848116636276245,0.1868992861173263,2.1325693130493164,0.4803,0,True,0.02653798212260007,0.22241223071302685,1.9447468519210815,0.6580095887184143,0.4537620544433594,2.0502305030822754,2.131504302825928,2.131504302825928,NA,NA,NA,NA,NA,NA,NA,NA,NA,NA,NA,0.05,0.05,0.05,[0.05],0.9,0.0005,1.7218430022449445,2.982743978500366,1.4323428869247437,1.7157695293426514,1.9350392937660215,2.046521778106689,0.12804859781374067,NA,0.0,50.141746520996094,11.799518585205078,0.2353232466735918,131072.0,0,782,782,0,0,51.76034688949585,49.69655179977417,2.0637950897216797,269.4743936061859,10.223844289779663,39.45579195022583,0.0,0.0,0.20579547403261206,0.0,0.0,63.528946598472494,63.332438468933105,75.42948722839354,99.9206280708313,116.01138114929199,1006.1060212275574,4845.4422872711575,50000,250000,12163.681519031525,58.03846153846154,91.0,4487.5390625,20475.0,33.57692307692308,66.38461538461539,69.0,80.7765,114.661,2370.0,8551.0,4136.930269500378,0.0,45.59423828125,3388.0,641.94921875,20474.5,1,9.988461538461538,24,24034.7080078125,64860.765625,37.05769230769231,2342.7578125,-1,628186,4146.507080000651,1.151807522222403,0.001151807522222403,21019.951439501056,5.838875399861404,0.005838875399861405,0.5471085730556414,0.0005471085730556414,2.7734658149341667,0.0027734658149341667,475.0,80.3194448979592,114.661,69.994,82.93014160001302,490,10.0,64,64,1,True,240,sgd,multistep,32,100,0.0,False,1.0.0
p7-msdnet-cifar100-jointexit-s2,5,4692,2026-09-01T13:31:48Z,1788269508.7806466,local,0,local-1c8d861c2a,CB-410-122,msdnet,msdnet,cifar100,2,p7,jointexit,4648aa4b6179df102f913788605506586ea64187887a010d75319591508daa37,2.031332713775635,1.8339976390838624,0.49566,0.4958,NA,0.8035,0.48831871427175405,0.4958,0.488318714271754,0.5381132831741653,0.4958,0.5381132831741651,0.49579999999999996,0.4958,0.4958,0.49579999999999996,0.49070707070707076,0.49141702592662856,1.4918168783187866,2.84368896484375,0.18917666760010085,2.013154983520508,0.4958,0,True,0.013395147259905935,0.058869313448667526,1.833990216255188,0.6343852877616882,0.5036531090736389,1.818650245666504,2.031332713775635,2.031332713775635,NA,NA,NA,NA,NA,NA,NA,NA,NA,NA,NA,0.05,0.05,0.05,[0.05],0.9,0.0005,1.7569732517768175,2.1418237686157227,1.4555540084838867,1.7536602020263672,1.961839348077774,2.072418160438538,0.1196738243648957,NA,0.0,51.1314697265625,11.70456600189209,0.22891119822068476,65536.0,2,782,782,0,0,49.85352420806885,47.806605100631714,2.046919107437134,319.32791781425476,8.820175170898438,38.96908712387085,0.0,0.0,0.18456395322645183,0.0,0.0,61.11158861223694,63.07554244995117,70.25880813598633,80.58903455734246,85.5410099029541,1045.8805827092563,4885.390909521873,50000,300000,11665.72466468811,59.26,92.0,4487.5390625,20475.0,34.0,66.46,69.0,82.29208,114.661,2370.0,8551.0,4056.278589499446,0.0,45.98681640625,3388.0,641.7529296875,20474.5,1,8.659999999999998,24,24035.940703125,64860.765625,37.093999999999994,2340.27734375,-1,628185,4079.41851099964,1.1331718086110112,0.0011331718086110111,25099.369950500695,6.972047208472415,0.006972047208472415,0.5382566090902303,0.0005382566090902303,3.311722424024397,0.0033117224240243968,475.0,81.85379113924051,115.027,78.465,81.58837021999281,474,10.0,64,64,1,True,240,sgd,multistep,32,100,0.0,False,1.0.0
p7-msdnet-cifar100-jointexit-s2,6,5474,2026-09-01T13:32:40Z,1788269560.151107,local,0,local-1c8d861c2a,CB-410-122,msdnet,msdnet,cifar100,2,p7,jointexit,4648aa4b6179df102f913788605506586ea64187887a010d75319591508daa37,1.9446394271087646,1.9261998161315919,0.5196,0.4851,NA,0.7925,0.4814296290428562,0.4851,0.4814296290428563,0.5541548610332425,0.4851,0.5541548610332425,0.4851,0.4851,0.4851,0.4851,0.4798989898989898,0.4806921892242283,1.4418919086456299,2.6522231101989746,0.1829518075678745,1.9393577575683594,0.4958,1,False,0.04149895968511701,0.08455078827368245,1.9262022972106934,0.6552567481994629,0.44367218017578125,2.1143436431884766,1.9446394271087646,1.9446394271087646,NA,NA,NA,NA,NA,NA,NA,NA,NA,NA,NA,0.05,0.05,0.05,[0.05],0.9,0.0005,1.78485791305142,2.864671230316162,1.4211838245391846,1.7806973457336426,1.9916366696357726,2.073584175109862,0.1273672484410957,NA,0.0,52.05870056152344,11.784638404846191,0.22637211989029576,65536.0,0,782,782,0,0,51.280136823654175,49.23001766204834,2.050119161605835,370.60805463790894,8.79498553276062,40.427151918411255,0.0,0.0,0.17867947204619475,0.0,0.0,62.943909784107255,66.07913970947266,71.98939323425292,82.87686109542847,92.8337574005127,1015.6405050113408,4877.765247639125,50000,350000,11948.271879911423,58.21568627450981,92.0,4487.5390625,20475.0,33.627450980392155,66.23529411764706,69.0,80.86139215686273,115.027,2370.0,8551.0,4066.1276014992845,0.0,45.59423828125,3388.0,641.94921875,20474.5,1,8.370588235294116,24,24023.45503982843,64860.765625,37.01764705882353,2340.26171875,-1,628185,4133.878152999491,1.148299486944303,0.0011482994869443032,29233.248103500187,8.12034669541672,0.00812034669541672,0.5454422562985439,0.000545442256298544,3.857164680322941,0.003857164680322941,475.0,80.7658155737705,115.027,77.27,82.67756305998982,488,10.0,64,64,1,True,240,sgd,multistep,32,100,0.0,False,1.0.0
p7-msdnet-cifar100-jointexit-s2,7,6256,2026-09-01T13:33:32Z,1788269612.3510354,local,0,local-1c8d861c2a,CB-410-122,msdnet,msdnet,cifar100,2,p7,jointexit,4648aa4b6179df102f913788605506586ea64187887a010d75319591508daa37,1.8732241025543213,1.8966145126342773,0.53996,0.4925,NA,0.795,0.4888340115488393,0.4925,0.4888340115488393,0.5553612135623127,0.4925,0.5553612135623127,0.4925,0.4925,0.4925,0.4925,0.48737373737373724,0.488436438504429,1.3992280960083008,2.5782859325408936,0.17817600889074756,1.8745017647743225,0.4958,2,False,0.02085399943292141,0.054068231764640484,1.8966113328933716,0.6472434997558594,0.5039095282554626,1.8441262245178223,1.8732241025543213,1.8732241025543213,NA,NA,NA,NA,NA,NA,NA,NA,NA,NA,NA,0.05,0.05,0.05,[0.05],0.9,0.0005,1.8012559906296108,3.8031129837036133,1.4453212022781372,1.7963653802871704,1.993266350030899,2.1112314152717575,0.13865299634352707,NA,0.0,52.83338165283203,11.91972827911377,0.22560979263902248,65536.0,0,782,782,0,0,52.13455533981323,50.083234548568726,2.051320791244507,422.74260997772217,8.767187118530273,41.29893159866333,0.0,0.0,0.17511217851843314,0.0,0.0,64.02316971508134,66.27285480499268,72.88193702697754,82.69561290740967,86.03286743164062,998.3380756191374,4874.907933796714,50000,400000,12095.21683883667,58.46153846153846,91.0,4487.5390625,20475.0,34.59615384615385,65.8076923076923,68.0,80.61934615384615,113.887,2370.0,8551.0,4131.9515075005565,0.0,45.98681640625,3388.0,641.7529296875,20474.5,1,8.551923076923078,24,24010.538536658652,64860.765625,37.00192307692308,2340.25390625,-1,628185,4164.9038539996445,1.1569177372221235,0.0011569177372221236,33398.15195749983,9.277264432638843,0.009277264432638842,0.5495359251805086,0.0005495359251805087,4.40670060550345,0.00440670060550345,475.0,80.0229737903226,114.558,75.957,83.29807707999288,496,10.0,64,64,1,True,240,sgd,multistep,32,100,0.0,False,1.0.0
p7-msdnet-cifar100-jointexit-s2,8,7038,2026-09-01T13:34:24Z,1788269664.2858992,local,0,local-1c8d861c2a,CB-410-122,msdnet,msdnet,cifar100,2,p7,jointexit,4648aa4b6179df102f913788605506586ea64187887a010d75319591508daa37,1.8299695750808715,1.8067994449615479,0.55086,0.5163,NA,0.8124,0.5146718407560524,0.5163,0.5146718407560523,0.5706358821080577,0.5163,0.5706358821080579,0.5163,0.5163,0.5163,0.5163,0.5114141414141414,0.5123035116003081,1.3355011940002441,2.3536770343780518,0.18421235556760468,1.8176591992378235,0.5163,0,True,0.02317554322108626,0.06254800409078598,1.8068007230758667,0.627112865447998,0.500252902507782,1.8756523132324219,1.8299695750808715,1.8299695750808715,NA,NA,NA,NA,NA,NA,NA,NA,NA,NA,NA,0.05,0.05,0.05,[0.05],0.9,0.0005,1.8251829179351593,3.6826159954071045,1.4768530130386353,1.821845531463623,2.0453054666519166,2.140836911201477,0.14412254636788802,NA,0.0,53.50844955444336,12.041166305541992,0.2250329883561743,131072.0,0,782,782,0,0,51.894866943359375,49.83500576019287,2.058854818344116,474.63747692108154,9.131279706954956,40.686362981796265,0.0,0.0,0.18329409450392944,0.0,0.0,63.7054254331857,66.22684001922607,73.9924430847168,83.16481351852417,88.72103691101074,1003.3108100880149,4857.069041926298,50000,450000,11987.714263916016,56.73076923076923,91.0,4487.5390625,20475.0,33.34615384615385,65.73076923076923,68.0,80.45946153846154,114.62,2370.0,8551.0,4124.271306499154,0.0,45.59423828125,3388.0,641.94921875,20474.5,1,8.984615384615385,24,24029.82527043269,64860.765625,37.01923076923076,2341.18359375,-1,628185,4149.122180499735,1.152533939027704,0.0011525339390277042,37547.274137999564,10.429798371666546,0.010429798371666545,0.5474536210381594,0.0005474536210381594,4.9541542265416085,0.004954154226541609,475.0,80.09137119675457,114.62,76.516,82.9824436099947,493,10.0,64,64,1,True,240,sgd,multistep,32,100,0.0,False,1.0.0
p7-msdnet-cifar100-jointexit-s2,9,7820,2026-09-01T13:35:16Z,1788269716.1741514,local,0,local-1c8d861c2a,CB-410-122,msdnet,msdnet,cifar100,2,p7,jointexit,4648aa4b6179df102f913788605506586ea64187887a010d75319591508daa37,1.78908830078125,1.655875556564331,0.56394,0.548,NA,0.8363,0.5426531500347197,0.548,0.5426531500347197,0.5800515965314968,0.548,0.5800515965314968,0.5480000000000002,0.548,0.548,0.5480000000000002,0.5434343434343434,0.5439049974212322,1.283687949180603,2.7829742431640625,0.18363266788912702,1.7838441729545593,0.548,0,True,0.04279507815465331,0.10546687866250673,1.6558728218078613,0.5857820510864258,0.5052048563957214,1.8631399869918823,1.78908830078125,1.78908830078125,NA,NA,NA,NA,NA,NA,NA,NA,NA,NA,NA,0.05,0.05,0.05,[0.05],0.9,0.0005,1.8331286693504616,2.2237675189971924,1.495053768157959,1.8283605575561523,2.0510470867156982,2.1395010948181157,0.12297602091017615,NA,0.0,54.10163116455078,12.092503547668457,0.22351458333832777,65536.0,1,782,782,0,0,51.7718141078949,49.709365129470825,2.0624489784240723,526.4092910289764,8.636025428771973,41.06584620475769,0.0,0.0,0.17375654366597282,0.0,0.0,63.55738060553666,66.47729873657227,70.34311294555664,83.13969373703003,83.93454551696777,1005.846682406267,4848.604791979412,50000,500000,11907.517244815826,59.09615384615385,96.0,4487.5390625,20475.0,34.75,65.78846153846153,69.0,80.63430769230769,114.008,2370.0,8551.0,4127.569134499732,0.0,45.98681640625,3388.0,641.7529296875,20474.5,1,8.853846153846154,24,24039.06678185096,64860.765625,37.099999999999994,2349.9921875,-1,628185,4146.094532999692,1.1516929258332478,0.001151692925833248,41693.368670999254,11.581491297499793,0.011581491297499793,0.5470541397707928,0.0005470541397707928,5.501208366312402,0.005501208366312402,475.0,80.21636511156186,114.256,76.746,82.92189065999384,493,10.0,64,64,1,True,240,sgd,multistep,32,100,0.0,False,1.0.0
p7-msdnet-cifar100-jointexit-s2,10,8602,2026-09-01T13:36:07Z,1788269767.24369,local,0,local-1c8d861c2a,CB-410-122,msdnet,msdnet,cifar100,2,p7,jointexit,4648aa4b6179df102f913788605506586ea64187887a010d75319591508daa37,1.750970918045044,1.692978028678894,0.57592,0.5388,NA,0.8268,0.542528418186216,0.5388,0.542528418186216,0.5928908539093046,0.5388,0.5928908539093046,0.5388000000000001,0.5388,0.5388,0.5388000000000001,0.5341414141414143,0.5349256280082176,1.2619432210922241,2.411903142929077,0.18024062477798486,1.7508675456047058,0.548,1,False,0.023665003986656656,0.06614820542910416,1.6929689645767212,0.5942057371139526,0.5159459710121155,1.8163753747940063,1.750970918045044,1.750970918045044,NA,NA,NA,NA,NA,NA,NA,NA,NA,NA,NA,0.05,0.05,0.05,[0.05],0.9,0.0005,1.8424593926695607,3.695557117462158,1.431731939315796,1.8317606449127197,2.0756406784057617,2.1634207916259762,0.15018143057185349,NA,0.0,54.54444122314453,12.161779403686523,0.22297009797812328,65536.0,0,782,782,0,0,50.97158169746399,48.90171432495117,2.068866014480591,577.3808727264404,9.414756059646606,39.4752311706543,0.0,0.0,0.19257022946840852,0.0,0.0,62.51916525613927,63.37261199951172,71.07412815093994,82.57725000381468,168.1346893310547,1022.459042391658,4833.56579401813,50000,550000,11672.492208719254,57.98039215686274,92.0,4475.6640625,20475.0,34.21568627450981,65.7843137254902,68.0,81.09825490196079,114.575,2370.0,8551.0,4072.303834499879,0.0,45.59423828125,3388.0,641.94921875,20474.5,1,8.950980392156861,24,23903.594822303923,64860.765625,36.847058823529416,2337.7265625,-1,628185,4099.686661500132,1.1388018504167032,0.0011388018504167033,45793.05533249939,12.720293147916497,0.012720293147916497,0.540930878947934,0.000540930878947934,6.042139245260335,0.006042139245260336,475.0,80.61028274428274,114.575,72.961,81.99373323000265,481,10.0,64,64,1,True,240,sgd,multistep,32,100,0.0,False,1.0.0
p7-msdnet-cifar100-jointexit-s2,11,9384,2026-09-01T13:36:57Z,1788269817.5416667,local,0,local-1c8d861c2a,CB-410-122,msdnet,msdnet,cifar100,2,p7,jointexit,4648aa4b6179df102f913788605506586ea64187887a010d75319591508daa37,1.7191956925201417,1.7324147539138794,0.58372,0.5305,NA,0.825,0.5290628471263107,0.5305,0.5290628471263107,0.5839611963251814,0.5305,0.5839611963251815,0.5305,0.5305,0.5305,0.5305,0.5257575757575758,0.5266425308149211,0.9506886005401611,2.3339805603027344,0.1798828680152271,1.713299810886383,0.548,2,False,0.039933098384737964,0.06442916265097998,1.7324107885360718,0.6070336699485779,0.4905669093132019,1.949228286743164,1.7191956925201417,1.7191956925201417,NA,NA,NA,NA,NA,NA,NA,NA,NA,NA,NA,0.05,0.05,0.05,[0.05],0.9,0.0005,1.8571425141275997,2.668020248413086,1.4141918420791626,1.8507564067840576,2.0869860887527465,2.1998018383979794,0.1398134495746507,NA,0.0,54.90719985961914,12.270636558532715,0.22347955441007678,65536.0,0,782,782,0,0,50.220117807388306,48.16676568984985,2.053352117538452,627.6009905338287,8.987757205963135,39.17088580131531,0.0,0.0,0.18662812414803243,0.0,0.0,61.58394246455043,64.68963623046875,70.93901634216309,81.70300006866455,87.56256103515625,1038.060149646636,4870.085317849891,50000,600000,11450.186860084534,59.22,92.0,4475.6640625,20475.0,34.74,66.06,68.0,81.6283,114.488,2370.0,8551.0,4018.940216000334,0.0,45.98681640625,3388.0,641.7529296875,20474.5,1,9.088000000000001,24,23900.365390625,64860.765625,36.83,2198.1796875,-1,628185,4076.486822000431,1.1323574505556753,0.0011323574505556753,49869.54215449982,13.852650598472172,0.013852650598472172,0.5378697890139457,0.0005378697890139457,6.580009034274282,0.006580009034274282,475.0,81.38025678496868,114.488,77.259,81.52973644000862,479,10.0,64,64,1,True,240,sgd,multistep,32,100,0.0,False,1.0.0
p7-msdnet-cifar100-jointexit-s2,12,10166,2026-09-01T13:37:47Z,1788269867.4296298,local,0,local-1c8d861c2a,CB-410-122,msdnet,msdnet,cifar100,2,p7,jointexit,4648aa4b6179df102f913788605506586ea64187887a010d75319591508daa37,1.694942112045288,1.5606303981781007,0.59134,0.5707,NA,0.8489,0.5592688441548009,0.5707,0.5592688441548008,0.59182799939485,0.5707,0.59182799939485,0.5707,0.5707,0.5707,0.5707,0.5663636363636364,0.5667869839659636,1.2546467781066895,2.3694655895233154,0.17667222064081134,1.687929093837738,0.5707,0,True,0.038455415235459804,0.07860544763992883,1.5606319904327393,0.55825275182724,0.5323183536529541,1.7692310810089111,1.694942112045288,1.694942112045288,NA,NA,NA,NA,NA,NA,NA,NA,NA,NA,NA,0.05,0.05,0.05,[0.05],0.9,0.0005,1.8620552561805128,2.4386038780212402,1.5085870027542114,1.8594558238983154,2.088714361190796,2.1996991634368905,0.1376857899058854,NA,0.0,55.23670959472656,12.334806442260742,0.22330813208754824,65536.0,1,782,782,0,0,49.81846809387207,47.768532276153564,2.049935817718506,677.4194586277008,8.390090227127075,39.35989761352539,0.0,0.0,0.17570874059959615,0.0,0.0,61.06136552513103,63.906192779541016,68.98596286773682,80.00399589538573,85.65998077392578,1046.714178090006,4878.201509318272,50000,650000,11308.79225730896,59.2,92.0,4475.6640625,20475.0,34.8,66.3,69.0,82.60604,114.368,2370.0,8551.0,4072.3093360005428,0.0,45.59423828125,3388.0,641.94921875,20474.5,1,8.815999999999999,24,23875.173046875,64860.765625,36.806,2203.1484375,-1,628185,4072.2815105006325,1.1311893084723978,0.001131189308472398,53941.82366500045,14.983839906944569,0.014983839906944569,0.537314921524389,0.000537314921524389,7.117323955798671,0.007117323955798671,475.0,81.81964210526316,114.834,78.46,81.44563021001265,475,10.0,64,64,1,True,240,sgd,multistep,32,100,0.0,False,1.0.0
p7-msdnet-cifar100-jointexit-s2,13,10948,2026-09-01T13:38:38Z,1788269918.732812,local,0,local-1c8d861c2a,CB-410-122,msdnet,msdnet,cifar100,2,p7,jointexit,4648aa4b6179df102f913788605506586ea64187887a010d75319591508daa37,1.6729211184692383,1.7210958307266235,0.59724,0.5367,NA,0.824,0.5367787885941755,0.5367,0.5367787885941755,0.5910972331694828,0.5367,0.5910972331694827,0.5367000000000001,0.5367,0.5367,0.5367000000000001,0.5320202020202021,0.5327121440519653,1.1309998035430908,2.3555338382720947,0.17686923346473943,1.6706398129463196,0.5707,1,False,0.045217534434795384,0.09682328354800884,1.7210928201675415,0.5976130962371826,0.4914824664592743,1.9449821710586548,1.6729211184692383,1.6729211184692383,NA,NA,NA,NA,NA,NA,NA,NA,NA,NA,NA,0.05,0.05,0.05,[0.05],0.9,0.0005,1.8735804162976686,4.188119888305664,1.4629393815994263,1.865715742111206,2.0886475086212157,2.2214871907234173,0.15887858808509284,NA,0.0,55.50038146972656,12.38369083404541,0.2231280309451614,65536.0,0,782,782,0,0,51.19805145263672,48.946290493011475,2.2508084774017334,728.6175100803375,9.394882917404175,39.53903126716614,0.0,0.0,0.19199124112508742,0.0,0.0,62.57533783193135,66.15948677062988,70.90325355529785,95.48944950103734,100.56090354919434,1021.5278726206835,4442.848025676402,50000,700000,11570.759628295898,57.8235294117647,91.0,4475.6640625,20475.0,33.705882352941174,66.19607843137256,69.0,81.23707843137254,114.368,2370.0,8551.0,4092.2343360000223,0.0,45.98681640625,3388.0,641.7529296875,20474.5,1,9.4,24,23886.529105392157,64860.765625,36.8,2199.40234375,-1,628184,4123.4316449987255,1.1453976791663125,0.0011453976791663126,58065.25530999917,16.129237586110882,0.01612923758611088,0.5440638976039985,0.0005440638976039985,7.66138785340267,0.00766138785340267,475.0,80.68113524590163,114.368,70.103,82.46863289997451,488,10.0,64,64,1,True,240,sgd,multistep,32,100,0.0,False,1.0.0
p7-msdnet-cifar100-jointexit-s2,14,11730,2026-09-01T13:39:42Z,1788269982.681104,local,0,local-1c8d861c2a,CB-410-122,msdnet,msdnet,cifar100,2,p7,jointexit,4648aa4b6179df102f913788605506586ea64187887a010d75319591508daa37,1.6550402612686157,1.562279285812378,0.6061,0.5769,NA,0.8466,0.5730529989800763,0.5769,0.5730529989800762,0.6158032070520846,0.5769,0.6158032070520846,0.5769000000000001,0.5769,0.5769,0.5769000000000001,0.5726262626262626,0.5731289028848785,1.187751054763794,2.4534895420074463,0.17777593235350783,1.6634830236434937,0.5769,0,True,0.0334449624672532,0.06963965688088924,1.5622708797454834,0.5573683381080627,0.5435280203819275,1.7024677991867065,1.6550402612686157,1.6550402612686157,NA,NA,NA,NA,NA,NA,NA,NA,NA,NA,NA,0.05,0.05,0.05,[0.05],0.9,0.0005,1.8729821696610707,3.258969306945801,1.4718619585037231,1.8626160025596619,2.1165952920913695,2.238500163555145,0.148866274067795,NA,0.0,55.74884796142578,12.51984691619873,0.22457588585259322,65536.0,0,782,782,0,0,63.835983753204346,61.64861464500427,2.1873691082000732,792.4534938335419,14.548527479171753,47.081719636917114,0.0,0.0,0.23606148214475992,0.0,0.0,78.81105769320827,81.06708526611328,99.48878288269043,104.62889432907097,126.4946460723877,811.0482334099258,4571.702124946223,50000,750000,14363.096344470978,47.53968253968254,91.0,4476.1015625,20475.0,27.095238095238095,63.76190476190476,66.0,71.77211111111113,108.227,2369.5238095238096,8551.0,4480.124904499816,1.0,45.59423828125,3388.0,641.94921875,20474.5,1,14.309523809523807,24,23889.189050099205,64860.765625,36.807936507936525,2201.921875,-1,628135,4593.618336499511,1.2760050934720866,0.0012760050934720864,62658.87364649868,17.405242679582965,0.017405242679582968,0.606102419399241,0.000606102419399241,8.267490272801911,0.008267490272801912,475.0,72.04217348608837,108.835,68.252,91.87236672999023,611,10.0,64,64,1,True,240,sgd,multistep,32,100,0.0,False,1.0.0
p7-msdnet-cifar100-jointexit-s2,15,12512,2026-09-01T13:40:45Z,1788270045.849652,local,0,local-1c8d861c2a,CB-410-122,msdnet,msdnet,cifar100,2,p7,jointexit,4648aa4b6179df102f913788605506586ea64187887a010d75319591508daa37,1.6397753765106202,1.7364315362930298,0.61158,0.5256,NA,0.82,0.5182482162478619,0.5256,0.5182482162478619,0.5901635913638982,0.5256,0.5901635913638981,0.5256000000000001,0.5256,0.5256,0.5256000000000001,0.5208080808080808,0.5216958667181489,1.1758757829666138,2.215714454650879,0.17349741729252013,1.6323589086532593,0.5769,1,False,0.04621420691162348,0.0906546226919514,1.7364293336868286,0.6067198514938354,0.5711830854415894,1.5487163066864014,1.6397753765106202,1.6397753765106202,NA,NA,NA,NA,NA,NA,NA,NA,NA,NA,NA,0.05,0.05,0.05,[0.05],0.9,0.0005,1.885230529491249,3.9981470108032227,1.4864405393600464,1.874751091003418,2.1160542607307433,2.2294008421897886,0.1552225359841862,NA,0.0,55.967437744140625,12.59846305847168,0.22510344525805356,131072.0,0,782,782,0,0,63.017348527908325,60.81151485443115,2.205833673477173,855.4708423614502,14.937590599060059,45.853612184524536,0.0,0.0,0.245719609336199,0.0,0.0,77.7381109764509,79.72514629364014,99.73852634429932,103.62393856048583,116.6224479675293,822.2127029673337,4533.4333772484615,50000,800000,14115.886070251465,46.46031746031746,95.0,4476.1015625,20475.0,26.666666666666668,62.98412698412698,66.0,72.20074603174602,109.04,2369.7619047619046,8551.0,4510.791025000708,1.0,45.98681640625,3388.0,641.7529296875,20474.5,1,14.134920634920634,24,23969.250496031746,64860.765625,36.93492063492065,2201.87109375,-1,628183,4534.401129500333,1.2595558693056481,0.001259555869305648,67193.27477599902,18.664798548888616,0.018664798548888615,0.5982890379201827,0.0005982890379201827,8.865779310722095,0.008865779310722095,475.0,72.02105324459234,109.513,66.289,90.68802259000667,601,10.0,64,64,1,True,240,sgd,multistep,32,100,0.0,False,1.0.0
p7-msdnet-cifar100-jointexit-s2,16,13294,2026-09-01T13:41:40Z,1788270100.5015895,local,0,local-1c8d861c2a,CB-410-122,msdnet,msdnet,cifar100,2,p7,jointexit,4648aa4b6179df102f913788605506586ea64187887a010d75319591508daa37,1.62601471408844,1.548188410758972,0.61578,0.5712,NA,0.8455,0.5635441676492657,0.5712,0.5635441676492656,0.6121829669668124,0.5712,0.6121829669668124,0.5711999999999999,0.5712,0.5712,0.5711999999999999,0.5668686868686869,0.5674420758692256,1.1625173091888428,2.1305477619171143,0.16735295905911063,1.6103737354278564,0.5769,2,False,0.029810122442245474,0.10337877521912256,1.5481876134872437,0.5547943115234375,0.5413898825645447,1.7384341955184937,1.62601471408844,1.62601471408844,NA,NA,NA,NA,NA,NA,NA,NA,NA,NA,NA,0.05,0.05,0.05,[0.05],0.9,0.0005,1.8871797684975988,2.4370691776275635,1.5305308103561401,1.8817154169082642,2.103426456451416,2.2152196407318123,0.1335676141394927,NA,0.0,56.145389556884766,12.632881164550781,0.2250030013907293,65536.0,1,782,782,0,0,54.517266511917114,52.467074155807495,2.050192356109619,909.9881088733673,10.292398452758789,42.15925669670105,0.0,0.0,0.19622638072012838,0.0,0.0,67.0737278126085,66.55561923980713,82.95950889587402,100.39031505584717,101.09639167785645,952.9786214401586,4877.591105146684,50000,850000,12157.350432157516,54.7037037037037,95.0,4475.6640625,20475.0,31.74074074074074,63.925925925925924,67.0,77.27587037037037,109.513,2370.0,8551.0,4127.960700500179,0.0,45.59423828125,3388.0,641.94921875,20474.5,1,10.044444444444448,24,23964.977936921296,64860.765625,36.94444444444446,2199.40234375,-1,628183,4217.999425499845,1.1716665070832901,0.00117166650708329,71411.27420149886,19.836465055971907,0.019836465055971905,0.5565415908645628,0.0005565415908645628,9.422320901586657,0.009422320901586657,475.0,77.43587884615386,113.656,68.374,84.3599885099969,520,10.0,64,64,1,True,240,sgd,multistep,32,100,0.0,False,1.0.0
p7-msdnet-cifar100-jointexit-s2,17,14076,2026-09-01T13:42:32Z,1788270152.5871058,local,0,local-1c8d861c2a,CB-410-122,msdnet,msdnet,cifar100,2,p7,jointexit,4648aa4b6179df102f913788605506586ea64187887a010d75319591508daa37,1.6115880937194824,1.4617446924209594,0.61806,0.5932,NA,0.8616,0.5889647948724641,0.5932,0.5889647948724641,0.6140871048933956,0.5932,0.6140871048933956,0.5932,0.5932,0.5932,0.5932,0.5890909090909091,0.5894076251509786,1.1197105646133423,2.194399118423462,0.1808985235060718,1.6083260774612427,0.5932,0,True,0.024309416346251948,0.06453037990940558,1.4617427587509155,0.5328677892684937,0.5703555345535278,1.592652440071106,1.6115880937194824,1.6115880937194824,NA,NA,NA,NA,NA,NA,NA,NA,NA,NA,NA,0.05,0.05,0.05,[0.05],0.9,0.0005,1.8976426330368843,4.271953582763672,1.5277235507965088,1.8908092975616455,2.137558019161224,2.250520374774932,0.1664627610003354,NA,0.0,56.23796463012695,12.62106990814209,0.22442259408123957,65536.0,0,782,782,0,0,52.018189430236816,49.969099044799805,2.0490903854370117,962.0062983036041,8.515977144241333,41.43350386619568,0.0,0.0,0.17049180435852593,0.0,0.0,63.874016637387484,66.37895107269287,71.17714881896973,83.44174861907959,88.4099006652832,1000.6184012878138,4880.214201906613,50000,900000,11548.038053512573,56.94230769230769,92.0,4475.6640625,20475.0,33.38461538461539,65.48076923076923,68.0,80.19125000000001,114.121,2370.0,8551.0,4114.443385500939,0.0,45.98681640625,3388.0,641.7529296875,20474.5,1,8.850000000000001,24,23950.995267427883,64860.765625,36.90576923076924,2201.8671875,-1,628183,4151.631584500024,1.153230995694451,0.001153230995694451,75562.90578599888,20.989696051666357,0.020989696051666357,0.5477847229548642,0.0005477847229548642,9.970105624541521,0.009970105624541521,475.0,79.91293762575452,114.121,76.345,83.03263169000047,497,10.0,64,64,1,True,240,sgd,multistep,32,100,0.0,False,1.0.0
p7-msdnet-cifar100-jointexit-s2,18,14858,2026-09-01T13:43:22Z,1788270202.5556474,local,0,local-1c8d861c2a,CB-410-122,msdnet,msdnet,cifar100,2,p7,jointexit,4648aa4b6179df102f913788605506586ea64187887a010d75319591508daa37,1.6022563403320313,1.5027239799499512,0.62174,0.5777,NA,0.8576,0.5834696832865024,0.5777,0.5834696832865025,0.6240783121204427,0.5777,0.6240783121204427,0.5776999999999999,0.5777,0.5777,0.5776999999999999,0.5734343434343434,0.574009475962068,1.122976541519165,2.1952109336853027,0.1788617140935885,1.5966987013816833,0.5932,1,False,0.014393735271692286,0.05102962255477905,1.5027210712432861,0.5476726293563843,0.567653477191925,1.603269100189209,1.6022563403320313,1.6022563403320313,NA,NA,NA,NA,NA,NA,NA,NA,NA,NA,NA,0.05,0.05,0.05,[0.05],0.9,0.0005,1.8987713710731253,2.702071189880371,1.4207422733306885,1.8955063223838806,2.1462992310523985,2.2627053761482236,0.14437385730633065,NA,0.0,56.40412521362305,12.700908660888672,0.22517694606175853,65536.0,0,782,782,0,0,49.86811709403992,47.801791191101074,2.0503525733947754,1011.874415397644,9.290058612823486,38.496440410614014,0.0,0.0,0.19440760052890793,0.0,0.0,61.1080550171835,65.87517261505127,68.01438331604004,82.71297216415405,83.48441123962402,1045.985908772978,4877.209963671256,50000,950000,11020.853877782822,60.06,96.0,4475.6640625,20475.0,35.62,66.4,69.0,82.47599999999998,114.121,2370.0,8551.0,4062.0397265003694,0.0,45.59423828125,3388.0,641.94921875,20474.5,1,9.085999999999999,24,23936.495859375,64860.765625,36.904,2203.15625,-1,628183,4062.925484000244,1.12859041222229,0.00112859041222229,79625.83126999912,22.118286463888644,0.022118286463888644,0.5360804458055878,0.0005360804458055877,10.506186070347109,0.010506186070347109,475.0,81.70733544303796,114.14,78.098,81.25850968000488,474,10.0,64,64,1,True,240,sgd,multistep,32,100,0.0,False,1.0.0
p7-msdnet-cifar100-jointexit-s2,19,15640,2026-09-01T13:44:12Z,1788270252.6735759,local,0,local-1c8d861c2a,CB-410-122,msdnet,msdnet,cifar100,2,p7,jointexit,4648aa4b6179df102f913788605506586ea64187887a010d75319591508daa37,1.5890032166671753,1.4706955030441284,0.62574,0.5885,NA,0.8656,0.5860707073911576,0.5885,0.5860707073911577,0.6235077543362004,0.5885,0.6235077543362005,0.5884999999999999,0.5885,0.5885,0.5884999999999999,0.5843434343434344,0.5847507280794385,1.1619452238082886,2.1039578914642334,0.16662624919024918,1.5899894833564758,0.5932,2,False,0.023489371220767493,0.05678125296797709,1.4706963300704956,0.5359350442886353,0.5654939413070679,1.6313456296920776,1.5890032166671753,1.5890032166671753,NA,NA,NA,NA,NA,NA,NA,NA,NA,NA,NA,0.05,0.05,0.05,[0.05],0.9,0.0005,1.9055102636200518,2.512596368789673,1.4834359884262085,1.9005483388900757,2.1383135318756104,2.2604634284973146,0.14111134418779928,NA,0.0,56.56999206542969,12.810519218444824,0.22645432234864005,65536.0,1,782,782,0,0,50.06831669807434,48.0132942199707,2.0550224781036377,1061.9427320957184,8.909197330474854,39.08744239807129,0.0,0.0,0.185621272257026,0.0,0.0,61.37677714647844,64.7585391998291,69.40889358520508,79.84438896179195,83.58502388000488,1041.3782435116261,4866.126821750358,50000,1000000,11015.029673576355,61.08,92.0,4475.6640625,20475.0,36.36,66.36,69.0,81.94264000000001,114.091,2370.0,8551.0,4035.292471499953,0.0,45.98681640625,3388.0,641.7529296875,20474.5,1,8.588000000000001,24,23928.113203125,64860.765625,36.900000000000006,2200.4375,-1,628183,4088.721531501007,1.135755980972502,0.001135755980972502,83714.55280150013,23.25404244486115,0.023254042444861147,0.5394840909619384,0.0005394840909619384,11.045670161309047,0.011045670161309048,475.0,81.70134446764092,114.091,78.027,81.77443063002015,479,10.0,64,64,1,True,240,sgd,multistep,32,100,0.0,False,1.0.0
p7-msdnet-cifar100-jointexit-s2,20,16422,2026-09-01T13:45:02Z,1788270302.9258687,local,0,local-1c8d861c2a,CB-410-122,msdnet,msdnet,cifar100,2,p7,jointexit,4648aa4b6179df102f913788605506586ea64187887a010d75319591508daa37,1.5759576028823852,1.5321896955490113,0.62952,0.5756,NA,0.8513,0.573378931145917,0.5756,0.5733789311459168,0.6231614993644465,0.5756,0.6231614993644464,0.5756,0.5756,0.5756,0.5756,0.5713131313131313,0.5719821292134187,1.0607736110687256,2.242241621017456,0.18119096054945877,1.5756901502609253,0.5932,3,False,0.013549082317948349,0.06036561727523804,1.5321893692016602,0.5506747364997864,0.5722820162773132,1.5792455673217773,1.5759576028823852,1.5759576028823852,NA,NA,NA,NA,NA,NA,NA,NA,NA,NA,NA,0.05,0.05,0.05,[0.05],0.9,0.0005,1.9080594354273412,3.821955680847168,1.505961298942566,1.899951696395874,2.151644849777221,2.290945343971252,0.16375117810056694,NA,0.0,56.666221618652344,12.805150985717773,0.22597502744920633,65536.0,0,782,782,0,0,50.179091930389404,48.11800026893616,2.061091661453247,1112.1218240261078,8.597237586975098,39.499415159225464,0.0,0.0,0.17874918723224964,0.0,0.0,61.504671030947016,64.49329853057861,70.52161693572998,81.84578895568846,86.31753921508789,1039.1121767435297,4851.797805512996,50000,1050000,10989.22113275528,59.08,92.0,4475.6640625,20475.0,34.28,66.72,69.0,81.97772,113.938,2370.0,8551.0,4041.0854654993923,0.0,45.59423828125,3388.0,641.94921875,20474.5,1,9.016,24,23935.435703125,64860.765625,36.900000000000006,2203.07421875,-1,628183,4077.218514499963,1.1325606984722119,0.001132560698472212,87791.7713160001,24.38660314333336,0.024386603143333362,0.5379663317743008,0.0005379663317743007,11.58363649308335,0.01158363649308335,475.0,81.38943514644352,114.277,77.978,81.54437028999926,478,10.0,64,64,1,True,240,sgd,multistep,32,100,0.0,False,1.0.0
p7-msdnet-cifar100-jointexit-s2,21,17204,2026-09-01T13:45:52Z,1788270352.4606771,local,0,local-1c8d861c2a,CB-410-122,msdnet,msdnet,cifar100,2,p7,jointexit,4648aa4b6179df102f913788605506586ea64187887a010d75319591508daa37,1.569910055770874,1.548164814567566,0.63046,0.5753,NA,0.8502,0.576004185376763,0.5753,0.576004185376763,0.6188633351856445,0.5753,0.6188633351856444,0.5753,0.5753,0.5753,0.5753,0.571010101010101,0.5716736622142692,1.0757558345794678,2.132453203201294,0.17278342408423045,1.572753369808197,0.5932,4,False,0.01364002662748098,0.06413373802083888,1.5481706857681274,0.5564820766448975,0.5708643198013306,1.5898914337158203,1.569910055770874,1.569910055770874,NA,NA,NA,NA,NA,NA,NA,NA,NA,NA,NA,0.05,0.05,0.05,[0.05],0.9,0.0005,1.9150199554765317,4.137201309204102,1.421120047569275,1.9042422771453857,2.172488796710968,2.252706491947174,0.16640318426175452,NA,0.0,56.76828384399414,12.839303970336914,0.22617037368296736,65536.0,0,782,782,0,0,49.480571031570435,47.430229902267456,2.0503411293029785,1161.6023950576782,8.879256963729858,38.53720021247864,0.0,0.0,0.1872610796444126,0.0,0.0,60.63485572405178,63.68732452392578,69.09499168395995,79.19449329376216,87.96143531799316,1054.1800050943816,4877.237186086951,50000,1100000,10786.764484882355,59.04081632653061,92.0,4475.6640625,20475.0,34.04081632653061,66.53061224489795,69.0,82.0839387755102,114.277,2370.0,8551.0,3970.9417189997057,0.0,45.98681640625,3388.0,641.7529296875,20474.5,1,8.912244897959184,24,23928.49681122449,64860.765625,36.900000000000006,2201.25390625,-1,628183,4049.684598000332,1.1249123883334256,0.0011249123883334256,91841.45591400043,25.511515531666785,0.025511515531666785,0.5343333844583772,0.0005343333844583771,12.117969877541727,0.012117969877541726,475.0,82.03005106382979,114.676,78.676,80.99369196000664,470,10.0,64,64,1,True,240,sgd,multistep,32,100,0.0,False,1.0.0
p7-msdnet-cifar100-jointexit-s2,22,17986,2026-09-01T13:46:43Z,1788270403.7301176,local,0,local-1c8d861c2a,CB-410-122,msdnet,msdnet,cifar100,2,p7,jointexit,4648aa4b6179df102f913788605506586ea64187887a010d75319591508daa37,1.5642392121124267,1.5270100051879882,0.63382,0.5736,NA,0.8523,0.5683746241354227,0.5736,0.5683746241354228,0.6118071977367746,0.5736,0.6118071977367746,0.5735999999999999,0.5736,0.5736,0.5735999999999999,0.5692929292929293,0.5698346044475492,1.0688087940216064,2.157306671142578,0.17333644170912607,1.5574848651885986,0.5932,5,False,0.018295262531936172,0.07053290650529687,1.5270118713378906,0.5490416288375854,0.5605934858322144,1.652672290802002,1.5642392121124267,1.5642392121124267,NA,NA,NA,NA,NA,NA,NA,NA,NA,NA,NA,0.05,0.05,0.05,[0.05],0.9,0.0005,1.9111096481482188,2.553229570388794,1.4952470064163208,1.908630907535553,2.1601256132125854,2.26338586807251,0.1451463922082725,NA,0.0,56.85933303833008,12.846153259277344,0.22592866593453498,32768.0,2,782,782,0,0,51.21953320503235,49.15228724479675,2.0672459602355957,1212.8219282627106,8.848553895950317,40.28075933456421,0.0,0.0,0.1801074208880743,0.0,0.0,62.8252087346733,66.40684604644775,69.1962718963623,82.71856546401975,83.86468887329102,1017.2466593666602,4837.353751007132,50000,1150000,11114.63870549202,59.84313725490196,96.0,4475.6640625,20475.0,35.549019607843135,66.13725490196079,69.0,80.90466666666669,114.676,2370.0,8551.0,4067.574867498957,0.0,45.59423828125,3388.0,641.94921875,20474.5,1,8.172549019607843,24,23943.15234375,64860.765625,36.900000000000006,2201.28515625,-1,628183,4129.299141999312,1.1470275394442535,0.0011470275394442535,95970.75505599973,26.658543071111037,0.026658543071111037,0.5448380812360204,0.0005448380812360204,12.662807958777746,0.012662807958777746,475.0,80.71358196721312,114.676,77.246,82.58598283998624,488,10.0,64,64,1,True,240,sgd,multistep,32,100,0.0,False,1.0.0
p7-msdnet-cifar100-jointexit-s2,23,18768,2026-09-01T13:47:35Z,1788270455.631384,local,0,local-1c8d861c2a,CB-410-122,msdnet,msdnet,cifar100,2,p7,jointexit,4648aa4b6179df102f913788605506586ea64187887a010d75319591508daa37,1.5554164740753174,1.5385737644195556,0.63726,0.5771,NA,0.8539,0.5721843344575125,0.5771,0.5721843344575125,0.6192820776508213,0.5771,0.6192820776508214,0.5771000000000001,0.5771,0.5771,0.5771000000000001,0.5728282828282829,0.5733822523554052,1.0456024408340454,2.360581159591675,0.16953948618866574,1.5454546809196472,0.5932,6,False,0.02915476622916757,0.27490901326139766,1.5385783910751343,0.5522377490997314,0.5500508546829224,1.7162877321243286,1.5554164740753174,1.5554164740753174,NA,NA,NA,NA,NA,NA,NA,NA,NA,NA,NA,0.05,0.05,0.05,[0.05],0.9,0.0005,1.9293581067448686,4.577054023742676,1.4780329465866089,1.9225593209266663,2.17714774608612,2.310669910907745,0.16944066150567777,NA,0.0,56.966346740722656,12.91013240814209,0.22662735363567243,32768.0,0,782,782,0,0,51.85220122337341,49.77584624290466,2.07635498046875,1264.674129486084,8.319122791290283,41.44637680053711,0.0,0.0,0.1671664679250295,0.0,0.0,63.6387462811092,66.22707843780518,73.93612861633301,82.83857345581055,84.014892578125,1004.503263611059,4816.132161439195,50000,1200000,11200.075464248657,57.61538461538461,95.0,4475.6640625,20475.0,34.28846153846154,65.51923076923077,68.0,80.64017307692308,114.218,2370.0,8551.0,4131.370550998849,0.0,45.98681640625,3388.0,641.7529296875,20474.5,1,8.459615384615384,24,23949.57647235577,64860.765625,36.900000000000006,2203.98828125,-1,628182,4128.683916499973,1.1468566434722147,0.0011468566434722147,100099.4389724997,27.80539971458325,0.02780539971458325,0.5447569056493019,0.0005447569056493019,13.207564864427049,0.013207564864427049,475.0,79.84936437246962,114.218,76.79,82.57367832999945,494,10.0,64,64,1,True,240,sgd,multistep,32,100,0.0,False,1.0.0
p7-msdnet-cifar100-jointexit-s2,24,19550,2026-09-01T13:48:27Z,1788270507.5284886,local,0,local-1c8d861c2a,CB-410-122,msdnet,msdnet,cifar100,2,p7,jointexit,4648aa4b6179df102f913788605506586ea64187887a010d75319591508daa37,1.5496354650497437,1.7113225641250611,0.63632,0.5386,NA,0.8229,0.5343447142534966,0.5386,0.5343447142534966,0.6078083211864393,0.5386,0.6078083211864393,0.5386000000000001,0.5386,0.5386,0.5386000000000001,0.5339393939393939,0.5348446363205803,1.019491195678711,2.2318227291107178,0.17691455266612757,1.5461776852607727,0.5932,7,False,0.019911321946978564,0.06349749863147736,1.7113181352615356,0.5947856307029724,0.556773841381073,1.6596676111221313,1.5496354650497437,1.5496354650497437,NA,NA,NA,NA,NA,NA,NA,NA,NA,NA,NA,0.05,0.05,0.05,[0.05],0.9,0.0005,1.9174341903927992,3.989201068878174,1.3900316953659058,1.9060728549957275,2.1611682891845705,2.2866875648498532,0.16352913745126463,NA,0.0,57.023338317871094,12.959245681762695,0.22726213624187752,32768.0,0,782,782,0,0,51.81905555725098,49.77063345909119,2.04842209815979,1316.493185043335,8.8158278465271,40.941077709198,0.0,0.0,0.17717797656556114,0.0,0.0,63.6277564651216,66.30027294158936,72.37708568572998,82.6686406135559,86.17377281188965,1004.608471401059,4881.806346935795,50000,1250000,11141.09694480896,57.05769230769231,95.0,4475.6640625,20475.0,33.67307692307692,65.78846153846153,68.0,80.87105769230769,114.616,2370.0,8551.0,4144.507831500546,0.0,45.59423828125,3388.0,641.94921875,20474.5,1,8.598076923076922,24,23921.3671875,64860.765625,36.90192307692309,2201.72265625,-1,628182,4143.599367500708,1.1509998243057522,0.0011509998243057521,104243.0383400004,28.956399538889002,0.028956399538889,0.5467249165452323,0.0005467249165452322,13.75428978097228,0.013754289780972281,475.0,80.07441379310345,114.616,76.134,82.87198735001415,493,10.0,64,64,1,True,240,sgd,multistep,32,100,0.0,False,1.0.0
p7-msdnet-cifar100-jointexit-s2,25,20332,2026-09-01T13:49:19Z,1788270559.8854342,local,0,local-1c8d861c2a,CB-410-122,msdnet,msdnet,cifar100,2,p7,jointexit,4648aa4b6179df102f913788605506586ea64187887a010d75319591508daa37,1.550800961112976,1.71442720413208,0.63866,0.5394,NA,0.8207,0.5394592069971211,0.5394,0.5394592069971212,0.6133448853460167,0.5394,0.6133448853460168,0.5394,0.5394,0.5394,0.5394,0.5347474747474747,0.5362968043946575,1.1346657276153564,2.064091205596924,0.17464628909194807,1.544706106185913,0.5932,8,False,0.013948003202676765,0.18653227388858795,1.7144298553466797,0.5958641767501831,0.5490736961364746,1.7037640810012817,1.550800961112976,1.550800961112976,NA,NA,NA,NA,NA,NA,NA,NA,NA,NA,NA,0.05,0.05,0.05,[0.05],0.9,0.0005,1.927422620756242,4.394253253936768,1.552462100982666,1.914939522743225,2.177803027629852,2.3118350625038127,0.17124239592799526,NA,0.0,57.04654312133789,12.95544719696045,0.22710310718397497,65536.0,0,782,782,0,0,52.2854106426239,50.2182502746582,2.0671603679656982,1368.7785956859589,9.1660315990448,41.043699741363525,0.0,0.0,0.18255488237731443,0.0,0.0,64.20681757085464,66.44654273986816,73.97799491882324,82.63983249664307,88.61398696899414,995.6539649735996,4837.554045137313,50000,1300000,11189.077877521515,56.61538461538461,92.0,4475.6640625,20475.0,32.71153846153846,65.71153846153847,68.0,80.0473653846154,114.616,2370.0,8551.0,4107.919714500103,0.0,45.98681640625,3388.0,641.7529296875,20474.5,1,8.36346153846154,24,23922.074444110578,64860.765625,36.900000000000006,2201.296875,-1,628182,4151.647831499159,1.1532355087497663,0.0011532355087497663,108394.68617149956,30.10963504763877,0.030109635047638767,0.547786866656139,0.000547786866656139,14.30207664762842,0.01430207664762842,475.0,79.58080522088353,114.616,76.793,83.03295662998318,498,10.0,64,64,1,True,240,sgd,multistep,32,100,0.0,False,1.0.0
p7-msdnet-cifar100-jointexit-s2,26,21114,2026-09-01T13:50:09Z,1788270609.603794,local,0,local-1c8d861c2a,CB-410-122,msdnet,msdnet,cifar100,2,p7,jointexit,4648aa4b6179df102f913788605506586ea64187887a010d75319591508daa37,1.543657342300415,1.5166237842559815,0.6394,0.5776,NA,0.857,0.575771372241951,0.5776,0.575771372241951,0.6224562805644646,0.5776,0.6224562805644644,0.5776,0.5776,0.5776,0.5776,0.5733333333333333,0.574087233761139,1.0072083473205566,2.1312835216522217,0.16593288206317078,1.5477876663208008,0.5932,9,False,0.020596961083263157,0.0596390999853611,1.5166230201721191,0.5468968152999878,0.5947954058647156,1.4936453104019165,1.543657342300415,1.543657342300415,NA,NA,NA,NA,NA,NA,NA,NA,NA,NA,NA,0.05,0.05,0.05,[0.05],0.9,0.0005,1.9193400100368978,4.129636764526367,1.488882303237915,1.917294681072235,2.1419783353805544,2.259158487319946,0.1599633328777397,NA,0.0,57.11337661743164,12.904495239257812,0.22594523391074056,65536.0,0,782,782,0,0,49.651628732681274,47.5851149559021,2.066513776779175,1418.4302244186401,8.708721399307251,38.85345482826233,0.0,0.0,0.1831018277557117,0.0,0.0,60.821197221955984,63.75408172607422,69.86775398254395,82.68754959106445,85.46042442321777,1050.7487487701944,4839.067666698932,50000,1350000,10575.796920061111,59.55102040816327,91.0,4504.3359375,20475.0,34.40816326530612,66.0,68.0,81.63332653061225,114.1,2370.0,8551.0,3949.945776499836,0.0,45.59423828125,3388.0,641.94921875,20474.5,1,8.873469387755101,24,23964.949139030614,64860.765625,36.94081632653061,2203.81640625,-1,628182,4047.0988170007195,1.1241941158335331,0.001124194115833533,112441.78498850028,31.2338291634723,0.0312338291634723,0.5339922050209283,0.0005339922050209282,14.836068852649348,0.014836068852649348,475.0,81.74632135306553,114.281,77.411,80.94197634001439,473,10.0,64,64,1,True,240,sgd,multistep,32,100,0.0,False,1.0.0
p7-msdnet-cifar100-jointexit-s2,27,21896,2026-09-01T13:50:59Z,1788270659.2889943,local,0,local-1c8d861c2a,CB-410-122,msdnet,msdnet,cifar100,2,p7,jointexit,4648aa4b6179df102f913788605506586ea64187887a010d75319591508daa37,1.5373278885650634,1.466927580833435,0.64146,0.5988,NA,0.8643,0.6031336130413256,0.5988,0.6031336130413257,0.6435295589975248,0.5988,0.6435295589975247,0.5988,0.5988,0.5988,0.5988,0.5947474747474748,0.5953594399036164,0.9851803779602051,2.063314437866211,0.16915615607631201,1.5305034518241882,0.5988,0,True,0.035417999278754,0.08260495292729342,1.4669322967529297,0.5351847410202026,0.5674129724502563,1.6240335702896118,1.5373278885650634,1.5373278885650634,NA,NA,NA,NA,NA,NA,NA,NA,NA,NA,NA,0.05,0.05,0.05,[0.05],0.9,0.0005,1.9359581269266661,3.5706217288970947,1.4011038541793823,1.927201509475708,2.178717672824859,2.3096570968627925,0.15955701980198922,NA,0.0,57.16972732543945,13.029324531555176,0.2279060114697691,65536.0,0,782,782,0,0,49.635485887527466,47.568352460861206,2.0671334266662598,1468.0657103061676,9.275935173034668,38.27485394477844,0.0,0.0,0.1950742636479147,0.0,0.0,60.806635700528275,65.83893299102783,67.38290786743164,78.44926357269263,83.23287963867188,1051.1190195443396,4837.617093797065,50000,1400000,10522.723008155823,61.8,94.0,4504.7734375,20475.0,36.58,66.56,69.0,82.52822,114.17,2370.0,8551.0,4062.069873499477,0.0,45.98681640625,3388.0,641.7529296875,20474.5,1,8.656,24,24013.64796875,64860.765625,37.013999999999996,2208.69921875,-1,628182,4055.69697649928,1.1265824934720223,0.0011265824934720222,116497.48196499956,32.36041165694432,0.032360411656944324,0.5351266843992105,0.0005351266843992105,15.371195537048559,0.015371195537048559,475.0,81.87145454545455,114.17,77.815,81.1139395299856,473,10.0,64,64,1,True,240,sgd,multistep,32,100,0.0,False,1.0.0
p7-msdnet-cifar100-jointexit-s2,28,22678,2026-09-01T13:51:49Z,1788270709.7406542,local,0,local-1c8d861c2a,CB-410-122,msdnet,msdnet,cifar100,2,p7,jointexit,4648aa4b6179df102f913788605506586ea64187887a010d75319591508daa37,1.5307318381500243,1.5366635457992555,0.64464,0.5817,NA,0.854,0.5793018520183146,0.5817,0.5793018520183146,0.6244427249924657,0.5817,0.6244427249924657,0.5816999999999999,0.5817,0.5817,0.5816999999999999,0.5774747474747475,0.5780664882692526,1.087399959564209,2.109389305114746,0.16629740390991105,1.5340494513511658,0.5988,1,False,0.019155548648536205,0.057849086821079254,1.5366597175598145,0.5498774647712708,0.5877752304077148,1.5305839776992798,1.5307318381500243,1.5307318381500243,NA,NA,NA,NA,NA,NA,NA,NA,NA,NA,NA,0.05,0.05,0.05,[0.05],0.9,0.0005,1.9234716757922106,2.466653823852539,1.4845755100250244,1.9266588687896729,2.151738166809082,2.2370105743408204,0.13907039595455375,NA,0.0,57.23825454711914,13.000425338745117,0.22712826311017273,65536.0,1,782,782,0,0,50.31871724128723,48.267908334732056,2.050808906555176,1518.3844275474548,9.034441947937012,39.21317982673645,0.0,0.0,0.18725154972673586,0.0,0.0,61.69772605456964,65.95396995544434,70.33119201660156,82.16588973999019,90.07859230041504,1035.8849538964087,4876.124717440101,50000,1450000,10617.249337911606,58.4,92.0,4475.6640625,20475.0,34.3,66.6,69.0,81.45833999999999,114.091,2370.0,8551.0,4014.014909499204,0.0,45.59423828125,3388.0,641.94921875,20474.5,1,8.793999999999999,24,24018.72984375,64860.765625,37.001999999999995,2203.50390625,-1,628182,4081.6229809986903,1.1337841613885251,0.001133784161388525,120579.10494599825,33.49419581833285,0.03349419581833284,0.5385474766595494,0.0005385474766595494,15.909743013708107,0.015909743013708108,475.0,81.26505439330543,114.201,77.494,81.63245961997382,478,10.0,64,64,1,True,240,sgd,multistep,32,100,0.0,False,1.0.0
p7-msdnet-cifar100-jointexit-s2,29,23460,2026-09-01T13:52:40Z,1788270760.0755286,local,0,local-1c8d861c2a,CB-410-122,msdnet,msdnet,cifar100,2,p7,jointexit,4648aa4b6179df102f913788605506586ea64187887a010d75319591508daa37,1.521217480392456,1.5384266622543334,0.6467,0.5789,NA,0.8491,0.5774658660935404,0.5789,0.5774658660935407,0.6199632458441623,0.5789,0.6199632458441623,0.5789000000000001,0.5789,0.5789,0.5789000000000001,0.5746464646464646,0.5752356449855583,1.0334246158599854,2.137969970703125,0.16980723035226297,1.5173852443695068,0.5988,2,False,0.016719107956439244,0.06303112953901291,1.5384269952774048,0.5496838688850403,0.5690299868583679,1.631273865699768,1.521217480392456,1.521217480392456,NA,NA,NA,NA,NA,NA,NA,NA,NA,NA,NA,0.05,0.05,0.05,[0.05],0.9,0.0005,1.937654957594469,4.041325569152832,1.4910147190093994,1.9317767024040222,2.175190937519073,2.332874157428741,0.16206427188522393,NA,0.0,57.270816802978516,13.046706199645996,0.22780723111613574,65536.0,0,782,782,0,0,50.28447127342224,48.2401008605957,2.044370412826538,1568.668898820877,9.04378080368042,39.17705821990967,0.0,0.0,0.18754922118331696,0.0,0.0,61.66347701226354,64.53776359558105,71.20966911315918,82.43485212326048,88.50908279418945,1036.482078354066,4891.481473836261,50000,1500000,10559.73896741867,60.02,92.0,4475.6640625,20475.0,35.1,66.58,69.0,81.92872,114.468,2370.0,8551.0,4039.4085934999216,0.0,45.98681640625,3388.0,641.7529296875,20474.5,1,9.282,24,24022.597734375,64860.765625,37.006,2203.50390625,-1,628182,4084.602463999623,1.1346117955554509,0.001134611795555451,124663.70740999786,34.6288076138883,0.0346288076138883,0.5389406028888392,0.0005389406028888391,16.448683616596945,0.016448683616596946,475.0,81.41603549060544,114.468,77.98,81.69204927999246,479,10.0,64,64,1,True,240,sgd,multistep,32,100,0.0,False,1.0.0
p7-msdnet-cifar100-jointexit-s2,30,24242,2026-09-01T13:53:31Z,1788270811.6608303,local,0,local-1c8d861c2a,CB-410-122,msdnet,msdnet,cifar100,2,p7,jointexit,4648aa4b6179df102f913788605506586ea64187887a010d75319591508daa37,1.5251974903106689,1.5723011268615723,0.64678,0.5777,NA,0.8422,0.5708011219264327,0.5777,0.5708011219264326,0.6211845537983894,0.5777,0.6211845537983893,0.5777,0.5777,0.5777,0.5777,0.5734343434343434,0.5741190378196948,1.049663782119751,2.1466856002807617,0.17191809649737425,1.5214174389839172,0.5988,3,False,0.028733432599902145,0.0789279752351767,1.5722973346710205,0.5505812764167786,0.5491385459899902,1.728093147277832,1.5251974903106689,1.5251974903106689,NA,NA,NA,NA,NA,NA,NA,NA,NA,NA,NA,0.05,0.05,0.05,[0.05],0.9,0.0005,1.9409507636523917,4.064164161682129,1.5357195138931274,1.9405034184455872,2.192286717891693,2.307556099891661,0.16522259844630766,NA,0.0,57.32902145385742,13.061285972595215,0.2278302619050962,65536.0,0,782,782,0,0,51.50337767601013,49.456247329711914,2.0471303462982178,1620.1722764968872,9.018448829650879,40.4361846446991,0.0,0.0,0.18235801574241506,0.0,0.0,63.24121927666238,66.38932228088379,70.8876371383667,82.60409116744995,88.16742897033691,1010.994620490775,4884.886796819161,50000,1550000,10764.205934286118,58.470588235294116,92.0,4475.6640625,20475.0,33.84313725490196,66.45098039215686,69.0,80.38207843137255,114.01,2370.0,8551.0,4045.4036784993036,0.0,45.59423828125,3388.0,641.94921875,20474.5,1,8.686274509803923,24,24022.37775735294,64860.765625,37.003921568627455,2203.3828125,-1,628182,4130.5355394995495,1.1473709831943193,0.0011473709831943193,128794.24294949742,35.77617859708262,0.03577617859708262,0.5450012170173016,0.0005450012170173016,16.99368483361425,0.01699368483361425,475.0,80.37521020408164,114.33,76.487,82.61071078999099,490,10.0,64,64,1,True,240,sgd,multistep,32,100,0.0,False,1.0.0
p7-msdnet-cifar100-jointexit-s2,31,25024,2026-09-01T13:54:23Z,1788270863.529927,local,0,local-1c8d861c2a,CB-410-122,msdnet,msdnet,cifar100,2,p7,jointexit,4648aa4b6179df102f913788605506586ea64187887a010d75319591508daa37,1.5132936945343018,1.3759518854141235,0.65064,0.6126,NA,0.882,0.6120834835024649,0.6126,0.612083483502465,0.6381318625678671,0.6126,0.6381318625678672,0.6126,0.6126,0.6126,0.6126,0.6086868686868687,0.6089455040159936,1.0830305814743042,2.095841407775879,0.16296773327768896,1.5054789185523987,0.6126,0,True,0.02657084489166735,0.18700957298278809,1.375952124595642,0.5091267824172974,0.5860291719436646,1.5579655170440674,1.5132936945343018,1.5132936945343018,NA,NA,NA,NA,NA,NA,NA,NA,NA,NA,NA,0.05,0.05,0.05,[0.05],0.9,0.0005,1.9351999085019707,2.5149614810943604,1.5013198852539062,1.9260021448135376,2.1804633140563965,2.307699108123779,0.14786722593111282,NA,0.0,57.40672302246094,13.070062637329102,0.2276747730786743,65536.0,1,782,782,0,0,51.83487582206726,49.773282051086426,2.061593770980835,1672.0071523189545,8.441703796386719,41.314640522003174,0.0,0.0,0.16966085254110347,0.0,0.0,63.62703877031956,66.46811962127686,70.11384963989258,83.24124336242676,93.24860572814941,1004.5550130425571,4850.616130471885,50000,1600000,10781.65417098999,58.5,92.0,4475.6640625,20475.0,34.57692307692308,66.1923076923077,69.0,80.59688461538461,114.297,2370.0,8551.0,4129.507487500692,0.0,45.98681640625,3388.0,641.7529296875,20474.5,1,8.517307692307693,24,23988.76554987981,64860.765625,37.00192307692308,2203.58203125,-1,628182,4152.115595000887,1.153365443055802,0.0011533654430558018,132946.3585444983,36.92954404013842,0.036929544040138415,0.5478485854515058,0.0005478485854515058,17.541533419065757,0.017541533419065756,475.0,80.1768929292929,114.431,76.889,83.04231190001774,495,10.0,64,64,1,True,240,sgd,multistep,32,100,0.0,False,1.0.0
p7-msdnet-cifar100-jointexit-s2,32,25806,2026-09-01T13:55:15Z,1788270915.2142603,local,0,local-1c8d861c2a,CB-410-122,msdnet,msdnet,cifar100,2,p7,jointexit,4648aa4b6179df102f913788605506586ea64187887a010d75319591508daa37,1.5137245286178589,1.5474037162780763,0.65096,0.5848,NA,0.8506,0.5791623077743454,0.5848,0.5791623077743454,0.6313003846909683,0.5848,0.6313003846909682,0.5848,0.5848,0.5848,0.5848,0.5806060606060606,0.5813654911015279,1.0960906744003296,2.0403947830200195,0.16139916590189307,1.5059199333190918,0.6126,1,False,0.028773465197533366,0.06465684068893607,1.547407865524292,0.5510304570198059,0.5653859376907349,1.6635069847106934,1.5137245286178589,1.5137245286178589,NA,NA,NA,NA,NA,NA,NA,NA,NA,NA,NA,0.05,0.05,0.05,[0.05],0.9,0.0005,1.949370506474429,3.0271430015563965,1.5698933601379395,1.9393536448478699,2.178095614910126,2.2878031969070434,0.14396092190805684,NA,0.0,57.45866012573242,13.128764152526855,0.22849060740014088,65536.0,0,782,782,0,0,51.58008408546448,49.538522243499756,2.0415618419647217,1723.587236404419,8.838736057281494,40.68730878829956,0.0,0.0,0.17846642276483193,0.0,0.0,63.33253816570468,66.24245643615723,71.81274890899658,82.43836879730223,84.34677124023438,1009.3155333587044,4898.21067108914,50000,1650000,10677.077405691147,56.64705882352941,92.0,4475.6640625,20475.0,32.627450980392155,66.27450980392157,68.0,80.16103921568627,114.431,2370.0,8551.0,4038.783410999883,0.0,45.59423828125,3388.0,641.94921875,20474.5,1,8.452941176470588,24,23992.32843137255,64860.765625,37.0,2203.3359375,-1,628182,4136.368600999327,1.1489912780553686,0.0011489912780553687,137082.72714549763,38.07853531819379,0.03807853531819379,0.5457708570763001,0.0005457708570763001,18.087304276142056,0.018087304276142056,475.0,80.24447464503042,114.894,77.4,82.72737201998655,493,10.0,64,64,1,True,240,sgd,multistep,32,100,0.0,False,1.0.0
p7-msdnet-cifar100-jointexit-s2,33,26588,2026-09-01T13:56:07Z,1788270967.2320259,local,0,local-1c8d861c2a,CB-410-122,msdnet,msdnet,cifar100,2,p7,jointexit,4648aa4b6179df102f913788605506586ea64187887a010d75319591508daa37,1.506926399269104,1.5778120836257934,0.65258,0.5714,NA,0.8477,0.5692925302600763,0.5714,0.5692925302600763,0.6288351079435188,0.5714,0.6288351079435189,0.5714000000000001,0.5714,0.5714,0.5714000000000001,0.5670707070707071,0.5677869719058792,0.9601234197616577,2.071582555770874,0.16868847124722955,1.4934829473495483,0.6126,2,False,0.035335197526961556,0.0798027760842267,1.5778077840805054,0.5611705780029297,0.6043508648872375,1.4512851238250732,1.506926399269104,1.506926399269104,NA,NA,NA,NA,NA,NA,NA,NA,NA,NA,NA,0.05,0.05,0.05,[0.05],0.9,0.0005,1.942342112131436,4.146944522857666,1.5074673891067505,1.9332025051116943,2.1912752866744993,2.311703813076019,0.1630942845907281,NA,0.0,57.44654846191406,13.177507400512695,0.22938727831923836,65536.0,0,782,782,0,0,51.959580421447754,49.91031336784363,2.049267053604126,1775.5468168258667,8.875920057296753,41.02579164505005,0.0,0.0,0.17786804809902607,0.0,0.0,63.81293056566087,66.22087955474854,72.8825330734253,82.9859447479248,87.40520477294922,1001.7969559015863,4879.793476605506,50000,1700000,10703.673566818237,57.71153846153846,91.0,4475.6640625,20475.0,33.5,66.0576923076923,69.0,80.28292307692308,114.894,2370.0,8551.0,4109.840570499985,0.0,45.98681640625,3388.0,641.7529296875,20474.5,1,8.61923076923077,24,23999.12004206731,64860.765625,37.0,2200.86328125,-1,628181,4146.005720998992,1.1516682558330533,0.0011516682558330533,141228.73286649663,39.230203574026845,0.039230203574026845,0.5470424215207003,0.0005470424215207003,18.634346697662757,0.018634346697662757,475.0,79.91172525252526,114.894,76.435,82.92011441997983,495,10.0,64,64,1,True,240,sgd,multistep,32,100,0.0,False,1.0.0
p7-msdnet-cifar100-jointexit-s2,34,27370,2026-09-01T13:56:57Z,1788271017.5187132,local,0,local-1c8d861c2a,CB-410-122,msdnet,msdnet,cifar100,2,p7,jointexit,4648aa4b6179df102f913788605506586ea64187887a010d75319591508daa37,1.5037726078796387,1.4503373556137085,0.65046,0.5965,NA,0.8654,0.5937197117626539,0.5965,0.5937197117626539,0.6300810146361211,0.5965,0.6300810146361214,0.5965,0.5965,0.5965,0.5965,0.5924242424242424,0.5929511369203236,0.9432686567306519,2.611894130706787,0.17417172936630287,1.4951135516166687,0.6126,3,False,0.01370009354278447,0.06126248836517334,1.450334906578064,0.5275731682777405,0.5876281261444092,1.5436593294143677,1.5037726078796387,1.5037726078796387,NA,NA,NA,NA,NA,NA,NA,NA,NA,NA,NA,0.05,0.05,0.05,[0.05],0.9,0.0005,1.9448955805445145,2.3494162559509277,1.3815371990203857,1.9395644664764404,2.1919174194335938,2.300711965560913,0.14819457708035252,NA,0.0,57.50584030151367,13.186860084533691,0.2293134056539747,65536.0,1,782,782,0,0,50.24377226829529,48.17747902870178,2.066293239593506,1825.790589094162,8.84712815284729,39.32224678993225,0.0,0.0,0.18366707401449167,0.0,0.0,61.59766616723727,63.794612884521484,71.1256742477417,81.87469959259032,84.1681957244873,1037.8293137798357,4839.584144391462,50000,1750000,10299.973315000534,60.6,91.0,4475.6640625,20475.0,35.42,66.0,69.0,81.62216000000001,113.972,2370.0,8551.0,4016.720173500192,0.0,45.59423828125,3388.0,641.94921875,20474.5,1,8.652000000000001,24,23996.093125,64860.765625,37.0,2203.33203125,-1,628181,4082.738746499804,1.1340940962499455,0.0011340940962499455,145311.47161299645,40.36429767027679,0.04036429767027679,0.5386946957187241,0.0005386946957187241,19.17304139338148,0.019173041393381482,475.0,81.35111899791232,113.972,77.366,81.65477492999608,479,10.0,64,64,1,True,240,sgd,multistep,32,100,0.0,False,1.0.0
p7-msdnet-cifar100-jointexit-s2,35,28152,2026-09-01T13:57:47Z,1788271067.1538606,local,0,local-1c8d861c2a,CB-410-122,msdnet,msdnet,cifar100,2,p7,jointexit,4648aa4b6179df102f913788605506586ea64187887a010d75319591508daa37,1.5025344883346559,1.4208969068527222,0.64978,0.6056,NA,0.8723,0.6016040165393174,0.6056,0.6016040165393173,0.6400317342559971,0.6056,0.640031734255997,0.6055999999999999,0.6056,0.6056,0.6055999999999999,0.6016161616161616,0.6021842345522754,1.0905286073684692,2.1144778728485107,0.16586233496943034,1.4988172054290771,0.6126,4,False,0.023034902124106884,0.06014442443847656,1.420900821685791,0.5209926962852478,0.587177574634552,1.551925539970398,1.5025344883346559,1.5025344883346559,NA,NA,NA,NA,NA,NA,NA,NA,NA,NA,NA,0.05,0.05,0.05,[0.05],0.9,0.0005,1.9482576932443683,3.1413655281066895,1.5611923933029175,1.9428422451019287,2.1908199787139893,2.3021098971366873,0.14524379035225185,NA,0.0,57.564876556396484,13.144262313842773,0.2283382350514606,65536.0,0,782,782,0,0,49.58477473258972,47.51740217208862,2.0673725605010986,1875.3753638267517,8.87284517288208,38.63655924797058,0.0,0.0,0.1867597643254741,0.0,0.0,60.753714093161975,63.66539001464844,69.88253593444824,80.87110519409173,85.30163764953613,1052.2460764778432,4837.057524637048,50000,1800000,10115.294045448303,59.95918367346939,91.0,4475.6640625,20475.0,34.89795918367347,66.53061224489795,69.0,81.71665306122449,113.964,2370.0,8551.0,3949.1404960006257,0.0,45.98681640625,3388.0,641.7529296875,20474.5,1,8.981632653061226,24,24009.194754464286,64860.765625,37.0,2203.33203125,-1,628181,4049.9376805006596,1.124982689027961,0.001124982689027961,149361.4092934971,41.48928035930475,0.04148928035930475,0.5343667772882814,0.0005343667772882815,19.707408170669762,0.019707408170669762,475.0,81.8135687103594,114.811,78.328,80.99875361001318,473,10.0,64,64,1,True,240,sgd,multistep,32,100,0.0,False,1.0.0
p7-msdnet-cifar100-jointexit-s2,36,28934,2026-09-01T13:58:37Z,1788271117.1553729,local,0,local-1c8d861c2a,CB-410-122,msdnet,msdnet,cifar100,2,p7,jointexit,4648aa4b6179df102f913788605506586ea64187887a010d75319591508daa37,1.4960414883041382,1.5264939294815063,0.65428,0.5844,NA,0.8559,0.5853637407346377,0.5844,0.5853637407346377,0.6330254342226148,0.5844,0.6330254342226149,0.5843999999999999,0.5844,0.5844,0.5843999999999999,0.5802020202020203,0.5807700682091991,1.0289267301559448,2.082099437713623,0.16943626576320725,1.484792709350586,0.6126,5,False,0.021811518067866565,0.045444487348983154,1.5264935493469238,0.5463377237319946,0.6027268767356873,1.4478200674057007,1.4960414883041382,1.4960414883041382,NA,NA,NA,NA,NA,NA,NA,NA,NA,NA,NA,0.05,0.05,0.05,[0.05],0.9,0.0005,1.9535213274419154,3.212421417236328,1.495888352394104,1.940184772014618,2.2225958466529843,2.345621626377105,0.159119901475193,NA,0.0,57.63115692138672,13.220160484313965,0.22939259231507828,65536.0,0,782,782,0,0,49.93537783622742,47.86805772781372,2.0673201084136963,1925.3107416629791,8.85939884185791,39.00865888595581,0.0,0.0,0.18507955539441406,0.0,0.0,61.21235003556742,65.83666801452637,68.07920932769775,81.79725646972656,83.60433578491211,1044.5378896363184,4837.180250557925,50000,1850000,10136.881700754166,59.88,92.0,4475.6640625,20475.0,34.68,66.72,69.0,81.95216,114.811,2370.0,8551.0,4032.525300999789,0.0,45.59423828125,3388.0,641.94921875,20474.5,1,9.226,24,24020.6128125,64860.765625,37.0,2200.8671875,-1,628181,4062.8821634993183,1.1285783787498107,0.0011285783787498107,153424.2914569964,42.61785873805456,0.042617858738054556,0.53607472990616,0.00053607472990616,20.243482900575923,0.020243482900575923,475.0,81.58364285714285,114.811,78.141,81.25764326998637,476,10.0,64,64,1,True,240,sgd,multistep,32,100,0.0,False,1.0.0
p7-msdnet-cifar100-jointexit-s2,37,29716,2026-09-01T13:59:27Z,1788271167.4570293,local,0,local-1c8d861c2a,CB-410-122,msdnet,msdnet,cifar100,2,p7,jointexit,4648aa4b6179df102f913788605506586ea64187887a010d75319591508daa37,1.4968350872039795,1.4178909275054932,0.6558,0.6052,NA,0.8706,0.6010133011389526,0.6052,0.6010133011389526,0.6321311279266002,0.6052,0.6321311279266002,0.6052000000000001,0.6052,0.6052,0.6052000000000001,0.6012121212121212,0.6015615963324144,1.029167890548706,2.0400686264038086,0.17054561280889594,1.4880285263061523,0.6126,6,False,0.029797491623461243,0.0636785477399826,1.4178885221481323,0.5185457468032837,0.575737476348877,1.612758994102478,1.4968350872039795,1.4968350872039795,NA,NA,NA,NA,NA,NA,NA,NA,NA,NA,NA,0.05,0.05,0.05,[0.05],0.9,0.0005,1.9461810742999772,2.4229953289031982,1.4883158206939697,1.9493926763534546,2.186624526977539,2.303884935379029,0.14817693224751824,NA,0.0,57.65884017944336,13.128203392028809,0.227687607852877,65536.0,1,782,782,0,0,50.25209283828735,48.189550161361694,2.062542676925659,1975.5628345012665,9.020624160766602,39.16409349441528,0.0,0.0,0.18720923561947042,0.0,0.0,61.6172860040689,65.96779823303223,70.18494606018066,81.39499664306638,83.80413055419922,1037.569345067054,4848.384526474665,50000,1900000,10150.922753334045,59.44,92.0,4475.6640625,20475.0,34.58,66.6,69.0,81.48488,114.785,2370.0,8551.0,4013.6833625000754,0.0,45.98681640625,3388.0,641.7529296875,20474.5,1,8.540000000000001,24,23990.066171875,64860.765625,37.004,2203.33203125,-1,628181,4080.765755499599,1.133546043194333,0.0011335460431943331,157505.057212496,43.75140478124889,0.04375140478124889,0.5384343705173082,0.0005384343705173082,20.78191727109323,0.02078191727109323,475.0,81.33175574112734,114.785,77.626,81.61531510999198,479,10.0,64,64,1,True,240,sgd,multistep,32,100,0.0,False,1.0.0
p7-msdnet-cifar100-jointexit-s2,38,30498,2026-09-01T14:00:19Z,1788271219.2205114,local,0,local-1c8d861c2a,CB-410-122,msdnet,msdnet,cifar100,2,p7,jointexit,4648aa4b6179df102f913788605506586ea64187887a010d75319591508daa37,1.4966936680221559,1.532426421356201,0.65228,0.5849,NA,0.8532,0.58009887130596,0.5849,0.5800988713059603,0.6228739720407894,0.5849,0.6228739720407893,0.5849,0.5849,0.5849,0.5849,0.5807070707070707,0.5812761720682889,1.0204616785049438,2.284118175506592,0.1755380745665463,1.493571162223816,0.6126,7,False,0.024677132519334566,0.05918837168760466,1.5324320793151855,0.5460373759269714,0.5659657120704651,1.6608216762542725,1.4966936680221559,1.4966936680221559,NA,NA,NA,NA,NA,NA,NA,NA,NA,NA,NA,0.05,0.05,0.05,[0.05],0.9,0.0005,1.9538804649392052,3.7464871406555176,1.4941165447235107,1.9481804370880127,2.2335247755050656,2.3661301755905146,0.17273273348255103,NA,0.0,57.65044403076172,13.165606498718262,0.22836955933406552,65536.0,0,782,782,0,0,51.68923997879028,49.634138107299805,2.0551018714904785,2027.2520744800568,9.171286821365356,40.44657063484192,0.0,0.0,0.18483842897609867,0.0,0.0,63.44994559617298,66.2773847579956,73.17357063293457,83.00248622894287,166.94211959838867,1007.371174491018,4865.938831902004,50000,1950000,10389.537235736847,57.69230769230769,92.0,4475.6640625,20475.0,34.13461538461539,66.25,69.0,80.55475000000001,114.696,2370.0,8551.0,4128.201480999271,0.0,45.59423828125,3388.0,641.94921875,20474.5,1,8.798076923076923,24,23995.323692908652,64860.765625,37.0,2202.76953125,-1,628181,4129.2600250000005,1.1470166736111111,0.0011470166736111112,161634.317237496,44.89842145486,0.04489842145486,0.5448329199652777,0.0005448329199652778,21.326750191058508,0.021326750191058508,475.0,80.07266328600406,114.696,74.933,82.58520050000001,493,10.0,64,64,1,True,240,sgd,multistep,32,100,0.0,False,1.0.0
p7-msdnet-cifar100-jointexit-s2,39,31280,2026-09-01T14:01:17Z,1788271277.5279148,local,0,local-1c8d861c2a,CB-410-122,msdnet,msdnet,cifar100,2,p7,jointexit,4648aa4b6179df102f913788605506586ea64187887a010d75319591508daa37,1.4955003412628174,1.5370895385742187,0.65594,0.5751,NA,0.8493,0.5710987335393246,0.5751,0.5710987335393245,0.6337924016552077,0.5751,0.6337924016552076,0.5751,0.5751,0.5751,0.5751,0.5708080808080809,0.5715854865312568,1.0543352365493774,2.3393447399139404,0.17973615854226663,1.484006643295288,0.6126,8,False,0.024495550881326197,0.05951116234064102,1.5370912551879883,0.5471333265304565,0.5995955467224121,1.4932935237884521,1.4955003412628174,1.4955003412628174,NA,NA,NA,NA,NA,NA,NA,NA,NA,NA,NA,0.05,0.05,0.05,[0.05],0.9,0.0005,1.9542906392565773,4.716531753540039,1.5090060234069824,1.9354413747787476,2.2187540888786317,2.332898058891296,0.18498987964502595,NA,0.0,57.667667388916016,13.212936401367188,0.22912208867852998,65536.0,0,782,782,0,0,58.25229024887085,56.001628398895264,2.250661849975586,2085.5043647289276,12.33059811592102,43.67103028297424,0.0,0.0,0.22018284947164615,0.0,0.0,71.61333554845942,66.9327974319458,89.21701908111572,102.97679901123045,116.8661117553711,892.8311806194969,4443.137470921487,50000,2000000,11650.45804977417,50.775862068965516,92.0,4475.6640625,20475.0,29.551724137931036,65.48275862068965,69.0,75.88020689655174,114.696,2370.0,8551.0,4347.061606999969,0.0,45.98681640625,3388.0,641.7529296875,20474.5,1,11.924137931034483,24,24008.052734375,64860.765625,37.0,2197.359375,-1,628181,4388.739823999602,1.219094395555445,0.001219094395555445,166023.0570614956,46.117515850415444,0.046117515850415444,0.5790698378888363,0.0005790698378888363,21.905820028947343,0.021905820028947344,475.0,75.42263603603602,114.696,67.549,87.77479647999203,555,10.0,64,64,1,True,240,sgd,multistep,32,100,0.0,False,1.0.0
p7-msdnet-cifar100-jointexit-s2,40,32062,2026-09-01T14:02:21Z,1788271341.3611722,local,0,local-1c8d861c2a,CB-410-122,msdnet,msdnet,cifar100,2,p7,jointexit,4648aa4b6179df102f913788605506586ea64187887a010d75319591508daa37,1.4876437718200684,1.368577751159668,0.65656,0.6158,NA,0.8804,0.6119964573360037,0.6158,0.6119964573360038,0.6389591485444599,0.6158,0.6389591485444599,0.6158,0.6158,0.6158,0.6158,0.611919191919192,0.6122495123339806,1.0436574220657349,2.0242886543273926,0.16268531750593346,1.4848328828811646,0.6158,0,True,0.012373690362274653,0.05848149210214615,1.3685848712921143,0.5029013156890869,0.60545814037323,1.4713246822357178,1.4876437718200684,1.4876437718200684,NA,NA,NA,NA,NA,NA,NA,NA,NA,NA,NA,0.05,0.05,0.05,[0.05],0.9,0.0005,1.9477507153790679,2.608656167984009,1.5577073097229004,1.9377937316894531,2.1889472007751465,2.2841184139251713,0.14248504620026017,NA,0.0,57.677757263183594,13.204447746276855,0.22893483333661818,65536.0,1,782,782,0,0,63.75226306915283,61.564685106277466,2.1870951652526855,2149.2566277980804,14.511921644210815,47.051743268966675,0.0,0.0,0.23572218555663974,0.0,0.0,78.7259142112244,82.40842819213867,99.8250961303711,109.39098596572835,120.5294132232666,812.1539144346526,4572.2747500311225,50000,2050000,12686.700350761414,46.857142857142854,89.0,4475.6640625,20475.0,26.714285714285715,63.492063492063494,67.0,71.91360317460317,109.632,2368.5714285714284,8551.0,4482.000386499525,1.0,45.59423828125,3388.0,641.94921875,20474.5,1,14.219047619047618,24,23996.336371527777,64860.765625,37.0,2197.36328125,-1,628181,4561.8821969992705,1.267189499166464,0.001267189499166464,170584.93925849488,47.384705349581914,0.04738470534958191,0.6019150121040703,0.0006019150121040703,22.50773504105141,0.022507735041051413,475.0,71.67280858085807,109.632,67.495,91.23764393998542,606,10.0,64,64,1,True,240,sgd,multistep,32,100,0.0,False,1.0.0
p7-msdnet-cifar100-jointexit-s2,41,32844,2026-09-01T14:03:24Z,1788271404.5319064,local,0,local-1c8d861c2a,CB-410-122,msdnet,msdnet,cifar100,2,p7,jointexit,4648aa4b6179df102f913788605506586ea64187887a010d75319591508daa37,1.4872330611419677,1.4400484617233276,0.65652,0.6028,NA,0.8655,0.6050779315633477,0.6028,0.6050779315633479,0.6489711855038255,0.6028,0.6489711855038254,0.6028,0.6028,0.6028,0.6028,0.5987878787878786,0.5993417691225273,0.9684293270111084,2.1573615074157715,0.16582646703445406,1.4772274494171143,0.6158,1,False,0.015393286877125508,0.036303669502392666,1.4400519132614136,0.5245861411094666,0.5953054428100586,1.4933289289474487,1.4872330611419677,1.4872330611419677,NA,NA,NA,NA,NA,NA,NA,NA,NA,NA,NA,0.05,0.05,0.05,[0.05],0.9,0.0005,1.954827081974205,3.610731601715088,1.4605355262756348,1.9520564675331116,2.2067878603935243,2.318615202903747,0.15636360430090046,NA,0.0,57.69731521606445,13.199934959411621,0.22877901527966438,65536.0,0,782,782,0,0,62.98601150512695,60.722336530685425,2.2636749744415283,2212.2426393032074,14.616986989974976,46.0852313041687,0.0,0.0,0.24079823440958448,0.0,0.0,77.62432006923743,78.22263240814209,99.72295761108398,103.53636264801021,116.16206169128418,823.4202248579977,4417.595331885976,50000,2100000,12471.230278015137,47.93650793650794,86.0,4475.6640625,20475.0,28.015873015873016,63.17460317460318,66.0,71.8592380952381,106.274,2369.0476190476193,8551.0,4483.808668999875,1.0,45.98681640625,3388.0,641.7529296875,20474.5,1,14.11269841269841,24,24007.985491071428,64860.765625,37.0,2199.83203125,-1,628181,4499.835695998472,1.2499543599995755,0.0012499543599995757,175084.77495449336,48.63465970958149,0.04863465970958149,0.5937283209997984,0.0005937283209997984,23.101463362051213,0.02310146336205121,475.0,71.59720833333333,106.962,65.799,89.99671391996944,600,10.0,64,64,1,True,240,sgd,multistep,32,100,0.0,False,1.0.0
p7-msdnet-cifar100-jointexit-s2,42,33626,2026-09-01T14:04:27Z,1788271467.1175535,local,0,local-1c8d861c2a,CB-410-122,msdnet,msdnet,cifar100,2,p7,jointexit,4648aa4b6179df102f913788605506586ea64187887a010d75319591508daa37,1.481648091583252,2.317429399871826,0.6582,0.4637,NA,0.7429,0.47813666310820624,0.4637,0.4781366631082062,0.5971309462754555,0.4637,0.5971309462754555,0.4637,0.4637,0.4637,0.4637,0.4582828282828283,0.46080838823253334,0.9741991758346558,1.9802879095077515,0.17525268369094257,1.4807390570640564,0.6158,2,False,0.07741442972458898,0.2795364124079545,2.317425489425659,0.6988853812217712,0.5393673777580261,1.6948312520980835,1.481648091583252,1.481648091583252,NA,NA,NA,NA,NA,NA,NA,NA,NA,NA,NA,0.05,0.05,0.05,[0.05],0.9,0.0005,1.9646213542469932,6.102863311767578,1.5016849040985107,1.9509540796279907,2.2217393636703493,2.306944706439972,0.2147084142389226,NA,0.0,57.74101638793945,13.275919914245605,0.2299218258481953,65536.0,0,782,782,0,0,62.46885895729065,60.24397945404053,2.224879503250122,2274.711498260498,14.494771242141724,45.72390913963318,0.0,0.0,0.24070223974101806,0.0,0.0,77.00598514293466,77.37791538238525,98.58911037445068,104.8013973236084,127.76041030883789,829.9584531620202,4494.625432699577,50000,2150000,12306.365214586258,45.62903225806452,86.0,4475.6640625,20475.0,25.903225806451612,63.193548387096776,66.0,72.16330645161291,108.27,2369.032258064516,8551.0,4435.629866999729,1.0,45.59423828125,3388.0,641.94921875,20474.5,1,14.006451612903227,24,24021.584614415322,64860.765625,37.0274193548387,2197.81640625,-1,628181,4478.783173499903,1.2441064370833064,0.0012441064370833062,179563.55812799325,49.878766146664795,0.04987876614666479,0.5909505576145704,0.0005909505576145704,23.69241391966578,0.02369241391966578,475.0,71.8445822147651,108.27,66.034,89.57566346999805,596,10.0,64,64,1,True,240,sgd,multistep,32,100,0.0,False,1.0.0
p7-msdnet-cifar100-jointexit-s2,43,34408,2026-09-01T14:05:28Z,1788271528.753245,local,0,local-1c8d861c2a,CB-410-122,msdnet,msdnet,cifar100,2,p7,jointexit,4648aa4b6179df102f913788605506586ea64187887a010d75319591508daa37,1.4848857070159913,1.5112812314987183,0.65652,0.5862,NA,0.8525,0.5818824449363721,0.5862,0.5818824449363721,0.6347979776137396,0.5862,0.6347979776137397,0.5861999999999999,0.5862,0.5862,0.5861999999999999,0.582020202020202,0.5827872073200523,0.9886620044708252,2.0237157344818115,0.16767927479155048,1.478245198726654,0.6158,3,False,0.02686474939361215,0.06455298513174057,1.5112816095352173,0.5406779050827026,0.6098620295524597,1.4410125017166138,1.4848857070159913,1.4848857070159913,NA,NA,NA,NA,NA,NA,NA,NA,NA,NA,NA,0.05,0.05,0.05,[0.05],0.9,0.0005,1.9627061733199507,3.8868703842163086,1.5001004934310913,1.954750895500183,2.2222719192504883,2.3346969056129425,0.16861396159320297,NA,0.0,57.807533264160156,13.294747352600098,0.22998295554054804,131072.0,0,782,782,0,0,61.51985144615173,59.26956009864807,2.250291347503662,2336.23134970665,14.647942304611206,44.59225606918335,0.0,0.0,0.24726355931803998,0.0,0.0,75.75472937825391,74.69773292541504,98.99816513061523,101.81065797805778,116.81652069091797,843.6033592417449,4443.869017713372,50000,2200000,12057.89088344574,47.704918032786885,91.0,4475.6640625,20475.0,27.65573770491803,63.26229508196721,66.0,72.75106557377049,107.098,2370.0,8551.0,4402.282809499898,0.0,45.98681640625,3388.0,641.7529296875,20474.5,1,14.078688524590165,24,24011.503137807376,64860.765625,37.006557377049184,2199.8203125,-1,628180,4449.309676499262,1.2359193545831284,0.0012359193545831285,184012.8678044925,51.11468550124792,0.05111468550124792,0.587061693426986,0.000587061693426986,24.279475613092767,0.024279475613092766,475.0,72.45258703071673,108.202,67.951,88.98619352998526,586,10.0,64,64,1,True,240,sgd,multistep,32,100,0.0,False,1.0.0
p7-msdnet-cifar100-jointexit-s2,44,35190,2026-09-01T14:06:31Z,1788271591.3606935,local,0,local-1c8d861c2a,CB-410-122,msdnet,msdnet,cifar100,2,p7,jointexit,4648aa4b6179df102f913788605506586ea64187887a010d75319591508daa37,1.4809155275726318,1.4470780015945435,0.65718,0.606,NA,0.8634,0.6033147203176317,0.606,0.6033147203176318,0.6430346401359707,0.606,0.6430346401359707,0.606,0.606,0.606,0.606,0.602020202020202,0.6025087425500099,0.909828245639801,1.98406183719635,0.16222904120211581,1.4691773056983948,0.6158,4,False,0.02928966783359646,0.18637455254793167,1.4470728635787964,0.5211882591247559,0.5769287347793579,1.596764326095581,1.4809155275726318,1.4809155275726318,NA,NA,NA,NA,NA,NA,NA,NA,NA,NA,NA,0.05,0.05,0.05,[0.05],0.9,0.0005,1.9606248624813862,2.441380262374878,1.5189405679702759,1.9511439800262451,2.2103408098220827,2.31440673828125,0.14649921060801024,NA,0.0,57.82498550415039,13.317770004272461,0.2303116877273852,32768.0,2,782,782,0,0,62.50300478935242,60.30216646194458,2.200838327407837,2398.734354496002,14.538301467895508,45.740110874176025,0.0,0.0,0.24118587240474562,0.0,0.0,77.08236872387664,78.39047908782959,99.74720478057861,102.50116586685179,120.30363082885742,829.1576063283554,4543.723123805315,50000,2250000,12188.085933923721,48.564516129032256,82.0,4475.6640625,20475.0,27.93548387096774,63.45161290322581,66.0,72.35448387096774,108.202,2369.032258064516,8551.0,4443.513988000293,1.0,45.59423828125,3388.0,641.94921875,20474.5,1,14.274193548387098,24,23999.948777721773,64860.765625,37.0,2199.2109375,-1,628180,4492.91981950017,1.2480332831944916,0.0012480332831944917,188505.78762399268,52.362718784442414,0.05236271878444241,0.5928158095173834,0.0005928158095173835,24.87229142261015,0.02487229142261015,475.0,72.02811616161617,108.238,67.043,89.85839639000339,594,10.0,64,64,1,True,240,sgd,multistep,32,100,0.0,False,1.0.0
p7-msdnet-cifar100-jointexit-s2,45,35972,2026-09-01T14:07:23Z,1788271643.0909655,local,0,local-1c8d861c2a,CB-410-122,msdnet,msdnet,cifar100,2,p7,jointexit,4648aa4b6179df102f913788605506586ea64187887a010d75319591508daa37,1.4747374139022826,1.536809373664856,0.66066,0.5755,NA,0.8578,0.5747776587373592,0.5755,0.5747776587373592,0.6369817884366109,0.5755,0.6369817884366111,0.5755,0.5755,0.5755,0.5755,0.5712121212121213,0.5719855120486398,1.032454252243042,2.044175386428833,0.17093085508648717,1.465871810913086,0.6158,5,False,0.02737911241278052,0.0818278051348138,1.5368132591247559,0.5540586709976196,0.5975146889686584,1.496795415878296,1.4747374139022826,1.4747374139022826,NA,NA,NA,NA,NA,NA,NA,NA,NA,NA,NA,0.05,0.05,0.05,[0.05],0.9,0.0005,1.9653726868007495,4.234872817993164,1.5380316972732544,1.9579037427902222,2.218822288513183,2.3490088987350455,0.17030835744791187,NA,0.0,57.8482666015625,13.305867195129395,0.23001323940741897,32768.0,0,782,782,0,0,51.6830313205719,49.61739230155945,2.065639019012451,2450.417385816574,9.774099111557007,39.83541250228882,0.0,0.0,0.19702066788396064,0.0,0.0,63.439273163485716,65.86027145385742,75.3260850906372,99.81944322586058,134.39226150512695,1007.7111609597533,4841.116917311544,50000,2300000,10026.508076190948,56.03921568627451,92.0,4475.6640625,20475.0,31.92156862745098,64.94117647058823,68.0,79.45750980392157,108.238,2370.0,8551.0,4002.8207799996476,0.0,45.98681640625,3388.0,641.7529296875,20474.5,1,9.709803921568628,24,23999.029105392157,64860.765625,37.0,2199.83203125,-1,628180,4088.7565794985344,1.1357657165273707,0.0011357657165273706,192594.5442034912,53.49848450096978,0.05349848450096978,0.539488715350501,0.000539488715350501,25.41178013796065,0.02541178013796065,475.0,79.22250203252034,114.461,69.375,81.77513158997068,492,10.0,64,64,1,True,240,sgd,multistep,32,100,0.0,False,1.0.0
p7-msdnet-cifar100-jointexit-s2,46,36754,2026-09-01T14:08:14Z,1788271694.09258,local,0,local-1c8d861c2a,CB-410-122,msdnet,msdnet,cifar100,2,p7,jointexit,4648aa4b6179df102f913788605506586ea64187887a010d75319591508daa37,1.4760423612976075,1.468122608947754,0.6589,0.5923,NA,0.8636,0.5906890259961104,0.5923,0.5906890259961105,0.6359546602372373,0.5923,0.6359546602372375,0.5923,0.5923,0.5923,0.5923,0.5881818181818181,0.5887477399705556,0.8954267501831055,1.990330457687378,0.17011205060833937,1.469191312789917,0.6158,6,False,0.011944518322497601,0.06266866624355316,1.4681224822998047,0.5336378812789917,0.5880011916160583,1.548039197921753,1.4760423612976075,1.4760423612976075,NA,NA,NA,NA,NA,NA,NA,NA,NA,NA,NA,0.05,0.05,0.05,[0.05],0.9,0.0005,1.959909998394949,2.9774420261383057,1.4781361818313599,1.9540902376174927,2.2095364809036253,2.320742242336273,0.15190844634491749,NA,0.0,57.84287643432617,13.282857894897461,0.22963688380847716,32768.0,0,782,782,0,0,50.9682993888855,48.90171718597412,2.066582202911377,2501.3856852054596,8.559016227722168,40.320674896240234,0.0,0.0,0.17510372980909164,0.0,0.0,62.505998879747324,65.88339805603027,71.60906791687012,82.76999950408934,83.89735221862793,1022.4589825721066,4838.907441432582,50000,2350000,9836.881782054901,57.01960784313726,96.0,4475.6640625,20475.0,32.92156862745098,66.17647058823529,69.0,80.75556862745097,114.461,2370.0,8551.0,4061.8269384998353,0.0,45.59423828125,3388.0,641.94921875,20474.5,1,8.8,24,24010.104702818626,64860.765625,37.0,2199.8359375,-1,628180,4085.1900224999063,1.134775006249974,0.001134775006249974,196679.73422599112,54.633259507219755,0.054633259507219756,0.5390181279687376,0.0005390181279687377,25.95079826592939,0.02595079826592939,475.0,80.38619547325102,114.461,76.774,81.70380044999813,486,10.0,64,64,1,True,240,sgd,multistep,32,100,0.0,False,1.0.0
p7-msdnet-cifar100-jointexit-s2,47,37536,2026-09-01T14:09:05Z,1788271745.8106923,local,0,local-1c8d861c2a,CB-410-122,msdnet,msdnet,cifar100,2,p7,jointexit,4648aa4b6179df102f913788605506586ea64187887a010d75319591508daa37,1.4787030673599244,1.5898967250823974,0.6582,0.5738,NA,0.8395,0.5669385853089338,0.5738,0.5669385853089337,0.6209104971611554,0.5738,0.6209104971611555,0.5738,0.5738,0.5738,0.5738,0.5694949494949495,0.5701618298808535,0.9997199177742004,1.981296420097351,0.1635380843651833,1.4761347770690918,0.6158,7,False,0.02220448259934783,0.06168539077043533,1.5899057388305664,0.5573514699935913,0.5714769959449768,1.6078380346298218,1.4787030673599244,1.4787030673599244,NA,NA,NA,NA,NA,NA,NA,NA,NA,NA,NA,0.05,0.05,0.05,[0.05],0.9,0.0005,1.9673823270651385,3.640443801879883,1.5026684999465942,1.9548370242118835,2.2108827590942384,2.3292914271354674,0.1594279688469989,NA,0.0,57.873512268066406,13.352472305297852,0.23071819528509094,65536.0,0,782,782,0,0,51.65134358406067,49.60119342803955,2.050150156021118,2553.0370287895203,9.321173906326294,40.249117374420166,0.0,0.0,0.18803952257481935,0.0,0.0,63.38911928484202,66.41173362731934,70.63438892364502,82.99726486206055,87.45789527893066,1008.0402616227174,4877.691505000667,50000,2400000,9917.057968139648,56.490196078431374,95.0,4475.6640625,20475.0,32.431372549019606,66.33333333333333,69.0,79.88472549019609,114.152,2370.0,8551.0,4025.6795754994887,0.0,45.98681640625,3388.0,641.7529296875,20474.5,1,8.713725490196078,24,24008.49188112745,64860.765625,37.0,2199.83203125,-1,628180,4120.291601999667,1.1445254449999076,0.0011445254449999076,200800.0258279908,55.77778495221966,0.05577778495221966,0.5436495863749561,0.0005436495863749561,26.494447852304347,0.026494447852304346,475.0,79.93326829268292,114.152,76.139,82.40583203999336,492,10.0,64,64,1,True,240,sgd,multistep,32,100,0.0,False,1.0.0
p7-msdnet-cifar100-jointexit-s2,48,38318,2026-09-01T14:09:57Z,1788271797.3798373,local,0,local-1c8d861c2a,CB-410-122,msdnet,msdnet,cifar100,2,p7,jointexit,4648aa4b6179df102f913788605506586ea64187887a010d75319591508daa37,1.4697757961273192,1.4003988759994508,0.66192,0.6104,NA,0.8761,0.6103999344120539,0.6104,0.6103999344120539,0.6501400916414632,0.6104,0.6501400916414635,0.6104,0.6104,0.6104,0.6104,0.6064646464646465,0.6069858357444473,1.0583996772766113,2.0724663734436035,0.16101614885271798,1.466030478477478,0.6158,8,False,0.018113245856761915,0.05574630016137744,1.4003987312316895,0.5140279531478882,0.6120363473892212,1.427220106124878,1.4697757961273192,1.4697757961273192,NA,NA,NA,NA,NA,NA,NA,NA,NA,NA,NA,0.05,0.05,0.05,[0.05],0.9,0.0005,1.9609564041237697,3.541412830352783,1.5014334917068481,1.9551517963409424,2.200693428516388,2.3489356541633604,0.16014427368371573,NA,0.0,57.884944915771484,13.281156539916992,0.22944060082016893,65536.0,0,782,782,0,0,51.51565408706665,49.452892541885376,2.0627615451812744,2604.552682876587,9.097175598144531,40.34781551361084,0.0,0.0,0.18398578690373574,0.0,0.0,63.22888888971274,66.44833087921143,70.32780647277832,82.79655933380127,83.22644233703613,1011.0632043949954,4847.870091121563,50000,2450000,9839.48993062973,57.07843137254902,96.0,4475.6640625,20475.0,33.23529411764706,65.98039215686275,69.0,80.37982352941177,113.863,2370.0,8551.0,4038.237219000325,0.0,45.59423828125,3388.0,641.94921875,20474.5,1,8.515686274509804,24,24012.554917279413,64860.765625,37.0,2199.83203125,-1,628180,4117.899590500354,1.1438609973612095,0.0011438609973612095,204917.92541849113,56.92164594958087,0.056921645949580865,0.5433339737465744,0.0005433339737465745,27.037781826050917,0.02703778182605092,475.0,79.9977163265306,113.863,76.125,82.35799181000708,490,10.0,64,64,1,True,240,sgd,multistep,32,100,0.0,False,1.0.0
p7-msdnet-cifar100-jointexit-s2,49,39100,2026-09-01T14:10:49Z,1788271849.2503848,local,0,local-1c8d861c2a,CB-410-122,msdnet,msdnet,cifar100,2,p7,jointexit,4648aa4b6179df102f913788605506586ea64187887a010d75319591508daa37,1.4711332529449463,1.4356323057174682,0.66244,0.5977,NA,0.8694,0.5932725440851943,0.5977,0.5932725440851941,0.6378344112252402,0.5977,0.6378344112252402,0.5976999999999999,0.5977,0.5977,0.5976999999999999,0.5936363636363637,0.5942631014628235,1.054457426071167,2.02577805519104,0.1652203964059813,1.4669615626335144,0.6158,9,False,0.019253080642223367,0.07451917123103491,1.4356355667114258,0.5249372720718384,0.6122162342071533,1.4343147277832031,1.4711332529449463,1.4711332529449463,NA,NA,NA,NA,NA,NA,NA,NA,NA,NA,NA,0.05,0.05,0.05,[0.05],0.9,0.0005,1.9602835942107393,4.15802526473999,1.5796140432357788,1.9580446481704712,2.2014192581176757,2.3435471725463866,0.16670219360323058,NA,0.0,57.8368034362793,13.266542434692383,0.2293789014344226,65536.0,0,782,782,0,0,51.784369230270386,49.73380208015442,2.050567150115967,2656.3370521068573,8.626821279525757,41.09927248954773,0.0,0.0,0.17348680794410395,0.0,0.0,63.58835520341878,66.20323657989502,72.56789207458496,82.3565888404846,85.9212875366211,1005.352454642751,4876.699599637332,50000,2500000,9839.030153751373,59.19230769230769,91.0,4475.6640625,20475.0,34.94230769230769,65.67307692307692,68.0,80.49682692307692,114.225,2370.0,8551.0,4129.337765001133,0.0,45.98681640625,3388.0,641.7529296875,20474.5,1,8.64423076923077,24,23987.68517127404,64860.765625,37.0,2199.8515625,-1,628180,4122.870806500836,1.1452418906946766,0.0011452418906946766,209040.79622499197,58.06688784027555,0.05806688784027555,0.5439898980799713,0.0005439898980799713,27.58177172413089,0.02758177172413089,475.0,79.64494129554654,114.225,74.959,82.45741613001671,494,10.0,64,64,1,True,240,sgd,multistep,32,100,0.0,False,1.0.0
p7-msdnet-cifar100-jointexit-s2,50,39882,2026-09-01T14:11:39Z,1788271899.8161774,local,0,local-1c8d861c2a,CB-410-122,msdnet,msdnet,cifar100,2,p7,jointexit,4648aa4b6179df102f913788605506586ea64187887a010d75319591508daa37,1.4696844315338136,1.4154578798294066,0.66024,0.6047,NA,0.8732,0.603637674090225,0.6047,0.6036376740902251,0.6407341298274083,0.6047,0.6407341298274085,0.6046999999999999,0.6047,0.6047,0.6046999999999999,0.6007070707070707,0.6011676687212223,1.0493793487548828,2.849102258682251,0.16973263902088728,1.4572814106941223,0.6158,10,False,0.015524924637004727,0.05369177088141441,1.4154654741287231,0.5194681882858276,0.6096030473709106,1.4492238759994507,1.4696844315338136,1.4696844315338136,NA,NA,NA,NA,NA,NA,NA,NA,NA,NA,NA,0.05,0.05,0.05,[0.05],0.9,0.0005,1.9721407574361784,5.154013633728027,1.4849761724472046,1.9639250040054321,2.248539447784424,2.3793903827667244,0.19142304751751504,NA,0.0,57.91278076171875,13.320629119873047,0.23001190660625626,65536.0,1,782,782,0,0,50.46897792816162,48.418903827667236,2.0500741004943848,2706.806030035019,8.928369760513306,39.479697465896606,0.0,0.0,0.18443970751309544,0.0,0.0,61.90289926650884,65.54603576660156,70.638108253479,82.76653289794922,84.24949645996094,1032.6545222494133,4877.872462067812,50000,2550000,9538.636828422546,59.74,92.0,4475.6640625,20475.0,35.62,65.74,68.0,80.92138,114.225,2370.0,8551.0,3986.2848090006,0.0,45.59423828125,3388.0,641.94921875,20474.5,1,8.68,24,23995.06265625,64860.765625,37.0,2199.15625,-1,628180,4057.2595265002346,1.127016535138954,0.001127016535138954,213098.0557514922,59.193904375414505,0.059193904375414504,0.5353328541910031,0.0005353328541910031,28.11710457832189,0.02811710457832189,475.0,80.5539958506224,114.225,76.686,81.1451905300047,482,10.0,64,64,1,True,240,sgd,multistep,32,100,0.0,False,1.0.0
p7-msdnet-cifar100-jointexit-s2,51,40664,2026-09-01T14:12:29Z,1788271949.9854004,local,0,local-1c8d861c2a,CB-410-122,msdnet,msdnet,cifar100,2,p7,jointexit,4648aa4b6179df102f913788605506586ea64187887a010d75319591508daa37,1.4679151145935059,1.4744537370681763,0.66106,0.5938,NA,0.8597,0.5935549755008434,0.5938,0.5935549755008434,0.6443621744932745,0.5938,0.6443621744932744,0.5938000000000001,0.5938,0.5938,0.5938000000000001,0.5896969696969697,0.5904638300826378,1.0383931398391724,2.0482587814331055,0.16479344888903522,1.4614196419715881,0.6158,11,False,0.013051931568980202,0.0625562071800232,1.4744505882263184,0.5338239073753357,0.5933887958526611,1.5163583755493164,1.4679151145935059,1.4679151145935059,NA,NA,NA,NA,NA,NA,NA,NA,NA,NA,NA,0.05,0.05,0.05,[0.05],0.9,0.0005,1.961553470862796,3.733910322189331,1.5596230030059814,1.962847113609314,2.2039954185485837,2.3100676655769345,0.16006236635409773,NA,0.0,57.895416259765625,13.28897476196289,0.22953414312348686,65536.0,0,782,782,0,0,50.10461401939392,48.03755474090576,2.067059278488159,2756.910644054413,8.432536363601685,39.6024603843689,0.0,0.0,0.17554984770469353,0.0,0.0,61.42582704344064,64.58210945129395,70.33627033233643,81.99267148971556,88.09828758239746,1040.8523137715656,4837.790625585721,50000,2600000,9419.667435646057,57.34,91.0,4475.6640625,20475.0,32.96,66.14,68.0,81.58552,114.193,2370.0,8551.0,4026.2478720000913,0.0,45.98681640625,3388.0,641.7529296875,20474.5,1,8.914,24,23994.430625,64860.765625,37.0,2196.68359375,-1,628180,4045.0874504991075,1.1236354029164188,0.0011236354029164188,217143.1432019913,60.31753977833092,0.06031753977833092,0.5337268163852988,0.0005337268163852989,28.65083139470719,0.02865083139470719,475.0,80.89112526096034,114.193,77.145,80.90174900998215,479,10.0,64,64,1,True,240,sgd,multistep,32,100,0.0,False,1.0.0
p7-msdnet-cifar100-jointexit-s2,52,41446,2026-09-01T14:13:19Z,1788271999.9704568,local,0,local-1c8d861c2a,CB-410-122,msdnet,msdnet,cifar100,2,p7,jointexit,4648aa4b6179df102f913788605506586ea64187887a010d75319591508daa37,1.4648915348815919,1.4277683633804321,0.6627,0.6103,NA,0.8692,0.6069745966503954,0.6103,0.6069745966503955,0.6438388582078923,0.6103,0.6438388582078924,0.6103000000000001,0.6103,0.6103,0.6103000000000001,0.6063636363636364,0.6067946074525994,0.9226517081260681,2.099534034729004,0.16873517637505445,1.4535557627677917,0.6158,12,False,0.021705019013583654,0.0648503378033638,1.427767038345337,0.5176905393600464,0.5928047895431519,1.5345960855484009,1.4648915348815919,1.4648915348815919,NA,NA,NA,NA,NA,NA,NA,NA,NA,NA,NA,0.05,0.05,0.05,[0.05],0.9,0.0005,1.9556763627949882,2.9265878200531006,1.567974328994751,1.948406159877777,2.209160840511322,2.316340439319609,0.15390825406236291,NA,0.0,57.867706298828125,13.24429988861084,0.22887203823523672,65536.0,0,782,782,0,0,49.91916537284851,47.85622453689575,2.062940835952759,2806.8298094272614,8.539005517959595,39.30792498588562,0.0,0.0,0.17846506407079463,0.0,0.0,61.18533312512176,64.56410884857178,69.68874931335449,77.303466796875,85.14761924743652,1044.7961677681335,4847.44876136089,50000,2650000,9334.883924722672,59.88,92.0,4475.6640625,20475.0,34.52,66.22,69.0,81.68733999999999,114.262,2370.0,8551.0,4020.469674500978,0.0,45.59423828125,3388.0,641.94921875,20474.5,1,8.742,24,24008.204296875,64860.765625,37.0,2199.15234375,-1,628180,4057.19004600034,1.1269972350000943,0.0011269972350000945,221200.33324799166,61.444537013331015,0.06144453701333102,0.5353236866250449,0.0005353236866250449,29.186155081332235,0.029186155081332234,475.0,81.34506932773108,114.262,76.898,81.1438009200068,476,10.0,64,64,1,True,240,sgd,multistep,32,100,0.0,False,1.0.0
p7-msdnet-cifar100-jointexit-s2,53,42228,2026-09-01T14:14:10Z,1788272050.193304,local,0,local-1c8d861c2a,CB-410-122,msdnet,msdnet,cifar100,2,p7,jointexit,4648aa4b6179df102f913788605506586ea64187887a010d75319591508daa37,1.464436258392334,1.4658392669677733,0.66336,0.5961,NA,0.8651,0.5956021682800864,0.5961,0.5956021682800864,0.6415224925812207,0.5961,0.6415224925812205,0.5961,0.5961,0.5961,0.5961,0.592020202020202,0.5926001385153044,0.9712215065956116,2.0304455757141113,0.16882957271166396,1.460544466972351,0.6158,13,False,0.010696633048355567,0.19001725316047668,1.4658297300338745,0.5302876830101013,0.597659170627594,1.5115306377410889,1.464436258392334,1.464436258392334,NA,NA,NA,NA,NA,NA,NA,NA,NA,NA,NA,0.05,0.05,0.05,[0.05],0.9,0.0005,1.9653397528371188,2.6041066646575928,1.5436738729476929,1.9666508436203003,2.2155258655548096,2.30902361869812,0.15257384758108583,NA,0.0,57.91206741333008,13.331010818481445,0.23019400642935675,65536.0,1,782,782,0,0,50.1500608921051,48.082457542419434,2.067603349685669,2856.9798703193665,9.361834287643433,38.70266795158386,0.0,0.0,0.19477647435206097,0.0,0.0,61.46355785067429,66.13147258758545,67.7396535873413,82.46150732040402,85.97683906555176,1039.880292222769,4836.517604559051,50000,2700000,9327.911325931549,58.2,91.0,4475.6640625,20475.0,33.0,66.24,69.0,81.14572,113.757,2370.0,8551.0,3996.2337019986953,0.0,45.98681640625,3388.0,641.7529296875,20474.5,1,8.613999999999999,24,24006.538515625,64860.765625,37.0,2199.15234375,-1,628179,4050.2477409989124,1.1250688169441423,0.0011250688169441422,225250.58098899058,62.56960583027516,0.06256960583027515,0.5344076880484676,0.0005344076880484676,29.7205627693807,0.0297205627693807,475.0,81.0099347368421,114.099,76.483,81.00495481997824,475,10.0,64,64,1,True,240,sgd,multistep,32,100,0.0,False,1.0.0
p7-msdnet-cifar100-jointexit-s2,54,43010,2026-09-01T14:15:01Z,1788272101.9186049,local,0,local-1c8d861c2a,CB-410-122,msdnet,msdnet,cifar100,2,p7,jointexit,4648aa4b6179df102f913788605506586ea64187887a010d75319591508daa37,1.4703656840515136,1.6141722702026366,0.66036,0.5587,NA,0.8432,0.5625324711583077,0.5587,0.5625324711583077,0.627289583439342,0.5587,0.6272895834393419,0.5587000000000001,0.5587,0.5587,0.5587000000000001,0.5542424242424242,0.5550098551029305,1.0082606077194214,2.1518161296844482,0.1688455807278057,1.4643809795379639,0.6158,14,False,0.01914139832854271,0.06026965379714966,1.6141703128814697,0.5724150538444519,0.5507664084434509,1.6943670511245728,1.4703656840515136,1.4703656840515136,NA,NA,NA,NA,NA,NA,NA,NA,NA,NA,NA,0.05,0.05,0.05,[0.05],0.9,0.0005,1.98122006715716,3.7298851013183594,1.5838154554367065,1.9798345565795898,2.2238195180892943,2.4089894342422475,0.16592824601797698,NA,0.0,57.99330520629883,13.358319282531738,0.23034243754537465,65536.0,0,782,782,0,0,51.67549204826355,49.60692381858826,2.067591428756714,2908.65536236763,8.988736152648926,40.61663627624512,0.0,0.0,0.18120489198087714,0.0,0.0,63.433980088099794,66.3447380065918,71.14160060882568,82.83175230026245,85.0980281829834,1007.923816902036,4836.545490040656,50000,2750000,9559.966028928757,58.23529411764706,92.0,4475.6640625,20475.0,34.64705882352941,66.03921568627452,68.0,80.03125490196078,114.099,2370.0,8551.0,4029.5562435002803,0.0,45.59423828125,3388.0,641.94921875,20474.5,1,8.950980392156865,24,24020.405177696077,64860.765625,37.001960784313724,2199.15625,-1,628179,4116.716632499844,1.1435323979166234,0.0011435323979166233,229367.29762149043,63.71313822819179,0.06371313822819179,0.5431778890103961,0.0005431778890103961,30.263740658391097,0.030263740658391096,475.0,79.83956389452332,114.099,76.537,82.33433264999688,493,10.0,64,64,1,True,240,sgd,multistep,32,100,0.0,False,1.0.0
p7-msdnet-cifar100-jointexit-s2,55,43792,2026-09-01T14:15:53Z,1788272153.4464169,local,0,local-1c8d861c2a,CB-410-122,msdnet,msdnet,cifar100,2,p7,jointexit,4648aa4b6179df102f913788605506586ea64187887a010d75319591508daa37,1.4605226596069336,1.799074871826172,0.66338,0.516,NA,0.8104,0.5146193926487287,0.516,0.5146193926487287,0.6093722256741294,0.516,0.6093722256741294,0.516,0.516,0.516,0.516,0.5111111111111112,0.5122877383958874,0.9566873908042908,2.014669179916382,0.16401824378350302,1.4462602138519287,0.6158,15,False,0.041761546638607976,0.07579821076862264,1.799072504043579,0.6211953163146973,0.5571966767311096,1.6553460359573364,1.4605226596069336,1.4605226596069336,NA,NA,NA,NA,NA,NA,NA,NA,NA,NA,NA,0.05,0.05,0.05,[0.05],0.9,0.0005,1.9604705724569842,4.095793724060059,1.5087569952011108,1.9560872912406921,2.209646165370941,2.323650259971618,0.16502908397211316,NA,0.0,57.9646110534668,13.305394172668457,0.22954340468869025,65536.0,0,782,782,0,0,51.44787907600403,49.397069215774536,2.050809860229492,2960.103241443634,9.063199996948242,40.31790018081665,0.0,0.0,0.18353580548675544,0.0,0.0,63.147186928088104,66.22004508972168,71.60439491271973,81.86988592147824,84.45048332214355,1012.2058007448127,4876.122449928619,50000,2800000,9466.409749984741,57.6078431372549,92.0,4475.6640625,20475.0,33.3921568627451,65.70588235294117,68.0,80.23003921568626,113.042,2370.0,8551.0,4032.917544500143,0.0,45.98681640625,3388.0,641.7529296875,20474.5,1,9.050980392156863,24,23917.62308517157,64860.765625,36.84901960784314,2196.6875,-1,628179,4098.585335999931,1.1384959266666475,0.0011384959266666475,233465.88295749036,64.85163415485843,0.06485163415485844,0.5407855651666575,0.0005407855651666575,30.804526223557755,0.030804526223557754,475.0,79.841183299389,113.639,76.347,81.97170671999862,491,10.0,64,64,1,True,240,sgd,multistep,32,100,0.0,False,1.0.0
p7-msdnet-cifar100-jointexit-s2,56,44574,2026-09-01T14:16:44Z,1788272204.861227,local,0,local-1c8d861c2a,CB-410-122,msdnet,msdnet,cifar100,2,p7,jointexit,4648aa4b6179df102f913788605506586ea64187887a010d75319591508daa37,1.459272665901184,1.5123450187683105,0.66466,0.5893,NA,0.857,0.588915001348526,0.5893,0.5889150013485261,0.6440718000587371,0.5893,0.6440718000587371,0.5892999999999999,0.5893,0.5893,0.5892999999999999,0.5851515151515152,0.5859282903328134,0.9581011533737183,2.074327230453491,0.1630671215850676,1.4582574963569641,0.6158,16,False,0.014725151893496512,0.036893049003632106,1.512344479560852,0.5396986603736877,0.588232159614563,1.5448967218399048,1.459272665901184,1.459272665901184,NA,NA,NA,NA,NA,NA,NA,NA,NA,NA,NA,0.05,0.05,0.05,[0.05],0.9,0.0005,1.9693477721586727,3.3267123699188232,1.4785677194595337,1.9683820009231567,2.2219362258911133,2.328697109222413,0.15591216335420885,NA,0.0,57.98904037475586,13.334146499633789,0.229942527302771,65536.0,1,782,782,0,0,51.36866879463196,49.301531076431274,2.0671377182006836,3011.471910238266,9.10448408126831,40.17569303512573,0.0,0.0,0.18474941881325993,0.0,0.0,63.01812930485172,66.35916233062744,70.6580638885498,82.97218799591063,85.6466293334961,1014.1672866606496,4837.60705053768,50000,2850000,9400.466389417648,59.529411764705884,95.0,4475.6640625,20475.0,35.294117647058826,65.80392156862744,68.0,80.14839215686274,114.047,2370.0,8551.0,4031.6991659998835,0.0,45.59423828125,3388.0,641.94921875,20474.5,1,9.13921568627451,24,23908.631893382353,64860.765625,36.89607843137255,2199.15234375,-1,628179,4110.687598499922,1.1418576662499784,0.0011418576662499784,237576.5705559903,65.99349182110842,0.06599349182110842,0.5423823914687397,0.0005423823914687397,31.346908615026496,0.031346908615026495,475.0,80.05870552147239,114.047,76.743,82.21375196999844,489,10.0,64,64,1,True,240,sgd,multistep,32,100,0.0,False,1.0.0
p7-msdnet-cifar100-jointexit-s2,57,45356,2026-09-01T14:17:40Z,1788272260.7293391,local,0,local-1c8d861c2a,CB-410-122,msdnet,msdnet,cifar100,2,p7,jointexit,4648aa4b6179df102f913788605506586ea64187887a010d75319591508daa37,1.462750972518921,1.484915707206726,0.66028,0.5965,NA,0.8564,0.5968592411714772,0.5965,0.596859241171477,0.6407208861923034,0.5965,0.6407208861923036,0.5965,0.5965,0.5965,0.5965,0.5924242424242424,0.5928973236732047,1.0165899991989136,1.9946376085281372,0.16640646297218084,1.4574068784713745,0.6158,17,False,0.023868601322919118,0.05985886225961656,1.4849132299423218,0.5311145186424255,0.5730963945388794,1.6121138334274292,1.462750972518921,1.462750972518921,NA,NA,NA,NA,NA,NA,NA,NA,NA,NA,NA,0.05,0.05,0.05,[0.05],0.9,0.0005,1.9735847601805196,4.086366653442383,1.5315897464752197,1.9680564403533936,2.2218838691711427,2.3640886616706847,0.1726992734036958,NA,0.0,58.009376525878906,13.326282501220703,0.22972635286427595,65536.0,0,782,782,0,0,55.80190968513489,53.61833643913269,2.1835732460021973,3067.273819923401,10.98750352859497,42.618897914886475,0.0,0.0,0.2049662583708285,0.0,0.0,68.55038547759776,66.66934490203857,83.93728733062744,100.95633506774901,133.74924659729004,932.5168089979776,4579.649443089915,50000,2900000,10155.94756269455,51.82142857142857,91.0,4475.6640625,20475.0,30.428571428571427,65.17857142857143,68.0,77.54125,113.85,2370.0,8551.0,4290.668732498638,0.0,45.98681640625,3388.0,641.7529296875,20474.5,1,10.858928571428573,24,23892.409737723214,64860.765625,36.80535714285714,2205.8984375,-1,628179,4275.782831498782,1.1877174531941062,0.0011877174531941062,241852.35338748907,67.18120927430252,0.06718120927430252,0.5641657902672005,0.0005641657902672005,31.911074405293693,0.03191107440529369,475.0,76.7421679245283,113.85,67.87,85.51565662997564,530,10.0,64,64,1,True,240,sgd,multistep,32,100,0.0,False,1.0.0
p7-msdnet-cifar100-jointexit-s2,58,46138,2026-09-01T14:18:42Z,1788272322.765501,local,0,local-1c8d861c2a,CB-410-122,msdnet,msdnet,cifar100,2,p7,jointexit,4648aa4b6179df102f913788605506586ea64187887a010d75319591508daa37,1.4630769651794433,1.3604336128234864,0.66282,0.6234,NA,0.8804,0.6206285086886201,0.6234,0.62062850868862,0.6445319496302631,0.6234,0.644531949630263,0.6234000000000001,0.6234,0.6234,0.6234000000000001,0.6195959595959596,0.6198799735178623,0.891869068145752,2.064852476119995,0.1721905341465033,1.4612793326377869,0.6234,0,True,0.02487678096964957,0.07598852601859962,1.3604332208633423,0.4967918395996094,0.6021519303321838,1.487154483795166,1.4630769651794433,1.4630769651794433,NA,NA,NA,NA,NA,NA,NA,NA,NA,NA,NA,0.05,0.05,0.05,[0.05],0.9,0.0005,1.972450532266856,4.1830973625183105,1.47756826877594,1.9653122425079346,2.232404661178589,2.385852813720702,0.17732161151710524,NA,0.0,58.03919219970703,13.380565643310547,0.2305436229585926,65536.0,0,782,782,0,0,61.92984175682068,59.70216417312622,2.2267069816589355,3129.2036616802216,14.902254104614258,44.779160022735596,0.0,0.0,0.24969673260113132,0.0,0.0,76.31894389686681,75.45852661132812,98.98993968963622,103.98813724517818,116.63198471069336,837.4905783148567,4490.936653259077,50000,2950000,11209.301357984543,48.049180327868854,92.0,4475.6640625,20475.0,27.57377049180328,63.557377049180324,67.0,72.35893442622951,109.611,2370.0,8551.0,4375.625672500453,0.0,45.59423828125,3388.0,641.94921875,20474.5,1,14.36065573770492,24,23907.237256659835,64860.765625,36.88852459016394,2196.68359375,-1,628179,4465.633721499462,1.2404538115276282,0.0012404538115276284,246317.98710898854,68.42166308583015,0.06842166308583016,0.5892155604756234,0.0005892155604756234,32.50028996576931,0.03250028996576931,475.0,72.2472372881356,109.611,66.627,89.31267442998923,590,10.0,64,64,1,True,240,sgd,multistep,32,100,0.0,False,1.0.0
p7-msdnet-cifar100-jointexit-s2,59,46920,2026-09-01T14:19:45Z,1788272385.1994936,local,0,local-1c8d861c2a,CB-410-122,msdnet,msdnet,cifar100,2,p7,jointexit,4648aa4b6179df102f913788605506586ea64187887a010d75319591508daa37,1.4576699967956543,1.4544817951202393,0.66198,0.5986,NA,0.8648,0.5975349055048917,0.5986,0.5975349055048917,0.6312337939824348,0.5986,0.6312337939824347,0.5986,0.5986,0.5986,0.5986,0.5945454545454545,0.5949420464953047,0.9520899653434753,2.0203542709350586,0.1679176299313241,1.4523183107376099,0.6234,1,False,0.017141328515857458,0.06406091898679733,1.4544869661331177,0.5258047580718994,0.5841368436813354,1.5592052936553955,1.4576699967956543,1.4576699967956543,NA,NA,NA,NA,NA,NA,NA,NA,NA,NA,NA,0.05,0.05,0.05,[0.05],0.9,0.0005,1.9705472548090388,4.041675567626953,1.4771416187286377,1.9662730693817139,2.2241880893707275,2.3653199195861823,0.1735979502160776,NA,0.0,58.07111358642578,13.398368835449219,0.23072347003486962,65536.0,1,782,782,0,0,62.269492864608765,60.056925535202026,2.211766004562378,3191.4731545448303,14.824516534805298,45.20832443237305,0.0,0.0,0.24694011304429656,0.0,0.0,76.76833883270888,78.54127883911133,96.74859046936035,102.6699924468994,116.5311336517334,832.5434503085374,4521.273940992058,50000,3000000,11208.508715629578,47.145161290322584,91.0,4475.6640625,20475.0,27.032258064516128,63.04838709677419,66.0,72.14490322580644,107.841,2369.2741935483873,8551.0,4435.920657499621,1.0,45.98681640625,3388.0,641.7529296875,20474.5,1,14.296774193548387,24,23927.98550907258,64860.765625,36.87903225806453,2198.58203125,-1,628179,4448.864201999017,1.2357956116663935,0.0012357956116663936,250766.85131098755,69.65745869749654,0.06965745869749654,0.5870029155415369,0.0005870029155415369,33.087292881310844,0.03308729288131085,475.0,71.6054873524452,108.648,66.833,88.97728403998033,593,10.0,64,64,1,True,240,sgd,multistep,32,100,0.0,False,1.0.0
p7-msdnet-cifar100-jointexit-s2,60,47702,2026-09-01T14:20:48Z,1788272448.5531557,local,0,local-1c8d861c2a,CB-410-122,msdnet,msdnet,cifar100,2,p7,jointexit,4648aa4b6179df102f913788605506586ea64187887a010d75319591508daa37,1.4547004062652589,1.5379644889831543,0.66582,0.5847,NA,0.8532,0.589610870259298,0.5847,0.5896108702592981,0.6528523881884923,0.5847,0.6528523881884923,0.5847,0.5847,0.5847,0.5847,0.5805050505050505,0.581290905722953,1.0108733177185059,1.9632319211959839,0.16591234429015453,1.4513528943061829,0.6234,2,False,0.02872912691235542,0.060529072193583056,1.5379626750946045,0.5492057204246521,0.6102011799812317,1.4200650453567505,1.4547004062652589,1.4547004062652589,NA,NA,NA,NA,NA,NA,NA,NA,NA,NA,NA,0.05,0.05,0.05,[0.05],0.9,0.0005,1.958785645635119,2.6312663555145264,1.5307865142822266,1.9508246183395386,2.231140375137329,2.35771598815918,0.15630229508518526,NA,0.0,58.00050735473633,13.308887481689453,0.2294615700564669,32768.0,1,782,782,0,0,63.23582625389099,61.135191917419434,2.1006343364715576,3254.7089807987213,14.665847778320312,46.44787287712097,0.0,0.0,0.23997635262638084,0.0,0.0,78.15053792255918,80.10351657867432,99.74894523620605,107.15851306915245,119.74668502807617,817.8595409913705,4760.466791567843,50000,3050000,11319.212899446487,48.63492063492063,93.0,4475.6640625,20475.0,28.444444444444443,62.857142857142854,66.0,71.67601587301588,110.703,2369.7619047619046,8551.0,4473.223840000625,0.0,45.59423828125,3388.0,641.94921875,20474.5,1,14.338095238095237,24,23952.799851190477,64860.765625,36.90317460317462,2199.23046875,-1,628179,4499.104590000987,1.2497512750002742,0.0012497512750002742,255265.95590098854,70.90720997249682,0.07090720997249682,0.5936318556251302,0.0005936318556251302,33.68092473693598,0.03368092473693598,475.0,71.23366611295681,110.703,66.288,89.98209180001973,602,10.0,64,64,1,True,240,sgd,multistep,32,100,0.0,False,1.0.0
p7-msdnet-cifar100-jointexit-s2,61,48484,2026-09-01T14:21:44Z,1788272504.4884653,local,0,local-1c8d861c2a,CB-410-122,msdnet,msdnet,cifar100,2,p7,jointexit,4648aa4b6179df102f913788605506586ea64187887a010d75319591508daa37,1.4567987631225585,1.563506016921997,0.66322,0.5701,NA,0.8499,0.5738837471285102,0.5701,0.5738837471285103,0.6311357097062831,0.5701,0.6311357097062833,0.5701,0.5701,0.5701,0.5701,0.5657575757575757,0.566378048097896,1.0144562721252441,1.994673252105713,0.1710336526261724,1.4449462294578552,0.6234,3,False,0.019639611179381608,0.06313994526863098,1.5635077953338623,0.5601104497909546,0.5854659080505371,1.5268268585205078,1.4567987631225585,1.4567987631225585,NA,NA,NA,NA,NA,NA,NA,NA,NA,NA,NA,0.05,0.05,0.05,[0.05],0.9,0.0005,1.973656670516714,4.004000663757324,1.5867563486099243,1.9622806906700134,2.2298261523246765,2.3730577826499935,0.1682620892691932,NA,0.0,58.02413558959961,13.346924781799316,0.23002367284195532,32768.0,0,782,782,0,0,55.87338376045227,53.81900882720947,2.054374933242798,3310.5823645591736,11.793163299560547,42.008811473846436,0.0,0.0,0.2191957330419333,0.0,0.0,68.80047924988106,66.64609909057617,87.534499168396,102.6130294799804,116.88375473022461,929.0397777582504,4867.660638856783,50000,3100000,9945.462309360504,54.25,96.0,4475.6640625,20475.0,31.767857142857142,63.732142857142854,68.0,76.229125,113.008,2368.9285714285716,8551.0,4209.311300499252,1.0,45.98681640625,3388.0,641.7529296875,20474.5,1,11.775,24,23939.98849051339,64860.765625,36.901785714285715,2199.23046875,-1,628179,4234.610951999253,1.1762808199997925,0.0011762808199997925,259500.5668529878,72.0834907924966,0.07208349079249661,0.5587333894999014,0.0005587333894999014,34.239658126435884,0.03423965812643588,475.0,75.89463773584905,113.385,67.003,84.69221903998508,530,10.0,64,64,1,True,240,sgd,multistep,32,100,0.0,False,1.0.0
p7-msdnet-cifar100-jointexit-s2,62,49266,2026-09-01T14:22:38Z,1788272558.389829,local,0,local-1c8d861c2a,CB-410-122,msdnet,msdnet,cifar100,2,p7,jointexit,4648aa4b6179df102f913788605506586ea64187887a010d75319591508daa37,1.45364737285614,1.4085959152221679,0.66452,0.6115,NA,0.8715,0.6090486818983252,0.6115,0.6090486818983252,0.6390192953812183,0.6115,0.6390192953812183,0.6115,0.6115,0.6115,0.6115,0.6075757575757577,0.6079238291367209,0.999973714351654,1.893883228302002,0.164152972262037,1.447767436504364,0.6234,4,False,0.021093475241959085,0.0714450564200633,1.4085912704467773,0.5134867429733276,0.5947728753089905,1.5129339694976807,1.45364737285614,1.45364737285614,NA,NA,NA,NA,NA,NA,NA,NA,NA,NA,NA,0.05,0.05,0.05,[0.05],0.9,0.0005,1.9684048787407253,3.7973792552948,1.6125348806381226,1.9599260091781616,2.224609613418579,2.343016784191131,0.16320860332818646,NA,0.0,58.00589370727539,13.356881141662598,0.2302676553708078,32768.0,0,782,782,0,0,53.85214185714722,51.65142512321472,2.200716733932495,3364.434506416321,10.381688833236694,41.25333261489868,0.0,0.0,0.2010590591826237,0.0,0.0,66.02943919198897,66.53320789337158,83.14456939697266,100.03517150878906,115.75603485107422,968.027501288198,4543.974172510082,50000,3150000,9531.829108715057,55.18518518518518,92.0,4475.6640625,20475.0,32.46296296296296,65.25925925925925,68.0,78.35755555555555,113.008,2369.4444444444443,8551.0,4180.330067500178,1.0,45.59423828125,3388.0,641.94921875,20474.5,1,10.698148148148151,24,23931.19314236111,64860.765625,36.901851851851866,2200.09765625,-1,628179,4187.78798849934,1.1632744412498166,0.0011632744412498166,263688.35484148713,73.24676523374643,0.07324676523374643,0.5525553595936629,0.0005525553595936628,34.792213486029546,0.034792213486029545,475.0,77.87384210526317,113.008,67.864,83.7557597699868,513,10.0,64,64,1,True,240,sgd,multistep,32,100,0.0,False,1.0.0
p7-msdnet-cifar100-jointexit-s2,63,50048,2026-09-01T14:23:41Z,1788272621.407857,local,0,local-1c8d861c2a,CB-410-122,msdnet,msdnet,cifar100,2,p7,jointexit,4648aa4b6179df102f913788605506586ea64187887a010d75319591508daa37,1.45147836101532,1.5103883560180664,0.6665,0.5872,NA,0.8551,0.5859008168660361,0.5872,0.5859008168660361,0.6367638178707494,0.5872,0.6367638178707493,0.5872,0.5872,0.5872,0.5872,0.583030303030303,0.5836081075998487,0.9964709877967834,2.025555372238159,0.168010304408931,1.4453153014183044,0.6234,5,False,0.01618219697773458,0.06245691329240799,1.5103943347930908,0.5393746495246887,0.5898103713989258,1.552686095237732,1.45147836101532,1.45147836101532,NA,NA,NA,NA,NA,NA,NA,NA,NA,NA,NA,0.05,0.05,0.05,[0.05],0.9,0.0005,1.969908668409528,4.27784538269043,1.5332236289978027,1.9622992873191833,2.2238423943519594,2.3234688615798946,0.17086205756608666,NA,0.0,58.0261344909668,13.349178314208984,0.23005458542628088,65536.0,0,782,782,0,0,62.902668476104736,60.752490282058716,2.1501781940460205,3427.3371748924255,14.79332447052002,45.929526567459106,0.0,0.0,0.2436203870148905,0.0,0.0,77.65070465214723,78.5294771194458,99.45380687713623,101.4138007164001,117.00868606567383,823.0115303564088,4650.777329846723,50000,3200000,11070.869651794434,47.84126984126984,96.0,4475.6640625,20475.0,27.873015873015873,64.0,67.0,72.37639682539682,109.231,2368.809523809524,8551.0,4514.89389299997,1.0,45.98681640625,3388.0,641.7529296875,20474.5,1,13.890476190476193,24,23925.260230654763,64860.765625,36.90000000000001,2199.28515625,-1,628179,4506.385727000141,1.2517738130555947,0.0012517738130555947,268194.74056848726,74.49853904680202,0.07449853904680202,0.5945925612014074,0.0005945925612014074,35.386806047230955,0.035386806047230955,475.0,71.76051085141904,109.567,65.957,90.12771454000281,599,10.0,64,64,1,True,240,sgd,multistep,32,100,0.0,False,1.0.0
p7-msdnet-cifar100-jointexit-s2,64,50830,2026-09-01T14:24:45Z,1788272685.7448475,local,0,local-1c8d861c2a,CB-410-122,msdnet,msdnet,cifar100,2,p7,jointexit,4648aa4b6179df102f913788605506586ea64187887a010d75319591508daa37,1.4526131035232543,1.5028245317459106,0.66466,0.5817,NA,0.8653,0.5853683976066633,0.5817,0.5853683976066634,0.6400069638552588,0.5817,0.6400069638552589,0.5817,0.5817,0.5817,0.5817,0.5774747474747475,0.5780658095511794,0.9955620169639587,2.034374237060547,0.16336444419989,1.447364628314972,0.6234,6,False,0.01578631330281497,0.06214631348848343,1.5028208494186401,0.5488331317901611,0.581554114818573,1.560377597808838,1.4526131035232543,1.4526131035232543,NA,NA,NA,NA,NA,NA,NA,NA,NA,NA,NA,0.05,0.05,0.05,[0.05],0.9,0.0005,1.967554151402105,4.192289352416992,1.5559765100479126,1.9644355177879333,2.2253068089485164,2.3720379805564877,0.17194596781039032,NA,0.0,58.0075798034668,13.350378036499023,0.2301488543692206,65536.0,0,782,782,0,0,64.28562331199646,62.102428913116455,2.183194398880005,3491.622798204422,14.96155858039856,47.11739158630371,0.0,0.0,0.2410085631316555,0.0,0.0,79.38484676048883,82.62276649475098,99.92499351501465,106.53338193893417,130.76305389404297,805.121488403486,4580.444144199928,50000,3250000,11249.98407959938,47.015625,95.0,4475.6640625,20475.0,27.796875,63.375,66.0,71.52146875,109.231,2368.125,8551.0,4533.065230500757,1.0,45.59423828125,3388.0,641.94921875,20474.5,1,14.121875000000001,24,23932.44775390625,64860.765625,36.9015625,2196.76171875,-1,628178,4561.679511000666,1.267133197500185,0.001267133197500185,272756.42007948796,75.76567224430221,0.07576567224430221,0.6018882688125878,0.0006018882688125878,35.98869431604354,0.03598869431604354,475.0,71.03524306688416,110.357,66.825,91.23359022001331,613,10.0,64,64,1,True,240,sgd,multistep,32,100,0.0,False,1.0.0
p7-msdnet-cifar100-jointexit-s2,65,51612,2026-09-01T14:25:49Z,1788272749.448674,local,0,local-1c8d861c2a,CB-410-122,msdnet,msdnet,cifar100,2,p7,jointexit,4648aa4b6179df102f913788605506586ea64187887a010d75319591508daa37,1.4510184198760987,1.5503601640701294,0.665,0.5776,NA,0.8454,0.575684803171039,0.5776,0.575684803171039,0.6299822892042559,0.5776,0.6299822892042559,0.5776,0.5776,0.5776,0.5776,0.5733333333333333,0.5738828777247261,1.00422203540802,2.254106283187866,0.16498673242978928,1.4378955960273743,0.6234,7,False,0.01183799217343331,0.05953270196914673,1.5503567457199097,0.5509833693504333,0.5799159407615662,1.5750949382781982,1.4510184198760987,1.4510184198760987,NA,NA,NA,NA,NA,NA,NA,NA,NA,NA,NA,0.05,0.05,0.05,[0.05],0.9,0.0005,1.9732946531415443,2.523076295852661,1.5384011268615723,1.975311279296875,2.210145950317383,2.2993483543396005,0.14773116360191665,NA,0.0,58.02095031738281,13.36785888671875,0.23039710334964644,32768.0,1,782,782,0,0,63.585742473602295,61.405710220336914,2.180032253265381,3555.2085406780243,14.577179908752441,46.80896878242493,0.0,0.0,0.23746692404645878,0.0,0.0,78.49891136979204,82.47220516204834,99.77147579193115,102.4049949645996,117.26164817810059,814.2565214308121,4587.088096986368,50000,3300000,11063.9191904068,46.698412698412696,91.0,4475.6640625,20475.0,26.61904761904762,63.36507936507937,66.0,71.40874603174605,110.357,2370.0,8551.0,4454.302260500141,0.0,45.98681640625,3388.0,641.7529296875,20474.5,1,14.065079365079365,24,23911.67472718254,64860.765625,36.90000000000001,2199.2265625,-1,628178,4513.168192999872,1.2536578313888533,0.0012536578313888534,277269.5882724878,77.01933007569106,0.07701933007569106,0.5954874699097054,0.0005954874699097053,36.58418178595325,0.03658418178595325,475.0,71.11266721854305,110.357,65.912,90.26336385999744,604,10.0,64,64,1,True,240,sgd,multistep,32,100,0.0,False,1.0.0
p7-msdnet-cifar100-jointexit-s2,66,52394,2026-09-01T14:26:53Z,1788272813.4828906,local,0,local-1c8d861c2a,CB-410-122,msdnet,msdnet,cifar100,2,p7,jointexit,4648aa4b6179df102f913788605506586ea64187887a010d75319591508daa37,1.4463722487258912,1.4420369674682618,0.6675,0.6101,NA,0.8687,0.6123957914555084,0.6101,0.6123957914555084,0.6497646560514072,0.6101,0.6497646560514073,0.6101000000000001,0.6101,0.6101,0.6101000000000001,0.6061616161616161,0.6065624781050643,0.9863417148590088,1.970381498336792,0.16486714789542695,1.4439316987991333,0.6234,8,False,0.041661571271345024,0.07009194043644684,1.4420392513275146,0.5193579792976379,0.5685238838195801,1.649235725402832,1.4463722487258912,1.4463722487258912,NA,NA,NA,NA,NA,NA,NA,NA,NA,NA,NA,0.05,0.05,0.05,[0.05],0.9,0.0005,1.9786427219200622,3.2182998657226562,1.5499095916748047,1.9784132242202759,2.2207462310791013,2.323957240581512,0.1562035378461259,NA,0.0,58.072731018066406,13.382895469665527,0.23045059591742142,32768.0,0,782,782,0,0,63.86997961997986,61.70223093032837,2.1677486896514893,3619.078520298004,14.795678615570068,46.886351108551025,0.0,0.0,0.2398701644829975,0.0,0.0,78.87727586204743,80.8720588684082,99.77564811706543,103.40557813644395,119.16923522949219,810.343471315615,4613.080864833879,50000,3350000,11049.506474256516,47.74603174603175,91.0,4475.6640625,20475.0,27.49206349206349,63.01587301587302,66.0,71.02444444444446,109.221,2366.4285714285716,8551.0,4437.552157999864,1.0,45.59423828125,3388.0,641.94921875,20474.5,1,13.973015873015873,24,23922.84759424603,64860.765625,36.90000000000001,2196.75,-1,628178,4533.474855499529,1.2592985709720914,0.0012592985709720915,281803.0631279873,78.27862864666315,0.07827862864666314,0.5981668212117435,0.0005981668212117435,37.18234860716499,0.03718234860716499,475.0,71.0918868852459,109.617,64.601,90.66949710999059,610,10.0,64,64,1,True,240,sgd,multistep,32,100,0.0,False,1.0.0
p7-msdnet-cifar100-jointexit-s2,67,53176,2026-09-01T14:27:58Z,1788272878.1139717,local,0,local-1c8d861c2a,CB-410-122,msdnet,msdnet,cifar100,2,p7,jointexit,4648aa4b6179df102f913788605506586ea64187887a010d75319591508daa37,1.4470509977722168,1.5138319957733155,0.6694,0.5877,NA,0.854,0.591342137832952,0.5877,0.5913421378329523,0.6468018688811966,0.5877,0.6468018688811968,0.5877,0.5877,0.5877,0.5877,0.5835353535353536,0.5843947920169146,1.0107192993164062,2.0434207916259766,0.16793326672870867,1.4400700330734253,0.6234,9,False,0.01594200076609848,0.27440986533959705,1.5138293504714966,0.5432465076446533,0.5884841084480286,1.5379685163497925,1.4470509977722168,1.4470509977722168,NA,NA,NA,NA,NA,NA,NA,NA,NA,NA,NA,0.05,0.05,0.05,[0.05],0.9,0.0005,1.975766399175005,4.126674652099609,1.4977996349334717,1.9629435539245605,2.2409086823463436,2.348141753673553,0.1739979045021397,NA,0.0,58.06856155395508,13.380191802978516,0.2304205829267211,32768.0,0,782,782,0,0,64.51974725723267,62.24039053916931,2.2793567180633545,3683.598267555237,14.84254503250122,47.39784550666809,0.0,0.0,0.23847127088896503,0.0,0.0,79.59129224957714,82.61466026306152,99.81400966644287,102.83961057662961,115.78822135925293,803.3368615920533,4387.202722922832,50000,3400000,11097.396528244019,47.890625,93.0,4475.6640625,20475.0,27.953125,63.28125,66.0,70.789875,106.905,2368.125,8551.0,4497.240378500412,1.0,45.98681640625,3388.0,641.7529296875,20474.5,1,13.7625,24,23925.12774658203,64860.765625,36.9,2196.75,-1,628178,4565.31672650037,1.2681435351389918,0.0012681435351389917,286368.37985448766,79.54677218180213,0.07954677218180213,0.602368179191021,0.000602368179191021,37.784716786356014,0.03778471678635601,475.0,70.81177597402598,106.905,66.116,91.3063345300074,616,10.0,64,64,1,True,240,sgd,multistep,32,100,0.0,False,1.0.0
p7-msdnet-cifar100-jointexit-s2,68,53958,2026-09-01T14:29:01Z,1788272941.8372834,local,0,local-1c8d861c2a,CB-410-122,msdnet,msdnet,cifar100,2,p7,jointexit,4648aa4b6179df102f913788605506586ea64187887a010d75319591508daa37,1.4446585149383544,1.439392253112793,0.66978,0.6102,NA,0.8661,0.6087590025206189,0.6102,0.6087590025206189,0.6478729896708504,0.6102,0.6478729896708504,0.6102,0.6102,0.6102,0.6102,0.6062626262626263,0.6066863209294345,0.9912904500961304,2.074451208114624,0.16897496955770772,1.4372349381446838,0.6234,10,False,0.04033572834245862,0.09361068227074365,1.439390778541565,0.5166386961936951,0.5699490308761597,1.6534607410430908,1.4446585149383544,1.4446585149383544,NA,NA,NA,NA,NA,NA,NA,NA,NA,NA,NA,0.05,0.05,0.05,[0.05],0.9,0.0005,1.9697782632030185,3.8067069053649902,1.4734138250350952,1.9679829478263855,2.2088324069976806,2.3046573710441587,0.16688687189814994,NA,0.0,58.04780197143555,13.405450820922852,0.2309381297076412,65536.0,0,782,782,0,0,63.63574743270874,61.568740129470825,2.067007303237915,3747.2340149879456,14.509770393371582,47.01284313201904,0.0,0.0,0.23584450597800666,0.0,0.0,78.67341883042279,80.12330532073975,99.63300228118896,104.99887466430664,115.9052848815918,812.1004245800171,4837.9122726539235,50000,3450000,10881.712810993195,47.17460317460318,92.0,4475.6640625,20475.0,27.11111111111111,63.476190476190474,66.0,71.35382539682539,111.942,2369.7619047619046,8551.0,4448.190714000081,0.0,45.59423828125,3388.0,641.94921875,20474.5,1,14.074603174603178,24,23910.877356150795,64860.765625,36.90000000000001,2199.04296875,-1,628178,4525.420093999475,1.2570611372220766,0.0012570611372220764,290893.79994848714,80.8038333190242,0.0808038333190242,0.5971040401804864,0.0005971040401804863,38.3818208265365,0.038381820826536496,475.0,71.23063261943986,112.98,65.876,90.5084018799895,607,10.0,64,64,1,True,240,sgd,multistep,32,100,0.0,False,1.0.0
p7-msdnet-cifar100-jointexit-s2,69,54740,2026-09-01T14:29:51Z,1788272991.5060663,local,0,local-1c8d861c2a,CB-410-122,msdnet,msdnet,cifar100,2,p7,jointexit,4648aa4b6179df102f913788605506586ea64187887a010d75319591508daa37,1.4512598531341552,1.604730369758606,0.66846,0.5713,NA,0.8427,0.5665673840493601,0.5713,0.5665673840493601,0.6354565878479231,0.5713,0.6354565878479231,0.5713,0.5713,0.5713,0.5713,0.5669696969696969,0.5677765761305095,0.9415434002876282,1.876509428024292,0.16084984948740183,1.4464433789253235,0.6234,11,False,0.048502646606415505,0.09356223903732863,1.604735016822815,0.5599103569984436,0.6198026537895203,1.3716530799865723,1.4512598531341552,1.4512598531341552,NA,NA,NA,NA,NA,NA,NA,NA,NA,NA,NA,0.05,0.05,0.05,[0.05],0.9,0.0005,1.982789351812104,4.2214884757995605,1.5570214986801147,1.9782764911651611,2.22827011346817,2.3401336312293997,0.16898554761965442,NA,0.0,58.10367202758789,13.429459571838379,0.23112927467754552,65536.0,0,782,782,0,0,49.60236620903015,47.53512454032898,2.067241668701172,3796.8363811969757,8.993953943252563,38.527379512786865,0.0,0.0,0.18926139670665182,0.0,0.0,60.76896861386116,65.47856330871582,67.57590770721436,78.14993858337401,83.92548561096191,1051.8537709432067,4837.363793214803,50000,3500000,8432.402255535126,58.93877551020408,92.0,4475.6640625,20475.0,33.89795918367347,65.57142857142857,68.0,80.80840816326531,112.98,2370.0,8551.0,3909.3888644990957,0.0,45.98681640625,3388.0,641.7529296875,20474.5,1,8.86530612244898,24,23911.207270408162,64860.765625,36.900000000000006,2199.046875,-1,628178,4001.9576199986423,1.1116548944440674,0.0011116548944440673,294895.7575684858,81.91548821346828,0.08191548821346828,0.528036074860932,0.000528036074860932,38.909856901397426,0.03890985690139743,475.0,80.87045010615712,114.018,77.183,80.03915239997285,471,10.0,64,64,1,True,240,sgd,multistep,32,100,0.0,False,1.0.0
p7-msdnet-cifar100-jointexit-s2,70,55522,2026-09-01T14:30:42Z,1788273042.0758038,local,0,local-1c8d861c2a,CB-410-122,msdnet,msdnet,cifar100,2,p7,jointexit,4648aa4b6179df102f913788605506586ea64187887a010d75319591508daa37,1.4496588470458984,1.3999668104171752,0.66762,0.6096,NA,0.8776,0.6080237998979986,0.6096,0.6080237998979986,0.649691918495424,0.6096,0.6496919184954241,0.6095999999999999,0.6096,0.6096,0.6095999999999999,0.6056565656565657,0.6061171386525849,1.0107909440994263,2.0895369052886963,0.16446518750792216,1.4380431175231934,0.6234,12,False,0.0186635685697198,0.1896550953388214,1.3999801874160767,0.5172315835952759,0.6012526154518127,1.487274169921875,1.4496588470458984,1.4496588470458984,NA,NA,NA,NA,NA,NA,NA,NA,NA,NA,NA,0.05,0.05,0.05,[0.05],0.9,0.0005,1.9754793913772954,3.909073829650879,1.50636625289917,1.9746896624565125,2.2214831352233886,2.3616716265678406,0.16721119300777548,NA,0.0,58.0754508972168,13.361068725585938,0.2300639688399949,65536.0,0,782,782,0,0,50.46869373321533,48.430028200149536,2.038665533065796,3847.305074930191,9.16179609298706,39.24527859687805,0.0,0.0,0.18926564250545896,0.0,0.0,61.90163003819068,65.51647186279297,70.53146362304688,82.70195960998535,88.34695816040039,1032.4173216121649,4905.1695031905265,50000,3550000,8529.209240913391,59.52,93.0,4475.6640625,20475.0,34.92,66.36,69.0,80.70976,112.917,2370.0,8551.0,3974.7786160003643,0.0,45.59423828125,3388.0,641.94921875,20474.5,1,8.596,24,23925.04,64860.765625,36.900000000000006,2199.67578125,-1,628178,4064.0142285008174,1.128892841250227,0.001128892841250227,298959.77179698664,83.04438105471851,0.08304438105471851,0.5362240995938579,0.0005362240995938579,39.446081000991285,0.039446081000991284,475.0,80.63770331950208,113.559,76.272,81.28028457001635,482,10.0,64,64,1,True,240,sgd,multistep,32,100,0.0,False,1.0.0
p7-msdnet-cifar100-jointexit-s2,71,56304,2026-09-01T14:31:33Z,1788273093.6264272,local,0,local-1c8d861c2a,CB-410-122,msdnet,msdnet,cifar100,2,p7,jointexit,4648aa4b6179df102f913788605506586ea64187887a010d75319591508daa37,1.4452851891708374,1.5773770126342774,0.6672,0.5701,NA,0.8477,0.5644610112738593,0.5701,0.5644610112738593,0.6175595568649193,0.5701,0.6175595568649193,0.5701,0.5701,0.5701,0.5701,0.5657575757575757,0.5665236847130368,0.9066864252090454,1.9437670707702637,0.1688897733377277,1.441809058189392,0.6234,13,False,0.018914884787425396,0.061331938952207565,1.5773742198944092,0.5607183575630188,0.5723040103912354,1.6193807125091553,1.4452851891708374,1.4452851891708374,NA,NA,NA,NA,NA,NA,NA,NA,NA,NA,NA,0.05,0.05,0.05,[0.05],0.9,0.0005,1.9790995746812807,4.014439582824707,1.5227024555206299,1.970137357711792,2.2370734214782715,2.3686998844146734,0.16711432782007354,NA,0.0,58.11191177368164,13.360613822937012,0.22991179286908114,65536.0,1,782,782,0,0,51.50644373893738,49.43878102302551,2.0676627159118652,3898.8115186691284,8.95623230934143,40.478687047958374,0.0,0.0,0.18117218407111468,0.0,0.0,63.21600940831178,66.22803211212158,72.6416826248169,83.03522825241089,89.63871002197266,1011.3517964108603,4836.3787396484895,50000,3600000,8653.08254814148,56.13725490196079,92.0,4475.6640625,20475.0,31.92156862745098,66.41176470588235,69.0,79.64160784313727,111.568,2370.0,8551.0,4008.2280139998948,0.0,45.98681640625,3388.0,641.7529296875,20474.5,1,8.778431372549019,24,23926.627680759804,64860.765625,36.900000000000006,2197.38671875,-1,628178,4099.671487499243,1.1387976354164564,0.0011387976354164564,303059.4432844859,84.18317869013497,0.08418317869013497,0.5409288768228168,0.0005409288768228168,39.9870098778141,0.0399870098778141,475.0,79.7516619144603,113.359,76.763,81.99342974998486,491,10.0,64,64,1,True,240,sgd,multistep,32,100,0.0,False,1.0.0
p7-msdnet-cifar100-jointexit-s2,72,57086,2026-09-01T14:32:25Z,1788273145.546806,local,0,local-1c8d861c2a,CB-410-122,msdnet,msdnet,cifar100,2,p7,jointexit,4648aa4b6179df102f913788605506586ea64187887a010d75319591508daa37,1.449083456954956,1.6113976568222046,0.6645,0.5733,NA,0.8421,0.5732337655082084,0.5733,0.5732337655082084,0.6392471994032858,0.5733,0.6392471994032859,0.5733,0.5733,0.5733,0.5733,0.5689898989898989,0.5702226590484794,0.9607644081115723,2.2868423461914062,0.17490671594507848,1.4430204629898071,0.6234,14,False,0.044735578507184966,0.09457373767236454,1.611404538154602,0.5637416839599609,0.6153577566146851,1.4046051502227783,1.449083456954956,1.449083456954956,NA,NA,NA,NA,NA,NA,NA,NA,NA,NA,NA,0.05,0.05,0.05,[0.05],0.9,0.0005,1.9817989808519174,5.243556022644043,1.4770618677139282,1.9801235795021057,2.233394944667816,2.3429330086708067,0.19373435277391785,NA,0.0,58.141357421875,13.415410041809082,0.2307378196292626,65536.0,0,782,782,0,0,51.85542106628418,49.802639961242676,2.052781105041504,3950.6669397354126,8.867705821990967,40.91541004180908,0.0,0.0,0.1781267738695148,0.0,0.0,63.66127348312027,66.43271446228027,70.53444385528564,83.16694736480711,84.74326133728027,1003.9628429117596,4871.440006652739,50000,3650000,8659.855318069458,57.5,92.0,4475.6640625,20475.0,33.67307692307692,66.21153846153847,69.0,80.04921153846155,113.525,2370.0,8551.0,4100.211059999848,0.0,45.59423828125,3388.0,641.94921875,20474.5,1,8.873076923076923,24,23933.00751201923,64860.765625,36.90192307692308,2199.67578125,-1,628177,4120.909886000601,1.1446971905557224,0.0011446971905557223,307180.3531704865,85.3278758806907,0.0853278758806907,0.543731165513968,0.0005437311655139681,40.53074104332807,0.04053074104332807,475.0,79.6116983805668,113.525,75.922,82.418197720012,494,10.0,64,64,1,True,240,sgd,multistep,32,100,0.0,False,1.0.0
p7-msdnet-cifar100-jointexit-s2,73,57868,2026-09-01T14:33:17Z,1788273197.246491,local,0,local-1c8d861c2a,CB-410-122,msdnet,msdnet,cifar100,2,p7,jointexit,4648aa4b6179df102f913788605506586ea64187887a010d75319591508daa37,1.4465884232711792,1.669876382637024,0.66934,0.5488,NA,0.8305,0.5487499505299341,0.5488,0.5487499505299342,0.6253124193925349,0.5488,0.6253124193925349,0.5488000000000001,0.5488,0.5488,0.5488000000000001,0.5442424242424242,0.5450899436605778,0.9924110174179077,1.9764128923416138,0.16624574584583138,1.4386074542999268,0.6234,15,False,0.021177385634183872,0.06296424567699432,1.6698741912841797,0.5823541283607483,0.5643557906150818,1.6360887289047241,1.4465884232711792,1.4465884232711792,NA,NA,NA,NA,NA,NA,NA,NA,NA,NA,NA,0.05,0.05,0.05,[0.05],0.9,0.0005,1.973440501543567,4.610264778137207,1.5596091747283936,1.9645543098449707,2.252846932411194,2.34190624475479,0.18645243419588556,NA,0.0,58.13662338256836,13.428997039794922,0.23099031657592728,65536.0,0,782,782,0,0,51.61915111541748,49.551891803741455,2.0672593116760254,4002.28609085083,9.061902046203613,40.481693506240845,0.0,0.0,0.1829076381146201,0.0,0.0,63.35498152486503,66.4207935333252,70.59078216552734,83.11813592910767,84.90777015686035,1009.0432106615294,4837.322508849906,50000,3700000,8568.779085159302,55.588235294117645,91.0,4475.6640625,20475.0,31.96078431372549,66.0,69.0,79.51343137254902,113.051,2370.0,8551.0,4004.304484500116,0.0,45.98681640625,3388.0,641.7529296875,20474.5,1,9.049019607843137,24,23936.15073529412,64860.765625,36.90392156862746,2200.375,-1,628177,4100.452554000248,1.1390145983334021,0.0011390145983334022,311280.80572448677,86.4668904790241,0.0864668904790241,0.541031934208366,0.000541031934208366,41.07177297753644,0.04107177297753644,475.0,79.53230831643002,113.536,76.42,82.00905108000497,493,10.0,64,64,1,True,240,sgd,multistep,32,100,0.0,False,1.0.0
p7-msdnet-cifar100-jointexit-s2,74,58650,2026-09-01T14:34:08Z,1788273248.735926,local,0,local-1c8d861c2a,CB-410-122,msdnet,msdnet,cifar100,2,p7,jointexit,4648aa4b6179df102f913788605506586ea64187887a010d75319591508daa37,1.4459814260482788,1.5679805688858033,0.66678,0.5692,NA,0.8455,0.573816787767631,0.5692,0.573816787767631,0.6460922075605275,0.5692,0.6460922075605273,0.5692,0.5692,0.5692,0.5692,0.5648484848484848,0.5657132757257299,0.9660806655883789,2.163193702697754,0.1704227956288189,1.4491881132125854,0.6234,16,False,0.009647625777497882,0.274302722265323,1.5679805278778076,0.5566410422325134,0.5742542743682861,1.5653929710388184,1.4459814260482788,1.4459814260482788,NA,NA,NA,NA,NA,NA,NA,NA,NA,NA,NA,0.05,0.05,0.05,[0.05],0.9,0.0005,1.971427518540941,4.288656234741211,1.5936137437820435,1.9695786833763123,2.228982675075531,2.35799544095993,0.172160007845504,NA,0.0,58.10714340209961,13.395514488220215,0.23053128589584373,131072.0,0,782,782,0,0,51.43572115898132,49.38070726394653,2.05501389503479,4053.7218120098114,8.713303089141846,40.655118227005005,0.0,0.0,0.1764954774094022,0.0,0.0,63.130973550059906,66.1623477935791,72.11105823516844,82.721791267395,93.17851066589355,1012.54118805434,4866.147145847258,50000,3750000,8486.893991231918,58.0,96.0,4475.6640625,20475.0,33.627450980392155,66.13725490196079,69.0,79.7016862745098,113.536,2370.0,8551.0,4005.657127000032,0.0,45.59423828125,3388.0,641.94921875,20474.5,1,8.533333333333331,24,23911.186121323528,64860.765625,36.89607843137255,2200.37109375,-1,628177,4094.3306239999893,1.1373140622222193,0.0011373140622222193,315375.13634848676,87.60420454124632,0.08760420454124632,0.5402241795555542,0.0005402241795555542,41.611997157092,0.041611997157092,475.0,79.74081836734693,113.845,76.372,81.88661247999978,490,10.0,64,64,1,True,240,sgd,multistep,32,100,0.0,False,1.0.0
p7-msdnet-cifar100-jointexit-s2,75,59432,2026-09-01T14:34:58Z,1788273298.1926923,local,0,local-1c8d861c2a,CB-410-122,msdnet,msdnet,cifar100,2,p7,jointexit,4648aa4b6179df102f913788605506586ea64187887a010d75319591508daa37,1.4439893896865845,1.5329007831573487,0.66766,0.5861,NA,0.8509,0.5854795529395921,0.5861,0.5854795529395922,0.6404121526659122,0.5861,0.6404121526659122,0.5861,0.5861,0.5861,0.5861,0.581919191919192,0.5827181458991092,1.0163800716400146,2.0452218055725098,0.16375876378344026,1.436943769454956,0.6234,17,False,0.021658748402446505,0.045004166662693024,1.5328985452651978,0.5434122681617737,0.6011262536048889,1.4723347425460815,1.4439893896865845,1.4439893896865845,NA,NA,NA,NA,NA,NA,NA,NA,NA,NA,NA,0.05,0.05,0.05,[0.05],0.9,0.0005,1.9779483682825378,4.584327697753906,1.5567654371261597,1.967525839805603,2.2393252849578857,2.3577949523925783,0.18097668742544415,NA,0.0,58.16008377075195,13.447737693786621,0.23121936596228454,65536.0,1,782,782,0,0,49.409342765808105,47.352110624313354,2.0567002296447754,4103.1311547756195,8.944989204406738,38.3959846496582,0.0,0.0,0.18894814525744436,0.0,0.0,60.53832973665593,62.790870666503906,69.45695877075195,80.75969457626343,83.19687843322754,1055.9191415287635,4862.157282749542,50000,3800000,8103.132213592529,59.91836734693877,93.0,4475.6640625,20475.0,34.53061224489796,66.55102040816327,69.0,81.30402040816327,113.845,2370.0,8551.0,3930.479869999591,0.0,45.98681640625,3388.0,641.7529296875,20474.5,1,8.583673469387755,24,23910.468112244896,64860.765625,36.900000000000006,2200.37109375,-1,628177,4003.4171699993603,1.1120603249998222,0.0011120603249998224,319378.5535184861,88.71626486624614,0.08871626486624613,0.5282286543749156,0.0005282286543749156,42.14022581146691,0.04214022581146691,475.0,81.22124203821654,113.845,77.786,80.06834339998721,471,10.0,64,64,1,True,240,sgd,multistep,32,100,0.0,False,1.0.0
p7-msdnet-cifar100-jointexit-s2,76,60214,2026-09-01T14:35:48Z,1788273348.5775821,local,0,local-1c8d861c2a,CB-410-122,msdnet,msdnet,cifar100,2,p7,jointexit,4648aa4b6179df102f913788605506586ea64187887a010d75319591508daa37,1.4443172737503052,1.5287367650985717,0.66906,0.5856,NA,0.8547,0.58103302720773,0.5856,0.58103302720773,0.6379050259935354,0.5856,0.6379050259935354,0.5855999999999999,0.5856,0.5856,0.5855999999999999,0.5814141414141414,0.5822132157785505,0.9434477686882019,2.011371374130249,0.1687006085650197,1.4332250952720642,0.6234,18,False,0.019484547360986492,0.06714794620466377,1.5287421941757202,0.5439943671226501,0.5850874781608582,1.5786064863204956,1.4443172737503052,1.4443172737503052,NA,NA,NA,NA,NA,NA,NA,NA,NA,NA,NA,0.05,0.05,0.05,[0.05],0.9,0.0005,1.9755483565428067,4.564938545227051,1.589276671409607,1.9675642251968384,2.2333425760269163,2.309342875480652,0.17545395359314048,NA,0.0,58.139095306396484,13.375199317932129,0.23005516765343587,65536.0,0,782,782,0,0,50.31720328330994,48.25154185295105,2.050286054611206,4153.448358058929,8.813955307006836,39.437586545944214,0.0,0.0,0.18266681164029533,0.0,0.0,61.70273894239265,64.57948684692383,70.58849334716797,79.82800722122192,83.27651023864746,1036.236316600565,4877.368198212855,50000,3850000,8201.70413517952,58.4,94.0,4475.6640625,20475.0,33.74,66.46,69.0,80.70252,113.49,2370.0,8551.0,3966.731502499244,0.0,45.59423828125,3388.0,641.94921875,20474.5,1,8.648000000000001,24,23922.02375,64860.765625,36.898,2198.078125,-1,628177,4046.4916419998867,1.1240254561110796,0.0011240254561110797,323425.04516048596,89.8402903223572,0.08984029032235721,0.5339120916527629,0.0005339120916527628,42.67413790311968,0.04267413790311968,475.0,80.58580793319416,113.49,76.681,80.92983283999773,479,10.0,64,64,1,True,240,sgd,multistep,32,100,0.0,False,1.0.0
p7-msdnet-cifar100-jointexit-s2,77,60996,2026-09-01T14:36:38Z,1788273398.769331,local,0,local-1c8d861c2a,CB-410-122,msdnet,msdnet,cifar100,2,p7,jointexit,4648aa4b6179df102f913788605506586ea64187887a010d75319591508daa37,1.4460460297393798,1.3653364429473878,0.668,0.619,NA,0.879,0.6198266627141942,0.619,0.6198266627141943,0.6542912107466315,0.619,0.6542912107466317,0.619,0.619,0.619,0.619,0.6151515151515152,0.6156452741041013,0.9591333866119385,2.0486772060394287,0.1726530491080528,1.440609097480774,0.6234,19,False,0.015970347530767315,0.05812374874949455,1.3653351068496704,0.502509593963623,0.6218886971473694,1.4008228778839111,1.4460460297393798,1.4460460297393798,NA,NA,NA,NA,NA,NA,NA,NA,NA,NA,NA,0.05,0.05,0.05,[0.05],0.9,0.0005,1.9786985861066053,4.457870006561279,1.4720232486724854,1.9759321212768555,2.2406814336776733,2.3993368506431576,0.18152224397597316,NA,0.0,58.192474365234375,13.31670093536377,0.2288388847634136,65536.0,0,782,782,0,0,50.118919372558594,48.051329135894775,2.0675902366638184,4203.567277431488,8.815425872802734,39.22493863105774,0.0,0.0,0.18350039521649208,0.0,0.0,61.43269118140726,64.46051597595215,70.63601016998291,82.20046043395995,83.61673355102539,1040.553943026095,4836.548278606501,50000,3900000,8119.264938354492,59.54,92.0,4475.6640625,20475.0,35.12,66.26,69.0,80.77854,112.841,2370.0,8551.0,3988.921020999929,0.0,45.98681640625,3388.0,641.7529296875,20474.5,1,8.674000000000001,24,23921.224453125,64860.765625,36.900000000000006,2198.078125,-1,628177,4026.6358944989224,1.118509970694145,0.001118509970694145,327451.68105498486,90.95880029305135,0.09095880029305135,0.5312922360797189,0.0005312922360797189,43.2054301391994,0.0432054301391994,475.0,80.49150000000002,113.235,77.416,80.53271788997844,478,10.0,64,64,1,True,240,sgd,multistep,32,100,0.0,False,1.0.0
p7-msdnet-cifar100-jointexit-s2,78,61778,2026-09-01T14:37:29Z,1788273449.888636,local,0,local-1c8d861c2a,CB-410-122,msdnet,msdnet,cifar100,2,p7,jointexit,4648aa4b6179df102f913788605506586ea64187887a010d75319591508daa37,1.439991240348816,1.3857897050857544,0.67064,0.622,NA,0.8757,0.6202078962689579,0.622,0.6202078962689579,0.6514508456935271,0.622,0.6514508456935271,0.6220000000000001,0.622,0.622,0.6220000000000001,0.6181818181818182,0.6185592357131398,1.0215572118759155,1.9852385520935059,0.16541960845046735,1.4386645555496216,0.6234,20,False,0.03305954473875464,0.08101877252928685,1.3857884407043457,0.504798173904419,0.5892050266265869,1.5765377283096313,1.439991240348816,1.439991240348816,NA,NA,NA,NA,NA,NA,NA,NA,NA,NA,NA,0.05,0.05,0.05,[0.05],0.9,0.0005,1.9736673039755046,2.5204014778137207,1.4808954000473022,1.9680770635604858,2.2389166355133057,2.4052857875823976,0.15872284407678738,NA,0.0,58.1595458984375,13.383201599121094,0.23011186542776366,65536.0,1,782,782,0,0,51.06820106506348,49.01794075965881,2.050260305404663,4254.6354784965515,9.356165647506714,39.644481897354126,0.0,0.0,0.1909396327658936,0.0,0.0,62.66067460979648,66.30122661590576,69.33116912841797,82.76360750198364,86.70663833618164,1020.0346898527694,4877.429453050004,50000,3950000,8221.98037147522,58.549019607843135,96.0,4475.6640625,20475.0,34.78431372549019,66.15686274509804,69.0,80.3204117647059,113.382,2370.0,8551.0,4040.2876515006183,0.0,45.59423828125,3388.0,641.94921875,20474.5,1,8.788235294117646,24,23924.97740502451,64860.765625,36.900000000000006,2198.08984375,-1,628177,4085.2862555007396,1.1348017376390944,0.0011348017376390943,331536.9673104856,92.09360203069045,0.09209360203069045,0.5390308253785697,0.0005390308253785698,43.74446096457797,0.043744460964577965,475.0,80.09414579055442,113.514,76.351,81.7057251100148,487,10.0,64,64,1,True,240,sgd,multistep,32,100,0.0,False,1.0.0
p7-msdnet-cifar100-jointexit-s2,79,62560,2026-09-01T14:38:30Z,1788273510.8656077,local,0,local-1c8d861c2a,CB-410-122,msdnet,msdnet,cifar100,2,p7,jointexit,4648aa4b6179df102f913788605506586ea64187887a010d75319591508daa37,1.4413370495605469,1.610715636253357,0.66868,0.5709,NA,0.8423,0.5743664850116297,0.5709,0.5743664850116296,0.6385297872973799,0.5709,0.63852978729738,0.5709,0.5709,0.5709,0.5709,0.5665656565656565,0.5673703859507013,0.9899858236312866,2.031733512878418,0.1675716260939444,1.4382327198982239,0.6234,21,False,0.01607704911828041,0.05927835404872894,1.610715627670288,0.5622665286064148,0.577949583530426,1.589280128479004,1.4413370495605469,1.4413370495605469,NA,NA,NA,NA,NA,NA,NA,NA,NA,NA,NA,0.05,0.05,0.05,[0.05],0.9,0.0005,1.9899664594389288,4.619588851928711,1.536414623260498,1.981593906879425,2.241740548610687,2.3886958241462706,0.17914801772355235,NA,0.0,58.15937042236328,13.391212463378906,0.23025029958422236,65536.0,0,782,782,0,0,60.935713052749634,58.65936779975891,2.2763452529907227,4315.571191549301,12.927925825119019,45.713221311569214,0.0,0.0,0.22045826960009782,0.0,0.0,74.98867920292612,71.74289226531982,95.95367908477783,102.76484727859496,116.40024185180664,852.3787738504318,4393.006722886933,50000,4000000,9749.714088439941,48.16393442622951,96.0,4475.6640625,20475.0,28.016393442622952,64.63934426229508,68.0,73.81719672131146,113.514,2369.754098360656,8551.0,4462.327266000597,1.0,45.98681640625,3388.0,641.7529296875,20474.5,1,13.222950819672134,24,23929.023949795082,64860.765625,36.900000000000006,2216.515625,-1,628177,4440.017762000884,1.233338267222468,0.001233338267222468,335976.9850724865,93.32694029791291,0.09332694029791291,0.5858356769306723,0.0005858356769306723,44.33029664150864,0.044330296641508636,475.0,73.03231433506045,113.514,66.177,88.80035524001768,579,10.0,64,64,1,True,240,sgd,multistep,32,100,0.0,False,1.0.0
p7-msdnet-cifar100-jointexit-s2,80,63342,2026-09-01T14:39:33Z,1788273573.8126853,local,0,local-1c8d861c2a,CB-410-122,msdnet,msdnet,cifar100,2,p7,jointexit,4648aa4b6179df102f913788605506586ea64187887a010d75319591508daa37,1.4404175046920777,1.6639010898590088,0.66822,0.5627,NA,0.8409,0.5721163304847072,0.5627,0.5721163304847072,0.6387209283990575,0.5627,0.6387209283990576,0.5627,0.5627,0.5627,0.5627,0.5582828282828283,0.5601517094336879,0.8681609034538269,2.017695665359497,0.16199830934847845,1.433881402015686,0.6234,22,False,0.04586402649357916,0.09491243151021123,1.6638902425765991,0.5841960906982422,0.6026405692100525,1.4608829021453857,1.4404175046920777,1.4404175046920777,NA,NA,NA,NA,NA,NA,NA,NA,NA,NA,NA,0.05,0.05,0.05,[0.05],0.9,0.0005,1.9765411289146795,2.9562973976135254,1.4903010129928589,1.9713428020477295,2.2386006236076352,2.363673293590545,0.16105474171583148,NA,0.0,58.17110061645508,13.41850471496582,0.23067304164381028,65536.0,0,782,782,0,0,62.80245065689087,60.63600826263428,2.166442394256592,4378.373642206192,14.776981115341187,45.84701418876648,0.0,0.0,0.2437480578641433,0.0,0.0,77.52429067021441,78.64975929260254,99.39868450164795,105.82527637481682,119.16351318359375,824.5925388662415,4615.8624048859,50000,4050000,9985.589654445648,48.45161290322581,87.0,4475.6640625,20475.0,27.693548387096776,63.24193548387097,66.0,71.54095161290324,105.369,2368.7903225806454,8551.0,4396.091834500267,1.0,45.59423828125,3388.0,641.94921875,20474.5,1,14.020967741935483,24,23929.272996471773,64860.765625,36.90000000000001,2197.46875,-1,628177,4475.341023000112,1.2431502841666977,0.0012431502841666977,340452.32609548664,94.57009058207963,0.09457009058207962,0.5904963849791813,0.0005904963849791814,44.92079302648782,0.04492079302648782,475.0,71.37590301003344,109.283,66.923,89.50682046000223,598,10.0,64,64,1,True,240,sgd,multistep,32,100,0.0,False,1.0.0
p7-msdnet-cifar100-jointexit-s2,81,64124,2026-09-01T14:40:36Z,1788273636.9290946,local,0,local-1c8d861c2a,CB-410-122,msdnet,msdnet,cifar100,2,p7,jointexit,4648aa4b6179df102f913788605506586ea64187887a010d75319591508daa37,1.4382064529037475,1.4402176704406737,0.66936,0.5992,NA,0.8665,0.6001594858974577,0.5992,0.6001594858974579,0.6481732344892184,0.5992,0.6481732344892184,0.5992,0.5992,0.5992,0.5992,0.5951515151515152,0.5957279833760922,0.9484284520149231,1.8736785650253296,0.1648303052162479,1.4290242791175842,0.6234,23,False,0.011361567530035971,0.06115885078907013,1.4402170181274414,0.5229368209838867,0.601233959197998,1.4769177436828613,1.4382064529037475,1.4382064529037475,NA,NA,NA,NA,NA,NA,NA,NA,NA,NA,NA,0.05,0.05,0.05,[0.05],0.9,0.0005,1.9798244494329493,2.543287515640259,1.551641821861267,1.972698450088501,2.246459484100342,2.3592011928558363,0.15476088023978463,NA,0.0,58.17939376831055,13.44192123413086,0.23104264866803192,65536.0,1,782,782,0,0,62.99759650230408,60.78072905540466,2.216867446899414,4441.371238708496,14.948192596435547,45.80870008468628,0.0,0.0,0.24603286864734933,0.0,0.0,77.69423616511742,80.1544189453125,99.77858066558838,102.37883567810056,132.85541534423828,822.6291585680473,4510.869611977179,50000,4100000,9953.620247364044,46.904761904761905,92.0,4475.6640625,20475.0,27.206349206349206,62.63492063492063,66.0,71.67234920634918,109.283,2369.0476190476193,8551.0,4476.432762499665,1.0,45.98681640625,3388.0,641.7529296875,20474.5,1,14.271428571428574,24,23910.774243551587,64860.765625,36.89841269841271,2200.6328125,-1,628177,4472.862118499158,1.2424616995830995,0.0012424616995830994,344925.1882139858,95.81255228166273,0.09581255228166273,0.5901693073019721,0.0005901693073019722,45.51096233378979,0.04551096233378979,475.0,71.14529096989968,109.283,66.256,89.45724236998316,598,10.0,64,64,1,True,240,sgd,multistep,32,100,0.0,False,1.0.0
p7-msdnet-cifar100-jointexit-s2,82,64906,2026-09-01T14:41:33Z,1788273693.1143599,local,0,local-1c8d861c2a,CB-410-122,msdnet,msdnet,cifar100,2,p7,jointexit,4648aa4b6179df102f913788605506586ea64187887a010d75319591508daa37,1.4376617267608642,1.3730873266220094,0.67226,0.6198,NA,0.8726,0.6137145439907673,0.6198,0.6137145439907674,0.6486035804135787,0.6198,0.6486035804135786,0.6198,0.6198,0.6198,0.6198,0.615959595959596,0.6163942074760567,1.0060068368911743,1.940116286277771,0.1643657808702138,1.4381840229034424,0.6234,24,False,0.011257472708821284,0.0641428530216217,1.3730908632278442,0.500033974647522,0.6182528138160706,1.4173921346664429,1.4376617267608642,1.4376617267608642,NA,NA,NA,NA,NA,NA,NA,NA,NA,NA,NA,0.05,0.05,0.05,[0.05],0.9,0.0005,1.9712383421984585,2.4234938621520996,1.5398308038711548,1.9709099531173706,2.2170474529266357,2.34287509918213,0.14921789359373638,NA,0.0,58.15607833862305,13.429115295410156,0.23091507679071807,32768.0,1,782,782,0,0,56.102596282958984,54.05218172073364,2.050414562225342,4497.473834991455,11.222633361816406,42.81136631965637,0.0,0.0,0.2076957735494904,0.0,0.0,69.09718629344346,66.70665740966797,84.13000106811523,101.0427904129028,132.80034065246582,925.0320414138014,4877.062514200479,50000,4150000,8808.10761642456,52.642857142857146,94.0,4475.6640625,20475.0,30.625,63.607142857142854,67.0,75.87410714285714,113.106,2370.0,8551.0,4194.925583000034,0.0,45.59423828125,3388.0,641.94921875,20474.5,1,10.773214285714285,24,23925.61572265625,64860.765625,36.9,2197.46875,-1,628176,4216.667152499704,1.1712964312499177,0.0011712964312499178,349141.85536648554,96.98384871291265,0.09698384871291266,0.556365804843711,0.000556365804843711,46.0673281386335,0.0460673281386335,475.0,75.22979664179105,113.106,66.604,84.33334304999407,536,10.0,64,64,1,True,240,sgd,multistep,32,100,0.0,False,1.0.0
p7-msdnet-cifar100-jointexit-s2,83,65688,2026-09-01T14:42:23Z,1788273743.1061969,local,0,local-1c8d861c2a,CB-410-122,msdnet,msdnet,cifar100,2,p7,jointexit,4648aa4b6179df102f913788605506586ea64187887a010d75319591508daa37,1.4400017225646973,1.4580621286392212,0.66774,0.5961,NA,0.8698,0.5986418069310016,0.5961,0.5986418069310017,0.6520961843279686,0.5961,0.6520961843279688,0.5961,0.5961,0.5961,0.5961,0.592020202020202,0.5928017544905079,1.0469685792922974,2.005547046661377,0.16166200604209233,1.4375271201133728,0.6234,25,False,0.018310955247282986,0.06120634078979492,1.458067536354065,0.5317794680595398,0.6044449210166931,1.4642460346221924,1.4400017225646973,1.4400017225646973,NA,NA,NA,NA,NA,NA,NA,NA,NA,NA,NA,0.05,0.05,0.05,[0.05],0.9,0.0005,1.9873478196161178,3.5114588737487793,1.5930743217468262,1.9771695137023926,2.235367751121521,2.3399313879013057,0.15548709765309696,NA,0.0,58.20536422729492,13.451811790466309,0.23110948568135914,32768.0,0,782,782,0,0,49.923057317733765,47.852503061294556,2.070554256439209,4547.396892309189,8.231999397277832,39.61051559448242,0.0,0.0,0.17206452041025852,0.0,0.0,61.179686690230504,63.63868713378906,70.71526050567627,80.13416528701781,83.74142646789551,1044.877421269995,4829.624709857777,50000,4200000,7787.996941566467,59.32,94.0,4475.6640625,20475.0,34.38,65.5,68.0,80.71668,113.304,2370.0,8551.0,3971.4605725009087,0.0,45.98681640625,3388.0,641.7529296875,20474.5,1,8.612,24,23935.1959375,64860.765625,36.904,2198.8515625,-1,628176,4002.7407990014053,1.111872444167057,0.001111872444167057,353144.59616548696,98.09572115707971,0.09809572115707971,0.528139410979352,0.0005281394109793521,46.59546754961285,0.04659546754961285,475.0,80.34495168067227,113.304,76.513,80.0548159800281,476,10.0,64,64,1,True,240,sgd,multistep,32,100,0.0,False,1.0.0
p7-msdnet-cifar100-jointexit-s2,84,66470,2026-09-01T14:43:12Z,1788273792.8712373,local,0,local-1c8d861c2a,CB-410-122,msdnet,msdnet,cifar100,2,p7,jointexit,4648aa4b6179df102f913788605506586ea64187887a010d75319591508daa37,1.4369774019241333,1.4589936138153077,0.66998,0.5964,NA,0.8679,0.5952666647444381,0.5964,0.5952666647444381,0.6396767735819604,0.5964,0.6396767735819604,0.5963999999999999,0.5964,0.5964,0.5963999999999999,0.5923232323232324,0.5929300083782558,0.9632171392440796,1.9938920736312866,0.16517312983075216,1.4329067468643188,0.6234,26,False,0.0267491936136037,0.08161055030567305,1.4589943885803223,0.5299215316772461,0.5736539959907532,1.6326680183410645,1.4369774019241333,1.4369774019241333,NA,NA,NA,NA,NA,NA,NA,NA,NA,NA,NA,0.05,0.05,0.05,[0.05],0.9,0.0005,1.9745387893808468,3.648568868637085,1.4839560985565186,1.9701675772666931,2.227970790863037,2.373128621578216,0.16132668059255623,NA,0.0,58.176490783691406,13.412125587463379,0.23054201803494126,32768.0,0,782,782,0,0,49.685513973236084,47.63511943817139,2.0503945350646973,4597.082406282425,9.06135082244873,38.56055450439453,0.0,0.0,0.19027694839712928,0.0,0.0,60.89757714430085,63.326478004455566,69.61443424224854,80.97905397415147,85.9382152557373,1049.6457359553415,4877.1101507468975,50000,4250000,7701.254665851593,61.02040816326531,94.0,4475.6640625,20475.0,35.57142857142857,66.10204081632654,68.0,80.79602040816326,113.304,2370.0,8551.0,3905.490429999423,0.0,45.59423828125,3388.0,641.94921875,20474.5,1,8.818367346938773,24,23934.702646683672,64860.765625,36.90204081632653,2199.76171875,-1,628176,4011.8468159985478,1.1144018933329298,0.0011144018933329299,357156.4429814855,99.21012305041265,0.09921012305041264,0.5293408993331417,0.0005293408993331417,47.12480844894599,0.04712480844894599,475.0,80.86589873417721,113.499,77.479,80.23693631997097,474,10.0,64,64,1,True,240,sgd,multistep,32,100,0.0,False,1.0.0
p7-msdnet-cifar100-jointexit-s2,85,67252,2026-09-01T14:44:02Z,1788273842.819423,local,0,local-1c8d861c2a,CB-410-122,msdnet,msdnet,cifar100,2,p7,jointexit,4648aa4b6179df102f913788605506586ea64187887a010d75319591508daa37,1.4414453063201904,1.3719726606369018,0.67102,0.616,NA,0.881,0.6161606638284612,0.616,0.6161606638284612,0.6489044456345642,0.616,0.6489044456345642,0.616,0.616,0.616,0.616,0.6121212121212121,0.6126531145306724,1.0311622619628906,1.9297120571136475,0.1664413080672749,1.4347000122070312,0.6234,27,False,0.013326553448289633,0.06447377055883408,1.37198007106781,0.5028821229934692,0.6090887784957886,1.477964997291565,1.4414453063201904,1.4414453063201904,NA,NA,NA,NA,NA,NA,NA,NA,NA,NA,NA,0.05,0.05,0.05,[0.05],0.9,0.0005,1.9860768389823797,3.4938013553619385,1.5123836994171143,1.974415123462677,2.240558314323425,2.357053506374359,0.16322611197205958,NA,0.0,58.17424774169922,13.421704292297363,0.23071556252676223,65536.0,0,782,782,0,0,49.90203046798706,47.852760791778564,2.049269676208496,4646.984436750412,8.922528505325317,38.91232442855835,0.0,0.0,0.18652777123947364,0.0,0.0,61.169888662255325,64.11659717559814,70.28317451477051,79.85164403915405,86.33279800415039,1044.8717936581486,4879.787231567166,50000,4300000,7684.912692070007,60.3,91.0,4475.6640625,20475.0,35.72,66.3,69.0,81.13914,113.499,2370.0,8551.0,3994.746897999932,0.0,45.98681640625,3388.0,641.7529296875,20474.5,1,8.755999999999998,24,23941.05109375,64860.765625,36.900000000000006,2199.76171875,-1,628176,4017.561598499484,1.1159893329165234,0.0011159893329165233,361174.004579985,100.32611238332916,0.10032611238332917,0.5300949331353486,0.0005300949331353486,47.654903382081336,0.04765490338208134,475.0,80.72422947368419,113.499,77.522,80.35123196998968,475,10.0,64,64,1,True,240,sgd,multistep,32,100,0.0,False,1.0.0
p7-msdnet-cifar100-jointexit-s2,86,68034,2026-09-01T14:44:52Z,1788273892.5713034,local,0,local-1c8d861c2a,CB-410-122,msdnet,msdnet,cifar100,2,p7,jointexit,4648aa4b6179df102f913788605506586ea64187887a010d75319591508daa37,1.438523970527649,1.5149235305786133,0.6704,0.5838,NA,0.8547,0.5831578466801597,0.5838,0.5831578466801598,0.6370659642187323,0.5838,0.6370659642187322,0.5838,0.5838,0.5838,0.5838,0.5795959595959597,0.5802491661875943,0.8553934693336487,2.004647731781006,0.16956014891331883,1.4293288588523865,0.6234,28,False,0.02452309726327659,0.18744104355573654,1.5149213075637817,0.5430654287338257,0.5683959126472473,1.6517163515090942,1.438523970527649,1.438523970527649,NA,NA,NA,NA,NA,NA,NA,NA,NA,NA,NA,0.05,0.05,0.05,[0.05],0.9,0.0005,1.9848406913945131,3.5452640056610107,1.3459008932113647,1.9818406701087952,2.2551109313964846,2.365234761238098,0.1710784628381261,NA,0.0,58.1851921081543,13.485206604003906,0.23176354868671195,65536.0,0,782,782,0,0,49.68505382537842,47.62845540046692,2.056598424911499,4696.66949057579,9.060024738311768,38.55310034751892,0.0,0.0,0.19028418575717398,0.0,0.0,60.88634921461725,65.3238296508789,68.87102127075195,78.28966379165648,87.52822875976562,1049.7925993944752,4862.3979668905595,50000,4350000,7601.813235282898,58.63265306122449,92.0,4475.6640625,20475.0,33.93877551020408,66.3061224489796,69.0,80.76297959183674,113.068,2370.0,8551.0,3909.7468489998255,0.0,45.59423828125,3388.0,641.94921875,20474.5,1,8.757142857142858,24,23914.826849489797,64860.765625,36.895918367346944,2199.81640625,-1,628176,4014.726641000393,1.1152018447223315,0.0011152018447223315,365188.73122098536,101.44131422805148,0.10144131422805149,0.5297208762431074,0.0005297208762431074,48.18462425832445,0.04818462425832445,475.0,80.91951687763712,113.809,76.638,80.29453282000787,474,10.0,64,64,1,True,240,sgd,multistep,32,100,0.0,False,1.0.0
p7-msdnet-cifar100-jointexit-s2,87,68816,2026-09-01T14:45:44Z,1788273944.573497,local,0,local-1c8d861c2a,CB-410-122,msdnet,msdnet,cifar100,2,p7,jointexit,4648aa4b6179df102f913788605506586ea64187887a010d75319591508daa37,1.439269662361145,1.4434654010772705,0.66864,0.5982,NA,0.8689,0.5972882969094682,0.5982,0.5972882969094682,0.6363340380491075,0.5982,0.6363340380491073,0.5982,0.5982,0.5982,0.5982,0.5941414141414141,0.5946091170083365,0.9011354446411133,2.0720009803771973,0.16461648429959785,1.4351951479911804,0.6234,29,False,0.017060145379602897,0.4422152414917946,1.4434605836868286,0.5250357389450073,0.608290433883667,1.448777675628662,1.439269662361145,1.439269662361145,NA,NA,NA,NA,NA,NA,NA,NA,NA,NA,NA,0.05,0.05,0.05,[0.05],0.9,0.0005,1.980121230225429,3.835270881652832,1.519882321357727,1.9740504026412964,2.2567294955253603,2.3778734564781185,0.1714865710549927,NA,0.0,58.167999267578125,13.38025951385498,0.23002784490325276,65536.0,0,782,782,0,0,51.95154142379761,49.89930319786072,2.0517075061798096,4748.621031999588,8.998063564300537,40.89823317527771,0.0,0.0,0.18033529845438773,0.0,0.0,63.806006060841746,66.47825241088867,70.69332599639893,83.14300298690794,85.88743209838867,1002.0180001660544,4873.989089516745,50000,4400000,7896.634296417236,56.82692307692308,92.0,4475.6640625,20475.0,33.38461538461539,65.82692307692308,68.0,79.85403846153848,113.801,2370.0,8551.0,4093.3305309991515,0.0,45.98681640625,3388.0,641.7529296875,20474.5,1,8.861538461538462,24,23914.5869140625,64860.765625,36.900000000000006,2199.7578125,-1,628176,4098.920610499669,1.1385890584721303,0.0011385890584721303,369287.65183148504,102.57990328652362,0.10257990328652362,0.5408298027742618,0.0005408298027742618,48.72545406109871,0.04872545406109871,475.0,79.14734615384614,113.801,76.057,81.97841220999338,494,10.0,64,64,1,True,240,sgd,multistep,32,100,0.0,False,1.0.0
p7-msdnet-cifar100-jointexit-s2,88,69598,2026-09-01T14:46:36Z,1788273996.7251656,local,0,local-1c8d861c2a,CB-410-122,msdnet,msdnet,cifar100,2,p7,jointexit,4648aa4b6179df102f913788605506586ea64187887a010d75319591508daa37,1.4347329154968262,1.4092849685668944,0.67172,0.6164,NA,0.8692,0.6130886333323899,0.6164,0.61308863333239,0.6495470348963335,0.6164,0.6495470348963334,0.6163999999999998,0.6164,0.6164,0.6163999999999998,0.6125252525252525,0.6129354621905416,0.9207960367202759,2.5476834774017334,0.17294009038525418,1.424186110496521,0.6234,30,False,0.022400930816680178,0.055488958954811096,1.4092791080474854,0.5076272487640381,0.6076896786689758,1.467421293258667,1.4347329154968262,1.4347329154968262,NA,NA,NA,NA,NA,NA,NA,NA,NA,NA,NA,0.05,0.05,0.05,[0.05],0.9,0.0005,1.9868064140388206,4.087811470031738,1.4945942163467407,1.9823224544525146,2.2683229446411133,2.3919642925262457,0.1809986586491542,NA,0.0,58.2288818359375,13.403843879699707,0.23019236257130338,65536.0,1,782,782,0,0,52.069257736206055,50.019606590270996,2.0496511459350586,4800.690289735794,8.072566032409668,41.937039613723755,0.0,0.0,0.16142030972071486,0.0,0.0,63.95090236078443,66.2534236907959,73.57122898101807,82.67627954483032,85.12163162231445,999.6080219016594,4878.879032577011,50000,4450000,7862.457918167114,56.25,92.0,4475.6640625,20475.0,33.09615384615385,65.34615384615384,68.0,79.54971153846154,113.296,2370.0,8551.0,4079.8106674995315,0.0,45.59423828125,3388.0,641.94921875,20474.5,1,8.805769230769231,24,23929.680513822117,64860.765625,36.900000000000006,2197.4609375,-1,628176,4095.976003499718,1.137771112083255,0.001137771112083255,373383.62783498474,103.71767439860687,0.10371767439860688,0.5404412782395461,0.0005404412782395461,49.26589533933826,0.049265895339338256,475.0,78.87025201612904,113.296,74.137,81.91952006999435,496,10.0,64,64,1,True,240,sgd,multistep,32,100,0.0,False,1.0.0
p7-msdnet-cifar100-jointexit-s2,89,70380,2026-09-01T14:47:28Z,1788274048.4769666,local,0,local-1c8d861c2a,CB-410-122,msdnet,msdnet,cifar100,2,p7,jointexit,4648aa4b6179df102f913788605506586ea64187887a010d75319591508daa37,1.4308441347503662,1.3758339557647705,0.67132,0.6176,NA,0.8771,0.6177124319095146,0.6176,0.6177124319095147,0.6482725630111114,0.6176,0.6482725630111115,0.6176000000000001,0.6176,0.6176,0.6176000000000001,0.6137373737373737,0.6140908941087958,0.958752453327179,1.9212632179260254,0.16629156871180692,1.435045838356018,0.6234,31,False,0.03239340376928448,0.2770088327427705,1.3758251667022705,0.5044423341751099,0.5852324366569519,1.5689829587936401,1.4308441347503662,1.4308441347503662,NA,NA,NA,NA,NA,NA,NA,NA,NA,NA,NA,0.05,0.05,0.05,[0.05],0.9,0.0005,1.9831979994273856,3.8642046451568604,1.5547847747802734,1.9822133779525757,2.2351480841636655,2.345303063392638,0.16665136297395128,NA,0.0,58.254180908203125,13.425090789794922,0.23045712051037445,65536.0,0,782,782,0,0,51.68523955345154,49.617921352386475,2.0673182010650635,4852.375529289246,9.00502872467041,40.60036849975586,0.0,0.0,0.18153324493965003,0.0,0.0,63.43401179594152,66.31684303283691,71.36828899383545,82.73547410964966,87.12291717529297,1007.7004162447678,4837.1847134360305,50000,4500000,7752.785933017731,56.5,91.0,4475.6640625,20475.0,33.23076923076923,65.46153846153847,68.0,79.80042307692307,113.331,2370.0,8551.0,4085.2180174995497,0.0,45.98681640625,3388.0,641.7529296875,20474.5,1,8.40576923076923,24,23935.032076322117,64860.765625,36.900000000000006,2199.76953125,-1,628176,4084.9253510000526,1.1347014863889036,0.0011347014863889034,377468.5531859848,104.85237588499578,0.10485237588499577,0.5389832060347292,0.0005389832060347291,49.804878545372986,0.04980487854537299,475.0,79.21173523421588,113.331,76.241,81.69850702000105,491,10.0,64,64,1,True,240,sgd,multistep,32,100,0.0,False,1.0.0
p7-msdnet-cifar100-jointexit-s2,90,71162,2026-09-01T14:48:20Z,1788274100.1163363,local,0,local-1c8d861c2a,CB-410-122,msdnet,msdnet,cifar100,2,p7,jointexit,4648aa4b6179df102f913788605506586ea64187887a010d75319591508daa37,1.4299444996643067,1.299698045730591,0.67178,0.6281,NA,0.8869,0.6264663998809551,0.6281,0.6264663998809552,0.6498086773027653,0.6281,0.6498086773027651,0.6281,0.6281,0.6281,0.6281,0.6243434343434344,0.6246264984513035,0.8564388751983643,1.9209376573562622,0.1676170515847965,1.4242817759513855,0.6281,0,True,0.01154984078705311,0.18634872883558273,1.2996926307678223,0.4849773049354553,0.6183565258979797,1.4145499467849731,1.4299444996643067,1.4299444996643067,NA,NA,NA,NA,NA,NA,NA,NA,NA,NA,NA,0.05,0.05,0.05,[0.05],0.9,0.0005,1.9764507070240993,2.531207799911499,1.486051321029663,1.9705944061279297,2.2301976680755615,2.362621021270752,0.15138234398980324,NA,0.0,58.22249221801758,13.357695579528809,0.22942500519404296,65536.0,1,782,782,0,0,51.5567102432251,49.50173282623291,2.0549774169921875,4903.932239532471,8.816476106643677,40.672523498535156,0.0,0.0,0.17815021877550877,0.0,0.0,63.2851657355228,66.44725799560547,70.3967809677124,82.91074991226196,83.60433578491211,1010.0656511463178,4866.233525153147,50000,4550000,7681.94982624054,57.6078431372549,91.0,4475.6640625,20475.0,33.470588235294116,65.45098039215686,68.0,79.3238431372549,112.287,2370.0,8551.0,3985.2765285007767,0.0,45.59423828125,3388.0,641.94921875,20474.5,1,8.819607843137254,24,23932.780330882353,64860.765625,36.900000000000006,2200.3671875,-1,628175,4085.077117000217,1.1347436436111715,0.0011347436436111714,381553.630302985,105.98711952860695,0.10598711952860695,0.5390032307153064,0.0005390032307153064,50.34388177608829,0.05034388177608829,475.0,79.36882448979593,112.972,76.27,81.70154234000435,490,10.0,64,64,1,True,240,sgd,multistep,32,100,0.0,False,1.0.0
p7-msdnet-cifar100-jointexit-s2,91,71944,2026-09-01T14:49:10Z,1788274150.4971292,local,0,local-1c8d861c2a,CB-410-122,msdnet,msdnet,cifar100,2,p7,jointexit,4648aa4b6179df102f913788605506586ea64187887a010d75319591508daa37,1.4322710386657715,1.4918566493988037,0.674,0.5916,NA,0.8639,0.5927386296167545,0.5916,0.5927386296167546,0.6423186439140138,0.5916,0.6423186439140139,0.5915999999999999,0.5916,0.5916,0.5915999999999999,0.5874747474747475,0.5880422147261343,0.9078193306922913,1.9923657178878784,0.16713093065788867,1.417732059955597,0.6281,1,False,0.04010149618312717,0.07321324398819828,1.491858959197998,0.539987325668335,0.6317014694213867,1.322833776473999,1.4322710386657715,1.4322710386657715,NA,NA,NA,NA,NA,NA,NA,NA,NA,NA,NA,0.05,0.05,0.05,[0.05],0.9,0.0005,1.9894912960889088,3.354335308074951,1.4940553903579712,1.984416425228119,2.241845643520355,2.358693788051605,0.16248303938316888,NA,0.0,58.23212432861328,13.449254989624023,0.23095937413733536,65536.0,0,782,782,0,0,50.301772356033325,48.25689911842346,2.0448732376098633,4954.234011888504,8.918254852294922,39.32974314689636,0.0,0.0,0.18484196696502114,0.0,0.0,61.69820716009115,65.57714939117432,70.44756412506104,82.88842916488646,83.59694480895996,1036.1212782715054,4890.278681376081,50000,4600000,7444.662308692932,58.78,94.0,4475.6640625,20475.0,34.06,65.72,68.0,80.73456,113.691,2370.0,8551.0,3976.1164370006795,0.0,45.98681640625,3388.0,641.7529296875,20474.5,1,8.944,24,23944.553125,64860.765625,36.900000000000006,2200.3515625,-1,628175,4034.9929855009377,1.1208313848613716,0.0011208313848613716,385588.623288486,107.10795091346833,0.10710795091346832,0.5323949078091514,0.0005323949078091515,50.876276683897444,0.050876276683897444,475.0,80.27139457202507,113.691,76.091,80.69985971001876,479,10.0,64,64,1,True,240,sgd,multistep,32,100,0.0,False,1.0.0
p7-msdnet-cifar100-jointexit-s2,92,72726,2026-09-01T14:50:00Z,1788274200.332376,local,0,local-1c8d861c2a,CB-410-122,msdnet,msdnet,cifar100,2,p7,jointexit,4648aa4b6179df102f913788605506586ea64187887a010d75319591508daa37,1.4300694643402099,1.4836763967514037,0.67264,0.5901,NA,0.8635,0.5900987637518685,0.5901,0.5900987637518685,0.6362148834916809,0.5901,0.636214883491681,0.5901,0.5901,0.5901,0.5901,0.585959595959596,0.586585662911926,0.8652637004852295,2.0761337280273438,0.16585337785930007,1.4201167821884155,0.6281,2,False,0.017900539433211075,0.9359664767980576,1.4836747646331787,0.538262128829956,0.5895084738731384,1.5500880479812622,1.4300694643402099,1.4300694643402099,NA,NA,NA,NA,NA,NA,NA,NA,NA,NA,NA,0.05,0.05,0.05,[0.05],0.9,0.0005,1.9841376361639604,3.975848913192749,1.5544781684875488,1.972678780555725,2.2543492794036863,2.425282483100889,0.17669938031710408,NA,0.0,58.23261642456055,13.455648422241211,0.23106721367522262,65536.0,0,782,782,0,0,49.76843452453613,47.71769976615906,2.050734758377075,5004.00244641304,8.501205205917358,39.20180130004883,0.0,0.0,0.17821109880892136,0.0,0.0,61.00128709202837,63.16030025482178,70.51241397857666,81.39145135879515,83.21332931518555,1047.8292173559364,4876.30102291428,50000,4650000,7315.9598751068115,59.8,95.0,4475.6640625,20475.0,34.88,65.76,68.0,81.30484,113.228,2370.0,8551.0,4006.4045220005473,0.0,45.59423828125,3388.0,641.94921875,20474.5,1,8.262000000000002,24,23948.4609375,64860.765625,36.900000000000006,2200.3671875,-1,628175,4017.570484499778,1.1159918012499384,0.0011159918012499383,389606.1937729858,108.22394271471828,0.10822394271471827,0.5300961055937207,0.0005300961055937207,51.406372789491165,0.051406372789491166,475.0,80.82339368421052,113.228,77.218,80.35140968999556,475,10.0,64,64,1,True,240,sgd,multistep,32,100,0.0,False,1.0.0
p7-msdnet-cifar100-jointexit-s2,93,73508,2026-09-01T14:50:50Z,1788274250.033903,local,0,local-1c8d861c2a,CB-410-122,msdnet,msdnet,cifar100,2,p7,jointexit,4648aa4b6179df102f913788605506586ea64187887a010d75319591508daa37,1.4340129677581788,1.3466483263015747,0.67,0.6276,NA,0.88,0.6222773093027834,0.6276,0.6222773093027834,0.6544317281272746,0.6276,0.6544317281272746,0.6275999999999999,0.6276,0.6276,0.6275999999999999,0.6238383838383839,0.6242023179175866,0.9326323866844177,2.1654348373413086,0.1695964791388135,1.427136778831482,0.6281,3,False,0.020502414390817285,0.13855320289731027,1.3466447591781616,0.49353793263435364,0.6114767789840698,1.4664543867111206,1.4340129677581788,1.4340129677581788,NA,NA,NA,NA,NA,NA,NA,NA,NA,NA,NA,0.05,0.05,0.05,[0.05],0.9,0.0005,1.9816131225468712,2.5563082695007324,1.51547110080719,1.974991798400879,2.2375051975250244,2.3647491931915288,0.15660996355972512,NA,0.0,58.269126892089844,13.442052841186523,0.23068910687610303,65536.0,1,782,782,0,0,49.61859369277954,47.5698344707489,2.0487592220306396,5053.62104010582,8.738831281661987,38.81815218925476,0.0,0.0,0.18375495340250458,0.0,0.0,60.814556868179984,62.79754638671875,70.57702541351318,79.1930079460144,87.67485618591309,1051.0862725567276,4881.003044412629,50000,4700000,7244.314679145813,59.92,95.0,4507.2109375,20475.0,35.28,65.8,68.0,81.35322000000001,113.061,2370.0,8551.0,4003.562735499744,0.0,45.98681640625,3388.0,641.7529296875,20474.5,1,8.914000000000001,24,24014.279921875,64860.765625,37.012,2206.921875,-1,628175,3999.552008499154,1.1109866690275427,0.0011109866690275428,393605.74578148493,109.33492938374582,0.10933492938374581,0.5277186677880829,0.0005277186677880828,51.93409145727925,0.05193409145727925,475.0,80.79004016913319,113.061,77.103,79.99104016998308,473,10.0,64,64,1,True,240,sgd,multistep,32,100,0.0,False,1.0.0
p7-msdnet-cifar100-jointexit-s2,94,74290,2026-09-01T14:51:48Z,1788274308.2072465,local,0,local-1c8d861c2a,CB-410-122,msdnet,msdnet,cifar100,2,p7,jointexit,4648aa4b6179df102f913788605506586ea64187887a010d75319591508daa37,1.4317035844802857,1.428869917488098,0.67004,0.6102,NA,0.87,0.6060533358545362,0.6102,0.6060533358545362,0.6509801162839611,0.6102,0.6509801162839612,0.6102000000000001,0.6102,0.6102,0.6102000000000001,0.6062626262626263,0.6068190831902551,0.9551636576652527,1.9773335456848145,0.16572417221491,1.4317439794540405,0.6281,4,False,0.014908869558572768,0.9368968456983566,1.4288712739944458,0.5178609490394592,0.6124433875083923,1.4452041387557983,1.4317035844802857,1.4317035844802857,NA,NA,NA,NA,NA,NA,NA,NA,NA,NA,NA,0.05,0.05,0.05,[0.05],0.9,0.0005,1.9877552644675955,3.8424904346466064,1.5738892555236816,1.9824376702308655,2.2499359488487243,2.359534556865692,0.16858611361633574,NA,0.0,58.26369094848633,13.468646049499512,0.23116705842422128,65536.0,0,782,782,0,0,58.10236716270447,55.90187335014343,2.200493812561035,5111.723407268524,12.804903745651245,43.080907583236694,0.0,0.0,0.22912620289780533,0.0,0.0,71.46523187837332,67.02899932861328,96.77093029022217,102.92185544967641,128.265380859375,894.4244084061936,4544.434500527654,50000,4750000,8424.843238592148,50.39655172413793,92.0,4475.6640625,20475.0,29.586206896551722,64.79310344827586,68.0,75.36125862068967,112.893,2370.0,8551.0,4327.737883000314,0.0,45.59423828125,3388.0,641.94921875,20474.5,1,12.355172413793104,24,24009.562095905174,64860.765625,37.0,2200.3515625,-1,628175,4332.880725500319,1.2035779793056443,0.0012035779793056443,397938.6265069853,110.53850736305147,0.11053850736305147,0.571699540170181,0.000571699540170181,52.50579099744943,0.05250579099744943,475.0,74.73368050541517,112.893,66.915,86.6576145100064,554,10.0,64,64,1,True,240,sgd,multistep,32,100,0.0,False,1.0.0
p7-msdnet-cifar100-jointexit-s2,95,75072,2026-09-01T14:52:54Z,1788274374.1412601,local,0,local-1c8d861c2a,CB-410-122,msdnet,msdnet,cifar100,2,p7,jointexit,4648aa4b6179df102f913788605506586ea64187887a010d75319591508daa37,1.428184683227539,1.4021419513702393,0.66984,0.611,NA,0.8743,0.611897253011501,0.611,0.6118972530115011,0.6467493076076439,0.611,0.6467493076076442,0.6109999999999999,0.611,0.611,0.6109999999999999,0.6070707070707071,0.6074983646296542,0.9856823086738586,2.0187575817108154,0.1603208988373109,1.418648600578308,0.6281,5,False,0.010607487797737129,0.18567662686109543,1.402153491973877,0.5121374726295471,0.6084198951721191,1.4574183225631714,1.428184683227539,1.428184683227539,NA,NA,NA,NA,NA,NA,NA,NA,NA,NA,NA,0.05,0.05,0.05,[0.05],0.9,0.0005,1.9874370520377098,4.690077781677246,1.524329662322998,1.973742425441742,2.262969124317169,2.39866515636444,0.18546683953100015,NA,0.0,58.307395935058594,13.494321823120117,0.23143413638554147,65536.0,0,782,782,0,0,65.8156304359436,63.581273317337036,2.2343571186065674,5177.539037704468,14.10248589515686,49.4563775062561,0.0,0.0,0.22188071246792232,0.0,0.0,81.27731892763806,82.99052715301514,99.72126483917236,111.23818874359121,257.48753547668457,786.3950718704189,4475.56029281317,50000,4800000,9477.450782775879,44.55384615384615,82.0,4475.6640625,20475.0,25.46153846153846,62.46153846153846,65.0,69.80798461538461,105.001,2368.846153846154,8551.0,4500.268036000605,1.0,45.98681640625,3388.0,641.7529296875,20474.5,1,13.981538461538461,24,24005.442848557694,64860.765625,37.0,2198.51171875,-1,628174,4585.732157000481,1.273814488055689,0.001273814488055689,402524.35866398574,111.81232185110714,0.11181232185110715,0.6050618818264523,0.0006050618818264523,53.11085287927588,0.05311085287927588,475.0,69.65207520000001,107.376,62.15,91.71464314000961,625,10.0,64,64,1,True,240,sgd,multistep,32,100,0.0,False,1.0.0
p7-msdnet-cifar100-jointexit-s2,96,75854,2026-09-01T14:53:52Z,1788274432.074098,local,0,local-1c8d861c2a,CB-410-122,msdnet,msdnet,cifar100,2,p7,jointexit,4648aa4b6179df102f913788605506586ea64187887a010d75319591508daa37,1.4326948594665527,1.3749802186965943,0.67208,0.6159,NA,0.8803,0.6134077447789001,0.6159,0.6134077447789001,0.6466346276876743,0.6159,0.6466346276876742,0.6159,0.6159,0.6159,0.6159,0.612020202020202,0.6125508018228397,0.9793357849121094,2.1182339191436768,0.16871614391889236,1.4294678568840027,0.6281,6,False,0.016654504172876484,0.0820311281297888,1.3749781847000122,0.5053966045379639,0.6025571823120117,1.5000066757202148,1.4326948594665527,1.4326948594665527,NA,NA,NA,NA,NA,NA,NA,NA,NA,NA,NA,0.05,0.05,0.05,[0.05],0.9,0.0005,1.975426000608525,2.633105993270874,1.5607049465179443,1.9735981225967407,2.245455503463745,2.3677094459533694,0.15645538770778922,NA,0.0,58.25151062011719,13.375612258911133,0.22961829000691802,65536.0,1,782,782,0,0,57.83309268951416,55.78274583816528,2.050346851348877,5235.372130393982,11.737822532653809,44.018181562423706,0.0,0.0,0.21052122947401275,0.0,0.0,71.2992379732449,66.97940826416016,89.01131153106688,101.66295528411862,129.0907859802246,896.3345071800165,4877.223574841118,50000,4850000,8270.132254600525,49.59649122807018,92.0,4475.6640625,20475.0,28.140350877192983,62.68421052631579,66.0,73.56526315789472,100.708,2369.7368421052633,8551.0,4159.609878500234,0.0,45.59423828125,3388.0,641.94921875,20474.5,1,11.821052631578949,24,24014.873629385966,64860.765625,37.00526315789474,2200.17578125,-1,628174,4267.952695999462,1.1855424155554062,0.001185542415555406,406792.3113599852,112.99786426666256,0.11299786426666256,0.5631326473888179,0.0005631326473888178,53.6739855266647,0.0536739855266647,475.0,73.89828856624318,112.029,63.415,85.35905391998924,551,10.0,64,64,1,True,240,sgd,multistep,32,100,0.0,False,1.0.0
p7-msdnet-cifar100-jointexit-s2,97,76636,2026-09-01T14:54:44Z,1788274484.1922078,local,0,local-1c8d861c2a,CB-410-122,msdnet,msdnet,cifar100,2,p7,jointexit,4648aa4b6179df102f913788605506586ea64187887a010d75319591508daa37,1.4314621007537842,1.4743021074295044,0.67038,0.5956,NA,0.863,0.5932096291576788,0.5956,0.5932096291576788,0.6408029745201422,0.5956,0.6408029745201423,0.5955999999999999,0.5956,0.5956,0.5955999999999999,0.5915151515151515,0.5921832658822159,1.0078283548355103,2.01123046875,0.16395447545475816,1.4291629195213318,0.6281,7,False,0.01578121270388364,0.06289511173963547,1.474308967590332,0.5298884510993958,0.5966981649398804,1.5205998420715332,1.4314621007537842,1.4314621007537842,NA,NA,NA,NA,NA,NA,NA,NA,NA,NA,NA,0.05,0.05,0.05,[0.05],0.9,0.0005,1.9864524148614204,4.706142425537109,1.5123649835586548,1.97141033411026,2.248173189163208,2.4109475064277643,0.18469941660036493,NA,0.0,58.27113342285156,13.339478492736816,0.2289208688620705,65536.0,0,782,782,0,0,52.051363468170166,50.001672983169556,2.0496904850006104,5287.423493862152,8.715700149536133,41.27708029747009,0.0,0.0,0.17433917600912444,0.0,0.0,63.929386760877534,66.29669666290283,72.66345024108887,82.96331644058226,86.1821174621582,999.9665414561205,4878.7853937844775,50000,4900000,7391.293612480164,56.51923076923077,93.0,4475.6640625,20475.0,32.80769230769231,64.42307692307692,67.0,79.1385,112.922,2370.0,8551.0,4056.7945049991918,0.0,45.98681640625,3388.0,641.7529296875,20474.5,1,8.75,24,24025.648963341348,64860.765625,37.005769230769225,2198.05859375,-1,628174,4080.4408315004785,1.1334557865279107,0.0011334557865279107,410872.75219148566,114.13132005319046,0.11413132005319046,0.5383914986007576,0.0005383914986007576,54.212377025265454,0.054212377025265455,475.0,78.507125,112.922,75.744,81.60881663000957,496,10.0,64,64,1,True,240,sgd,multistep,32,100,0.0,False,1.0.0
p7-msdnet-cifar100-jointexit-s2,98,77418,2026-09-01T14:55:36Z,1788274536.177999,local,0,local-1c8d861c2a,CB-410-122,msdnet,msdnet,cifar100,2,p7,jointexit,4648aa4b6179df102f913788605506586ea64187887a010d75319591508daa37,1.4281367061614991,1.604823664855957,0.67254,0.5655,NA,0.8432,0.558045301785112,0.5655,0.5580453017851121,0.6315268470175888,0.5655,0.6315268470175888,0.5654999999999999,0.5655,0.5655,0.5654999999999999,0.5611111111111111,0.5619641844772777,0.9441526532173157,1.9140702486038208,0.15975681607367928,1.4256401658058167,0.6281,8,False,0.0408333938330412,0.09265656836885294,1.6048229932785034,0.5645793676376343,0.6051158905029297,1.4700514078140259,1.4281367061614991,1.4281367061614991,NA,NA,NA,NA,NA,NA,NA,NA,NA,NA,NA,0.05,0.05,0.05,[0.05],0.9,0.0005,1.9751713850614054,3.1899678707122803,1.5555912256240845,1.9711858630180359,2.224229061603546,2.351074261665344,0.15748441648839326,NA,0.0,58.250282287597656,13.371705055236816,0.22955605586968716,65536.0,0,782,782,0,0,51.91918206214905,49.869094371795654,2.0500876903533936,5339.342675924301,8.418944835662842,41.42612671852112,0.0,0.0,0.1689022519811422,0.0,0.0,63.740500708675135,66.42532348632812,70.9186315536499,83.22603225708006,85.08801460266113,1002.6249850704805,4877.8401270612,50000,4950000,7320.604670763016,56.26923076923077,95.0,4475.6640625,20475.0,32.48076923076923,65.38461538461539,68.0,79.39951923076924,113.299,2370.0,8551.0,4069.0263490005873,0.0,45.59423828125,3388.0,641.94921875,20474.5,1,8.840384615384616,24,23994.42472956731,64860.765625,37.00192307692308,2198.05859375,-1,628174,4095.0862410000245,1.13752395583334,0.00113752395583334,414967.8384324857,115.26884400902381,0.1152688440090238,0.5403238790208365,0.0005403238790208365,54.75270090428629,0.05475270090428629,475.0,79.02352631578948,113.299,75.562,81.9017248200005,494,10.0,64,64,1,True,240,sgd,multistep,32,100,0.0,False,1.0.0
p7-msdnet-cifar100-jointexit-s2,99,78200,2026-09-01T14:56:26Z,1788274586.8629386,local,0,local-1c8d861c2a,CB-410-122,msdnet,msdnet,cifar100,2,p7,jointexit,4648aa4b6179df102f913788605506586ea64187887a010d75319591508daa37,1.4296767993927002,1.4269384567260741,0.67132,0.6104,NA,0.8683,0.6101884857212647,0.6104,0.6101884857212647,0.650746508121053,0.6104,0.650746508121053,0.6104,0.6104,0.6104,0.6104,0.6064646464646465,0.6069870886577197,1.0122278928756714,1.9650824069976807,0.16417174977992105,1.4311155080795288,0.6281,9,False,0.028349478887766604,0.06948878901962785,1.4269357919692993,0.5145776271820068,0.5827553272247314,1.586005687713623,1.4296767993927002,1.4296767993927002,NA,NA,NA,NA,NA,NA,NA,NA,NA,NA,NA,0.05,0.05,0.05,[0.05],0.9,0.0005,1.9841426588051145,2.45778751373291,1.5929837226867676,1.9793272018432617,2.2360901832580566,2.385487127304077,0.15535775690042866,NA,0.0,58.22394561767578,13.44262981414795,0.23087802916034258,65536.0,1,782,782,0,0,50.63496112823486,48.56818127632141,2.066779851913452,5389.977637052536,8.830692052841187,39.716471433639526,0.0,0.0,0.1818992381563206,0.0,0.0,62.08077172184234,66.18297100067139,69.1608190536499,82.53562688827515,85.94942092895508,1029.480591738292,4838.444690053402,50000,5000000,7088.894557952881,57.3921568627451,95.0,4475.6640625,20475.0,33.627450980392155,65.66666666666667,68.0,80.83635294117646,113.351,2370.0,8551.0,4061.219945500071,0.0,45.98681640625,3388.0,641.7529296875,20474.5,1,8.77843137254902,24,23992.408930759804,64860.765625,37.0,2214.19921875,-1,628174,4033.9245045006364,1.1205345845835102,0.0011205345845835101,419001.76293698634,116.38937859360732,0.11638937859360732,0.5322539276771673,0.0005322539276771673,55.28495483196346,0.05528495483196346,475.0,79.84281666666666,113.351,74.205,80.67849009001273,480,10.0,64,64,1,True,240,sgd,multistep,32,100,0.0,False,1.0.0
p7-msdnet-cifar100-jointexit-s2,100,78982,2026-09-01T14:57:16Z,1788274636.8142593,local,0,local-1c8d861c2a,CB-410-122,msdnet,msdnet,cifar100,2,p7,jointexit,4648aa4b6179df102f913788605506586ea64187887a010d75319591508daa37,1.4246638710021973,1.3651694887161254,0.67122,0.6201,NA,0.875,0.6171220799847845,0.6201,0.6171220799847844,0.6455874526309825,0.6201,0.6455874526309825,0.6201,0.6201,0.6201,0.6201,0.6162626262626263,0.6166308149526651,1.0169146060943604,2.139741897583008,0.16290444379244198,1.4177218675613403,0.6281,10,False,0.02078498708121478,0.27417732154329616,1.3651677370071411,0.5005118250846863,0.6010757088661194,1.5055744647979736,1.4246638710021973,1.4246638710021973,NA,NA,NA,NA,NA,NA,NA,NA,NA,NA,NA,0.05,0.05,0.05,[0.05],0.9,0.0005,1.9805966896169327,4.659242630004883,1.5754250288009644,1.9748178124427795,2.2310046792030334,2.358180103302002,0.18003162421877886,NA,0.0,58.1998291015625,13.377487182617188,0.22985440660440085,65536.0,0,782,782,0,0,49.85179400444031,47.814406394958496,2.0373876094818115,5439.829431056976,8.834557056427002,38.96236777305603,0.0,0.0,0.18483526059353295,0.0,0.0,61.1213872499783,63.309669494628906,70.79071998596191,82.32021570205687,89.50471878051758,1045.7099391130776,4908.246203845029,50000,5050000,6929.399366617203,58.64,92.0,4475.6640625,20475.0,34.62,65.82,68.0,80.89231999999998,113.351,2370.0,8551.0,3987.219620500894,0.0,45.59423828125,3388.0,641.94921875,20474.5,1,8.708,24,23999.095625,64860.765625,37.0,2200.05078125,-1,628174,3996.7638059999963,1.1102121683333324,0.0011102121683333323,422998.52674298635,117.49959076194065,0.11749959076194065,0.5273507799583328,0.0005273507799583328,55.81230561192179,0.05581230561192179,475.0,80.40432067510547,113.351,77.247,79.93527611999993,474,10.0,64,64,1,True,240,sgd,multistep,32,100,0.0,False,1.0.0
p7-msdnet-cifar100-jointexit-s2,101,79764,2026-09-01T14:58:06Z,1788274686.4834342,local,0,local-1c8d861c2a,CB-410-122,msdnet,msdnet,cifar100,2,p7,jointexit,4648aa4b6179df102f913788605506586ea64187887a010d75319591508daa37,1.4229902322387695,1.5189077322006226,0.67448,0.5882,NA,0.853,0.5845441002511599,0.5882,0.58454410025116,0.637304482624887,0.5882,0.637304482624887,0.5882,0.5882,0.5882,0.5882,0.584040404040404,0.5845864502314244,0.9431077241897583,1.9796255826950073,0.166071206765143,1.4103378057479858,0.6281,11,False,0.013886684034764752,0.18896306306123734,1.5189076662063599,0.5393416285514832,0.5911591053009033,1.5225796699523926,1.4229902322387695,1.4229902322387695,NA,NA,NA,NA,NA,NA,NA,NA,NA,NA,NA,0.05,0.05,0.05,[0.05],0.9,0.0005,1.9841973876099452,3.993391752243042,1.585111379623413,1.9837864637374878,2.2265755295753475,2.362946395874023,0.16577282739701477,NA,0.0,58.20721435546875,13.404820442199707,0.23029482840970694,65536.0,0,782,782,0,0,49.618807792663574,47.57271075248718,2.0460970401763916,5489.44823884964,8.37265682220459,39.17716646194458,0.0,0.0,0.17608176527115785,0.0,0.0,60.80540061911659,62.47138977050781,70.62733173370361,79.87815141677852,85.13879776000977,1051.022723093111,4887.353729390035,50000,5100000,6847.395475387573,58.857142857142854,91.0,4475.6640625,20475.0,33.97959183673469,66.14285714285714,68.0,80.71885714285715,113.174,2370.0,8551.0,3905.1278334998133,0.0,45.98681640625,3388.0,641.7529296875,20474.5,1,8.704081632653061,24,23995.199457908162,64860.765625,37.0,2200.03515625,-1,628173,4008.1376135000146,1.1133715593055595,0.0011133715593055597,427006.66435648635,118.6129623212462,0.11861296232124621,0.5288514906701408,0.0005288514906701408,56.34115710259193,0.05634115710259193,475.0,80.82534672304439,113.174,77.393,80.16275227000028,473,10.0,64,64,1,True,240,sgd,multistep,32,100,0.0,False,1.0.0
p7-msdnet-cifar100-jointexit-s2,102,80546,2026-09-01T14:58:56Z,1788274736.1023304,local,0,local-1c8d861c2a,CB-410-122,msdnet,msdnet,cifar100,2,p7,jointexit,4648aa4b6179df102f913788605506586ea64187887a010d75319591508daa37,1.4277890496063232,1.3364611707687377,0.67384,0.6261,NA,0.8794,0.6225876212278354,0.6261,0.6225876212278354,0.6405635959971776,0.6261,0.6405635959971775,0.6261,0.6261,0.6261,0.6261,0.6223232323232324,0.6225558916054582,0.9245412349700928,2.2995855808258057,0.1679298536858902,1.426105558872223,0.6281,12,False,0.02303165740519763,0.06384335458278656,1.3364611864089966,0.49169090390205383,0.6088205575942993,1.4659701585769653,1.4277890496063232,1.4277890496063232,NA,NA,NA,NA,NA,NA,NA,NA,NA,NA,NA,0.05,0.05,0.05,[0.05],0.9,0.0005,1.9793264962036388,2.5542914867401123,1.5033739805221558,1.9789061546325684,2.2345352172851562,2.319057083129883,0.15402167147641502,NA,0.0,58.20269012451172,13.395103454589844,0.23014577893107685,65536.0,1,782,782,0,0,49.55263018608093,47.502113342285156,2.0505168437957764,5539.000869035721,8.651885032653809,38.83495736122131,0.0,0.0,0.18219541659332847,0.0,0.0,60.724862396259745,62.947988510131836,69.5361852645874,80.252547264099,89.88070487976074,1052.5847479609142,4876.819242064203,50000,5150000,6788.710335493088,59.816326530612244,92.0,4475.6640625,20475.0,34.87755102040816,66.38775510204081,69.0,80.9865918367347,112.721,2370.0,8551.0,3917.286437000506,0.0,45.59423828125,3388.0,641.94921875,20474.5,1,8.659183673469387,24,23994.08418367347,64860.765625,37.0,2200.05859375,-1,628173,4001.6316920009867,1.111564358889163,0.001111564358889163,431008.29604848736,119.72452668013538,0.11972452668013538,0.5279930704723523,0.0005279930704723524,56.869150173064284,0.056869150173064285,475.0,80.97868498942917,113.572,77.518,80.03263384001974,473,10.0,64,64,1,True,240,sgd,multistep,32,100,0.0,False,1.0.0
p7-msdnet-cifar100-jointexit-s2,103,81328,2026-09-01T14:59:47Z,1788274787.3204176,local,0,local-1c8d861c2a,CB-410-122,msdnet,msdnet,cifar100,2,p7,jointexit,4648aa4b6179df102f913788605506586ea64187887a010d75319591508daa37,1.4260022471618652,1.7957678691864014,0.67226,0.5368,NA,0.8235,0.5479493937319803,0.5368,0.5479493937319803,0.6351538046473337,0.5368,0.6351538046473338,0.5367999999999999,0.5368,0.5368,0.5367999999999999,0.5321212121212121,0.5335262036590557,0.9742869734764099,2.205397129058838,0.17445076249685876,1.4224582314491272,0.6281,13,False,0.07363661636561157,0.15000438478069378,1.7957706451416016,0.61652672290802,0.6093116998672485,1.4247933626174927,1.4260022471618652,1.4260022471618652,NA,NA,NA,NA,NA,NA,NA,NA,NA,NA,NA,0.05,0.05,0.05,[0.05],0.9,0.0005,1.9941528381594003,4.344348907470703,1.532417893409729,1.9855658411979675,2.2589030265808105,2.403052523136139,0.18427921577380527,NA,0.0,58.20945739746094,13.461352348327637,0.23125713501178957,65536.0,0,782,782,0,0,51.15223002433777,49.10199761390686,2.050232410430908,5590.153099060059,8.922046422958374,40.14832615852356,0.0,0.0,0.18182145261161836,0.0,0.0,62.74983706071858,66.11227989196777,70.84546089172363,82.04616308212279,86.30967140197754,1018.2885102385081,4877.495814193205,50000,5200000,6956.7032833099365,56.0,92.0,4475.6640625,20475.0,32.09803921568628,66.0,69.0,80.34850980392156,113.572,2370.0,8551.0,4038.1754324992403,0.0,45.98681640625,3388.0,641.7529296875,20474.5,1,8.656862745098039,24,24008.19722732843,64860.765625,37.0,2200.05859375,-1,628172,4073.46557450005,1.1315182151389027,0.0011315182151389028,435081.7616229874,120.85604489527428,0.12085604489527428,0.5374711521909787,0.0005374711521909788,57.406621325255266,0.057406621325255265,475.0,79.74767827868853,113.572,75.847,81.469311490001,488,10.0,64,64,1,True,240,sgd,multistep,32,100,0.0,False,1.0.0
p7-msdnet-cifar100-jointexit-s2,104,82110,2026-09-01T15:00:42Z,1788274842.7276669,local,0,local-1c8d861c2a,CB-410-122,msdnet,msdnet,cifar100,2,p7,jointexit,4648aa4b6179df102f913788605506586ea64187887a010d75319591508daa37,1.428518344078064,1.3928859741210937,0.6759,0.6137,NA,0.8773,0.6172665658635058,0.6137,0.6172665658635059,0.6646644061992545,0.6137,0.6646644061992544,0.6137,0.6137,0.6137,0.6137,0.6097979797979798,0.6104294534788508,0.9872763752937317,1.989331841468811,0.16526631976857584,1.4214416146278381,0.6281,14,False,0.01563773687034846,0.2716513176759084,1.392884612083435,0.5093544125556946,0.6120651960372925,1.441022276878357,1.428518344078064,1.428518344078064,NA,NA,NA,NA,NA,NA,NA,NA,NA,NA,NA,0.05,0.05,0.05,[0.05],0.9,0.0005,1.9822475261480645,2.422941207885742,1.5587557554244995,1.9763922691345215,2.24593186378479,2.3291452884674078,0.15051098409432087,NA,0.0,58.22297668457031,13.421334266662598,0.2305161128977349,32768.0,1,782,782,0,0,55.35730290412903,53.20725750923157,2.150045394897461,5645.510401964188,10.710775375366211,42.48004221916199,0.0,0.0,0.20136512014186525,0.0,0.0,68.01894833059872,66.63703918457031,83.51879119873047,100.45081138610838,116.90640449523926,939.7214278771067,4651.064588558102,50000,5250000,7473.235892057419,53.92727272727273,90.0,4475.6640625,20475.0,31.12727272727273,65.01818181818182,67.0,76.62818181818182,112.604,2369.181818181818,8551.0,4163.048628500242,0.0,45.59423828125,3388.0,641.94921875,20474.5,1,10.490909090909094,24,24018.33465909091,64860.765625,37.00181818181818,2197.9375,-1,628172,4229.470861999393,1.1748530172220535,0.0011748530172220534,439311.2324849868,122.03089791249633,0.12203089791249633,0.5580551831804753,0.0005580551831804754,57.96467650843574,0.05796467650843574,475.0,76.505963878327,112.604,67.52,84.58941723998785,526,10.0,64,64,1,True,240,sgd,multistep,32,100,0.0,False,1.0.0
p7-msdnet-cifar100-jointexit-s2,105,82892,2026-09-01T15:01:46Z,1788274906.3089302,local,0,local-1c8d861c2a,CB-410-122,msdnet,msdnet,cifar100,2,p7,jointexit,4648aa4b6179df102f913788605506586ea64187887a010d75319591508daa37,1.4271873913574218,1.425032804107666,0.67426,0.6093,NA,0.8699,0.6083725236345829,0.6093,0.608372523634583,0.6519320977732701,0.6093,0.65193209777327,0.6093,0.6093,0.6093,0.6093,0.6053535353535353,0.6058024912125917,0.990227997303009,1.991477131843567,0.17288202637286695,1.4155511856079102,0.6281,15,False,0.016151785638555884,0.05964164808392525,1.4250359535217285,0.5185379385948181,0.606555700302124,1.4816447496414185,1.4271873913574218,1.4271873913574218,NA,NA,NA,NA,NA,NA,NA,NA,NA,NA,NA,0.05,0.05,0.05,[0.05],0.9,0.0005,1.9865814877288115,3.856753349304199,1.5393205881118774,1.9898659586906433,2.246134066581726,2.3358907675743104,0.17012919080227573,NA,0.0,58.21829605102539,13.411720275878906,0.23036950899635078,32768.0,0,782,782,0,0,63.502562522888184,61.328771114349365,2.1737914085388184,5709.012964487076,14.774361848831177,46.53755521774292,0.0,0.0,0.24097047614395722,0.0,0.0,78.40398601863694,81.00247383117676,99.56920146942139,103.33375692367548,120.64552307128906,815.2780349499172,4600.257393933584,50000,5300000,8509.343378067017,46.698412698412696,91.0,4475.6640625,20475.0,27.22222222222222,63.142857142857146,65.0,71.01330158730158,109.027,2369.7619047619046,8551.0,4431.126372499509,1.0,45.98681640625,3388.0,641.7529296875,20474.5,1,14.034920634920633,24,24017.812934027777,64860.765625,37.0,2197.94140625,-1,628184,4500.74906049958,1.2502080723609945,0.0012502080723609944,443811.9815454864,123.28110598485732,0.12328110598485732,0.5938488343714723,0.0005938488343714723,58.558525342807215,0.05855852534280721,475.0,70.9631089108911,109.027,66.442,90.0149812099916,606,10.0,64,64,1,True,240,sgd,multistep,32,100,0.0,False,1.0.0
p7-msdnet-cifar100-jointexit-s2,106,83674,2026-09-01T15:02:47Z,1788274967.958517,local,0,local-1c8d861c2a,CB-410-122,msdnet,msdnet,cifar100,2,p7,jointexit,4648aa4b6179df102f913788605506586ea64187887a010d75319591508daa37,1.4295396118164063,1.3887468021392821,0.67244,0.6122,NA,0.8767,0.6114928642317268,0.6122,0.611492864231727,0.6483409463599865,0.6122,0.6483409463599865,0.6122,0.6122,0.6122,0.6122,0.6082828282828283,0.6088531479927067,0.9614537358283997,1.9168133735656738,0.16663748395302394,1.4280966520309448,0.6281,16,False,0.017599180649220943,0.06316916644573212,1.388751745223999,0.5105773210525513,0.6247535347938538,1.397930383682251,1.4295396118164063,1.4295396118164063,NA,NA,NA,NA,NA,NA,NA,NA,NA,NA,NA,0.05,0.05,0.05,[0.05],0.9,0.0005,1.9932923711779174,3.6789047718048096,1.5469077825546265,1.9926416277885437,2.2504442334175105,2.37395651102066,0.1658635368918365,NA,0.0,58.281394958496094,13.502766609191895,0.2316822824643716,32768.0,0,782,782,0,0,61.53162622451782,59.48159718513489,2.0500290393829346,5770.544590711594,13.945922374725342,45.52314114570618,0.0,0.0,0.23450717985384123,0.0,0.0,76.0473958061784,75.08563995361328,99.46177005767821,102.21004486083982,133.1782341003418,840.5961232745034,4877.9796812098,50000,5350000,8183.70628786087,47.885245901639344,91.0,4475.6640625,20475.0,27.37704918032787,62.47540983606557,65.0,71.50250819672128,107.026,2368.032786885246,8551.0,4312.476420998908,1.0,45.59423828125,3388.0,641.94921875,20474.5,1,15.200000000000003,24,23990.37288678279,64860.765625,37.0,2197.94140625,-1,628183,4394.194006499351,1.2206094462498198,0.0012206094462498198,448206.17555198574,124.50171543110714,0.12450171543110715,0.5797894869686643,0.0005797894869686643,59.13831482977588,0.05913831482977588,475.0,71.5855938566553,112.294,64.499,87.88388012998703,586,10.0,64,64,1,True,240,sgd,multistep,32,100,0.0,False,1.0.0
p7-msdnet-cifar100-jointexit-s2,107,84456,2026-09-01T15:03:38Z,1788275018.5284827,local,0,local-1c8d861c2a,CB-410-122,msdnet,msdnet,cifar100,2,p7,jointexit,4648aa4b6179df102f913788605506586ea64187887a010d75319591508daa37,1.4248212110137939,1.4674966506958007,0.67422,0.601,NA,0.8685,0.6004218302069695,0.601,0.6004218302069695,0.6395637918092355,0.601,0.6395637918092355,0.601,0.601,0.601,0.601,0.5969696969696969,0.5974218267196986,0.9899080991744995,2.168184518814087,0.15464267925245753,1.420367181301117,0.6281,17,False,0.03548791770860553,0.24389785453677176,1.4674912691116333,0.5298576354980469,0.5655120611190796,1.6715452671051025,1.4248212110137939,1.4248212110137939,NA,NA,NA,NA,NA,NA,NA,NA,NA,NA,NA,0.05,0.05,0.05,[0.05],0.9,0.0005,1.981953870609898,3.663802146911621,1.5018335580825806,1.97653329372406,2.2173561811447144,2.328055639266967,0.1606784966455209,NA,0.0,58.287132263183594,13.375146865844727,0.22946997641695585,65536.0,0,782,782,0,0,50.50241303443909,48.45916271209717,2.043250322341919,5821.047003746033,8.692689418792725,39.74284791946411,0.0,0.0,0.1794692470961151,0.0,0.0,61.93802728677345,66.22695922851562,69.07408237457275,82.81290769577024,86.0903263092041,1031.7966139253615,4894.162937675824,50000,5400000,6666.3185205459595,57.8,92.0,4475.6640625,20475.0,33.2,63.88,67.0,79.31084000000001,112.294,2370.0,8551.0,3911.096694500238,0.0,45.98681640625,3388.0,641.7529296875,20474.5,1,8.698,24,23995.10546875,64860.765625,37.0,2197.9375,-1,628183,3997.2916249988834,1.110358784721912,0.001110358784721912,452203.46717698465,125.61207421582907,0.12561207421582907,0.5274204227429082,0.0005274204227429082,59.665735252518786,0.05966573525251879,475.0,79.32116216216217,112.676,75.308,79.94583249997767,481,10.0,64,64,1,True,240,sgd,multistep,32,100,0.0,False,1.0.0
p7-msdnet-cifar100-jointexit-s2,108,85238,2026-09-01T15:04:28Z,1788275068.8969154,local,0,local-1c8d861c2a,CB-410-122,msdnet,msdnet,cifar100,2,p7,jointexit,4648aa4b6179df102f913788605506586ea64187887a010d75319591508daa37,1.42521099193573,1.4671463077545166,0.67412,0.5987,NA,0.8603,0.5908636218070721,0.5987,0.5908636218070721,0.6359935308297313,0.5987,0.6359935308297313,0.5987,0.5987,0.5987,0.5987,0.5946464646464646,0.595220997920415,0.9504388570785522,2.092719316482544,0.16073725295622165,1.422378659248352,0.6281,18,False,0.027514281170070175,0.07331336784197512,1.4671446084976196,0.5272930860519409,0.6196402311325073,1.4197967052459717,1.42521099193573,1.42521099193573,NA,NA,NA,NA,NA,NA,NA,NA,NA,NA,NA,0.05,0.05,0.05,[0.05],0.9,0.0005,1.9940000187100657,3.1148552894592285,1.5543674230575562,1.9894051551818848,2.25561431646347,2.4370465302467346,0.15966611470254036,NA,0.0,58.31367492675781,13.475019454956055,0.23107820715948238,65536.0,0,782,782,0,0,50.314207792282104,48.270652532577515,2.04355525970459,5871.361211538315,8.77559232711792,39.48194718360901,0.0,0.0,0.1818491455654766,0.0,0.0,61.71040858149224,66.0560131072998,69.7258710861206,82.08386182785034,83.84943008422852,1035.8260635953773,4893.43263535999,50000,5450000,6591.161220788956,57.98,92.0,4475.6640625,20475.0,33.42,65.2,68.0,79.98804,112.676,2370.0,8551.0,3939.9404000001127,0.0,45.59423828125,3388.0,641.94921875,20474.5,1,8.872,24,24015.204140625,64860.765625,37.006,2200.62890625,-1,628183,4016.021880000844,1.1155616333335676,0.0011155616333335678,456219.4890569855,126.72763584916264,0.12672763584916263,0.5298917758334447,0.0005298917758334447,60.195627028352234,0.06019562702835223,475.0,79.91219624217119,113.017,76.761,80.32043760001687,479,10.0,64,64,1,True,240,sgd,multistep,32,100,0.0,False,1.0.0
p7-msdnet-cifar100-jointexit-s2,109,86020,2026-09-01T15:05:19Z,1788275119.0578427,local,0,local-1c8d861c2a,CB-410-122,msdnet,msdnet,cifar100,2,p7,jointexit,4648aa4b6179df102f913788605506586ea64187887a010d75319591508daa37,1.421716979484558,1.5100915767669678,0.67346,0.5879,NA,0.8556,0.5928920464933451,0.5879,0.5928920464933451,0.6475976355462898,0.5879,0.6475976355462897,0.5879000000000001,0.5879,0.5879,0.5879000000000001,0.5837373737373737,0.584404643019925,1.0041942596435547,2.0143797397613525,0.17036032077453137,1.409715712070465,0.6281,19,False,0.02075330920219421,0.06198548898100853,1.5100990533828735,0.5410731434822083,0.6053871512413025,1.462624192237854,1.421716979484558,1.421716979484558,NA,NA,NA,NA,NA,NA,NA,NA,NA,NA,NA,0.05,0.05,0.05,[0.05],0.9,0.0005,1.9828663590314137,3.842454671859741,1.580383062362671,1.9768516421318054,2.231789803504944,2.3223050332069395,0.16287007927184505,NA,0.0,58.261192321777344,13.47010612487793,0.23120203325881752,65536.0,0,782,782,0,0,50.09750175476074,48.03258919715881,2.0649125576019287,5921.458713293076,8.40487813949585,39.620694637298584,0.0,0.0,0.1750083893545361,0.0,0.0,61.41377592940465,64.49449062347412,70.70901393890381,81.08880281448361,84.04684066772461,1040.9599156682057,4842.820081259725,50000,5500000,6512.6752281188965,58.74,93.0,4475.6640625,20475.0,34.46,65.92,68.0,80.54741999999999,113.017,2370.0,8551.0,3962.8601864997227,0.0,45.98681640625,3388.0,641.7529296875,20474.5,1,8.572000000000001,24,24016.608984375,64860.765625,37.004,2200.7578125,-1,628183,4017.4805184996635,1.115966810694351,0.001115966810694351,460236.96957548516,127.84360265985698,0.12784360265985698,0.5300842350798167,0.0005300842350798167,60.725711263432046,0.06072571126343205,475.0,80.27233611691022,113.017,77.002,80.34961036999327,479,10.0,64,64,1,True,240,sgd,multistep,32,100,0.0,False,1.0.0
p7-msdnet-cifar100-jointexit-s2,110,86802,2026-09-01T15:06:08Z,1788275168.6741965,local,0,local-1c8d861c2a,CB-410-122,msdnet,msdnet,cifar100,2,p7,jointexit,4648aa4b6179df102f913788605506586ea64187887a010d75319591508daa37,1.4229742535400391,1.434219956588745,0.677,0.6083,NA,0.8661,0.6068396285408528,0.6083,0.6068396285408527,0.6479606666411916,0.6083,0.6479606666411916,0.6083000000000001,0.6083,0.6083,0.6083000000000001,0.6043434343434344,0.6048112443220305,1.0013539791107178,2.0146970748901367,0.17127058278355958,1.4209820628166199,0.6281,20,False,0.02693800397962332,0.06486202673209074,1.4342169761657715,0.5165598392486572,0.582690417766571,1.5924559831619263,1.4229742535400391,1.4229742535400391,NA,NA,NA,NA,NA,NA,NA,NA,NA,NA,NA,0.05,0.05,0.05,[0.05],0.9,0.0005,1.980807251722651,3.0473146438598633,1.5210500955581665,1.9773521423339844,2.247941255569458,2.4029149532318117,0.16289077533889507,NA,0.0,58.23424530029297,13.460929870605469,0.23115144364269366,65536.0,1,782,782,0,0,49.533687114715576,47.481374740600586,2.0510153770446777,5970.992400407791,8.492446184158325,38.95456600189209,0.0,0.0,0.1789880077349767,0.0,0.0,60.673928626662935,62.48760223388672,70.74940204620361,82.19791650772093,90.0111198425293,1053.0444889845571,4875.633850395149,50000,5550000,6389.845637798309,59.204081632653065,92.0,4475.6640625,20475.0,34.3469387755102,66.3265306122449,68.0,80.82926530612244,112.475,2370.0,8551.0,3907.6280105002693,0.0,45.59423828125,3388.0,641.94921875,20474.5,1,8.520408163265307,24,24010.56879783163,64860.765625,37.0,2198.0078125,-1,628183,3996.056273000073,1.1100156313889091,0.001110015631388909,464233.02584848524,128.9536182912459,0.1289536182912459,0.5272574249097318,0.0005272574249097318,61.252968688341774,0.06125296868834178,475.0,80.81843524416136,112.719,77.351,79.92112546000146,471,10.0,64,64,1,True,240,sgd,multistep,32,100,0.0,False,1.0.0
p7-msdnet-cifar100-jointexit-s2,111,87584,2026-09-01T15:06:59Z,1788275219.0190423,local,0,local-1c8d861c2a,CB-410-122,msdnet,msdnet,cifar100,2,p7,jointexit,4648aa4b6179df102f913788605506586ea64187887a010d75319591508daa37,1.4278906669998168,1.4439051809310912,0.67304,0.6004,NA,0.868,0.6018960410052374,0.6004,0.6018960410052374,0.6527109208240194,0.6004,0.6527109208240194,0.6004,0.6004,0.6004,0.6004,0.5963636363636364,0.5969246171842757,0.9109711050987244,1.9371089935302734,0.1585241641390495,1.424027144908905,0.6281,21,False,0.01635701730772854,0.06126633286476135,1.4438974857330322,0.5254094004631042,0.6068062782287598,1.4574451446533203,1.4278906669998168,1.4278906669998168,NA,NA,NA,NA,NA,NA,NA,NA,NA,NA,NA,0.05,0.05,0.05,[0.05],0.9,0.0005,1.9978207253739046,3.387767791748047,1.4293123483657837,1.9949030876159668,2.2645220041275023,2.3649565696716306,0.16604176341343677,NA,0.0,58.29484939575195,13.4511079788208,0.23074264910616626,65536.0,0,782,782,0,0,50.26924204826355,48.223414182662964,2.045827865600586,6021.261642456055,8.673604726791382,39.53720569610596,0.0,0.0,0.17990995485676223,0.0,0.0,61.65065271470248,64.25654888153076,71.53043746948242,81.20891571044919,84.95831489562988,1036.8407307414527,4887.996770473325,50000,5600000,6434.462982177734,59.06,95.0,4475.6640625,20475.0,34.78,66.14,69.0,80.69275999999999,112.806,2370.0,8551.0,3978.2131729995476,0.0,45.98681640625,3388.0,641.7529296875,20474.5,1,8.418,24,24017.925078125,64860.765625,37.001999999999995,2200.125,-1,628183,4020.7151384993995,1.1168653162498332,0.0011168653162498333,468253.74098698463,130.07048360749573,0.13007048360749573,0.5305110252186708,0.0005305110252186708,61.783479713560446,0.06178347971356045,475.0,80.17431106471815,112.806,75.861,80.41430276998798,479,10.0,64,64,1,True,240,sgd,multistep,32,100,0.0,False,1.0.0
p7-msdnet-cifar100-jointexit-s2,112,88366,2026-09-01T15:07:51Z,1788275271.0043073,local,0,local-1c8d861c2a,CB-410-122,msdnet,msdnet,cifar100,2,p7,jointexit,4648aa4b6179df102f913788605506586ea64187887a010d75319591508daa37,1.4182458742904662,1.4159204809188843,0.67524,0.6095,NA,0.8734,0.6101090930883708,0.6095,0.6101090930883708,0.6563088552314278,0.6095,0.6563088552314278,0.6094999999999999,0.6095,0.6095,0.6094999999999999,0.6055555555555556,0.6061382242360328,0.9711805582046509,2.0010647773742676,0.16491374656574603,1.4082613587379456,0.6281,22,False,0.021281479682773344,0.9347916319966316,1.4159208536148071,0.5140923261642456,0.6143280267715454,1.4187595844268799,1.4182458742904662,1.4182458742904662,NA,NA,NA,NA,NA,NA,NA,NA,NA,NA,NA,0.05,0.05,0.05,[0.05],0.9,0.0005,1.9822357809039908,2.4329493045806885,1.5487276315689087,1.977461338043213,2.2524404525756836,2.361676740646363,0.15695466969995175,NA,0.0,58.27163314819336,13.444561004638672,0.23072222757936386,32768.0,1,782,782,0,0,51.90588736534119,49.85585856437683,2.0500288009643555,6073.167529821396,9.022200107574463,40.82620167732239,0.0,0.0,0.1809927657561937,0.0,0.0,63.74475931572488,66.38979911804199,70.98350524902344,83.2350468635559,89.23578262329102,1002.8911634414447,4877.980248519383,50000,5650000,6592.047695398331,58.86538461538461,95.0,4475.6640625,20475.0,34.94230769230769,65.73076923076923,69.0,79.43957692307694,112.731,2370.0,8551.0,4069.7493870002413,0.0,45.59423828125,3388.0,641.94921875,20474.5,1,8.455769230769231,24,23992.621544471152,64860.765625,37.00192307692308,2200.125,-1,628183,4096.13672249998,1.1378157562499946,0.0011378157562499946,472349.8777094846,131.2082993637457,0.13120829936374573,0.5404624842187474,0.0005404624842187475,62.323942197779196,0.062323942197779196,475.0,79.02986032388665,112.731,75.783,81.92273444999961,494,10.0,64,64,1,True,240,sgd,multistep,32,100,0.0,False,1.0.0
p7-msdnet-cifar100-jointexit-s2,113,89148,2026-09-01T15:08:42Z,1788275322.9891446,local,0,local-1c8d861c2a,CB-410-122,msdnet,msdnet,cifar100,2,p7,jointexit,4648aa4b6179df102f913788605506586ea64187887a010d75319591508daa37,1.4224721143722534,1.4699777555465698,0.67626,0.5928,NA,0.8648,0.5961450613289234,0.5928,0.5961450613289234,0.6479562089691777,0.5928,0.6479562089691777,0.5928,0.5928,0.5928,0.5928,0.5886868686868687,0.5892878559007386,0.8560874462127686,1.9223301410675049,0.1622285644810692,1.4163901209831238,0.6281,23,False,0.020128123121336095,0.060749541968107224,1.4699748754501343,0.5333604216575623,0.589777946472168,1.5379976034164429,1.4224721143722534,1.4224721143722534,NA,NA,NA,NA,NA,NA,NA,NA,NA,NA,NA,0.05,0.05,0.05,[0.05],0.9,0.0005,1.9909330188770733,3.381783962249756,1.5560110807418823,1.9837520718574524,2.2656791806221004,2.4089576554298398,0.1620125363480819,NA,0.0,58.2667236328125,13.504939079284668,0.2317779040467526,32768.0,0,782,782,0,0,51.93510937690735,49.88434672355652,2.05076265335083,6125.102639198303,9.03579592704773,40.82895040512085,0.0,0.0,0.18120609431875495,0.0,0.0,63.76566027131532,66.47813320159912,70.75536251068115,83.01154851913451,87.01300621032715,1002.3184282052323,4876.234694278524,50000,5700000,6543.823781490326,57.73076923076923,94.0,4475.6640625,20475.0,34.19230769230769,65.34615384615384,68.0,79.30761538461539,112.537,2370.0,8551.0,4067.784267000616,0.0,45.98681640625,3388.0,641.7529296875,20474.5,1,8.63076923076923,24,23985.00871394231,64860.765625,36.996153846153845,2200.1171875,-1,628183,4089.7377064998973,1.136038251805527,0.001136038251805527,476439.6154159845,132.34433761555124,0.13234433761555126,0.5396181696076253,0.0005396181696076253,62.863560367386825,0.06286356036738683,475.0,78.89982626262626,112.537,75.694,81.79475412999794,495,10.0,64,64,1,True,240,sgd,multistep,32,100,0.0,False,1.0.0
p7-msdnet-cifar100-jointexit-s2,114,89930,2026-09-01T15:09:35Z,1788275375.078087,local,0,local-1c8d861c2a,CB-410-122,msdnet,msdnet,cifar100,2,p7,jointexit,4648aa4b6179df102f913788605506586ea64187887a010d75319591508daa37,1.4178916219329833,1.4775873483657838,0.67416,0.5941,NA,0.8697,0.5971032191044794,0.5941,0.5971032191044795,0.661135994488632,0.5941,0.6611359944886319,0.5941,0.5941,0.5941,0.5941,0.5900000000000001,0.5909073694056062,0.9179059863090515,2.200260639190674,0.16472739620273102,1.41606205701828,0.6281,24,False,0.03388291726112366,0.07745654277041947,1.4775923490524292,0.5411429405212402,0.6249867677688599,1.3716192245483398,1.4178916219329833,1.4178916219329833,NA,NA,NA,NA,NA,NA,NA,NA,NA,NA,NA,0.05,0.05,0.05,[0.05],0.9,0.0005,1.9972805996685077,4.511271953582764,1.583095669746399,1.9935944080352783,2.251682436466217,2.3923866724967953,0.1792614657537627,NA,0.0,58.30024337768555,13.460803985595703,0.2308876122247516,32768.0,0,782,782,0,0,52.034201860427856,49.98136281967163,2.0528390407562256,6177.136841058731,8.985780715942383,40.98132634162903,0.0,0.0,0.1798339196541655,0.0,0.0,63.896556339605375,66.36941432952881,73.4896183013916,82.4696373939514,85.66999435424805,1000.372882596171,4871.302523706971,50000,5750000,6504.275232553482,57.11538461538461,92.0,4475.6640625,20475.0,33.80769230769231,65.42307692307692,68.0,79.10153846153845,112.267,2370.0,8551.0,4051.049272499955,0.0,45.59423828125,3388.0,641.94921875,20474.5,1,8.78846153846154,24,23992.80694110577,64860.765625,37.0,2200.11328125,-1,628182,4090.7568655012783,1.136321351528133,0.0011363213515281328,480530.37228148576,133.48065896707936,0.1334806589670794,0.5397526419758631,0.0005397526419758631,63.40331300936269,0.0634033130093627,475.0,78.76490322580646,112.267,75.224,81.81513731002558,496,10.0,64,64,1,True,240,sgd,multistep,32,100,0.0,False,1.0.0
p7-msdnet-cifar100-jointexit-s2,115,90712,2026-09-01T15:10:24Z,1788275424.7263534,local,0,local-1c8d861c2a,CB-410-122,msdnet,msdnet,cifar100,2,p7,jointexit,4648aa4b6179df102f913788605506586ea64187887a010d75319591508daa37,1.4153221739959716,1.4617961200714111,0.67612,0.6002,NA,0.8632,0.5920096957393882,0.6002,0.5920096957393882,0.6366426795895256,0.6002,0.6366426795895257,0.6002,0.6002,0.6002,0.6002,0.5961616161616161,0.5966745065656428,0.9278970956802368,1.9097011089324951,0.15835948648727657,1.4160116910934448,0.6281,25,False,0.026416589689254765,0.06290497781314286,1.4617997407913208,0.5252349972724915,0.5770827531814575,1.6197326183319092,1.4153221739959716,1.4153221739959716,NA,NA,NA,NA,NA,NA,NA,NA,NA,NA,NA,0.05,0.05,0.05,[0.05],0.9,0.0005,2.00052994017101,3.2670798301696777,1.5476497411727905,1.9996551275253296,2.2664658188819886,2.403036587238312,0.1639995026389382,NA,0.0,58.352352142333984,13.511213302612305,0.23154530719953736,65536.0,0,782,782,0,0,49.600905656814575,47.52261471748352,2.0628955364227295,6226.737746715546,8.569537878036499,38.94016408920288,0.0,0.0,0.18037448190994082,0.0,0.0,60.754094587262635,63.58635425567627,70.54672241210938,79.12749052047728,83.46343040466309,1052.1306602602624,4847.555207444491,50000,5800000,6150.512301445007,59.244897959183675,92.0,4475.6640625,20475.0,34.142857142857146,65.79591836734694,68.0,80.47091836734694,112.088,2370.0,8551.0,3884.3793159995626,0.0,45.98681640625,3388.0,641.7529296875,20474.5,1,9.361224489795918,24,24001.40330038265,64860.765625,37.0,2200.1171875,-1,628182,3984.7932094999087,1.1068870026388635,0.0011068870026388635,484515.1654909857,134.58754596971824,0.13458754596971825,0.5257713262534601,0.0005257713262534601,63.92908433561616,0.06392908433561616,475.0,80.54451162790699,112.611,76.168,79.69586418999818,473,10.0,64,64,1,True,240,sgd,multistep,32,100,0.0,False,1.0.0
p7-msdnet-cifar100-jointexit-s2,116,91494,2026-09-01T15:11:14Z,1788275474.3453355,local,0,local-1c8d861c2a,CB-410-122,msdnet,msdnet,cifar100,2,p7,jointexit,4648aa4b6179df102f913788605506586ea64187887a010d75319591508daa37,1.418417006263733,1.5032269626617432,0.67546,0.5875,NA,0.8568,0.5862332569350763,0.5875,0.5862332569350763,0.6435493144316535,0.5875,0.6435493144316536,0.5875,0.5875,0.5875,0.5875,0.5833333333333333,0.5840275056630893,1.0085222721099854,2.1210217475891113,0.1603867188582373,1.4099957942962646,0.6281,26,False,0.02023213107436896,0.10476719836393991,1.5032340288162231,0.5352393984794617,0.5677527189254761,1.6634702682495117,1.418417006263733,1.418417006263733,NA,NA,NA,NA,NA,NA,NA,NA,NA,NA,NA,0.05,0.05,0.05,[0.05],0.9,0.0005,1.9895309947640694,4.506246566772461,1.5234158039093018,1.9743722081184387,2.2626953244209287,2.41161103725433,0.1799387098785149,NA,0.0,58.33535385131836,13.464676856994629,0.23081503698962016,65536.0,0,782,782,0,0,49.55037569999695,47.48318910598755,2.0671865940093994,6276.288122415543,8.802846193313599,38.67149901390076,0.0,0.0,0.18542322500481564,0.0,0.0,60.70888133914879,65.21391868591309,67.90194511413573,77.95628309249871,83.99677276611328,1053.0042514287459,4837.492671914324,50000,5850000,6094.696211099625,58.55102040816327,92.0,4475.6640625,20475.0,33.673469387755105,66.04081632653062,68.0,80.97851020408163,112.611,2370.0,8551.0,3904.891064000617,0.0,45.59423828125,3388.0,641.94921875,20474.5,1,9.06938775510204,24,24001.011559311224,64860.765625,37.0,2200.11328125,-1,628182,3985.5876225008424,1.1071076729169007,0.0011071076729169006,488500.7531134865,135.69465364263513,0.13569465364263514,0.5258761446355277,0.0005258761446355277,64.45496048025169,0.06445496048025169,475.0,80.6348152866242,112.611,77.162,79.71175245001686,471,10.0,64,64,1,True,240,sgd,multistep,32,100,0.0,False,1.0.0
p7-msdnet-cifar100-jointexit-s2,117,92276,2026-09-01T15:12:04Z,1788275524.5974839,local,0,local-1c8d861c2a,CB-410-122,msdnet,msdnet,cifar100,2,p7,jointexit,4648aa4b6179df102f913788605506586ea64187887a010d75319591508daa37,1.4192698526763916,1.4103824676513672,0.67586,0.6114,NA,0.8739,0.6122471928627305,0.6114,0.6122471928627304,0.6560431418997585,0.6114,0.6560431418997585,0.6114,0.6114,0.6114,0.6114,0.6074747474747475,0.6080761004122366,0.9826716184616089,1.9689799547195435,0.16817218249309837,1.4086503982543945,0.6281,27,False,0.019067936664074654,0.04675760348637903,1.4103814363479614,0.5169997811317444,0.6149207949638367,1.4250370264053345,1.4192698526763916,1.4192698526763916,NA,NA,NA,NA,NA,NA,NA,NA,NA,NA,NA,0.05,0.05,0.05,[0.05],0.9,0.0005,1.9969448492255315,2.4899721145629883,1.5597715377807617,1.9901670217514038,2.2587924003601074,2.353901672363282,0.1536783874762811,NA,0.0,58.39870071411133,13.507877349853516,0.23130441576056338,32768.0,1,782,782,0,0,50.185590505599976,48.13494801521301,2.050642490386963,6326.473712921143,8.8146653175354,39.31021428108215,0.0,0.0,0.18316233497212972,0.0,0.0,61.540766750150325,65.47427177429199,69.77646350860596,81.86839103698725,83.94718170166016,1038.7463176276317,4876.520430488577,50000,5900000,6122.642041683197,60.2,93.0,4529.1796875,20475.0,34.64,66.1,68.0,80.44569999999999,112.94,2370.0,8551.0,3968.1881745001338,0.0,45.98681640625,3388.0,641.7529296875,20474.5,1,11.442,24,24075.23671875,64860.765625,37.104,2200.11328125,-1,628182,4026.3092639993197,1.118419239999811,0.001118419239999811,492527.06237748585,136.81307288263497,0.13681307288263497,0.5312491389999102,0.0005312491389999102,64.9862096192516,0.0649862096192516,475.0,80.30158786610879,113.261,77.014,80.5261852799864,478,10.0,64,64,1,True,240,sgd,multistep,32,100,0.0,False,1.0.0
p7-msdnet-cifar100-jointexit-s2,118,93058,2026-09-01T15:12:54Z,1788275574.7316089,local,0,local-1c8d861c2a,CB-410-122,msdnet,msdnet,cifar100,2,p7,jointexit,4648aa4b6179df102f913788605506586ea64187887a010d75319591508daa37,1.421028296813965,1.6708536916732788,0.67392,0.5574,NA,0.8373,0.5634914334414968,0.5574,0.563491433441497,0.6424938473674071,0.5574,0.642493847367407,0.5573999999999999,0.5574,0.5574,0.5573999999999999,0.5529292929292929,0.5546716591502237,0.8958027362823486,2.3112940788269043,0.1663925117571409,1.4136765003204346,0.6281,28,False,0.03461407167613507,0.09036451460692685,1.6708565950393677,0.5823314189910889,0.5870085954666138,1.5601762533187866,1.421028296813965,1.421028296813965,NA,NA,NA,NA,NA,NA,NA,NA,NA,NA,NA,0.05,0.05,0.05,[0.05],0.9,0.0005,2.0009992305580004,4.990726470947266,1.5853034257888794,1.9934366941452026,2.2743009328842163,2.405336451530455,0.18998284170605467,NA,0.0,58.43436050415039,13.530402183532715,0.2315487337723444,32768.0,0,782,782,0,0,50.05783128738403,48.0127272605896,2.0451040267944336,6376.531544208527,9.17958402633667,38.82418155670166,0.0,0.0,0.1912263322438227,0.0,0.0,61.38588949237638,64.18323516845703,70.62582969665527,79.42606925964354,85.06035804748535,1041.3905406502834,4889.726815351463,50000,5950000,6056.997585773468,58.8,92.0,4529.1796875,20475.0,34.26,66.26,68.0,80.70776,113.261,2370.0,8551.0,3969.582892999707,0.0,45.59423828125,3388.0,641.94921875,20474.5,1,9.12,24,24083.8615625,64860.765625,37.102,2197.99609375,-1,628182,4012.082158499748,1.11446726624993,0.00111446726624993,496539.1445359856,137.9275401488849,0.1379275401488849,0.5293719514687167,0.0005293719514687167,65.51558157072031,0.06551558157072031,475.0,80.38646652719665,113.261,76.838,80.24164316999496,478,10.0,64,64,1,True,240,sgd,multistep,32,100,0.0,False,1.0.0
p7-msdnet-cifar100-jointexit-s2,119,93840,2026-09-01T15:13:45Z,1788275625.8831205,local,0,local-1c8d861c2a,CB-410-122,msdnet,msdnet,cifar100,2,p7,jointexit,4648aa4b6179df102f913788605506586ea64187887a010d75319591508daa37,1.422603454284668,1.4323753881454468,0.67424,0.6067,NA,0.8682,0.6008650403981204,0.6067,0.6008650403981204,0.6274557935246233,0.6067,0.6274557935246233,0.6066999999999999,0.6067,0.6067,0.6066999999999999,0.6027272727272728,0.603072194644117,0.9721446633338928,2.002786159515381,0.16612678489983682,1.423223614692688,0.6281,29,False,0.024722016213089223,0.05888829752802849,1.432374358177185,0.5162073969841003,0.5836313366889954,1.5949113368988037,1.422603454284668,1.422603454284668,NA,NA,NA,NA,NA,NA,NA,NA,NA,NA,NA,0.05,0.05,0.05,[0.05],0.9,0.0005,1.990355569535814,4.512498378753662,1.4456535577774048,1.984751045703888,2.2513951659202576,2.38644820690155,0.18212085650517085,NA,0.0,58.34148025512695,13.521393775939941,0.23176295350770953,32768.0,0,782,782,0,0,51.11061453819275,49.05118131637573,2.0594332218170166,6427.642158746719,8.651399612426758,40.38380575180054,0.0,0.0,0.17643241316448574,0.0,0.0,62.70486619466406,65.97888469696045,72.54631519317627,82.7508759498596,83.85181427001953,1019.3434420570725,4855.704906603917,50000,6000000,6133.27374458313,56.411764705882355,92.0,4529.1796875,20475.0,32.549019607843135,65.96078431372548,68.0,79.83701960784313,113.216,2370.0,8551.0,4008.391207499989,0.0,45.98681640625,3388.0,641.7529296875,20474.5,1,8.680392156862744,24,24057.299249387255,64860.765625,37.101960784313725,2200.11328125,-1,628182,4055.756585499246,1.1265990515275683,0.0011265990515275683,500594.9011214849,139.05413920041246,0.13905413920041246,0.5351345494755949,0.000535134549475595,66.0507161201959,0.0660507161201959,475.0,79.48370636550308,113.216,76.323,81.11513170998491,487,10.0,64,64,1,True,240,sgd,multistep,32,100,0.0,False,1.0.0
p7-msdnet-cifar100-jointexit-s2,120,94622,2026-09-01T15:14:37Z,1788275677.8358686,local,0,local-1c8d861c2a,CB-410-122,msdnet,msdnet,cifar100,2,p7,jointexit,4648aa4b6179df102f913788605506586ea64187887a010d75319591508daa37,1.4199112648773193,1.6525648496627807,0.67586,0.5595,NA,0.8318,0.5583253182429652,0.5595,0.5583253182429652,0.6176986102331784,0.5595,0.6176986102331784,0.5595000000000001,0.5595,0.5595,0.5595000000000001,0.5550505050505051,0.5557731037060382,0.9665874242782593,2.062133550643921,0.16524166846766636,1.4162100553512573,0.6281,30,False,0.020152970597147934,0.0633050873875618,1.6525686979293823,0.5712095499038696,0.5661128163337708,1.646674394607544,1.4199112648773193,1.4199112648773193,NA,NA,NA,NA,NA,NA,NA,NA,NA,NA,NA,0.05,0.05,0.05,[0.05],0.9,0.0005,1.9831146456091606,4.029116153717041,1.518940806388855,1.9788475036621094,2.2472852587699887,2.3965597558021536,0.17385596073141685,NA,0.0,58.33042526245117,13.424555778503418,0.23014671533939865,65536.0,0,782,782,0,0,51.885725259780884,49.8355495929718,2.050175666809082,6479.5278840065,8.809985160827637,41.015464067459106,0.0,0.0,0.1768169740018332,0.0,0.0,63.71540822031553,66.13802909851074,72.73905277252197,82.72670745849607,92.29755401611328,1003.2998614116095,4877.630810809554,50000,6050000,6174.401305913925,57.86538461538461,92.0,4529.1796875,20475.0,34.26923076923077,65.71153846153847,68.0,79.41503846153847,112.876,2370.0,8551.0,4070.7573110004605,0.0,45.59423828125,3388.0,641.94921875,20474.5,1,8.419230769230769,24,24057.38731971154,64860.765625,37.099999999999994,2200.71484375,-1,628182,4093.840512499596,1.1371779201387766,0.0011371779201387767,504688.7416339845,140.19131712055125,0.14019131712055125,0.5401595120659188,0.0005401595120659189,66.59087563226181,0.06659087563226182,475.0,79.01170707070706,112.876,76.359,81.87681024999192,495,10.0,64,64,1,True,240,sgd,multistep,32,100,0.0,False,1.0.0
p7-msdnet-cifar100-jointexit-s2,121,95404,2026-09-01T15:15:29Z,1788275729.9546375,local,0,local-1c8d861c2a,CB-410-122,msdnet,msdnet,cifar100,2,p7,jointexit,4648aa4b6179df102f913788605506586ea64187887a010d75319591508daa37,1.425764341468811,1.4561171062469482,0.67458,0.6003,NA,0.8632,0.6006346893983442,0.6003,0.6006346893983441,0.646985465744504,0.6003,0.6469854657445041,0.6003000000000001,0.6003,0.6003,0.6003000000000001,0.5962626262626263,0.5968304942753627,1.0233286619186401,1.9200129508972168,0.15588458123784785,1.4228686094284058,0.6281,31,False,0.022908659054338934,0.06277482211589813,1.4561164379119873,0.527726948261261,0.6157084703445435,1.4156304597854614,1.425764341468811,1.425764341468811,NA,NA,NA,NA,NA,NA,NA,NA,NA,NA,NA,0.05,0.05,0.05,[0.05],0.9,0.0005,1.9873019014782918,4.200422286987305,1.4955971240997314,1.9847453832626343,2.2187329173088073,2.3617358398437496,0.16578898007186574,NA,0.0,58.28145980834961,13.46989631652832,0.23111803240382417,65536.0,0,782,782,0,0,52.0686616897583,49.98519253730774,2.0834691524505615,6531.5965456962585,8.873427629470825,41.098167181015015,0.0,0.0,0.17756943045589693,0.0,0.0,63.90229515407396,66.42138957977295,70.83454132080078,82.97618389129637,84.00964736938477,1000.2962369842071,4799.687093153298,50000,6100000,6144.1020793914795,57.59615384615385,92.0,4529.1796875,20475.0,34.0,65.67307692307692,68.0,79.1680576923077,112.876,2370.0,8551.0,4058.235308999188,0.0,45.98681640625,3388.0,641.7529296875,20474.5,1,8.417307692307691,24,24074.54875300481,64860.765625,37.099999999999994,2200.7109375,-1,628182,4097.946392499849,1.1383184423610693,0.0011383184423610691,508786.68802648433,141.3296355629123,0.1413296355629123,0.5407012601215079,0.0005407012601215079,67.13157689238334,0.06713157689238333,475.0,78.8448404040404,112.876,75.512,81.95892784999698,495,10.0,64,64,1,True,240,sgd,multistep,32,100,0.0,False,1.0.0
p7-msdnet-cifar100-jointexit-s2,122,96186,2026-09-01T15:16:28Z,1788275788.8734381,local,0,local-1c8d861c2a,CB-410-122,msdnet,msdnet,cifar100,2,p7,jointexit,4648aa4b6179df102f913788605506586ea64187887a010d75319591508daa37,1.423345891647339,1.531932463645935,0.67574,0.582,NA,0.8608,0.5844301234054278,0.582,0.5844301234054278,0.643704872897269,0.582,0.6437048728972687,0.5820000000000001,0.582,0.582,0.5820000000000001,0.5777777777777777,0.5785312121483831,0.9658709764480591,2.0393788814544678,0.16166771258113033,1.4224093556404114,0.6281,32,False,0.0448545419123024,0.08051084202179792,1.5319291353225708,0.5489175319671631,0.6268545985221863,1.3525900840759277,1.423345891647339,1.423345891647339,NA,NA,NA,NA,NA,NA,NA,NA,NA,NA,NA,0.05,0.05,0.05,[0.05],0.9,0.0005,1.9903689203664774,4.2180867195129395,1.4843591451644897,1.9860662817955017,2.249220299720764,2.3633918380737304,0.17424967631539154,NA,0.0,58.29465103149414,13.459310531616211,0.2308841427722882,65536.0,0,782,782,0,0,58.834983587265015,56.651999711990356,2.182983875274658,6590.431529283524,12.623181819915771,44.028817892074585,0.0,0.0,0.2228197042309185,0.0,0.0,72.44501241942501,67.03388690948486,98.82071018218994,102.43107557296746,130.8574676513672,882.5813784895846,4580.885875183949,50000,6150000,6883.693079710007,50.741379310344826,91.0,4529.1796875,20475.0,29.03448275862069,64.79310344827586,68.0,74.00048275862069,112.045,2369.2241379310344,8551.0,4252.310574999819,1.0,45.59423828125,3388.0,641.94921875,20474.5,1,11.948275862068966,24,24067.865369073275,64860.765625,37.099999999999994,2200.7109375,-1,628181,4354.212448000365,1.2095034577778792,0.0012095034577778792,513140.9004744847,142.5391390206902,0.1425391390206902,0.5745141424444925,0.0005745141424444925,67.70609103482784,0.06770609103482783,475.0,74.16766785714286,112.045,66.264,87.0842489600073,560,10.0,64,64,1,True,240,sgd,multistep,32,100,0.0,False,1.0.0
p7-msdnet-cifar100-jointexit-s2,123,96968,2026-09-01T15:17:29Z,1788275849.3421476,local,0,local-1c8d861c2a,CB-410-122,msdnet,msdnet,cifar100,2,p7,jointexit,4648aa4b6179df102f913788605506586ea64187887a010d75319591508daa37,1.418766389350891,1.4966748741149902,0.67538,0.5903,NA,0.8583,0.5906225849300218,0.5903,0.5906225849300218,0.646714508985247,0.5903,0.6467145089852471,0.5903,0.5903,0.5903,0.5903,0.5861616161616161,0.5871437624085155,0.9719124436378479,1.934261441230774,0.15909066180876175,1.4162446856498718,0.6281,33,False,0.019046942105889326,0.058926329016685486,1.496674656867981,0.5394896268844604,0.5863093733787537,1.5774182081222534,1.418766389350891,1.418766389350891,NA,NA,NA,NA,NA,NA,NA,NA,NA,NA,NA,0.05,0.05,0.05,[0.05],0.9,0.0005,1.995251537895691,3.889862298965454,1.5682389736175537,1.9970760345458984,2.25174880027771,2.4070141315460205,0.16950101371883264,NA,0.0,58.343135833740234,13.501697540283203,0.23141878384389272,65536.0,1,782,782,0,0,60.41986083984375,58.2528977394104,2.1669631004333496,6650.851390123367,13.919453382492065,44.31972527503967,0.0,0.0,0.23900497402862914,0.0,0.0,74.47465301474647,70.75202465057373,99.20012950897217,101.57924890518187,117.26784706115723,858.3263998929449,4614.75324522148,50000,6200000,7008.703857421875,50.28333333333333,95.0,4529.1796875,20475.0,29.483333333333334,63.333333333333336,66.0,72.6006,107.378,2369.75,8551.0,4314.629948500309,1.0,45.98681640625,3388.0,641.7529296875,20474.5,1,13.055000000000001,24,24070.691015625,64860.765625,37.099999999999994,2200.58984375,-1,628181,4378.011884000953,1.216114412222487,0.001216114412222487,517518.9123584857,143.7552534329127,0.14375525343291268,0.5776543458056813,0.0005776543458056813,68.28374538063352,0.06828374538063352,475.0,72.58241493055556,107.378,65.626,87.56023768001906,576,10.0,64,64,1,True,240,sgd,multistep,32,100,0.0,False,1.0.0
p7-msdnet-cifar100-jointexit-s2,124,97750,2026-09-01T15:18:18Z,1788275898.7941265,local,0,local-1c8d861c2a,CB-410-122,msdnet,msdnet,cifar100,2,p7,jointexit,4648aa4b6179df102f913788605506586ea64187887a010d75319591508daa37,1.4266085562515258,1.442138694190979,0.67194,0.6036,NA,0.8718,0.6050709712307192,0.6036,0.6050709712307192,0.6525909676226642,0.6036,0.6525909676226643,0.6036,0.6036,0.6036,0.6036,0.5995959595959596,0.6001742727307702,0.9575130343437195,2.1199088096618652,0.17110123641726954,1.420335590839386,0.6281,34,False,0.028525783737748854,0.1882370263338089,1.4421426057815552,0.5215685367584229,0.5750741958618164,1.6214585304260254,1.4266085562515258,1.4266085562515258,NA,NA,NA,NA,NA,NA,NA,NA,NA,NA,NA,0.05,0.05,0.05,[0.05],0.9,0.0005,1.9952482543028225,3.868471384048462,1.4660159349441528,1.9901610016822815,2.261610102653503,2.364551045894622,0.17437506356425886,NA,0.0,58.33582305908203,13.49522590637207,0.23133685613219546,65536.0,0,782,782,0,0,49.40250205993652,47.33534646034241,2.067155599594116,6700.253892183304,9.007176637649536,38.32531547546387,0.0,0.0,0.19029584616260065,0.0,0.0,60.52748352060538,63.120245933532715,70.62299251556396,80.31527042388906,83.8775634765625,1056.293103123055,4837.565204072441,50000,6250000,5681.2877368927,59.53061224489796,91.0,4529.1796875,20475.0,34.38775510204081,65.3265306122449,68.0,80.93130612244897,112.83,2370.0,8551.0,3904.2060404998474,0.0,45.59423828125,3388.0,641.94921875,20474.5,1,8.863265306122448,24,24079.730389030614,64860.765625,37.099999999999994,2198.5859375,-1,628181,3972.2067194997153,1.1033907554165876,0.0011033907554165877,521491.1190779854,144.8586441883293,0.14485864418832928,0.5241106088228791,0.0005241106088228791,68.8078559894564,0.06880785598945639,475.0,80.57877872340427,112.83,77.114,79.4441343899943,470,10.0,64,64,1,True,240,sgd,multistep,32,100,0.0,False,1.0.0
p7-msdnet-cifar100-jointexit-s2,125,98532,2026-09-01T15:19:08Z,1788275948.5785508,local,0,local-1c8d861c2a,CB-410-122,msdnet,msdnet,cifar100,2,p7,jointexit,4648aa4b6179df102f913788605506586ea64187887a010d75319591508daa37,1.4177103694152833,1.4976602338790894,0.67544,0.5944,NA,0.8611,0.5925417980957974,0.5944,0.5925417980957974,0.6492626075946282,0.5944,0.6492626075946282,0.5944000000000002,0.5944,0.5944,0.5944000000000002,0.5903030303030303,0.5909873959649857,0.972353458404541,1.9538952112197876,0.16542907501209703,1.4157438278198242,0.6281,35,False,0.021214979521930227,0.060078322887420654,1.4976568222045898,0.5356786847114563,0.5980268716812134,1.5191891193389893,1.4177103694152833,1.4177103694152833,NA,NA,NA,NA,NA,NA,NA,NA,NA,NA,NA,0.05,0.05,0.05,[0.05],0.9,0.0005,1.9868060272672903,4.117239952087402,1.418468713760376,1.978151798248291,2.2492552280426024,2.3418354654312132,0.17523580201867991,NA,0.0,58.3383903503418,13.452550888061523,0.23059516738933655,65536.0,0,782,782,0,0,49.704129695892334,47.659544467926025,2.0445852279663086,6749.958021879196,8.824541330337524,38.8350031375885,0.0,0.0,0.18515790339280885,0.0,0.0,60.945709038268575,65.61386585235596,69.67654228210449,82.8109574317932,83.9390754699707,1049.1078032365385,4890.967548438525,50000,6300000,5666.270785331726,61.40816326530612,91.0,4529.1796875,20475.0,35.55102040816327,66.12244897959184,68.0,80.7811836734694,112.753,2370.0,8551.0,3909.4224085001624,0.0,45.98681640625,3388.0,641.7529296875,20474.5,1,9.120408163265306,24,24048.303491709183,64860.765625,37.09795918367347,2200.64453125,-1,628181,3995.272614000157,1.1097979483333769,0.001109797948333377,525486.3916919855,145.96844213666265,0.14596844213666266,0.527154025458354,0.000527154025458354,69.33501001491476,0.06933501001491475,475.0,80.57623890063425,113.265,75.158,79.90545228000313,473,10.0,64,64,1,True,240,sgd,multistep,32,100,0.0,False,1.0.0
p7-msdnet-cifar100-jointexit-s2,126,99314,2026-09-01T15:19:58Z,1788275998.4684968,local,0,local-1c8d861c2a,CB-410-122,msdnet,msdnet,cifar100,2,p7,jointexit,4648aa4b6179df102f913788605506586ea64187887a010d75319591508daa37,1.4204699991607665,1.4742560192108154,0.67282,0.5971,NA,0.8626,0.5970267841794819,0.5971,0.597026784179482,0.6505220085094815,0.5971,0.6505220085094816,0.5971000000000001,0.5971,0.5971,0.5971000000000001,0.593030303030303,0.593757411345124,0.9434543251991272,2.1209523677825928,0.16747604879949873,1.4134538769721985,0.6281,36,False,0.026140299087762834,0.06341227541210526,1.474259376525879,0.5338633060455322,0.609857439994812,1.4550789594650269,1.4204699991607665,1.4204699991607665,NA,NA,NA,NA,NA,NA,NA,NA,NA,NA,NA,0.05,0.05,0.05,[0.05],0.9,0.0005,1.9948279256246764,4.537881374359131,1.471724033355713,1.9908103942871094,2.250380277633667,2.3649328231811526,0.17518956870019722,NA,0.0,58.374332427978516,13.482771873474121,0.23097089615729632,65536.0,1,782,782,0,0,49.85209321975708,47.78470468521118,2.0673885345458984,6799.810115098953,8.998929262161255,38.769731760025024,0.0,0.0,0.18838562918859456,0.0,0.0,61.0852442738955,64.82994556427002,70.2190637588501,82.29628562927245,86.63368225097656,1046.35992477891,4837.020150252743,50000,6350000,5633.28653383255,58.04,92.0,4529.1796875,20475.0,33.54,66.48,69.0,80.9717,113.265,2370.0,8551.0,3987.9462010002753,0.0,45.59423828125,3388.0,641.94921875,20474.5,1,9.142000000000001,24,24060.063203125,64860.765625,37.099999999999994,2200.58984375,-1,628181,4005.8058575003633,1.1127238493056564,0.0011127238493056565,529492.197549486,147.0811659859683,0.14708116598596832,0.5285438284201869,0.0005285438284201869,69.86355384333494,0.06986355384333494,475.0,80.53799157894736,113.265,77.312,80.11611715000727,475,10.0,64,64,1,True,240,sgd,multistep,32,100,0.0,False,1.0.0
p7-msdnet-cifar100-jointexit-s2,127,100096,2026-09-01T15:20:49Z,1788276049.414002,local,0,local-1c8d861c2a,CB-410-122,msdnet,msdnet,cifar100,2,p7,jointexit,4648aa4b6179df102f913788605506586ea64187887a010d75319591508daa37,1.4228658840942383,1.4145133056640624,0.67238,0.6076,NA,0.8716,0.6030631034251965,0.6076,0.6030631034251966,0.6362549995489504,0.6076,0.6362549995489505,0.6075999999999999,0.6076,0.6076,0.6075999999999999,0.6036363636363636,0.6040557055471075,0.9712696671485901,2.090996503829956,0.1699156763526374,1.4158457517623901,0.6281,37,False,0.020355012191832056,0.10710411767164865,1.4145148992538452,0.5140882134437561,0.5874797701835632,1.5663384199142456,1.4228658840942383,1.4228658840942383,NA,NA,NA,NA,NA,NA,NA,NA,NA,NA,NA,0.05,0.05,0.05,[0.05],0.9,0.0005,1.9940095010315975,4.588474273681641,1.5433555841445923,1.97825026512146,2.2562998533248897,2.3994851398468016,0.18100179495015314,NA,0.0,58.330169677734375,13.51198673248291,0.23164662141623543,65536.0,0,782,782,0,0,50.8513388633728,48.80100059509277,2.0503382682800293,6850.661453962326,8.966569900512695,39.82460021972656,0.0,0.0,0.18377443866207335,0.0,0.0,62.39280066526759,66.02728366851807,70.81706523895264,82.778742313385,88.75155448913574,1024.5691561706994,4877.243991738357,50000,6400000,5695.349952697754,57.23529411764706,92.0,4529.1796875,20475.0,33.509803921568626,66.25490196078431,68.0,80.17911764705882,112.831,2370.0,8551.0,4023.7555674996415,0.0,45.98681640625,3388.0,641.7529296875,20474.5,1,8.635294117647058,24,24072.942631740196,64860.765625,37.099999999999994,2200.59375,-1,628180,4047.473475498707,1.1242981876385298,0.0011242981876385299,533539.6710249847,148.20546417360686,0.14820546417360686,0.5340416391283017,0.0005340416391283017,70.39759548246325,0.07039759548246324,475.0,79.77078762886597,112.831,75.82,80.94946950997414,485,10.0,64,64,1,True,240,sgd,multistep,32,100,0.0,False,1.0.0
p7-msdnet-cifar100-jointexit-s2,128,100878,2026-09-01T15:21:41Z,1788276101.169749,local,0,local-1c8d861c2a,CB-410-122,msdnet,msdnet,cifar100,2,p7,jointexit,4648aa4b6179df102f913788605506586ea64187887a010d75319591508daa37,1.4181047540283203,1.5481267976760864,0.67558,0.5766,NA,0.8513,0.5766547437310539,0.5766,0.576654743731054,0.6356826062798395,0.5766,0.6356826062798395,0.5766000000000001,0.5766,0.5766,0.5766000000000001,0.5723232323232323,0.5732608753372264,0.8908119797706604,2.0628204345703125,0.16735097609912408,1.4162600636482239,0.6281,38,False,0.025430587755143633,0.06733039602056723,1.5481255054473877,0.5546079277992249,0.5935748815536499,1.5185922384262085,1.4181047540283203,1.4181047540283203,NA,NA,NA,NA,NA,NA,NA,NA,NA,NA,NA,0.05,0.05,0.05,[0.05],0.9,0.0005,1.98604480613528,4.324531555175781,1.5230377912521362,1.9787757396697998,2.2557338595390317,2.3906545543670634,0.17952551375474926,NA,0.0,58.30839920043945,13.505607604980469,0.2316237075649074,65536.0,0,782,782,0,0,51.697847843170166,49.64422917366028,2.0536186695098877,6902.359301805496,8.840460777282715,40.79676795005798,0.0,0.0,0.178101417100534,0.0,0.0,63.474717042635156,66.16771221160889,73.21975231170654,82.23569393157956,83.3737850189209,1007.1664085083324,4869.453199111488,50000,6450000,5738.461110591888,57.03846153846154,91.0,4529.1796875,20475.0,33.36538461538461,65.88461538461539,68.0,79.53549999999998,112.481,2370.0,8551.0,4074.4169155001014,0.0,45.59423828125,3388.0,641.94921875,20474.5,1,8.588461538461539,24,24075.772911658652,64860.765625,37.099999999999994,2200.60546875,-1,628180,4074.103504499628,1.1316954179165633,0.0011316954179165634,537613.7745294843,149.33715959152343,0.14933715959152344,0.5375553235103676,0.0005375553235103676,70.9351508059736,0.07093515080597361,475.0,79.0250770791075,112.68,75.585,81.48207008999256,493,10.0,64,64,1,True,240,sgd,multistep,32,100,0.0,False,1.0.0
p7-msdnet-cifar100-jointexit-s2,129,101660,2026-09-01T15:22:32Z,1788276152.8031876,local,0,local-1c8d861c2a,CB-410-122,msdnet,msdnet,cifar100,2,p7,jointexit,4648aa4b6179df102f913788605506586ea64187887a010d75319591508daa37,1.4189225490570068,1.4087789945602418,0.6756,0.6143,NA,0.876,0.615671863434391,0.6143,0.6156718634343908,0.6575860985476791,0.6143,0.6575860985476791,0.6143,0.6143,0.6143,0.6143,0.6104040404040404,0.6108810779648147,0.833016574382782,1.9460132122039795,0.16861410397442336,1.4108065366744995,0.6281,39,False,0.0316140047736466,0.07632937963653663,1.4087878465652466,0.5132281184196472,0.5855342745780945,1.5769249200820923,1.4189225490570068,1.4189225490570068,NA,NA,NA,NA,NA,NA,NA,NA,NA,NA,NA,0.05,0.05,0.05,[0.05],0.9,0.0005,1.9815468946889176,2.4737064838409424,1.444855809211731,1.9721747636795044,2.2560863494873047,2.3567737579345707,0.15913233593337794,NA,0.0,58.270599365234375,13.45103931427002,0.23083749713917015,65536.0,1,782,782,0,0,51.58536338806152,49.53436517715454,2.0509982109069824,6953.944665193558,8.674801588058472,40.84314775466919,0.0,0.0,0.17518499257749404,0.0,0.0,63.322185860265556,66.21003150939941,72.93980121612549,82.86146879196167,86.33303642272949,1009.4002380202141,4875.6746577452395,50000,6500000,5674.389972686768,57.01960784313726,92.0,4529.1796875,20475.0,32.90196078431372,65.54901960784314,68.0,78.89294117647057,112.481,2370.0,8551.0,3969.676108000027,0.0,45.98681640625,3388.0,641.7529296875,20474.5,1,8.668627450980393,24,24083.50114889706,64860.765625,37.099999999999994,2200.59375,-1,628180,4072.5107709993704,1.1312529919442695,0.0011312529919442695,541686.2853004837,150.46841258346768,0.1504684125834677,0.537345171173528,0.000537345171173528,71.47249597714713,0.07147249597714714,475.0,79.03949083503055,112.99,75.39,81.45021541998742,491,10.0,64,64,1,True,240,sgd,multistep,32,100,0.0,False,1.0.0
p7-msdnet-cifar100-jointexit-s2,130,102442,2026-09-01T15:23:24Z,1788276204.6050594,local,0,local-1c8d861c2a,CB-410-122,msdnet,msdnet,cifar100,2,p7,jointexit,4648aa4b6179df102f913788605506586ea64187887a010d75319591508daa37,1.4135336221694945,1.5243449838638305,0.6755,0.5908,NA,0.8484,0.5846577794455142,0.5908,0.5846577794455142,0.6380976939286392,0.5908,0.6380976939286391,0.5908,0.5908,0.5908,0.5908,0.5866666666666667,0.5873258262906564,0.9420971274375916,2.040717601776123,0.16827806235238185,1.3995383977890015,0.6281,40,False,0.018446529861539603,0.22837873016084942,1.5243480205535889,0.5365995168685913,0.576877236366272,1.6195216178894043,1.4135336221694945,1.4135336221694945,NA,NA,NA,NA,NA,NA,NA,NA,NA,NA,NA,0.05,0.05,0.05,[0.05],0.9,0.0005,1.9996156303778938,3.97542667388916,1.4312130212783813,1.9886776804924011,2.277317833900451,2.4365060973167414,0.1720229370410124,NA,0.0,58.36149215698242,13.562948226928711,0.23239550130840902,65536.0,0,782,782,0,0,51.70180106163025,49.63713502883911,2.0637357234954834,7005.646466255188,8.880985260009766,40.741703748703,0.0,0.0,0.17897025407975048,0.0,0.0,63.45612405206236,66.38479232788086,70.46105861663818,83.00548315048218,84.9146842956543,1007.3103528426865,4845.581673152583,50000,6550000,5635.496315717697,57.86274509803921,92.0,4529.1796875,20475.0,33.627450980392155,65.50980392156863,68.0,79.10866666666666,112.99,2370.0,8551.0,3980.833951999382,0.0,45.59423828125,3388.0,641.94921875,20474.5,1,8.749019607843138,24,24088.284773284315,64860.765625,37.10588235294118,2200.01171875,-1,628180,4068.2510159996714,1.1300697266665753,0.0011300697266665755,545754.5363164834,151.59848231013427,0.15159848231013429,0.5367831201666233,0.0005367831201666233,72.00927909731377,0.07200927909731376,475.0,78.93090224032586,112.99,73.324,81.36502031999343,491,10.0,64,64,1,True,240,sgd,multistep,32,100,0.0,False,1.0.0
p7-msdnet-cifar100-jointexit-s2,131,103224,2026-09-01T15:24:15Z,1788276255.8399584,local,0,local-1c8d861c2a,CB-410-122,msdnet,msdnet,cifar100,2,p7,jointexit,4648aa4b6179df102f913788605506586ea64187887a010d75319591508daa37,1.4169742566680907,1.6450315111160279,0.67426,0.5586,NA,0.829,0.5631678568602804,0.5586,0.5631678568602804,0.6283132903196245,0.5586,0.6283132903196245,0.5586000000000001,0.5586,0.5586,0.5586000000000001,0.5541414141414142,0.5549056868624949,0.9543647766113281,2.0330593585968018,0.16590397409867857,1.4102417826652527,0.6281,41,False,0.018002168710529797,0.18747609853744507,1.6450347900390625,0.5702240467071533,0.5409695506095886,1.7463500499725342,1.4169742566680907,1.4169742566680907,NA,NA,NA,NA,NA,NA,NA,NA,NA,NA,NA,0.05,0.05,0.05,[0.05],0.9,0.0005,1.9950085169519,4.123319625854492,1.583780288696289,1.9819163084030151,2.254423952102661,2.4116075801849357,0.17420264735179858,NA,0.0,58.37579345703125,13.522848129272461,0.2316516372360102,65536.0,0,782,782,0,0,51.151976585388184,49.10246229171753,2.0495142936706543,7056.798442840576,9.201698303222656,39.90076398849487,0.0,0.0,0.18739789969300122,0.0,0.0,62.79087249580247,66.31028652191162,70.72935104370117,82.97693967819214,84.04064178466797,1018.2788737344821,4879.204810077282,50000,6600000,5524.413471221924,58.1764705882353,92.0,4529.1796875,20475.0,33.72549019607843,65.68627450980392,68.0,79.60843137254902,112.605,2370.0,8551.0,4000.6708075004767,0.0,45.98681640625,3388.0,641.7529296875,20474.5,1,8.68235294117647,24,24075.381893382353,64860.765625,37.099999999999994,2200.01171875,-1,628180,4043.354042001035,1.123153900555843,0.001123153900555843,549797.8903584845,152.72163621069012,0.15272163621069013,0.5334981027640253,0.0005334981027640254,72.5427772000778,0.07254277720007779,475.0,79.23944969199178,112.605,75.547,80.8670808400207,487,10.0,64,64,1,True,240,sgd,multistep,32,100,0.0,False,1.0.0
p7-msdnet-cifar100-jointexit-s2,132,104006,2026-09-01T15:25:05Z,1788276305.8580563,local,0,local-1c8d861c2a,CB-410-122,msdnet,msdnet,cifar100,2,p7,jointexit,4648aa4b6179df102f913788605506586ea64187887a010d75319591508daa37,1.4256901122665406,1.5095696657180786,0.67244,0.5901,NA,0.8607,0.5885171784763823,0.5901,0.5885171784763823,0.6526660474124101,0.5901,0.6526660474124099,0.5901000000000001,0.5901,0.5901,0.5901000000000001,0.585959595959596,0.5867132835994562,0.9711931347846985,2.066114902496338,0.1683201793171501,1.420628845691681,0.6281,42,False,0.02378953469097614,0.0644727423787117,1.5095653533935547,0.5421845316886902,0.5760040879249573,1.6153000593185425,1.4256901122665406,1.4256901122665406,NA,NA,NA,NA,NA,NA,NA,NA,NA,NA,NA,0.05,0.05,0.05,[0.05],0.9,0.0005,1.9897846058297248,3.168815851211548,1.548464298248291,1.9897723197937012,2.255580186843872,2.3783528327941896,0.1655451808239834,NA,0.0,58.37057876586914,13.469858169555664,0.23076451277937055,65536.0,1,782,782,0,0,49.98496675491333,47.939180850982666,2.045785903930664,7106.7834095954895,8.935353517532349,38.98339104652405,0.0,0.0,0.18646885678709352,0.0,0.0,61.27716696170895,64.18156623840332,70.43664455413818,79.3841171264648,83.24289321899414,1042.9882011422624,4888.097029501735,50000,6650000,5348.391442775726,58.46,91.0,4529.1796875,20475.0,34.32,65.72,68.0,80.89992000000001,112.76,2370.0,8551.0,3988.9149894995926,0.0,45.59423828125,3388.0,641.94921875,20474.5,1,8.797999999999998,24,24054.258203125,64860.765625,37.099999999999994,2200.01171875,-1,628180,4000.0135429990883,1.1111148730553022,0.0011111148730553024,553797.9039014835,153.83275108374542,0.15383275108374542,0.5277795647012686,0.0005277795647012686,73.07055676477906,0.07307055676477905,475.0,80.19432914046124,112.76,77.008,80.00027085998177,477,10.0,64,64,1,True,240,sgd,multistep,32,100,0.0,False,1.0.0
p7-msdnet-cifar100-jointexit-s2,133,104788,2026-09-01T15:25:55Z,1788276355.4670548,local,0,local-1c8d861c2a,CB-410-122,msdnet,msdnet,cifar100,2,p7,jointexit,4648aa4b6179df102f913788605506586ea64187887a010d75319591508daa37,1.4149669486236571,1.371226805305481,0.67592,0.6175,NA,0.8798,0.6252865588471548,0.6175,0.6252865588471548,0.6683935018867081,0.6175,0.6683935018867081,0.6175,0.6175,0.6175,0.6175,0.6136363636363636,0.6143476563145222,0.928211510181427,1.9618695974349976,0.1591037716323921,1.4118528962135315,0.6281,43,False,0.01660881244838237,0.06284385919570923,1.3712290525436401,0.5061707496643066,0.6153213977813721,1.4319294691085815,1.4149669486236571,1.4149669486236571,NA,NA,NA,NA,NA,NA,NA,NA,NA,NA,NA,0.05,0.05,0.05,[0.05],0.9,0.0005,1.9893073239899657,4.315128326416016,1.5487890243530273,1.9867750406265259,2.247748911380768,2.3956398773193355,0.17310665455189572,NA,0.0,58.344791412353516,13.47070598602295,0.2308810377059769,65536.0,0,782,782,0,0,49.51792120933533,47.46794271469116,2.049978494644165,7156.301330804825,8.819890260696411,38.64805245399475,0.0,0.0,0.18580729975404403,0.0,0.0,60.700694008556475,63.80009651184082,70.53892612457275,79.17498826980591,83.76049995422363,1053.3424694751975,4878.099953792832,50000,6700000,5248.899648189545,58.734693877551024,94.0,4529.1796875,20475.0,33.93877551020408,66.14285714285714,68.0,80.79761224489796,112.76,2370.0,8551.0,3901.8581725005256,0.0,45.98681640625,3388.0,641.7529296875,20474.5,1,8.959183673469388,24,24058.684948979593,64860.765625,37.099999999999994,2200.01171875,-1,628180,3975.0153105004265,1.1041709195834517,0.0011041709195834517,557772.9192119839,154.93692200332887,0.15493692200332887,0.5244811868021395,0.0005244811868021395,73.59503795158119,0.07359503795158119,475.0,80.46373940677965,113.091,76.412,79.50030621000853,472,10.0,64,64,1,True,240,sgd,multistep,32,100,0.0,False,1.0.0
p7-msdnet-cifar100-jointexit-s2,134,105570,2026-09-01T15:26:44Z,1788276404.5953634,local,0,local-1c8d861c2a,CB-410-122,msdnet,msdnet,cifar100,2,p7,jointexit,4648aa4b6179df102f913788605506586ea64187887a010d75319591508daa37,1.411608539276123,1.365479920387268,0.6781,0.6234,NA,0.877,0.6236827108723744,0.6234,0.6236827108723745,0.6582716020617512,0.6234,0.6582716020617512,0.6234000000000001,0.6234,0.6234,0.6234000000000001,0.6195959595959596,0.6200349055298645,0.8981956243515015,2.0741755962371826,0.16806760235433907,1.4043089151382446,0.6281,44,False,0.017583358281850824,0.0629580020904541,1.3654881715774536,0.5026448369026184,0.6097599864006042,1.4574476480484009,1.411608539276123,1.411608539276123,NA,NA,NA,NA,NA,NA,NA,NA,NA,NA,NA,0.05,0.05,0.05,[0.05],0.9,0.0005,1.9896267687618046,2.6802022457122803,1.540307641029358,1.9875211715698242,2.253000497817993,2.3532329082489016,0.16179854405129954,NA,0.0,58.41240310668945,13.460855484008789,0.2304451583582809,32768.0,1,782,782,0,0,49.068852186203,47.001976013183594,2.066876173019409,7205.370182991028,9.030212640762329,37.96253824234009,0.0,0.0,0.19216182221861372,0.0,0.0,60.09303181982406,62.757253646850586,67.36688613891602,75.77420711517331,83.77361297607422,1063.785062695566,4838.219207583896,50000,6750000,5152.229479551315,60.44897959183673,92.0,4529.1796875,20475.0,34.91836734693877,66.3061224489796,68.0,81.4619387755102,112.553,2370.0,8551.0,3930.750239998888,0.0,45.59423828125,3388.0,641.94921875,20474.5,1,8.84081632653061,24,24058.094626913266,64860.765625,37.099999999999994,2200.01171875,-1,628180,3968.2458604996627,1.102290516805462,0.0011022905168054618,561741.1650724836,156.03921252013433,0.15603921252013433,0.5235879954825943,0.0005235879954825943,74.11862594706378,0.07411862594706378,475.0,81.07646695095949,112.553,78.196,79.36491720999325,469,10.0,64,64,1,True,240,sgd,multistep,32,100,0.0,False,1.0.0
p7-msdnet-cifar100-jointexit-s2,135,106352,2026-09-01T15:27:35Z,1788276455.9640222,local,0,local-1c8d861c2a,CB-410-122,msdnet,msdnet,cifar100,2,p7,jointexit,4648aa4b6179df102f913788605506586ea64187887a010d75319591508daa37,1.4172828463363647,1.5836036016464234,0.67802,0.5807,NA,0.8564,0.5854851922612583,0.5807,0.5854851922612583,0.650659124231057,0.5807,0.6506591242310569,0.5807,0.5807,0.5807,0.5807,0.5764646464646465,0.5776307706208503,0.9328516721725464,1.9358144998550415,0.1679288404284927,1.4194229245185852,0.6281,45,False,0.05389203722774983,0.10699748884188398,1.5836049318313599,0.562500536441803,0.6340583562850952,1.3213772773742676,1.4172828463363647,1.4172828463363647,NA,NA,NA,NA,NA,NA,NA,NA,NA,NA,NA,0.05,0.05,0.05,[0.05],0.9,0.0005,1.996748594371864,3.503504991531372,1.5332982540130615,1.9937489032745361,2.2568123817443846,2.367189421653747,0.16783978949478884,NA,0.0,58.3643798828125,13.527475357055664,0.23177622008863866,32768.0,0,782,782,0,0,51.295936822891235,49.24085354804993,2.0540530681610107,7256.666119813919,8.583421230316162,40.644232511520386,0.0,0.0,0.17436177794152044,0.0,0.0,62.95096386424111,66.22779369354248,70.71809768676758,82.97522783279418,88.9289379119873,1015.4170043216104,4868.423389349418,50000,6800000,5334.7774295806885,57.549019607843135,92.0,4529.1796875,20475.0,33.23529411764706,65.94117647058823,69.0,79.30788235294118,112.386,2370.0,8551.0,3987.0910464991357,0.0,45.98681640625,3388.0,641.7529296875,20474.5,1,8.829411764705883,24,24058.897824754902,64860.765625,37.099999999999994,2200.00390625,-1,628180,4050.9992114993597,1.125277558749822,0.001125277558749822,565792.164283983,157.16449007888414,0.15716449007888414,0.5345068404061655,0.0005345068404061655,74.65313278746994,0.07465313278746995,475.0,79.16946012269938,112.386,75.719,81.0199842299872,489,10.0,64,64,1,True,240,sgd,multistep,32,100,0.0,False,1.0.0
p7-msdnet-cifar100-jointexit-s2,136,107134,2026-09-01T15:28:27Z,1788276507.6486373,local,0,local-1c8d861c2a,CB-410-122,msdnet,msdnet,cifar100,2,p7,jointexit,4648aa4b6179df102f913788605506586ea64187887a010d75319591508daa37,1.4183550051498413,1.537165564727783,0.67386,0.578,NA,0.8542,0.5730286313036153,0.578,0.5730286313036153,0.6314890499279824,0.578,0.6314890499279825,0.578,0.578,0.578,0.578,0.5737373737373737,0.5744600347987515,0.9358733892440796,2.2015738487243652,0.17021446870126053,1.4081562161445618,0.6281,46,False,0.019075132165104147,0.06612735241651535,1.5371640920639038,0.5518681406974792,0.5829024314880371,1.571656584739685,1.4183550051498413,1.4183550051498413,NA,NA,NA,NA,NA,NA,NA,NA,NA,NA,NA,0.05,0.05,0.05,[0.05],0.9,0.0005,1.9966495242874946,4.088593006134033,1.5609209537506104,1.9887566566467285,2.2583631873130794,2.432361075878143,0.173533346837273,NA,0.0,58.36716079711914,13.578265190124512,0.23263535530401713,32768.0,0,782,782,0,0,51.63571047782898,49.58553981781006,2.050170660018921,7308.301830291748,9.091129064559937,40.4773736000061,0.0,0.0,0.18340535977211825,0.0,0.0,63.386832051874734,66.18654727935791,72.43385314941406,83.0881357192993,84.78951454162598,1008.3584888601148,4877.642722634471,50000,6850000,5318.478179216385,55.294117647058826,91.0,4529.1796875,20475.0,31.92156862745098,65.3921568627451,68.0,78.75923529411764,112.49,2370.0,8551.0,3967.892242000039,0.0,45.59423828125,3388.0,641.94921875,20474.5,1,8.51372549019608,24,24072.442325367647,64860.765625,37.099999999999994,2200.0078125,-1,628179,4057.323903998963,1.1270344177774898,0.0011270344177774898,569849.4881879819,158.29152449666162,0.15829152449666165,0.5353413484443076,0.0005353413484443076,75.18847413591426,0.07518847413591426,475.0,78.8128635437882,112.673,75.88,81.14647807997926,491,10.0,64,64,1,True,240,sgd,multistep,32,100,0.0,False,1.0.0
p7-msdnet-cifar100-jointexit-s2,137,107916,2026-09-01T15:29:19Z,1788276559.5881598,local,0,local-1c8d861c2a,CB-410-122,msdnet,msdnet,cifar100,2,p7,jointexit,4648aa4b6179df102f913788605506586ea64187887a010d75319591508daa37,1.4078187865829468,1.5102247497558594,0.67644,0.5837,NA,0.8557,0.5799478707646478,0.5837,0.579947870764648,0.6373990041346442,0.5837,0.6373990041346442,0.5837,0.5837,0.5837,0.5837,0.5794949494949494,0.5801335122561219,0.9496121406555176,2.029716968536377,0.16027669754978768,1.3982069492340088,0.6281,47,False,0.014692011660337451,0.05395866930484772,1.5102288722991943,0.5412539839744568,0.5919264554977417,1.5253957509994507,1.4078187865829468,1.4078187865829468,NA,NA,NA,NA,NA,NA,NA,NA,NA,NA,NA,0.05,0.05,0.05,[0.05],0.9,0.0005,1.9881500993543268,3.5692365169525146,1.5497188568115234,1.9831247329711914,2.266694390773773,2.373357217311859,0.16502325326831724,NA,0.0,58.410316467285156,13.480484008789062,0.23078943625205836,65536.0,0,782,782,0,0,51.889262676239014,49.83532500267029,2.0539376735687256,7360.191092967987,9.156142473220825,40.66054439544678,0.0,0.0,0.18379669642341503,0.0,0.0,63.70420315686394,66.1933422088623,73.38471412658691,82.90756225585936,86.19356155395508,1003.304382931603,4868.696907742559,50000,6900000,5292.704792976379,56.76923076923077,92.0,4529.1796875,20475.0,32.67307692307692,65.67307692307692,68.0,79.17596153846155,112.773,2370.0,8551.0,4057.5254150005594,0.0,45.98681640625,3388.0,641.7529296875,20474.5,1,8.228846153846154,24,24072.75751201923,64860.765625,37.099999999999994,2200.0078125,-1,628179,4082.7487655004115,1.1340968793056698,0.00113409687930567,573932.2369534823,159.4256213759673,0.1594256213759673,0.5386960176701932,0.0005386960176701932,75.72717015358445,0.07572717015358445,475.0,78.74284242424241,112.889,75.503,81.65497531000823,495,10.0,64,64,1,True,240,sgd,multistep,32,100,0.0,False,1.0.0
p7-msdnet-cifar100-jointexit-s2,138,108698,2026-09-01T15:30:11Z,1788276611.1844668,local,0,local-1c8d861c2a,CB-410-122,msdnet,msdnet,cifar100,2,p7,jointexit,4648aa4b6179df102f913788605506586ea64187887a010d75319591508daa37,1.4109439728546143,1.5399222177505494,0.67978,0.5863,NA,0.8502,0.583085840013878,0.5863,0.583085840013878,0.6312975332071773,0.5863,0.6312975332071772,0.5863,0.5863,0.5863,0.5863,0.582121212121212,0.5826825941180153,0.9445269107818604,1.9841996431350708,0.17613283682082204,1.4018083214759827,0.6281,48,False,0.02346027895659208,0.43944014981389046,1.5399175882339478,0.5447095632553101,0.5754477977752686,1.6122180223464966,1.4109439728546143,1.4109439728546143,NA,NA,NA,NA,NA,NA,NA,NA,NA,NA,NA,0.05,0.05,0.05,[0.05],0.9,0.0005,1.9880311225381349,4.982298374176025,1.481583833694458,1.979855716228485,2.261183393001556,2.410093045234679,0.19438665984468678,NA,0.0,58.37283706665039,13.530555725097656,0.23179541041749266,65536.0,0,782,782,0,0,51.543116092681885,49.4847686290741,2.058347463607788,7411.734209060669,8.482287406921387,40.98642134666443,0.0,0.0,0.17146773426356182,0.0,0.0,63.25921835496907,66.13624095916748,73.03948402404785,82.8562831878662,84.03205871582031,1010.4119183579083,4858.266243577945,50000,6950000,5205.85472536087,57.470588235294116,92.0,4529.1796875,20475.0,33.470588235294116,65.47058823529412,68.0,79.02956862745097,112.889,2370.0,8551.0,3980.237905999803,0.0,45.59423828125,3388.0,641.94921875,20474.5,1,8.772549019607842,24,24055.295955882353,64860.765625,37.099999999999994,2200.00390625,-1,628179,4063.5664619996896,1.1287684616665805,0.0011287684616665804,577995.8034154819,160.55438983763386,0.16055438983763387,0.5361650192916257,0.0005361650192916257,76.26333517287608,0.07626333517287608,475.0,79.01662118126274,112.889,76.032,81.27132923999379,491,10.0,64,64,1,True,240,sgd,multistep,32,100,0.0,False,1.0.0
p7-msdnet-cifar100-jointexit-s2,139,109480,2026-09-01T15:31:01Z,1788276661.9882362,local,0,local-1c8d861c2a,CB-410-122,msdnet,msdnet,cifar100,2,p7,jointexit,4648aa4b6179df102f913788605506586ea64187887a010d75319591508daa37,1.4140690671920777,1.3240734439849853,0.67792,0.6264,NA,0.8888,0.6267355485915008,0.6264,0.6267355485915007,0.6604608865952133,0.6264,0.6604608865952134,0.6264,0.6264,0.6264,0.6264,0.6226262626262626,0.6230398529247406,0.9813563823699951,1.927069902420044,0.16217139980926795,1.407534420490265,0.6281,49,False,0.01104000720232725,0.05879981070756912,1.3240782022476196,0.4921610355377197,0.6221725344657898,1.4051580429077148,1.4140690671920777,1.4140690671920777,NA,NA,NA,NA,NA,NA,NA,NA,NA,NA,NA,0.05,0.05,0.05,[0.05],0.9,0.0005,1.9897031980959003,2.4749643802642822,1.5908111333847046,1.9817489385604858,2.2474935054779053,2.350895357131958,0.151048543994725,NA,0.0,58.3645133972168,13.519499778747559,0.23163903872095432,32768.0,1,782,782,0,0,50.752018451690674,48.68456721305847,2.067451238632202,7462.48622751236,8.93570590019226,39.732932329177856,0.0,0.0,0.183602957166774,0.0,0.0,62.23611026773673,66.28811359405518,69.15609836578369,82.74388074874878,86.68923377990723,1027.0195025291032,4836.873447431759,50000,7000000,5075.201845169067,57.96078431372549,93.0,4529.1796875,20475.0,34.1764705882353,65.41176470588235,68.0,80.01515686274509,112.685,2370.0,8551.0,4016.81650550022,0.0,45.98681640625,3388.0,641.7529296875,20474.5,1,8.386274509803922,24,24055.427313112745,64860.765625,37.099999999999994,2200.01953125,-1,628179,4029.1683224996013,1.119213422916556,0.001119213422916556,582024.9717379815,161.67360326055044,0.16167360326055044,0.5316263758853641,0.0005316263758853641,76.79496154876144,0.07679496154876143,475.0,79.51201449275362,112.685,75.675,80.58336644999203,483,10.0,64,64,1,True,240,sgd,multistep,32,100,0.0,False,1.0.0
p7-msdnet-cifar100-jointexit-s2,140,110262,2026-09-01T15:31:51Z,1788276711.973092,local,0,local-1c8d861c2a,CB-410-122,msdnet,msdnet,cifar100,2,p7,jointexit,4648aa4b6179df102f913788605506586ea64187887a010d75319591508daa37,1.4093057583618165,1.4475914520263673,0.67824,0.6045,NA,0.8655,0.6039699069576545,0.6045,0.6039699069576545,0.645739768926053,0.6045,0.645739768926053,0.6044999999999999,0.6045,0.6045,0.6044999999999999,0.6005050505050504,0.6010348138609163,0.894903302192688,1.9510416984558105,0.16908823840038154,1.408309817314148,0.6281,50,False,0.016105394601821896,0.06446559727191925,1.4475927352905273,0.5216703414916992,0.5998827219009399,1.4964779615402222,1.4093057583618165,1.4093057583618165,NA,NA,NA,NA,NA,NA,NA,NA,NA,NA,NA,0.05,0.05,0.05,[0.05],0.9,0.0005,1.9969997512714943,4.246734142303467,1.4116387367248535,1.9911161661148071,2.264240491390228,2.4143013525009143,0.18085981327774656,NA,0.0,58.391239166259766,13.51294231414795,0.23142071494102043,32768.0,0,782,782,0,0,49.88554549217224,47.84636211395264,2.0391833782196045,7512.371773004532,8.774741649627686,39.05096387863159,0.0,0.0,0.18347333411407515,0.0,0.0,61.158191212607775,65.06693363189697,69.32456493377686,82.6687479019165,87.5089168548584,1045.0115283773964,4903.923848541235,50000,7050000,4938.669003725052,59.6,92.0,4529.1796875,20475.0,35.04,65.68,68.0,80.68588,112.877,2370.0,8551.0,3975.8077255005564,0.0,45.59423828125,3388.0,641.94921875,20474.5,1,8.71,24,24057.0371875,64860.765625,37.099999999999994,2200.609375,-1,628179,3996.1472165001514,1.1100408934722643,0.0011100408934722643,586021.1189544817,162.78364415402268,0.1627836441540227,0.5272694243993254,0.0005272694243993255,77.32223097316077,0.07732223097316077,475.0,80.20950843881857,112.877,75.777,79.92294433000303,474,10.0,64,64,1,True,240,sgd,multistep,32,100,0.0,False,1.0.0
p7-msdnet-cifar100-jointexit-s2,141,111044,2026-09-01T15:32:41Z,1788276761.8410933,local,0,local-1c8d861c2a,CB-410-122,msdnet,msdnet,cifar100,2,p7,jointexit,4648aa4b6179df102f913788605506586ea64187887a010d75319591508daa37,1.4137042834091187,1.498708673286438,0.67708,0.587,NA,0.8598,0.5860778370056248,0.587,0.5860778370056249,0.6405858426408878,0.587,0.6405858426408878,0.5869999999999999,0.587,0.587,0.5869999999999999,0.5828282828282828,0.583539969517683,0.9366307258605957,1.9261873960494995,0.16712999353215693,1.4185444712638855,0.6281,51,False,0.018823907075822353,0.061120398342609406,1.4987077713012695,0.5407119989395142,0.5922704339027405,1.5422359704971313,1.4137042834091187,1.4137042834091187,NA,NA,NA,NA,NA,NA,NA,NA,NA,NA,NA,0.05,0.05,0.05,[0.05],0.9,0.0005,1.9900243425613169,4.432125091552734,1.5723570585250854,1.9785786271095276,2.2691630125045776,2.379581944942474,0.18340137398523856,NA,0.0,58.37773895263672,13.453871726989746,0.23046236405122164,32768.0,0,782,782,0,0,49.80825734138489,47.76257562637329,2.0456817150115967,7562.180030345917,8.640366315841675,39.113362550735474,0.0,0.0,0.1809359503628013,0.0,0.0,61.06614944575083,62.7901554107666,70.2793836593628,81.674313545227,88.61589431762695,1046.8447177373587,4888.345985897084,50000,7100000,4881.209219455719,60.68,92.0,4529.1796875,20475.0,35.8,65.66,68.0,80.71476000000001,112.939,2370.0,8551.0,3977.96514749968,0.0,45.98681640625,3388.0,641.7529296875,20474.5,1,8.565999999999999,24,24063.76546875,64860.765625,37.099999999999994,2200.61328125,-1,628179,3992.0000350000464,1.108888898611124,0.001108888898611124,590013.1189894817,163.8925330526338,0.16389253305263382,0.5267222268402838,0.0005267222268402838,77.84895320000106,0.07784895320000106,475.0,80.32660631578948,112.939,76.89,79.84000070000093,475,10.0,64,64,1,True,240,sgd,multistep,32,100,0.0,False,1.0.0
p7-msdnet-cifar100-jointexit-s2,142,111826,2026-09-01T15:33:31Z,1788276811.159997,local,0,local-1c8d861c2a,CB-410-122,msdnet,msdnet,cifar100,2,p7,jointexit,4648aa4b6179df102f913788605506586ea64187887a010d75319591508daa37,1.4200031340789796,1.3651171318054198,0.6774,0.6234,NA,0.8778,0.623253609896278,0.6234,0.623253609896278,0.6534056246796811,0.6234,0.653405624679681,0.6234000000000001,0.6234,0.6234,0.6234000000000001,0.6195959595959596,0.6199988329631402,0.9232209920883179,2.1411311626434326,0.16701293249005816,1.4114884734153748,0.6281,52,False,0.031090803594887254,0.07279061552624144,1.3651148080825806,0.49809730052948,0.5923842787742615,1.5414904356002808,1.4200031340789796,1.4200031340789796,NA,NA,NA,NA,NA,NA,NA,NA,NA,NA,NA,0.05,0.05,0.05,[0.05],0.9,0.0005,1.9934529148509652,2.7749788761138916,1.4341480731964111,1.9879385232925415,2.265693187713623,2.443567609786988,0.16514252987312447,NA,0.0,58.389190673828125,13.543468475341797,0.23195163897711646,32768.0,1,782,782,0,0,49.251924991607666,47.20465898513794,2.0472660064697266,7611.431955337524,8.688103437423706,38.4972505569458,0.0,0.0,0.18412712212481086,0.0,0.0,60.339327358528784,62.55829334259033,70.61581611633301,78.38622093200682,83.33921432495117,1059.217481387635,4884.563104353911,50000,7150000,4777.436724185944,61.12244897959184,92.0,4529.1796875,20475.0,36.12244897959184,66.0204081632653,68.0,81.27289795918367,112.939,2370.0,8551.0,3930.093850500065,0.0,45.59423828125,3388.0,641.94921875,20474.5,1,9.155102040816328,24,24065.212930484693,64860.765625,37.099999999999994,2200.609375,-1,628179,3974.9588604998107,1.1041552390277252,0.0011041552390277252,593988.0778499815,164.9966882916615,0.16499668829166153,0.5244737385381695,0.0005244737385381694,78.37342693853923,0.07837342693853923,475.0,80.8345425531915,112.939,77.4,79.49917720999622,470,10.0,64,64,1,True,240,sgd,multistep,32,100,0.0,False,1.0.0
p7-msdnet-cifar100-jointexit-s2,143,112608,2026-09-01T15:34:22Z,1788276862.5785606,local,0,local-1c8d861c2a,CB-410-122,msdnet,msdnet,cifar100,2,p7,jointexit,4648aa4b6179df102f913788605506586ea64187887a010d75319591508daa37,1.419854384689331,1.384778779411316,0.67746,0.62,NA,0.8759,0.6210058587274228,0.62,0.6210058587274229,0.6649908185526145,0.62,0.6649908185526144,0.6200000000000001,0.62,0.62,0.6200000000000001,0.6161616161616162,0.6166864403122153,0.934190571308136,1.9855166673660278,0.16746182250670924,1.4194294810295105,0.6281,53,False,0.017116242530941943,0.05168770335790679,1.3847806453704834,0.5068941712379456,0.6167134046554565,1.434170126914978,1.419854384689331,1.419854384689331,NA,NA,NA,NA,NA,NA,NA,NA,NA,NA,NA,0.05,0.05,0.05,[0.05],0.9,0.0005,2.001639839785788,3.5625667572021484,1.5398340225219727,1.9886993169784546,2.290572452545166,2.4583867216110225,0.17548358556603869,NA,0.0,58.41335678100586,13.518224716186523,0.23142352128241694,32768.0,0,782,782,0,0,51.38524413108826,49.33890390396118,2.046340227127075,7662.817199468613,9.261654138565063,40.056052446365356,0.0,0.0,0.187795718412321,0.0,0.0,63.06612095259645,66.38073921203613,69.99821662902832,83.21072816848753,90.29221534729004,1013.399083557382,4886.772916563992,50000,7200000,4932.983436584473,57.84313725490196,92.0,4529.1796875,20475.0,33.254901960784316,65.3921568627451,67.0,79.1656274509804,112.618,2370.0,8551.0,3981.9791160007926,0.0,45.98681640625,3388.0,641.7529296875,20474.5,1,8.68235294117647,24,24072.390242034315,64860.765625,37.099999999999994,2200.609375,-1,628179,4060.492974000028,1.1279147150000077,0.0011279147150000078,598048.5708239815,166.12460300666154,0.16612460300666154,0.5357594896250036,0.0005357594896250036,78.90918642816423,0.07890918642816423,475.0,79.09356734693877,112.648,75.425,81.20985948000056,490,10.0,64,64,1,True,240,sgd,multistep,32,100,0.0,False,1.0.0
p7-msdnet-cifar100-jointexit-s2,144,113390,2026-09-01T15:35:14Z,1788276914.4512253,local,0,local-1c8d861c2a,CB-410-122,msdnet,msdnet,cifar100,2,p7,jointexit,4648aa4b6179df102f913788605506586ea64187887a010d75319591508daa37,1.418212476158142,1.5428043809890748,0.67718,0.5839,NA,0.854,0.5822671561428986,0.5839,0.5822671561428986,0.6371131834253657,0.5839,0.6371131834253657,0.5839000000000001,0.5839,0.5839,0.5839000000000001,0.5796969696969696,0.5803687337139999,0.9559372663497925,2.064506769180298,0.16018955616029967,1.410825788974762,0.6281,54,False,0.03904191398844122,0.09093923263483805,1.542803168296814,0.5476686358451843,0.6220682859420776,1.3705112934112549,1.418212476158142,1.418212476158142,NA,NA,NA,NA,NA,NA,NA,NA,NA,NA,NA,0.05,0.05,0.05,[0.05],0.9,0.0005,1.9926057419813503,4.3134260177612305,1.556402564048767,1.9804250597953796,2.2538810729980465,2.3585800504684444,0.1750573175759344,NA,0.0,58.42647933959961,13.499551773071289,0.23105194640611731,32768.0,0,782,782,0,0,51.80193257331848,49.75171637535095,2.0502161979675293,7714.619132041931,8.847432851791382,40.889426469802856,0.0,0.0,0.1778848317418807,0.0,0.0,63.60212189462179,66.35475158691406,70.77698707580566,83.17429065704346,84.55181121826172,1004.9904534504071,4877.534383892511,50000,7250000,4921.183594465256,58.69230769230769,95.0,4529.1796875,20475.0,34.90384615384615,65.3076923076923,68.0,79.23938461538462,112.648,2370.0,8551.0,4056.7514344999954,0.0,45.59423828125,3388.0,641.94921875,20474.5,1,8.675,24,24073.4873046875,64860.765625,37.099999999999994,2200.609375,-1,628179,4075.98077599884,1.1322168822218999,0.0011322168822219,602124.5515999803,167.25681988888343,0.1672568198888834,0.5378030190554025,0.0005378030190554025,79.44698944721964,0.07944698944721963,475.0,78.74325708502023,112.648,75.2,81.5196155199768,494,10.0,64,64,1,True,240,sgd,multistep,32,100,0.0,False,1.0.0
p7-msdnet-cifar100-jointexit-s2,145,114172,2026-09-01T15:36:06Z,1788276966.0152397,local,0,local-1c8d861c2a,CB-410-122,msdnet,msdnet,cifar100,2,p7,jointexit,4648aa4b6179df102f913788605506586ea64187887a010d75319591508daa37,1.4138472620773315,1.6733520727157594,0.67604,0.5514,NA,0.8374,0.5604312264404568,0.5514,0.5604312264404568,0.6410875020301675,0.5514,0.6410875020301674,0.5514,0.5514,0.5514,0.5514,0.546868686868687,0.5488606015762805,0.9320822954177856,1.9977896213531494,0.1705581063909963,1.4107741713523865,0.6281,55,False,0.04517547422163189,0.2719027188917001,1.6733484268188477,0.5908536314964294,0.5879843831062317,1.543308973312378,1.4138472620773315,1.4138472620773315,NA,NA,NA,NA,NA,NA,NA,NA,NA,NA,NA,0.05,0.05,0.05,[0.05],0.9,0.0005,1.9936945481068642,4.445522308349609,1.505479335784912,1.9839606285095215,2.2558650135993954,2.385527372360229,0.18155654152656517,NA,0.0,58.40604019165039,13.521320343017578,0.23150551379017403,65536.0,0,782,782,0,0,51.50663161277771,49.456931591033936,2.0497000217437744,7766.125763654709,8.853808879852295,40.585514545440674,0.0,0.0,0.17908434554593278,0.0,0.0,63.221641208814546,66.22314453125,71.78575992584229,83.0204677581787,88.58108520507812,1010.9806328758276,4878.762694012434,50000,7300000,4841.623371601105,57.35294117647059,96.0,4529.1796875,20475.0,33.549019607843135,65.58823529411765,68.0,79.24421568627452,112.138,2370.0,8551.0,3990.4931120000383,0.0,45.98681640625,3388.0,641.7529296875,20474.5,1,8.784313725490197,24,24082.82781862745,64860.765625,37.099999999999994,2198.61328125,-1,628178,4052.567512499225,1.1257131979164514,0.0011257131979164514,606177.1191124795,168.38253308679987,0.16838253308679987,0.5347137690103144,0.0005347137690103144,79.98170321622995,0.07998170321622995,475.0,78.84217311608963,112.662,75.171,81.0513502499845,491,10.0,64,64,1,True,240,sgd,multistep,32,100,0.0,False,1.0.0
p7-msdnet-cifar100-jointexit-s2,146,114954,2026-09-01T15:36:57Z,1788277017.3179095,local,0,local-1c8d861c2a,CB-410-122,msdnet,msdnet,cifar100,2,p7,jointexit,4648aa4b6179df102f913788605506586ea64187887a010d75319591508daa37,1.4170140270233154,1.4779421314239503,0.67402,0.6041,NA,0.8559,0.6037109728719698,0.6041,0.60371097287197,0.6482887331872562,0.6041,0.6482887331872563,0.6041000000000001,0.6041,0.6041,0.6041000000000001,0.60010101010101,0.6006191067650362,0.8200715780258179,2.0636744499206543,0.16693280619523715,1.420119285583496,0.6281,56,False,0.018844992554187777,0.03840248905639554,1.4779471158981323,0.5276195406913757,0.602493941783905,1.4829680919647217,1.4170140270233154,1.4170140270233154,NA,NA,NA,NA,NA,NA,NA,NA,NA,NA,NA,0.05,0.05,0.05,[0.05],0.9,0.0005,1.9976562098468966,4.893657684326172,1.5520615577697754,1.9868125915527344,2.2559815287590026,2.4140568876266477,0.19003132350816584,NA,0.0,58.45204544067383,13.545164108276367,0.2317312252489794,65536.0,0,782,782,0,0,51.26009964942932,49.21118712425232,2.048912525177002,7817.385863304138,8.714699983596802,40.48773741722107,0.0,0.0,0.17711927384011958,0.0,0.0,62.91871790385917,65.92237949371338,72.34888076782227,82.50550508499146,86.25483512878418,1016.0291373129452,4880.637839400253,50000,7350000,4767.189267396927,59.03921568627451,92.0,4529.1796875,20475.0,35.13725490196079,65.17647058823529,67.0,79.23025490196079,112.528,2370.0,8551.0,3982.3364785007952,0.0,45.59423828125,3388.0,641.94921875,20474.5,1,8.662745098039215,24,24050.66911764706,64860.765625,37.09607843137254,2198.609375,-1,628178,4052.1174255002147,1.1255881737500597,0.0011255881737500595,610229.2365379797,169.5081212605499,0.1695081212605499,0.5346543825312782,0.0005346543825312782,80.51635759876123,0.08051635759876123,475.0,79.1668773006135,112.528,75.652,81.04234851000429,489,10.0,64,64,1,True,240,sgd,multistep,32,100,0.0,False,1.0.0
p7-msdnet-cifar100-jointexit-s2,147,115736,2026-09-01T15:37:47Z,1788277067.4804087,local,0,local-1c8d861c2a,CB-410-122,msdnet,msdnet,cifar100,2,p7,jointexit,4648aa4b6179df102f913788605506586ea64187887a010d75319591508daa37,1.4132518635559081,1.7119124446868896,0.67752,0.5534,NA,0.8187,0.5578794260596833,0.5534,0.5578794260596833,0.647362145491371,0.5534,0.647362145491371,0.5534,0.5534,0.5534,0.5534,0.5488888888888889,0.5501960513474198,0.933224081993103,2.0625624656677246,0.16516238483126097,1.3971203565597534,0.6281,57,False,0.03070906196460127,0.06664881855249405,1.7119089365005493,0.5846335291862488,0.5837464928627014,1.5391472578048706,1.4132518635559081,1.4132518635559081,NA,NA,NA,NA,NA,NA,NA,NA,NA,NA,NA,0.05,0.05,0.05,[0.05],0.9,0.0005,1.994628857163822,3.6252307891845703,1.5904475450515747,1.987998366355896,2.2635217189788817,2.398367438316345,0.16741201671538353,NA,0.0,58.42321014404297,13.47272777557373,0.2306057428606986,65536.0,0,782,782,0,0,50.102044343948364,48.04790735244751,2.0541369915008545,7867.487907648087,8.617907524108887,39.42189836502075,0.0,0.0,0.17939097306092427,0.0,0.0,61.43197684031923,63.30978870391846,70.51491737365723,82.409770488739,89.07938003540039,1040.6280471953385,4868.224486183613,50000,7400000,4609.3880796432495,59.68,92.0,4529.1796875,20475.0,34.66,65.64,68.0,80.33680000000001,112.976,2370.0,8551.0,3956.284880000287,0.0,45.98681640625,3388.0,641.7529296875,20474.5,1,8.436,24,24056.0175,64860.765625,37.099999999999994,2200.67578125,-1,628178,4007.236587999733,1.1131212744443701,0.0011131212744443701,614236.4731259794,170.62124253499428,0.17062124253499428,0.5287326053610758,0.0005287326053610758,81.0450902041223,0.0810450902041223,475.0,80.05748744769876,112.976,76.376,80.14473175999466,478,10.0,64,64,1,True,240,sgd,multistep,32,100,0.0,False,1.0.0
p7-msdnet-cifar100-jointexit-s2,148,116518,2026-09-01T15:38:37Z,1788277117.2051587,local,0,local-1c8d861c2a,CB-410-122,msdnet,msdnet,cifar100,2,p7,jointexit,4648aa4b6179df102f913788605506586ea64187887a010d75319591508daa37,1.407278184814453,1.4805811691284179,0.6801,0.6003,NA,0.8575,0.5979548955409496,0.6003,0.5979548955409496,0.642003165678055,0.6003,0.642003165678055,0.6003000000000001,0.6003,0.6003,0.6003000000000001,0.5962626262626263,0.5968211988104455,0.9558836817741394,1.8907856941223145,0.16639507060840428,1.4064181447029114,0.6281,58,False,0.015259738079458468,0.08222108259422695,1.4805827140808105,0.52544766664505,0.6069648265838623,1.4818167686462402,1.407278184814453,1.407278184814453,NA,NA,NA,NA,NA,NA,NA,NA,NA,NA,NA,0.05,0.05,0.05,[0.05],0.9,0.0005,1.9875322587979145,2.539520502090454,1.5264842510223389,1.9805297255516052,2.253651750087738,2.3682164454460146,0.15682929036658408,NA,0.0,58.427940368652344,13.473846435546875,0.23060621939663373,32768.0,2,782,782,0,0,49.6672477722168,47.6015625,2.0502493381500244,7917.155155420303,8.547108888626099,39.054107666015625,0.0,0.0,0.17955652202323066,0.0,0.0,60.8711209138641,65.66071510314941,67.81191825866699,77.33467102050777,84.19394493103027,1050.3856884949942,4877.455543540462,50000,7450000,4519.7195472717285,60.62,92.0,4529.1796875,20475.0,35.76,65.74,68.0,80.96572,112.834,2370.0,8551.0,3986.421754499951,0.0,45.59423828125,3388.0,641.94921875,20474.5,1,8.74,24,24066.39140625,64860.765625,37.099999999999994,2203.13671875,-1,628178,3988.2926074986985,1.1078590576385274,0.0011078590576385273,618224.7657334781,171.72910159263282,0.1717291015926328,0.5262330523783004,0.0005262330523783005,81.5713232565006,0.0815713232565006,475.0,80.39240466101694,112.834,77.295,79.76585214997398,472,10.0,64,64,1,True,240,sgd,multistep,32,100,0.0,False,1.0.0
p7-msdnet-cifar100-jointexit-s2,149,117300,2026-09-01T15:39:26Z,1788277166.989947,local,0,local-1c8d861c2a,CB-410-122,msdnet,msdnet,cifar100,2,p7,jointexit,4648aa4b6179df102f913788605506586ea64187887a010d75319591508daa37,1.4069922804260253,1.500094829940796,0.68076,0.5909,NA,0.8582,0.5863463243837592,0.5909,0.5863463243837593,0.6438241386141208,0.5909,0.6438241386141208,0.5909,0.5909,0.5909,0.5909,0.5867676767676768,0.5874885223545748,0.9265414476394653,1.9272645711898804,0.16250402356560592,1.4022603034973145,0.6281,59,False,0.02145149481967092,0.06192901553334418,1.5001013278961182,0.5366837382316589,0.604499340057373,1.4848979711532593,1.4069922804260253,1.4069922804260253,NA,NA,NA,NA,NA,NA,NA,NA,NA,NA,NA,0.005000000000000001,0.005000000000000001,0.005000000000000001,[0.005],0.9,0.0005,2.0044274610631607,3.7080767154693604,1.5824134349822998,1.9995366334915161,2.2571948170661926,2.381204345226287,0.1675269771336705,NA,0.0,58.45027542114258,13.55047607421875,0.23182912273014344,32768.0,0,782,782,0,0,49.720038652420044,47.65323829650879,2.066800355911255,7966.875194072723,8.80645203590393,38.83867383003235,0.0,0.0,0.1848342695259847,0.0,0.0,60.927270928307266,66.05684757232666,68.3115005493164,82.52038478851317,83.35661888122559,1049.2466364801726,4838.39668954914,50000,7500000,4474.803478717804,58.7,92.0,4529.1796875,20475.0,34.28,66.1,68.0,80.78378,111.998,2370.0,8551.0,3977.530194500021,0.0,45.98681640625,3388.0,641.7529296875,20474.5,1,8.725999999999999,24,24071.946328125,64860.765625,37.099999999999994,2200.6953125,-1,628178,3983.433575499103,1.1065093265275285,0.0011065093265275286,622208.1993089772,172.83561091916033,0.17283561091916033,0.525591930100576,0.000525591930100576,82.09691518660117,0.08209691518660117,475.0,80.27498097251586,111.998,76.527,79.66867150998205,473,10.0,64,64,1,True,240,sgd,multistep,32,100,0.0,False,1.0.0
p7-msdnet-cifar100-jointexit-s2,150,118082,2026-09-01T15:40:16Z,1788277216.4584503,local,0,local-1c8d861c2a,CB-410-122,msdnet,msdnet,cifar100,2,p7,jointexit,4648aa4b6179df102f913788605506586ea64187887a010d75319591508daa37,1.1680929930877686,1.0177015758514405,0.75864,0.7139,NA,0.9257,0.7119309181455209,0.7139,0.7119309181455207,0.7147271411671245,0.7139,0.7147271411671245,0.7139,0.7139,0.7139,0.7139,0.7110101010101011,0.7110601858313402,0.8258192539215088,1.6550443172454834,0.1500169298459743,1.1467341780662537,0.7139,0,True,0.03340457625538109,0.07897805035295458,1.0176976919174194,0.3915730118751526,0.6805194616317749,1.1839627027511597,1.1680929930877686,1.1680929930877686,NA,NA,NA,NA,NA,NA,NA,NA,NA,NA,NA,0.005000000000000001,0.005000000000000001,0.005000000000000001,[0.005],0.9,0.0005,1.7958988036645953,3.9261393547058105,1.4126166105270386,1.7863618731498718,2.05331666469574,2.15094202041626,0.16588360908017252,NA,0.0,58.014488220214844,2.92604923248291,0.05043652581017415,32768.0,0,782,782,0,0,49.385223388671875,47.34612488746643,2.0390985012054443,8016.260417461395,8.373003721237183,38.95688724517822,0.0,0.0,0.1769073105868455,0.0,0.0,60.5241572460555,61.96010112762451,71.19956016540527,80.30028581619261,91.12024307250977,1056.0526361733166,4904.1279732628645,50000,7550000,4395.284881591797,60.30612244897959,96.0,4529.6171875,20475.0,35.69387755102041,65.91836734693878,68.0,80.63236734693878,112.269,2370.0,8551.0,3891.66602049999,0.0,45.59423828125,3388.0,641.94921875,20474.5,1,9.43673469387755,24,24119.06417410714,64860.765625,37.18367346938775,2198.6875,-1,628177,3967.7205230005525,1.1021445897223756,0.0011021445897223757,626175.9198319778,173.93775550888273,0.1739377555088827,0.5235186801181284,0.0005235186801181284,82.6204338667193,0.0826204338667193,475.0,80.51787021276597,112.269,76.875,79.35441046001104,470,10.0,64,64,1,True,240,sgd,multistep,32,100,0.0,False,1.0.0
p7-msdnet-cifar100-jointexit-s2,151,118864,2026-09-01T15:41:08Z,1788277268.0101197,local,0,local-1c8d861c2a,CB-410-122,msdnet,msdnet,cifar100,2,p7,jointexit,4648aa4b6179df102f913788605506586ea64187887a010d75319591508daa37,1.088729109840393,0.9916758678436279,0.78394,0.716,NA,0.9272,0.7143149456590768,0.716,0.7143149456590769,0.7179902376304668,0.716,0.717990237630467,0.7160000000000001,0.716,0.716,0.7160000000000001,0.7131313131313131,0.713189062171615,0.6372047066688538,1.5571774244308472,0.1402407993818367,1.0808388590812683,0.716,0,True,0.021059536635875696,0.06321336328983307,0.9916793704032898,0.384443998336792,0.6950386762619019,1.121299386024475,1.088729109840393,1.088729109840393,NA,NA,NA,NA,NA,NA,NA,NA,NA,NA,NA,0.005000000000000001,0.005000000000000001,0.005000000000000001,[0.005],0.9,0.0005,1.8606886022231157,4.621571063995361,1.387305498123169,1.8599132299423218,2.1274287939071654,2.2802530813217152,0.19018115930220827,NA,0.0,57.59930419921875,2.1496713161468506,0.0373211334066082,65536.0,0,782,782,0,0,51.451940298080444,49.38624167442322,2.0656986236572266,8067.712357759476,9.082749843597412,40.29191541671753,0.0,0.0,0.18395567434657029,0.0,0.0,63.138958133395064,66.34676456451416,70.81542015075684,81.79540872573851,129.56762313842773,1012.4277188295266,4840.977229435071,50000,7600000,4527.770746231079,55.372549019607845,92.0,4529.1796875,20475.0,31.54901960784314,65.23529411764706,68.0,78.73272549019607,112.222,2370.0,8551.0,3958.4584445004202,0.0,45.98681640625,3388.0,641.7529296875,20474.5,1,8.441176470588236,24,24122.692172181374,64860.765625,37.19019607843137,2198.6953125,-1,628177,4036.4089615000416,1.1212247115277894,0.0011212247115277893,630212.3287934778,175.05898022041052,0.17505898022041053,0.5325817379756999,0.0005325817379756998,83.153015604695,0.083153015604695,475.0,78.62993469387753,112.312,73.242,80.72817923000083,490,10.0,64,64,1,True,240,sgd,multistep,32,100,0.0,False,1.0.0
p7-msdnet-cifar100-jointexit-s2,152,119646,2026-09-01T15:42:00Z,1788277320.478754,local,0,local-1c8d861c2a,CB-410-122,msdnet,msdnet,cifar100,2,p7,jointexit,4648aa4b6179df102f913788605506586ea64187887a010d75319591508daa37,1.0582518607330322,0.9872546836853028,0.79442,0.7209,NA,0.9286,0.7186860645363408,0.7209,0.7186860645363407,0.7225521530126491,0.7209,0.722552153012649,0.7209,0.7209,0.7209,0.7209,0.7180808080808081,0.7181460970574471,0.722283661365509,1.4871134757995605,0.13716344255201524,1.0529337525367737,0.7209,0,True,0.02346729042679072,0.0732639704163619,0.9872626662254333,0.38269928097724915,0.7010012269020081,1.103801965713501,1.0582518607330322,1.0582518607330322,NA,NA,NA,NA,NA,NA,NA,NA,NA,NA,NA,0.005000000000000001,0.005000000000000001,0.005000000000000001,[0.005],0.9,0.0005,1.9473461539239225,4.577727317810059,1.4177740812301636,1.9410436153411865,2.219289541244507,2.3345301461219776,0.19096856456790637,NA,0.0,57.19691467285156,2.065033197402954,0.0361039263955809,65536.0,0,782,782,0,0,52.37272620201111,50.31862950325012,2.0540966987609863,8120.085083961487,9.553642272949219,40.76379156112671,0.0,0.0,0.18986743847972845,0.0,0.0,64.34454454485413,66.51484966278076,69.54071521759032,83.33525419235228,167.15693473815918,993.667762687584,4868.319980277421,50000,7650000,4556.427179574966,58.13461538461539,92.0,4529.1796875,20475.0,34.03846153846154,64.6923076923077,67.0,78.35767307692308,111.772,2370.0,8551.0,4017.662537499302,0.0,45.59423828125,3388.0,641.94921875,20474.5,1,8.63653846153846,24,24041.71063701923,64860.765625,37.09615384615384,2197.16015625,-1,628177,4088.63106150008,1.1357308504166888,0.0011357308504166888,634300.9598549779,176.1947110708272,0.1761947110708272,0.5394721539479271,0.0005394721539479271,83.69248775864293,0.08369248775864292,475.0,78.25309839357429,112.307,74.016,81.77262123000159,498,10.0,64,64,1,True,240,sgd,multistep,32,100,0.0,False,1.0.0
p7-msdnet-cifar100-jointexit-s2,153,120428,2026-09-01T15:42:52Z,1788277372.9138472,local,0,local-1c8d861c2a,CB-410-122,msdnet,msdnet,cifar100,2,p7,jointexit,4648aa4b6179df102f913788605506586ea64187887a010d75319591508daa37,1.0361992993927003,0.9734034568786621,0.7992,0.7221,NA,0.9297,0.7210232199230934,0.7221,0.7210232199230934,0.724575137084023,0.7221,0.724575137084023,0.7221000000000001,0.7221,0.7221,0.7221000000000001,0.7192929292929293,0.719342812723638,0.6042566299438477,1.6058378219604492,0.13758195728594014,1.03506600856781,0.7221,0,True,0.015344894027709947,0.04951291019184667,0.9734111428260803,0.37717995047569275,0.7069933414459229,1.077149748802185,1.0361992993927003,1.0361992993927003,NA,NA,NA,NA,NA,NA,NA,NA,NA,NA,NA,0.005000000000000001,0.005000000000000001,0.005000000000000001,[0.005],0.9,0.0005,2.0240269794048937,2.6512603759765625,1.4150402545928955,2.03009295463562,2.327338695526123,2.451147079467774,0.1835154492327614,NA,0.0,56.81609344482422,2.047913074493408,0.03604459494354706,32768.0,1,782,782,0,0,52.32854080200195,50.27867078781128,2.049870014190674,8172.413624763489,9.2967050075531,40.96478319168091,0.0,0.0,0.18496676761144498,0.0,0.0,64.2730028123197,66.4445161819458,71.28925323486328,83.36869239807129,88.02223205566406,994.4574750397173,4878.358106012972,50000,7700000,4500.254508972168,54.80769230769231,92.0,4529.1796875,20475.0,30.653846153846153,64.84615384615384,66.0,78.18313461538462,112.095,2370.0,8551.0,4012.998357999801,0.0,45.98681640625,3388.0,641.7529296875,20474.5,1,8.773076923076923,24,24025.80168269231,64860.765625,37.0076923076923,2196.5625,-1,628177,4079.8073675004034,1.1332798243056676,0.0011332798243056676,638380.7672224783,177.32799089513287,0.17732799089513285,0.5383079165451921,0.0005383079165451921,84.2307956751881,0.08423079567518811,475.0,78.12034136546185,112.179,73.204,81.59614735000807,498,10.0,64,64,1,True,240,sgd,multistep,32,100,0.0,False,1.0.0
p7-msdnet-cifar100-jointexit-s2,154,121210,2026-09-01T15:43:44Z,1788277424.5036492,local,0,local-1c8d861c2a,CB-410-122,msdnet,msdnet,cifar100,2,p7,jointexit,4648aa4b6179df102f913788605506586ea64187887a010d75319591508daa37,1.017947009048462,0.9729530347824097,0.80686,0.7214,NA,0.9315,0.7192364591417085,0.7214,0.7192364591417085,0.7225664937862538,0.7214,0.7225664937862537,0.7214,0.7214,0.7214,0.7214,0.7185858585858587,0.7186446228897023,0.53642338514328,1.6797382831573486,0.1403029758648107,1.0142219066619873,0.7221,1,False,0.018746703943610197,0.05865652859210968,0.9729511737823486,0.376762330532074,0.702688455581665,1.1018646955490112,1.017947009048462,1.017947009048462,NA,NA,NA,NA,NA,NA,NA,NA,NA,NA,NA,0.005000000000000001,0.005000000000000001,0.005000000000000001,[0.005],0.9,0.0005,2.10560698658609,5.3114914894104,1.4039204120635986,2.1028475761413574,2.4554137110710137,2.6217491292953485,0.2323348586902089,NA,0.0,56.439788818359375,2.0580809116363525,0.036465071091245416,32768.0,0,782,782,0,0,51.50209712982178,49.43610143661499,2.065995693206787,8223.91572189331,9.030336856842041,40.39195013046265,0.0,0.0,0.18271790739189592,0.0,0.0,63.19985548248681,66.17116928100586,71.72422409057617,82.78130292892455,87.76473999023438,1011.406614741011,4840.281145251687,50000,7750000,4377.678256034851,57.11764705882353,92.0,4529.1796875,20475.0,33.80392156862745,65.0,67.0,79.10784313725492,112.196,2370.0,8551.0,3975.131779000573,0.0,45.59423828125,3388.0,641.94921875,20474.5,1,8.488235294117647,24,24017.092754289217,64860.765625,37.003921568627455,2196.5625,-1,628177,4045.8447924994844,1.1238457756943012,0.0011238457756943012,642426.6120149777,178.45183667082713,0.17845183667082715,0.533826743454793,0.000533826743454793,84.76462241864292,0.08476462241864291,475.0,78.72303061224491,112.196,75.112,80.91689584998969,490,10.0,64,64,1,True,240,sgd,multistep,32,100,0.0,False,1.0.0
p7-msdnet-cifar100-jointexit-s2,155,121992,2026-09-01T15:44:34Z,1788277474.6763759,local,0,local-1c8d861c2a,CB-410-122,msdnet,msdnet,cifar100,2,p7,jointexit,4648aa4b6179df102f913788605506586ea64187887a010d75319591508daa37,0.9995705514144897,0.9757958570480346,0.81274,0.7254,NA,0.929,0.7240747661760126,0.7254,0.7240747661760125,0.7273799249001036,0.7254,0.7273799249001036,0.7253999999999999,0.7254,0.7254,0.7253999999999999,0.7226262626262626,0.7226766546553661,0.6155135035514832,1.629268765449524,0.1399133741248104,0.9943601191043854,0.7254,0,True,0.020630824531242247,0.07895750599914997,0.9757966995239258,0.37539544701576233,0.7047798037528992,1.0901706218719482,0.9995705514144897,0.9995705514144897,NA,NA,NA,NA,NA,NA,NA,NA,NA,NA,NA,0.005000000000000001,0.005000000000000001,0.005000000000000001,[0.005],0.9,0.0005,2.174808098836933,5.814517021179199,1.562423825263977,2.1697163581848145,2.522304236888885,2.7185977649688713,0.24499816387678108,NA,0.0,56.084983825683594,2.0787856578826904,0.037064923908041315,32768.0,0,782,782,0,0,50.11973714828491,48.067078828811646,2.0526583194732666,8274.035459041595,8.564467668533325,39.47884941101074,0.0,0.0,0.1782655359610861,0.0,0.0,61.436466853636915,64.3235445022583,71.224045753479,82.608163356781,89.0505313873291,1040.2129943879543,4871.731405627266,50000,7800000,4210.057920455933,57.84,92.0,4529.1796875,20475.0,33.44,65.42,67.0,80.37576,112.551,2370.0,8551.0,3957.5853549998697,0.0,45.98681640625,3388.0,641.7529296875,20474.5,1,8.758,24,24027.139765625,64860.765625,37.023999999999994,2196.55859375,-1,628176,3987.5997350005764,1.1076665930557157,0.0011076665930557156,646414.2117499782,179.55950326388285,0.17955950326388284,0.526141631701465,0.0005261416317014649,85.29076405034438,0.08529076405034437,475.0,79.7447991631799,112.551,75.167,79.75199470001152,478,10.0,64,64,1,True,240,sgd,multistep,32,100,0.0,False,1.0.0
p7-msdnet-cifar100-jointexit-s2,156,122774,2026-09-01T15:45:24Z,1788277524.7032232,local,0,local-1c8d861c2a,CB-410-122,msdnet,msdnet,cifar100,2,p7,jointexit,4648aa4b6179df102f913788605506586ea64187887a010d75319591508daa37,0.9919099381637573,0.9577449533462524,0.81538,0.7283,NA,0.9307,0.7280610946786028,0.7283,0.7280610946786027,0.7314740524525868,0.7283,0.7314740524525869,0.7282999999999998,0.7283,0.7283,0.7282999999999998,0.7255555555555555,0.7255954570735679,0.6552730202674866,1.5001732110977173,0.13064620654747697,0.9856165945529938,0.7283,0,True,0.0180791040994227,0.9335731640458107,0.9577469825744629,0.3714345097541809,0.7131311297416687,1.0517534017562866,0.9919099381637573,0.9919099381637573,NA,NA,NA,NA,NA,NA,NA,NA,NA,NA,NA,0.005000000000000001,0.005000000000000001,0.005000000000000001,[0.005],0.9,0.0005,2.262751294981183,5.568767547607422,1.694908618927002,2.2477478981018066,2.6106630444526666,2.8009032392501814,0.2357524115802613,NA,0.0,55.7445182800293,2.112633228302002,0.03789849286506188,65536.0,0,782,782,0,0,49.952171087265015,47.90205192565918,2.0493617057800293,8323.98763012886,9.027707576751709,38.85645413398743,0.0,0.0,0.18853222556733276,0.0,0.0,61.232943364116544,63.90261650085449,70.69909572601318,81.89885139465326,88.11283111572266,1043.7966222740665,4879.568097615933,50000,7850000,4146.030200242996,59.8,92.0,4529.1796875,20475.0,34.92,65.72,68.0,80.44846,112.444,2370.0,8551.0,3966.2319754995524,0.0,45.59423828125,3388.0,641.94921875,20474.5,1,8.828,24,24032.70421875,64860.765625,37.05,2196.578125,-1,628176,3996.380299498825,1.1101056387496737,0.0011101056387496737,650410.592049477,180.66960890263252,0.1806696089026325,0.527300178406095,0.000527300178406095,85.81806422875046,0.08581806422875046,475.0,80.1191970649895,112.894,75.762,79.9276059899765,477,10.0,64,64,1,True,240,sgd,multistep,32,100,0.0,False,1.0.0
p7-msdnet-cifar100-jointexit-s2,157,123556,2026-09-01T15:46:14Z,1788277574.5875053,local,0,local-1c8d861c2a,CB-410-122,msdnet,msdnet,cifar100,2,p7,jointexit,4648aa4b6179df102f913788605506586ea64187887a010d75319591508daa37,0.9817876272583008,0.9743640962600708,0.81744,0.722,NA,0.9284,0.7212702004064127,0.722,0.7212702004064127,0.7258473419658229,0.722,0.7258473419658229,0.7219999999999999,0.722,0.722,0.7219999999999999,0.7191919191919192,0.7192450435756419,0.6018445491790771,1.3711979389190674,0.13083458556484473,0.9753524959087372,0.7283,1,False,0.014439479419961567,0.08866073638200761,0.9743632078170776,0.3769858479499817,0.7119891047477722,1.0618877410888672,0.9817876272583008,0.9817876272583008,NA,NA,NA,NA,NA,NA,NA,NA,NA,NA,NA,0.005000000000000001,0.005000000000000001,0.005000000000000001,[0.005],0.9,0.0005,2.3318953547636263,4.617909908294678,1.7269667387008667,2.3110584020614624,2.6828478455543516,2.8632556295394878,0.22711551030663774,NA,0.0,55.42108154296875,2.146542549133301,0.03873151676892224,65536.0,0,782,782,0,0,49.772692918777466,47.71842074394226,2.054272174835205,8373.760323047638,9.376697301864624,38.33250904083252,0.0,0.0,0.19653853041510336,0.0,0.0,61.00921527199123,65.88470935821533,69.4542646408081,81.13715171813952,87.19778060913086,1047.8133857006862,4867.904128040972,50000,7900000,4081.360819339752,59.2,96.0,4529.1796875,20475.0,33.88,65.78,68.0,80.70962,112.894,2370.0,8551.0,3974.3589559998404,0.0,45.98681640625,3388.0,641.7529296875,20474.5,1,8.61,24,24039.271015625,64860.765625,37.044,2196.5859375,-1,628175,3985.3748175009405,1.107048560416928,0.001107048560416928,654395.966866978,181.77665746304945,0.18177665746304944,0.5258480661980407,0.0005258480661980407,86.34391229494851,0.0863439122949485,475.0,80.22324261603376,112.894,76.895,79.70749635001881,474,10.0,64,64,1,True,240,sgd,multistep,32,100,0.0,False,1.0.0
p7-msdnet-cifar100-jointexit-s2,158,124338,2026-09-01T15:47:04Z,1788277624.2964847,local,0,local-1c8d861c2a,CB-410-122,msdnet,msdnet,cifar100,2,p7,jointexit,4648aa4b6179df102f913788605506586ea64187887a010d75319591508daa37,0.9707009154510498,0.9773570837020874,0.82126,0.7265,NA,0.9281,0.725481129846996,0.7265,0.725481129846996,0.7300469233830214,0.7265,0.7300469233830214,0.7264999999999999,0.7265,0.7265,0.7264999999999999,0.7237373737373738,0.7238037108284884,0.6473939418792725,1.325330138206482,0.12666846134597173,0.966575026512146,0.7283,2,False,0.015788092444837108,0.06692797270340797,0.9773557782173157,0.3745797574520111,0.7117903828620911,1.065661907196045,0.9707009154510498,0.9707009154510498,NA,NA,NA,NA,NA,NA,NA,NA,NA,NA,NA,0.005000000000000001,0.005000000000000001,0.005000000000000001,[0.005],0.9,0.0005,2.4121843030690537,4.370003700256348,1.755894660949707,2.394073486328125,2.7898701310157774,2.9349888730049134,0.23087527587183973,NA,0.0,55.11306381225586,2.1939311027526855,0.03980782324543544,65536.0,0,782,782,0,0,49.67416310310364,47.613600730895996,2.0605623722076416,8423.434486150742,8.593423128128052,38.99679756164551,0.0,0.0,0.18057119726647228,0.0,0.0,60.85705970559279,64.97669219970703,68.3852195739746,82.44272708892822,83.65464210510254,1050.1201176233558,4853.044069365499,50000,7950000,4023.6072113513947,59.3469387755102,92.0,4529.1796875,20475.0,33.857142857142854,65.9795918367347,69.0,80.45557142857143,109.98,2370.0,8551.0,3890.7806954995494,0.0,45.59423828125,3388.0,641.94921875,20474.5,1,8.43673469387755,24,24078.24441964286,64860.765625,37.099999999999994,2196.65234375,-1,628175,3992.23345799963,1.1089537383332306,0.0011089537383332305,658388.2003249776,182.8856112013827,0.18288561120138266,0.5267530257082845,0.0005267530257082845,86.8706653206568,0.08687066532065679,475.0,80.55667728237792,113.136,77.131,79.84466915999259,471,10.0,64,64,1,True,240,sgd,multistep,32,100,0.0,False,1.0.0
p7-msdnet-cifar100-jointexit-s2,159,125120,2026-09-01T15:47:55Z,1788277675.4585876,local,0,local-1c8d861c2a,CB-410-122,msdnet,msdnet,cifar100,2,p7,jointexit,4648aa4b6179df102f913788605506586ea64187887a010d75319591508daa37,0.9617653453636169,0.9778331649780273,0.82624,0.7218,NA,0.9276,0.7207516884360536,0.7218,0.7207516884360536,0.7248554162871558,0.7218,0.724855416287156,0.7217999999999998,0.7218,0.7218,0.7217999999999998,0.7189898989898991,0.7190419478898641,0.5802119374275208,1.562781572341919,0.13753802914274144,0.963087648153305,0.7283,3,False,0.01326674159243705,0.06888558878295725,0.9778357148170471,0.37635982036590576,0.7160797119140625,1.0402735471725464,0.9617653453636169,0.9617653453636169,NA,NA,NA,NA,NA,NA,NA,NA,NA,NA,NA,0.005000000000000001,0.005000000000000001,0.005000000000000001,[0.005],0.9,0.0005,2.4759163259696715,3.2824692726135254,1.726757526397705,2.4766111373901367,2.876532554626465,3.087652206420899,0.24267105929598035,NA,0.0,54.81538009643555,2.2252421379089355,0.04059521495598706,65536.0,1,782,782,0,0,51.102094411849976,49.034878969192505,2.066653251647949,8474.536580562592,9.22658109664917,39.79320502281189,0.0,0.0,0.1882215698404726,0.0,0.0,62.68514849035942,65.96970558166504,72.51815795898438,83.09833526611328,84.71989631652832,1019.6823373707898,4838.7410863559235,50000,8000000,4088.167552947998,57.01960784313726,95.0,4529.1796875,20475.0,33.490196078431374,66.03921568627452,68.0,79.57756862745099,113.136,2370.0,8551.0,3996.7577365003663,0.0,45.98681640625,3388.0,641.7529296875,20474.5,1,8.650980392156864,24,24075.725260416668,64860.765625,37.099999999999994,2194.66796875,-1,628175,4045.9138740001817,1.1238649650000505,0.0011238649650000504,662434.1141989778,184.00947616638274,0.18400947616638272,0.5338358583750239,0.0005338358583750239,87.40450117903181,0.08740450117903181,475.0,79.3375881147541,113.136,75.733,80.91827748000362,488,10.0,64,64,1,True,240,sgd,multistep,32,100,0.0,False,1.0.0
p7-msdnet-cifar100-jointexit-s2,160,125902,2026-09-01T15:48:47Z,1788277727.4767916,local,0,local-1c8d861c2a,CB-410-122,msdnet,msdnet,cifar100,2,p7,jointexit,4648aa4b6179df102f913788605506586ea64187887a010d75319591508daa37,0.9568273136901856,0.976175532913208,0.8268,0.7223,NA,0.9277,0.7214621138372554,0.7223,0.7214621138372552,0.7273789070857026,0.7223,0.7273789070857026,0.7222999999999999,0.7223,0.7223,0.7222999999999999,0.7194949494949495,0.719576942327024,0.5620134472846985,1.6108405590057373,0.13035181557487083,0.9485669136047363,0.7283,4,False,0.015217478272318834,0.07409319661298774,0.9761748313903809,0.3769800364971161,0.7252436876296997,1.0023155212402344,0.9568273136901856,0.9568273136901856,NA,NA,NA,NA,NA,NA,NA,NA,NA,NA,NA,0.005000000000000001,0.005000000000000001,0.005000000000000001,[0.005],0.9,0.0005,2.56874717577644,7.201019763946533,1.7679572105407715,2.555270791053772,2.968331682682037,3.098337063789367,0.2894659331053032,NA,0.0,54.53422546386719,2.2754647731781006,0.041725444045881944,65536.0,0,782,782,0,0,51.918752670288086,49.85183024406433,2.066922426223755,8526.45533323288,9.422403335571289,40.41612529754639,0.0,0.0,0.1890586177801025,0.0,0.0,63.73213380194076,66.31708145141602,73.13306331634521,83.16669702529907,90.97647666931152,1002.972202930369,4838.110938817328,50000,8050000,4101.581460952759,56.51923076923077,92.0,4529.1796875,20475.0,33.53846153846154,65.71153846153847,68.0,79.39994230769231,112.328,2370.0,8551.0,4073.456215499628,0.0,45.59423828125,3388.0,641.94921875,20474.5,1,8.513461538461538,24,24051.50330528846,64860.765625,37.10192307692307,2197.24609375,-1,628175,4074.6135729995353,1.131837103610982,0.0011318371036109821,666508.7277719773,185.1413132699937,0.1851413132699937,0.5376226242152164,0.0005376226242152165,87.94212380324703,0.08794212380324704,475.0,78.61622626262627,112.328,75.101,81.4922714599907,495,10.0,64,64,1,True,240,sgd,multistep,32,100,0.0,False,1.0.0
p7-msdnet-cifar100-jointexit-s2,161,126684,2026-09-01T15:49:39Z,1788277779.9624379,local,0,local-1c8d861c2a,CB-410-122,msdnet,msdnet,cifar100,2,p7,jointexit,4648aa4b6179df102f913788605506586ea64187887a010d75319591508daa37,0.9435479852294922,0.9696787965774536,0.83226,0.7277,NA,0.9285,0.726347698261536,0.7277,0.7263476982615361,0.732149671359779,0.7277,0.732149671359779,0.7277000000000002,0.7277,0.7277,0.7277000000000002,0.724949494949495,0.7250286152679036,0.6085947155952454,1.736238956451416,0.12660737322875185,0.9371894001960754,0.7283,5,False,0.014869219475984565,0.10428764458213532,0.9696751832962036,0.3711369037628174,0.717003345489502,1.0498615503311157,0.9435479852294922,0.9435479852294922,NA,NA,NA,NA,NA,NA,NA,NA,NA,NA,NA,0.005000000000000001,0.005000000000000001,0.005000000000000001,[0.005],0.9,0.0005,2.625794887695361,3.3198463916778564,1.9108870029449463,2.628878355026245,3.008188486099243,3.1591539382934575,0.2311818139697956,NA,0.0,54.275489807128906,2.3143458366394043,0.04264071765844152,32768.0,1,782,782,0,0,52.435588359832764,50.36843490600586,2.0671534538269043,8578.890921592712,9.07638692855835,41.27334451675415,0.0,0.0,0.18026683892875758,0.0,0.0,64.38584583799553,66.55251979827881,70.82717418670654,83.14575910568236,85.1130485534668,992.6852024150958,4837.570225610045,50000,8100000,4089.9758920669556,56.25,92.0,4529.1796875,20475.0,32.67307692307692,65.5,68.0,78.75544230769232,112.407,2370.0,8551.0,4034.719373498965,0.0,45.98681640625,3388.0,641.7529296875,20474.5,1,8.551923076923078,24,24056.662935697117,64860.765625,37.099999999999994,2195.30859375,-1,628175,4091.7966130000277,1.1366101702777855,0.0011366101702777855,670600.5243849773,186.27792344027148,0.18627792344027147,0.5398898308819481,0.0005398898308819481,88.48201363412899,0.08848201363412898,475.0,78.2136265060241,112.407,72.979,81.83593226000055,498,10.0,64,64,1,True,240,sgd,multistep,32,100,0.0,False,1.0.0
p7-msdnet-cifar100-jointexit-s2,162,127466,2026-09-01T15:50:31Z,1788277831.5137541,local,0,local-1c8d861c2a,CB-410-122,msdnet,msdnet,cifar100,2,p7,jointexit,4648aa4b6179df102f913788605506586ea64187887a010d75319591508daa37,0.9382547722244262,0.9783077192306519,0.83364,0.7275,NA,0.926,0.7267346179498669,0.7275,0.7267346179498668,0.731169003686268,0.7275,0.7311690036862679,0.7274999999999998,0.7275,0.7275,0.7274999999999998,0.7247474747474747,0.7248040043430156,0.5981371402740479,1.401502013206482,0.12593622999541004,0.9349970817565918,0.7283,6,False,0.012043169529736057,0.059393389815482034,0.9783061742782593,0.3743586838245392,0.7213898301124573,1.026173710823059,0.9382547722244262,0.9382547722244262,NA,NA,NA,NA,NA,NA,NA,NA,NA,NA,NA,0.005000000000000001,0.005000000000000001,0.005000000000000001,[0.005],0.9,0.0005,2.703536962609157,5.667661190032959,1.9945552349090576,2.6903371810913086,3.100525617599487,3.3350960230827327,0.267078576095158,NA,0.0,54.023807525634766,2.3597021102905273,0.04367893005636132,32768.0,0,782,782,0,0,51.48494815826416,49.42857503890991,2.056373119354248,8630.375869750977,8.7660231590271,40.66255187988281,0.0,0.0,0.17734727639076248,0.0,0.0,63.20789646919427,66.32792949676514,70.72653770446777,82.82585620880126,85.82663536071777,1011.5606197556831,4862.93071324539,50000,8150000,3964.3410081863403,59.01960784313726,92.0,4555.4765625,20475.0,35.11764705882353,65.43137254901961,68.0,79.38603921568628,112.39,2370.0,8551.0,3999.3187764993127,0.0,45.59423828125,3388.0,641.94921875,20474.5,1,8.574509803921568,24,24076.08953737745,64860.765625,37.12352941176471,2197.265625,-1,628175,4060.165042499387,1.1278236229164964,0.0011278236229164964,674660.6894274767,187.405747063188,0.18740574706318797,0.5357162208853358,0.0005357162208853357,89.01772985501431,0.08901772985501431,475.0,79.00047959183674,112.39,74.707,81.20330084998774,490,10.0,64,64,1,True,240,sgd,multistep,32,100,0.0,False,1.0.0
p7-msdnet-cifar100-jointexit-s2,163,128248,2026-09-01T15:51:21Z,1788277881.4659114,local,0,local-1c8d861c2a,CB-410-122,msdnet,msdnet,cifar100,2,p7,jointexit,4648aa4b6179df102f913788605506586ea64187887a010d75319591508daa37,0.9342425890922547,0.9754465934753418,0.83658,0.7287,NA,0.9263,0.727262397485146,0.7287,0.7272623974851463,0.7316522518967777,0.7287,0.7316522518967775,0.7287,0.7287,0.7287,0.7287,0.7259595959595959,0.7260249044704397,0.5832913517951965,1.4675041437149048,0.13222321790767025,0.9271225035190582,0.7287,0,True,0.015281890967488264,0.09082928777505189,0.9754499793052673,0.3743424415588379,0.719659686088562,1.034383773803711,0.9342425890922547,0.9342425890922547,NA,NA,NA,NA,NA,NA,NA,NA,NA,NA,NA,0.005000000000000001,0.005000000000000001,0.005000000000000001,[0.005],0.9,0.0005,2.780031098886524,5.758684158325195,1.9343334436416626,2.7718281745910645,3.225965797901153,3.4462773609161363,0.2870848707467487,NA,0.0,53.78425598144531,2.410473108291626,0.04481744823472504,32768.0,0,782,782,0,0,49.8977575302124,47.8476505279541,2.050107002258301,8680.273627281189,9.039681196212769,38.79566550254822,0.0,0.0,0.1889749279573406,0.0,0.0,61.17052007514193,63.861846923828125,70.25971412658691,79.66085910797118,86.57073974609375,1044.983388908269,4877.794178052401,50000,8200000,3792.2295722961426,59.38,92.0,4529.1796875,20475.0,35.02,65.76,68.0,80.79688000000002,112.02,2370.0,8551.0,3976.9014924998505,0.0,45.98681640625,3388.0,641.7529296875,20474.5,1,9.112,24,24115.182109375,64860.765625,37.2,2197.2734375,-1,628175,3992.830757500585,1.1091196548612736,0.0011091196548612737,678653.5201849773,188.51486671804926,0.18851486671804926,0.5268318360591049,0.0005268318360591049,89.54456169107341,0.08954456169107342,475.0,80.07572268907562,112.151,76.693,79.8566151500117,476,10.0,64,64,1,True,240,sgd,multistep,32,100,0.0,False,1.0.0
p7-msdnet-cifar100-jointexit-s2,164,129030,2026-09-01T15:52:11Z,1788277931.875887,local,0,local-1c8d861c2a,CB-410-122,msdnet,msdnet,cifar100,2,p7,jointexit,4648aa4b6179df102f913788605506586ea64187887a010d75319591508daa37,0.9319346635055542,0.9806493705749512,0.83622,0.7255,NA,0.9272,0.7244387274090058,0.7255,0.7244387274090058,0.7288058086033105,0.7255,0.7288058086033105,0.7254999999999999,0.7255,0.7255,0.7254999999999999,0.7227272727272727,0.7227897273783644,0.6059500575065613,1.3576536178588867,0.1301485585956892,0.9230575561523438,0.7287,1,False,0.0176889926351607,0.14818945923795945,0.9806522727012634,0.37645068764686584,0.7189065217971802,1.0437523126602173,0.9319346635055542,0.9319346635055542,NA,NA,NA,NA,NA,NA,NA,NA,NA,NA,NA,0.005000000000000001,0.005000000000000001,0.005000000000000001,[0.005],0.9,0.0005,2.8489996158253508,5.276231288909912,2.025766134262085,2.8500951528549194,3.2882382631301876,3.439635071754455,0.2854749798463785,NA,0.0,53.56285858154297,2.4530277252197266,0.04579717718921384,65536.0,0,782,782,0,0,50.28697156906128,48.21854877471924,2.067265033721924,8730.56059885025,9.133782625198364,39.076528549194336,0.0,0.0,0.1894570352835608,0.0,0.0,61.65001428950473,64.26668167114258,70.90563774108887,81.2684941291809,87.48650550842285,1036.9453513336505,4837.309119477489,50000,8250000,3771.522867679596,57.78,92.0,4529.1796875,20475.0,33.46,65.9,68.0,80.43308,112.257,2370.0,8551.0,3964.394500500461,0.0,45.59423828125,3388.0,641.94921875,20474.5,1,8.797999999999998,24,24119.357578125,64860.765625,37.2,2197.265625,-1,628174,4014.43535550033,1.115120932083425,0.001115120932083425,682667.9555404776,189.62998765013268,0.18962998765013267,0.5296824427396268,0.0005296824427396268,90.07424413381304,0.09007424413381304,475.0,79.903575,112.449,75.141,80.2887071100066,480,10.0,64,64,1,True,240,sgd,multistep,32,100,0.0,False,1.0.0
p7-msdnet-cifar100-jointexit-s2,165,129812,2026-09-01T15:53:02Z,1788277982.3858788,local,0,local-1c8d861c2a,CB-410-122,msdnet,msdnet,cifar100,2,p7,jointexit,4648aa4b6179df102f913788605506586ea64187887a010d75319591508daa37,0.92803978307724,0.9889558812141418,0.83906,0.7239,NA,0.9285,0.7243364834822108,0.7239,0.724336483482211,0.7304913389669171,0.7239,0.7304913389669173,0.7239000000000001,0.7239,0.7239,0.7239000000000001,0.721111111111111,0.7211759105851845,0.5725488662719727,1.4672342538833618,0.12702157945048467,0.9187266826629639,0.7287,2,False,0.01857861534059047,0.06362400203943253,0.9889524579048157,0.3790343403816223,0.7126498818397522,1.0653934478759766,0.92803978307724,0.92803978307724,NA,NA,NA,NA,NA,NA,NA,NA,NA,NA,NA,0.005000000000000001,0.005000000000000001,0.005000000000000001,[0.005],0.9,0.0005,2.9295049561259083,5.3794941902160645,2.0914933681488037,2.9235512018203735,3.402987658977508,3.6072018504142753,0.28941644226617735,NA,0.0,53.35334014892578,2.5052623748779297,0.04695605500770828,65536.0,0,782,782,0,0,50.44796538352966,48.38871908187866,2.0582284927368164,8781.00856423378,8.899016380310059,39.47934699058533,0.0,0.0,0.18394620570533277,0.0,0.0,61.86491479654141,64.80920314788818,71.13394737243652,82.93834924697873,86.52353286743164,1033.2986892129732,4858.547063792246,50000,8300000,3733.149438381195,56.4,91.0,4529.1796875,20475.0,32.3,65.86,68.0,79.86722,112.449,2370.0,8551.0,3935.514556000008,0.0,45.98681640625,3388.0,641.7529296875,20474.5,1,8.828000000000001,24,24126.066484375,64860.765625,37.2,2197.328125,-1,628174,4021.4678565006548,1.1170744045835153,0.0011170744045835151,686689.4233969783,190.7470620547162,0.1907470620547162,0.5306103421771696,0.0005306103421771697,90.60485447599022,0.09060485447599022,475.0,79.83088357588358,113.24,76.87,80.42935713001309,481,10.0,64,64,1,True,240,sgd,multistep,32,100,0.0,False,1.0.0
p7-msdnet-cifar100-jointexit-s2,166,130594,2026-09-01T15:53:51Z,1788278031.504835,local,0,local-1c8d861c2a,CB-410-122,msdnet,msdnet,cifar100,2,p7,jointexit,4648aa4b6179df102f913788605506586ea64187887a010d75319591508daa37,0.920776914100647,1.004270051574707,0.84112,0.7189,NA,0.925,0.7182071171609152,0.7189,0.7182071171609152,0.7263338366458001,0.7189,0.7263338366458,0.7188999999999999,0.7189,0.7189,0.7188999999999999,0.7160606060606061,0.7161511434154865,0.4913979470729828,1.4496327638626099,0.13002385927593305,0.9181479215621948,0.7287,3,False,0.01610021795481445,0.04977602762570654,1.004265308380127,0.3848987817764282,0.7284817099571228,0.9945623874664307,0.920776914100647,0.920776914100647,NA,NA,NA,NA,NA,NA,NA,NA,NA,NA,NA,0.005000000000000001,0.005000000000000001,0.005000000000000001,[0.005],0.9,0.0005,2.9937523225384295,6.7597270011901855,2.060103178024292,2.9919568300247192,3.4496591329574584,3.645453712940215,0.31365634364913203,NA,0.0,53.16326141357422,2.5198464393615723,0.047398266629258716,65536.0,0,782,782,0,0,49.08531737327576,47.03473114967346,2.050586223602295,8830.093881607056,8.698158502578735,38.31545400619507,0.0,0.0,0.18501361708708222,0.0,0.0,60.119709090503584,62.539100646972656,67.55704879760742,82.45033025741576,87.72945404052734,1063.0442393917483,4876.654239114537,50000,8350000,3583.2281682491302,61.183673469387756,92.0,4529.1796875,20475.0,36.183673469387756,66.40816326530613,68.0,81.4485306122449,113.24,2370.0,8551.0,3933.356916000435,0.0,45.59423828125,3388.0,641.94921875,20474.5,1,8.795918367346939,24,24108.575095663266,64860.765625,37.199999999999996,2197.33984375,-1,628174,3970.1668679999557,1.1028241299999877,0.0011028241299999876,690659.5902649782,191.84988618471618,0.19184988618471618,0.5238414617499941,0.0005238414617499941,91.12869593774022,0.09112869593774021,475.0,81.0700364806867,113.24,77.344,79.40333735999911,466,10.0,64,64,1,True,240,sgd,multistep,32,100,0.0,False,1.0.0
p7-msdnet-cifar100-jointexit-s2,167,131376,2026-09-01T15:54:43Z,1788278083.0734267,local,0,local-1c8d861c2a,CB-410-122,msdnet,msdnet,cifar100,2,p7,jointexit,4648aa4b6179df102f913788605506586ea64187887a010d75319591508daa37,0.9178570154190063,0.9896830072402955,0.84192,0.7217,NA,0.9265,0.7219981523532497,0.7217,0.7219981523532498,0.7305557774992706,0.7217,0.7305557774992705,0.7217,0.7217,0.7217,0.7217,0.7188888888888889,0.7189893002143154,0.5785202383995056,1.3552772998809814,0.12189351287523777,0.9153593182563782,0.7287,4,False,0.012989955510199073,0.07382681886203415,0.9896793961524963,0.38046684861183167,0.7240774035453796,1.0142943859100342,0.9178570154190063,0.9178570154190063,NA,NA,NA,NA,NA,NA,NA,NA,NA,NA,NA,0.005000000000000001,0.005000000000000001,0.005000000000000001,[0.005],0.9,0.0005,3.0505719819844304,4.0147833824157715,2.0977160930633545,3.041262626647949,3.5116472244262695,3.676042890548706,0.2811952456706672,NA,0.0,52.98009490966797,2.580287218093872,0.04870295575146305,65536.0,1,782,782,0,0,51.502187728881836,49.4351372718811,2.0670504570007324,8881.596069335938,9.05906057357788,40.35798144340515,0.0,0.0,0.18331855173493744,0.0,0.0,63.193148359313334,66.41221046447754,69.32649612426758,82.77414798736571,85.07585525512695,1011.4263408436046,4837.811271675434,50000,8400000,3708.157516479492,56.8235294117647,92.0,4529.1796875,20475.0,32.96078431372549,65.98039215686275,69.0,79.13307843137254,112.422,2370.0,8551.0,3978.565100501027,0.0,45.98681640625,3388.0,641.7529296875,20474.5,1,8.868627450980393,24,24109.52956495098,64860.765625,37.2,2197.34375,-1,628174,4064.0780095006467,1.1289105581946242,0.001128910558194624,694723.6682744789,192.9787967429108,0.1929787967429108,0.5362325151424464,0.0005362325151424464,91.66492845288265,0.09166492845288265,475.0,79.11755193482689,113.037,76.413,81.28156019001294,491,10.0,64,64,1,True,240,sgd,multistep,32,100,0.0,False,1.0.0
p7-msdnet-cifar100-jointexit-s2,168,132158,2026-09-01T15:55:34Z,1788278134.6746123,local,0,local-1c8d861c2a,CB-410-122,msdnet,msdnet,cifar100,2,p7,jointexit,4648aa4b6179df102f913788605506586ea64187887a010d75319591508daa37,0.9168946355438232,0.9807711948394775,0.84244,0.7239,NA,0.926,0.7243006389043154,0.7239,0.7243006389043153,0.7322624135491371,0.7239,0.732262413549137,0.7238999999999999,0.7239,0.7239,0.7238999999999999,0.721111111111111,0.7211980389256875,0.5220763087272644,1.622049331665039,0.12815557261371602,0.9063866138458252,0.7287,5,False,0.012712966659665093,0.062392331659793854,0.980771005153656,0.37570157647132874,0.7320392727851868,0.9738668203353882,0.9168946355438232,0.9168946355438232,NA,NA,NA,NA,NA,NA,NA,NA,NA,NA,NA,0.005000000000000001,0.005000000000000001,0.005000000000000001,[0.005],0.9,0.0005,3.120101950357637,8.240875244140625,2.3233442306518555,3.0981210470199585,3.64010840654373,3.851824643611908,0.35421044653500444,NA,0.0,52.809165954589844,2.6318798065185547,0.0498375567753084,65536.0,0,782,782,0,0,51.53481698036194,49.47809958457947,2.0567173957824707,8933.1308863163,8.78700590133667,40.683205366134644,0.0,0.0,0.17762216243281914,0.0,0.0,63.26113972822419,66.19715690612793,72.26011753082274,82.8383183479309,91.44926071166992,1010.5481095636743,4862.116701354362,50000,8450000,3658.9720056056976,56.09803921568628,92.0,4529.1796875,20475.0,32.3921568627451,65.58823529411765,68.0,79.27649019607843,113.037,2370.0,8551.0,3990.241738000092,0.0,45.59423828125,3388.0,641.94921875,20474.5,1,8.52156862745098,24,24123.02428002451,64860.765625,37.2,2197.35546875,-1,628174,4055.8375894996607,1.1266215526387946,0.0011266215526387947,698779.5058639785,194.10541829554958,0.1941054182955496,0.5351452375034275,0.0005351452375034275,92.20007369038609,0.09220007369038609,475.0,78.88983469387755,113.037,75.438,81.11675178999322,490,10.0,64,64,1,True,240,sgd,multistep,32,100,0.0,False,1.0.0
p7-msdnet-cifar100-jointexit-s2,169,132940,2026-09-01T15:56:26Z,1788278186.9603515,local,0,local-1c8d861c2a,CB-410-122,msdnet,msdnet,cifar100,2,p7,jointexit,4648aa4b6179df102f913788605506586ea64187887a010d75319591508daa37,0.914264775466919,1.0183578445434571,0.84446,0.7124,NA,0.9227,0.7123932635517362,0.7124,0.712393263551736,0.722568512980217,0.7124,0.7225685129802171,0.7124000000000001,0.7124,0.7124,0.7124000000000001,0.7094949494949495,0.709614203372974,0.5584824085235596,1.483132004737854,0.12516382875783166,0.907414585351944,0.7287,6,False,0.012891347842663534,0.07161453005272089,1.018357753753662,0.38798028230667114,0.706858217716217,1.0976673364639282,0.914264775466919,0.914264775466919,NA,NA,NA,NA,NA,NA,NA,NA,NA,NA,NA,0.005000000000000001,0.005000000000000001,0.005000000000000001,[0.005],0.9,0.0005,3.1865890269999,7.604172229766846,2.2613162994384766,3.16837739944458,3.7047240138053885,3.8814842391014084,0.3402139390891206,NA,0.0,52.65574645996094,2.6724655628204346,0.05075354054381431,65536.0,0,782,782,0,0,52.20225954055786,50.1521520614624,2.050107479095459,8985.333145856857,8.998119592666626,41.141456604003906,0.0,0.0,0.179461421001483,0.0,0.0,64.11710511083187,66.41221046447754,72.22304344177245,82.90504217147827,87.82148361206055,996.9661907772983,4877.793043519925,50000,8500000,3654.1581678390503,57.07692307692308,95.0,4529.1796875,20475.0,33.19230769230769,65.57692307692308,68.0,78.69325,112.45,2370.0,8551.0,4032.353818500589,0.0,45.98681640625,3388.0,641.7529296875,20474.5,1,8.553846153846154,24,24113.083984375,64860.765625,37.2,2195.4375,-1,628174,4095.0688099993613,1.1375191138887115,0.0011375191138887114,702874.5746739779,195.2429374094383,0.19524293740943832,0.540321579097138,0.0005403215790971379,92.74039526948323,0.09274039526948323,475.0,78.50280645161291,112.872,75.187,81.90137619998723,496,10.0,64,64,1,True,240,sgd,multistep,32,100,0.0,False,1.0.0
p7-msdnet-cifar100-jointexit-s2,170,133722,2026-09-01T15:57:18Z,1788278238.881606,local,0,local-1c8d861c2a,CB-410-122,msdnet,msdnet,cifar100,2,p7,jointexit,4648aa4b6179df102f913788605506586ea64187887a010d75319591508daa37,0.911460986404419,0.9932720560073852,0.8448,0.7235,NA,0.9249,0.7229781600217093,0.7235,0.7229781600217092,0.7289023811661718,0.7235,0.7289023811661721,0.7234999999999998,0.7235,0.7235,0.7234999999999998,0.7207070707070706,0.7207808489511013,0.5595828294754028,1.3504797220230103,0.12501642261184528,0.9064596891403198,0.7287,7,False,0.01403388398885729,0.07815135361855491,0.9932751655578613,0.3791748881340027,0.7208417654037476,1.0326648950576782,0.911460986404419,0.911460986404419,NA,NA,NA,NA,NA,NA,NA,NA,NA,NA,NA,0.005000000000000001,0.005000000000000001,0.005000000000000001,[0.005],0.9,0.0005,3.23808639302907,4.193149089813232,2.136669635772705,3.2312822341918945,3.731759548187256,3.9799126625061034,0.30667169883831485,NA,0.0,52.51013946533203,2.7122812271118164,0.05165252377405138,65536.0,1,782,782,0,0,51.83546018600464,49.77635312080383,2.0591070652008057,9037.168606042862,8.699381589889526,41.06844162940979,0.0,0.0,0.17479931865929027,0.0,0.0,63.64171767173826,63.90416622161865,71.84832096099854,83.95368576049803,89.95389938354492,1004.4930346474639,4856.474036246771,50000,8550000,3576.64675283432,56.96153846153846,92.0,4529.1796875,20475.0,33.44230769230769,65.59615384615384,68.0,79.52180769230769,112.872,2370.0,8551.0,4076.2922664995594,0.0,45.59423828125,3388.0,641.94921875,20474.5,1,8.63076923076923,24,24109.025841346152,64860.765625,37.2,2197.4140625,-1,628174,4079.7581104993583,1.1332661418053773,0.0011332661418053773,706954.3327844773,196.3762035512437,0.1963762035512437,0.5383014173575541,0.0005383014173575542,93.27869668684079,0.09327869668684079,475.0,78.79490612244898,112.872,75.121,81.59516220998717,490,10.0,64,64,1,True,240,sgd,multistep,32,100,0.0,False,1.0.0
p7-msdnet-cifar100-jointexit-s2,171,134504,2026-09-01T15:58:08Z,1788278288.7972522,local,0,local-1c8d861c2a,CB-410-122,msdnet,msdnet,cifar100,2,p7,jointexit,4648aa4b6179df102f913788605506586ea64187887a010d75319591508daa37,0.9071869113731384,1.000585330581665,0.84734,0.7197,NA,0.9284,0.7187328888896922,0.7197,0.7187328888896922,0.7252230790706286,0.7197,0.7252230790706283,0.7197,0.7197,0.7197,0.7197,0.7168686868686869,0.716948482606066,0.5494604706764221,1.385984182357788,0.12437083733067564,0.9089271426200867,0.7287,8,False,0.01696827311515807,0.04932397645152076,1.0005838871002197,0.38313668966293335,0.7290270924568176,1.0001412630081177,0.9071869113731384,0.9071869113731384,NA,NA,NA,NA,NA,NA,NA,NA,NA,NA,NA,0.005000000000000001,0.005000000000000001,0.005000000000000001,[0.005],0.9,0.0005,3.2976847786427763,7.548041820526123,2.1547086238861084,3.2923367023468018,3.785519027709961,4.09966243267059,0.3471563092764681,NA,0.0,52.37416458129883,2.745875358581543,0.052428050748555693,65536.0,0,782,782,0,0,49.852415561676025,47.78500556945801,2.0674099922180176,9087.021021604538,8.718870878219604,39.05702590942383,0.0,0.0,0.18249517988063427,0.0,0.0,61.09449717089953,63.03119659423828,70.58429718017578,81.3475942611694,86.2884521484375,1046.3533362431524,4836.969946764897,50000,8600000,3389.9642581939697,58.76,91.0,4529.1796875,20475.0,34.0,65.96,69.0,80.59195999999999,112.205,2370.0,8551.0,3970.1368465006635,0.0,45.98681640625,3388.0,641.7529296875,20474.5,1,8.719999999999999,24,24123.4565625,64860.765625,37.2,2197.421875,-1,628173,3996.836006999986,1.1102322241666627,0.0011102322241666627,710951.1687914772,197.48643577541034,0.19748643577541034,0.5273603064791648,0.0005273603064791648,93.80605699331996,0.09380605699331995,475.0,80.22974841437633,112.665,77.018,79.93672013999971,473,10.0,64,64,1,True,240,sgd,multistep,32,100,0.0,False,1.0.0
p7-msdnet-cifar100-jointexit-s2,172,135286,2026-09-01T15:58:58Z,1788278338.3157485,local,0,local-1c8d861c2a,CB-410-122,msdnet,msdnet,cifar100,2,p7,jointexit,4648aa4b6179df102f913788605506586ea64187887a010d75319591508daa37,0.907486176071167,1.019637257385254,0.8484,0.7162,NA,0.9218,0.7178045858147952,0.7162,0.7178045858147951,0.7281978594347307,0.7162,0.7281978594347306,0.7162,0.7162,0.7162,0.7162,0.7133333333333334,0.7134306403784955,0.5051030516624451,1.2759822607040405,0.11818083793148444,0.9113874733448029,0.7287,9,False,0.015562611219286905,0.06524088978767395,1.0196384191513062,0.38788339495658875,0.719546377658844,1.0377990007400513,0.907486176071167,0.907486176071167,NA,NA,NA,NA,NA,NA,NA,NA,NA,NA,NA,0.005000000000000001,0.005000000000000001,0.005000000000000001,[0.005],0.9,0.0005,3.3572730612571893,6.607035160064697,2.3483846187591553,3.34661602973938,3.8679851770401,4.141536893844604,0.33436212889831984,NA,0.0,52.24941635131836,2.7730281352996826,0.05307290165031123,65536.0,0,782,782,0,0,49.46900725364685,47.41870164871216,2.0503056049346924,9136.490028858185,8.770590782165527,38.64011311531067,0.0,0.0,0.18499178584506126,0.0,0.0,60.62749859012302,62.594056129455566,69.63179111480713,79.96736764907835,89.55240249633789,1054.4362933091388,4877.32169093813,50000,8650000,3314.423485994339,59.57142857142857,92.0,4529.1796875,20475.0,34.46938775510204,66.34693877551021,69.0,80.76867346938775,112.665,2370.0,8551.0,3901.307847500233,0.0,45.59423828125,3388.0,641.94921875,20474.5,1,8.808163265306122,24,24099.633290816328,64860.765625,37.18367346938776,2197.43359375,-1,628173,3988.3280765002637,1.107868910138962,0.0011078689101389622,714939.4968679774,198.59430468554928,0.19859430468554928,0.526237732316007,0.000526237732316007,94.33229472563596,0.09433229472563597,475.0,80.76414012738854,112.869,77.139,79.76656153000528,471,10.0,64,64,1,True,240,sgd,multistep,32,100,0.0,False,1.0.0
p7-msdnet-cifar100-jointexit-s2,173,136068,2026-09-01T15:59:48Z,1788278388.6842966,local,0,local-1c8d861c2a,CB-410-122,msdnet,msdnet,cifar100,2,p7,jointexit,4648aa4b6179df102f913788605506586ea64187887a010d75319591508daa37,0.9097317014312745,1.013357693862915,0.84682,0.7162,NA,0.9262,0.7175270864422447,0.7162,0.7175270864422447,0.7277721655203205,0.7162,0.7277721655203206,0.7162000000000001,0.7162,0.7162,0.7162000000000001,0.7133333333333334,0.7134424190917122,0.5478960275650024,1.29783296585083,0.12390139599532655,0.9059773683547974,0.7287,10,False,0.020052810373902302,0.06953735467122527,1.0133652687072754,0.3889147639274597,0.7268761992454529,1.000670075416565,0.9097317014312745,0.9097317014312745,NA,NA,NA,NA,NA,NA,NA,NA,NA,NA,NA,0.005000000000000001,0.005000000000000001,0.005000000000000001,[0.005],0.9,0.0005,3.4056429557702605,4.404289722442627,2.1806888580322266,3.4103479385375977,3.9246649742126465,4.181775093078613,0.3288788143848995,NA,0.0,52.133182525634766,2.8125486373901367,0.053949298721733686,65536.0,1,782,782,0,0,50.30916666984558,48.23687291145325,2.071218252182007,9186.79919552803,8.989481687545776,39.23498225212097,0.0,0.0,0.18640915736860128,0.0,0.0,61.668112454816814,64.72575664520264,70.88444232940674,79.80782032012935,85.94560623168945,1036.5514383940945,4828.076418052566,50000,8700000,3320.4050002098083,58.32,92.0,4529.1796875,20475.0,34.04,66.3,69.0,80.22534,112.443,2370.0,8551.0,3955.178414499441,0.0,45.98681640625,3388.0,641.7529296875,20474.5,1,8.936,24,24108.391953125,64860.765625,37.2,2197.4453125,-1,628173,4018.536088999969,1.1162600247222136,0.0011162600247222136,718958.0329569774,199.71056471027148,0.1997105647102715,0.5302235117430515,0.0005302235117430515,94.862518237379,0.09486251823737901,475.0,80.04997499999999,112.83,76.66,80.37072177999937,480,10.0,64,64,1,True,240,sgd,multistep,32,100,0.0,False,1.0.0
p7-msdnet-cifar100-jointexit-s2,174,136850,2026-09-01T16:00:39Z,1788278439.1239882,local,0,local-1c8d861c2a,CB-410-122,msdnet,msdnet,cifar100,2,p7,jointexit,4648aa4b6179df102f913788605506586ea64187887a010d75319591508daa37,0.9050352582931519,1.0128343975067138,0.84802,0.7152,NA,0.9246,0.7135819469722354,0.7152,0.7135819469722353,0.7216318179702457,0.7152,0.7216318179702457,0.7152,0.7152,0.7152,0.7152,0.7123232323232322,0.7124221939196597,0.585949718952179,1.3286534547805786,0.12182583848810062,0.9045583009719849,0.7287,11,False,0.02168470229208467,0.06158553699319369,1.012831211090088,0.3883250951766968,0.7295965552330017,0.9965116381645203,0.9050352582931519,0.9050352582931519,NA,NA,NA,NA,NA,NA,NA,NA,NA,NA,NA,0.005000000000000001,0.005000000000000001,0.005000000000000001,[0.005],0.9,0.0005,3.4582545452020232,4.4151482582092285,2.585174560546875,3.4552109241485596,3.9986155033111572,4.246185111999513,0.34034746641580926,NA,0.0,52.028228759765625,2.841867446899414,0.054621645107724326,32768.0,1,782,782,0,0,50.38982105255127,48.33775591850281,2.052065134048462,9237.189016580582,9.122133255004883,39.199230670928955,0.0,0.0,0.18878054164586772,0.0,0.0,61.792025480733805,64.65494632720947,70.967698097229,82.74761199951169,85.43896675109863,1034.3881102858752,4873.139665051119,50000,8750000,3275.3383684158325,58.64,91.0,4529.1796875,20475.0,33.7,66.44,69.0,80.17736000000001,112.142,2370.0,8551.0,3949.325376000266,0.0,45.59423828125,3388.0,641.94921875,20474.5,1,9.018,24,24121.875078125,64860.765625,37.2,2195.5625,-1,628173,4033.6374419999484,1.1204548449999856,0.0011204548449999857,722991.6703989774,200.8310195552715,0.2008310195552715,0.5322160513749932,0.0005322160513749932,95.394734288754,0.095394734288754,475.0,80.13983402489626,112.491,77.008,80.67274883999896,482,10.0,64,64,1,True,240,sgd,multistep,32,100,0.0,False,1.0.0
p7-msdnet-cifar100-jointexit-s2,175,137632,2026-09-01T16:01:30Z,1788278490.7378397,local,0,local-1c8d861c2a,CB-410-122,msdnet,msdnet,cifar100,2,p7,jointexit,4648aa4b6179df102f913788605506586ea64187887a010d75319591508daa37,0.9022366375732422,1.0157508045196533,0.84914,0.7144,NA,0.9219,0.7141402041720181,0.7144,0.7141402041720183,0.7227439784959363,0.7144,0.7227439784959362,0.7143999999999998,0.7144,0.7144,0.7143999999999998,0.7115151515151514,0.7116116641023754,0.560196042060852,1.323358416557312,0.12338577597375454,0.8962864279747009,0.7287,12,False,0.014531716244667783,0.09782530388361971,1.0157431364059448,0.38699349761009216,0.7149840593338013,1.057435393333435,0.9022366375732422,0.9022366375732422,NA,NA,NA,NA,NA,NA,NA,NA,NA,NA,NA,0.005000000000000001,0.005000000000000001,0.005000000000000001,[0.005],0.9,0.0005,3.5117194234867535,8.93678092956543,2.606881856918335,3.4810192584991455,4.073306393623352,4.38552300453186,0.3844518842752315,NA,0.0,51.93302917480469,2.872934103012085,0.05531997937847787,32768.0,0,782,782,0,0,51.5469446182251,49.49606657028198,2.0508780479431152,9288.735961198807,8.862810134887695,40.626280784606934,0.0,0.0,0.1790861373732868,0.0,0.0,63.28528250574761,66.37752056121826,70.34859657287598,82.4225378036499,85.04915237426758,1010.1812823651846,4875.960328323416,50000,8800000,3299.0044555664062,57.509803921568626,92.0,4529.1796875,20475.0,33.07843137254902,65.88235294117646,69.0,79.30288235294117,112.491,2370.0,8551.0,3980.7921510006995,0.0,45.98681640625,3388.0,641.7529296875,20474.5,1,8.709803921568627,24,24116.343367034315,64860.765625,37.2,2197.5078125,-1,628173,4066.154693001209,1.129487414722558,0.0011294874147225581,727057.8250919785,201.96050696999404,0.20196050696999404,0.5365065219932151,0.0005365065219932151,95.93124081074723,0.09593124081074722,475.0,79.05154065040651,112.491,75.951,81.32309386002417,492,10.0,64,64,1,True,240,sgd,multistep,32,100,0.0,False,1.0.0
p7-msdnet-cifar100-jointexit-s2,176,138414,2026-09-01T16:02:22Z,1788278542.389781,local,0,local-1c8d861c2a,CB-410-122,msdnet,msdnet,cifar100,2,p7,jointexit,4648aa4b6179df102f913788605506586ea64187887a010d75319591508daa37,0.9022076177024841,1.0108355197906493,0.8496,0.7133,NA,0.9242,0.7117372812781784,0.7133,0.7117372812781783,0.7180296190658195,0.7133,0.7180296190658196,0.7133000000000002,0.7133,0.7133,0.7133000000000002,0.7104040404040404,0.7104946880847185,0.5526072978973389,1.3659942150115967,0.11969652950321659,0.8976806700229645,0.7287,13,False,0.01369145812094211,0.04584232473795391,1.010833978652954,0.38734132051467896,0.7182194590568542,1.0437437295913696,0.9022076177024841,0.9022076177024841,NA,NA,NA,NA,NA,NA,NA,NA,NA,NA,NA,0.005000000000000001,0.005000000000000001,0.005000000000000001,[0.005],0.9,0.0005,3.540369095094978,7.1016950607299805,2.6785688400268555,3.5147489309310913,4.11337399482727,4.342931699752807,0.3550046320301887,NA,0.0,51.84391403198242,2.9102895259857178,0.05613560589176128,32768.0,0,782,782,0,0,51.58564829826355,49.53030443191528,2.0553438663482666,9340.32160949707,8.98038935661316,40.53051447868347,0.0,0.0,0.18138205245631134,0.0,0.0,63.31317625997011,66.44594669342041,69.73743438720703,83.00165891647339,87.8453254699707,1009.4829937645621,4865.36591941037,50000,8850000,3249.8958427906036,59.666666666666664,94.0,4529.1796875,20475.0,34.92156862745098,65.58823529411765,68.0,78.89835294117647,112.67,2370.0,8551.0,3966.5231324998504,0.0,45.59423828125,3388.0,641.94921875,20474.5,1,8.631372549019607,24,24123.802159926472,64860.765625,37.2,2197.5234375,-1,628173,4062.449069000011,1.1284580747222253,0.0011284580747222253,731120.2741609785,203.08896504471625,0.20308896504471624,0.536017585493057,0.000536017585493057,96.46725839624028,0.09646725839624028,475.0,78.9604279918864,112.67,75.699,81.24898138000022,493,10.0,64,64,1,True,240,sgd,multistep,32,100,0.0,False,1.0.0
p7-msdnet-cifar100-jointexit-s2,177,139196,2026-09-01T16:03:14Z,1788278594.1573925,local,0,local-1c8d861c2a,CB-410-122,msdnet,msdnet,cifar100,2,p7,jointexit,4648aa4b6179df102f913788605506586ea64187887a010d75319591508daa37,0.8987558459854126,1.0040596054077149,0.85076,0.7186,NA,0.9241,0.7164091085482933,0.7186,0.7164091085482932,0.7230460272080674,0.7186,0.7230460272080677,0.7186,0.7186,0.7186,0.7186,0.7157575757575758,0.7158490873664377,0.4956263303756714,1.2441084384918213,0.11794774736657473,0.8940434157848358,0.7287,14,False,0.01309814436212184,0.06580766290426254,1.0040651559829712,0.3830171823501587,0.7148219347000122,1.0726984739303589,0.8987558459854126,0.8987558459854126,NA,NA,NA,NA,NA,NA,NA,NA,NA,NA,NA,0.005000000000000001,0.005000000000000001,0.005000000000000001,[0.005],0.9,0.0005,3.5782664056934053,7.845364093780518,2.409001111984253,3.572957396507263,4.117851877212524,4.322224779129028,0.3620888962849896,NA,0.0,51.767234802246094,2.927743673324585,0.05655592160772619,65536.0,0,782,782,0,0,51.701680183410645,49.65109705924988,2.0505831241607666,9392.023289680481,8.670092821121216,40.964977979660034,0.0,0.0,0.1746767493476558,0.0,0.0,63.47195754575608,66.24996662139893,72.19884395599364,82.97445774078369,89.33854103088379,1007.0270942922725,4876.66161014207,50000,8900000,3205.50417137146,55.71153846153846,95.0,4529.1796875,20475.0,32.59615384615385,65.36538461538461,68.0,79.35901923076923,112.067,2370.0,8551.0,4067.306378500527,0.0,45.98681640625,3388.0,641.7529296875,20474.5,1,8.338461538461539,24,24124.57902644231,64860.765625,37.2,2199.953125,-1,628173,4066.1987340001942,1.1294996483333872,0.0011294996483333874,735186.4728949787,204.21846469304964,0.20421846469304963,0.536512332958359,0.000536512332958359,97.00377072919864,0.09700377072919864,475.0,78.86033874239351,112.494,75.806,81.32397468000389,493,10.0,64,64,1,True,240,sgd,multistep,32,100,0.0,False,1.0.0
p7-msdnet-cifar100-jointexit-s2,178,139978,2026-09-01T16:04:05Z,1788278645.676405,local,0,local-1c8d861c2a,CB-410-122,msdnet,msdnet,cifar100,2,p7,jointexit,4648aa4b6179df102f913788605506586ea64187887a010d75319591508daa37,0.8995406831359863,1.0123743211746217,0.85096,0.7198,NA,0.9224,0.7192551907326419,0.7198,0.7192551907326418,0.7254853329784617,0.7198,0.7254853329784615,0.7198,0.7198,0.7198,0.7198,0.716969696969697,0.7170433534180439,0.578304648399353,1.2849771976470947,0.11726765286302863,0.8970686197280884,0.7287,15,False,0.017186134795844556,0.055058802320406997,1.0123761892318726,0.3834196925163269,0.7269571423530579,1.0125585794448853,0.8995406831359863,0.8995406831359863,NA,NA,NA,NA,NA,NA,NA,NA,NA,NA,NA,0.005000000000000001,0.005000000000000001,0.005000000000000001,[0.005],0.9,0.0005,3.633325557549998,4.646569728851318,2.5473365783691406,3.6342220306396484,4.213766574859619,4.485247802734375,0.3412750360021898,NA,0.0,51.69219970703125,2.9614617824554443,0.0572903029710423,32768.0,1,782,782,0,0,51.48477625846863,49.41868877410889,2.066087484359741,9443.50806593895,8.84210205078125,40.560686349868774,0.0,0.0,0.1789798174765558,0.0,0.0,63.17492122845271,66.36178493499756,71.41962051391602,83.27247142791748,90.63458442687988,1011.7629836062277,4840.0661035410585,50000,8950000,3140.5713517665863,57.705882352941174,91.0,4529.1796875,20475.0,33.84313725490196,65.33333333333333,68.0,79.34264705882353,112.067,2370.0,8551.0,3984.7603584998983,0.0,45.59423828125,3388.0,641.94921875,20474.5,1,9.031372549019608,24,24100.39506740196,64860.765625,37.192156862745094,2195.62109375,-1,628173,4058.593029001044,1.12738695250029,0.00112738695250029,739245.0659239797,205.3458516455499,0.20534585164554991,0.5355088024376377,0.0005355088024376377,97.53927953163627,0.09753927953163627,475.0,78.94898167006109,112.067,75.562,81.17186058002089,491,10.0,64,64,1,True,240,sgd,multistep,32,100,0.0,False,1.0.0
p7-msdnet-cifar100-jointexit-s2,179,140760,2026-09-01T16:04:56Z,1788278696.0286272,local,0,local-1c8d861c2a,CB-410-122,msdnet,msdnet,cifar100,2,p7,jointexit,4648aa4b6179df102f913788605506586ea64187887a010d75319591508daa37,0.8991513133239746,1.0513544525146485,0.85164,0.7131,NA,0.9178,0.7128392387980602,0.7131,0.7128392387980602,0.722112738790186,0.7131,0.7221127387901862,0.7131000000000001,0.7131,0.7131,0.7131000000000001,0.7102020202020203,0.7103072467414567,0.5944249629974365,1.374150037765503,0.11984863609405863,0.895501583814621,0.7287,16,False,0.022603704871982346,0.07423043470441198,1.0513594150543213,0.39636263251304626,0.7190446853637695,1.0382002592086792,0.8991513133239746,0.8991513133239746,NA,NA,NA,NA,NA,NA,NA,NA,NA,NA,NA,0.0005000000000000001,0.0005000000000000001,0.0005000000000000001,[0.0005],0.9,0.0005,3.682867777012193,7.208485126495361,2.809699773788452,3.6699068546295166,4.268918395042419,4.489301166534424,0.36582660471778455,NA,0.0,51.62803268432617,2.980644464492798,0.057733063018643664,32768.0,0,782,782,0,0,50.283896684646606,48.22040629386902,2.0479049682617188,9493.791962623596,8.865526914596558,39.33975172042847,0.0,0.0,0.1839119525004682,0.0,0.0,61.64357881716755,66.14387035369873,69.0657377243042,82.45755910873412,92.40174293518066,1036.9054067127852,4883.039083834097,50000,9000000,3017.0338010787964,58.2,92.0,4529.1796875,20475.0,33.3,65.56,68.0,79.96788,112.375,2370.0,8551.0,3939.325101500225,0.0,45.98681640625,3388.0,641.7529296875,20474.5,1,8.692,24,24113.967890625,64860.765625,37.2,2197.5859375,-1,628173,4008.19383500003,1.1133871763888972,0.0011133871763888972,743253.2597589798,206.45923882193884,0.20645923882193884,0.5288589087847262,0.0005288589087847262,98.068138440421,0.09806813844042099,475.0,79.84906485355648,112.375,75.87,80.1638767000006,478,10.0,64,64,1,True,240,sgd,multistep,32,100,0.0,False,1.0.0
p7-msdnet-cifar100-jointexit-s2,180,141542,2026-09-01T16:05:45Z,1788278745.5519583,local,0,local-1c8d861c2a,CB-410-122,msdnet,msdnet,cifar100,2,p7,jointexit,4648aa4b6179df102f913788605506586ea64187887a010d75319591508daa37,0.8135510273742675,0.9405572666168213,0.88724,0.7386,NA,0.9324,0.7382014478814095,0.7386,0.7382014478814097,0.7409546620526001,0.7386,0.7409546620526001,0.7386,0.7386,0.7386,0.7386,0.7359595959595959,0.7359927015071815,0.4661470949649811,1.2359936237335205,0.1128472440497817,0.8069913685321808,0.7386,0,True,0.014243985702097433,0.049121754864851624,0.9405633807182312,0.36117634177207947,0.7383257150650024,0.9703462719917297,0.8135510273742675,0.8135510273742675,NA,NA,NA,NA,NA,NA,NA,NA,NA,NA,NA,0.0005000000000000001,0.0005000000000000001,0.0005000000000000001,[0.0005],0.9,0.0005,3.3890778542784474,7.597765922546387,2.1426966190338135,3.3694512844085693,3.934051311016082,4.167752466201781,0.35614702985912494,NA,0.0,51.602413177490234,0.555303156375885,0.010761185808614794,32768.0,0,782,782,0,0,49.448776960372925,47.39901900291443,2.049757957458496,9543.24073958397,8.983729362487793,38.401342153549194,0.0,0.0,0.189589866070949,0.0,0.0,60.594720608742946,64.45181369781494,68.7891960144043,77.28151559829703,83.90998840332031,1054.874152499351,4878.624797436593,50000,9050000,2917.4778406620026,58.795918367346935,92.0,4529.1796875,20475.0,33.89795918367347,65.61224489795919,68.0,80.6814693877551,112.093,2370.0,8551.0,3894.266699500252,0.0,45.59423828125,3388.0,641.94921875,20474.5,1,9.006122448979593,24,24115.640226403062,64860.765625,37.199999999999996,2197.0078125,-1,628173,3974.8913500003896,1.1041364861112193,0.0011041364861112193,747228.1511089802,207.56337530805004,0.20756337530805005,0.5244648309028291,0.0005244648309028292,98.59260327132382,0.09859260327132383,475.0,80.50184501061571,112.093,77.192,79.49782700000779,471,10.0,64,64,1,True,240,sgd,multistep,32,100,0.0,False,1.0.0
p7-msdnet-cifar100-jointexit-s2,181,142324,2026-09-01T16:06:35Z,1788278795.265853,local,0,local-1c8d861c2a,CB-410-122,msdnet,msdnet,cifar100,2,p7,jointexit,4648aa4b6179df102f913788605506586ea64187887a010d75319591508daa37,0.7864605900192261,0.9396679497718811,0.89742,0.7391,NA,0.9332,0.738671767413538,0.7391,0.7386717674135383,0.7412615598156544,0.7391,0.7412615598156542,0.7391,0.7391,0.7391,0.7391,0.7364646464646465,0.7364949252117589,0.46279773116111755,1.1338746547698975,0.10837459763217058,0.7779456079006195,0.7391,0,True,0.016735247876495114,0.1281431814541622,0.9396714568138123,0.3604864180088043,0.7434920072555542,0.9499398469924927,0.7864605900192261,0.7864605900192261,NA,NA,NA,NA,NA,NA,NA,NA,NA,NA,NA,0.0005000000000000001,0.0005000000000000001,0.0005000000000000001,[0.0005],0.9,0.0005,3.374910335711506,7.145237445831299,2.2871205806732178,3.3616371154785156,3.9342567801475523,4.236397261619567,0.3645995184076042,NA,0.0,51.57745361328125,0.39630886912345886,0.007683761825368767,65536.0,0,782,782,0,0,49.5520236492157,47.48971462249756,2.0623090267181396,9592.792763233185,8.9888277053833,38.48464393615723,0.0,0.0,0.18934422519708546,0.0,0.0,60.70776424749428,63.477158546447754,69.70434188842773,77.9281735420226,87.76402473449707,1052.8595591162646,4848.933826330345,50000,9100000,2874.0173716545105,56.12244897959184,92.0,4529.1796875,20475.0,32.02040816326531,65.6938775510204,68.0,80.44693877551019,111.839,2370.0,8551.0,3888.98838900078,0.0,45.98681640625,3388.0,641.7529296875,20474.5,1,8.693877551020408,24,24117.96340880102,64860.765625,37.199999999999996,2197.70703125,-1,628173,3963.7786464995766,1.1010496240276602,0.00110104962402766,751191.9297554798,208.6644249320777,0.2086644249320777,0.5229985714131384,0.0005229985714131385,99.11560184273696,0.09911560184273696,475.0,80.18262923728814,112.627,73.53,79.27557292999153,472,10.0,64,64,1,True,240,sgd,multistep,32,100,0.0,False,1.0.0
p7-msdnet-cifar100-jointexit-s2,182,143106,2026-09-01T16:07:25Z,1788278845.8840346,local,0,local-1c8d861c2a,CB-410-122,msdnet,msdnet,cifar100,2,p7,jointexit,4648aa4b6179df102f913788605506586ea64187887a010d75319591508daa37,0.7797678603744507,0.9378385286331177,0.90146,0.738,NA,0.9327,0.7379505869906885,0.738,0.7379505869906887,0.7410308576583081,0.738,0.7410308576583082,0.7380000000000002,0.738,0.738,0.7380000000000002,0.7353535353535354,0.7353847490130974,0.4948156774044037,1.1733070611953735,0.10667388739926456,0.7723129093647003,0.7391,1,False,0.01583402423188091,0.05766469816078884,0.9378448128700256,0.3593144416809082,0.7455702424049377,0.9385539293289185,0.7797678603744507,0.7797678603744507,NA,NA,NA,NA,NA,NA,NA,NA,NA,NA,NA,0.0005000000000000001,0.0005000000000000001,0.0005000000000000001,[0.0005],0.9,0.0005,3.395953125288178,4.476626873016357,2.4429471492767334,3.3896915912628174,3.9955739974975586,4.212965774536134,0.3386281285242985,NA,0.0,51.552711486816406,0.3710407316684723,0.00719730778396319,32768.0,1,782,782,0,0,50.51601314544678,48.45297312736511,2.0621023178100586,9643.308776378632,9.055473566055298,39.38057518005371,0.0,0.0,0.18695731382884007,0.0,0.0,61.93868126100896,65.0632381439209,70.87275981903076,80.58087587356567,85.17575263977051,1031.9284199251988,4849.41989232617,50000,9150000,2879.4127492904663,59.62,92.0,4529.1796875,20475.0,34.6,65.7,68.0,79.85264,112.771,2370.0,8551.0,3941.815065000125,0.0,45.59423828125,3388.0,641.94921875,20474.5,1,8.844000000000001,24,24110.336953125,64860.765625,37.2,2195.76953125,-1,628172,4025.713477999235,1.1182537438886764,0.0011182537438886764,755217.643233479,209.7826786759664,0.2097826786759664,0.5311705283471212,0.0005311705283471212,99.64677237108408,0.09964677237108409,475.0,79.88662708333332,112.771,75.967,80.5142695599847,480,10.0,64,64,1,True,240,sgd,multistep,32,100,0.0,False,1.0.0
p7-msdnet-cifar100-jointexit-s2,183,143888,2026-09-01T16:08:17Z,1788278897.6192527,local,0,local-1c8d861c2a,CB-410-122,msdnet,msdnet,cifar100,2,p7,jointexit,4648aa4b6179df102f913788605506586ea64187887a010d75319591508daa37,0.7731982651901245,0.9362143467903137,0.90288,0.7392,NA,0.9312,0.7385535153799734,0.7392,0.7385535153799733,0.7409967498657092,0.7392,0.7409967498657093,0.7392000000000002,0.7392,0.7392,0.7392000000000002,0.7365656565656566,0.7365979708601967,0.4979947805404663,1.1645843982696533,0.10459264176316883,0.767381489276886,0.7392,0,True,0.013801228915154954,0.03635739684104919,0.9362181425094604,0.3587782084941864,0.744942843914032,0.945315420627594,0.7731982651901245,0.7731982651901245,NA,NA,NA,NA,NA,NA,NA,NA,NA,NA,NA,0.0005000000000000001,0.0005000000000000001,0.0005000000000000001,[0.0005],0.9,0.0005,3.4190069144339206,8.228875160217285,2.528272867202759,3.408083200454712,3.954445600509643,4.172517905235288,0.3744936588089626,NA,0.0,51.52842712402344,0.36461129784584045,0.007075925235758893,32768.0,0,782,782,0,0,51.7019407749176,49.652767181396484,2.049173593521118,9695.01071715355,9.385720491409302,40.24926161766052,0.0,0.0,0.18909487004114875,0.0,0.0,63.4718441292453,66.200852394104,74.52428340911865,83.16160202026367,88.4699821472168,1006.9932218950652,4880.016037497773,50000,9200000,2895.3086833953857,57.5,92.0,4529.1796875,20475.0,33.71153846153846,65.3076923076923,68.0,79.24761538461539,112.438,2370.0,8551.0,4061.7553419992046,0.0,45.98681640625,3388.0,641.7529296875,20474.5,1,8.834615384615383,24,24124.98137019231,64860.765625,37.2,2200.109375,-1,628172,4068.2639874994875,1.1300733298609686,0.0011300733298609687,759285.9072209785,210.91275200582737,0.21091275200582738,0.5367848316839601,0.0005367848316839601,100.18355720276804,0.10018355720276804,475.0,78.78130894308941,112.438,75.5,81.36527974998975,492,10.0,64,64,1,True,240,sgd,multistep,32,100,0.0,False,1.0.0
p7-msdnet-cifar100-jointexit-s2,184,144670,2026-09-01T16:09:09Z,1788278949.6213675,local,0,local-1c8d861c2a,CB-410-122,msdnet,msdnet,cifar100,2,p7,jointexit,4648aa4b6179df102f913788605506586ea64187887a010d75319591508daa37,0.7693300243759156,0.939112656211853,0.906,0.7394,NA,0.9326,0.7390621914321513,0.7394,0.7390621914321515,0.741990758176269,0.7394,0.741990758176269,0.7394,0.7394,0.7394,0.7394,0.7367676767676767,0.7368016895095147,0.4958042800426483,1.446192741394043,0.10608857857961296,0.7668004333972931,0.7394,0,True,0.020213491914793838,0.07613410103194257,0.9391170740127563,0.3602762222290039,0.7459895610809326,0.9399377107620239,0.7693300243759156,0.7693300243759156,NA,NA,NA,NA,NA,NA,NA,NA,NA,NA,NA,0.0005000000000000001,0.0005000000000000001,0.0005000000000000001,[0.0005],0.9,0.0005,3.4486856762405553,9.0742826461792,2.521650791168213,3.43175733089447,4.01253273487091,4.274835186004637,0.38428965484995453,NA,0.0,51.50415802001953,0.35888901352882385,0.006968156112547741,32768.0,0,782,782,0,0,51.88604140281677,49.81859803199768,2.067443370819092,9746.896758556366,9.264348030090332,40.53611087799072,0.0,0.0,0.18602937067688383,0.0,0.0,63.683451289106216,66.44964218139648,70.8441972732544,82.79459714889525,83.68396759033203,1003.6412499582145,4836.89185452182,50000,9250000,2853.7322771549225,56.17307692307692,95.0,4529.1796875,20475.0,33.01923076923077,64.96153846153847,68.0,79.1693076923077,112.438,2370.0,8551.0,4063.3694680000517,0.0,45.59423828125,3388.0,641.94921875,20474.5,1,8.448076923076924,24,24108.26825420673,64860.765625,37.2,2198.33984375,-1,628172,4068.906644500148,1.1302518456944857,0.0011302518456944857,763354.8138654786,212.04300385152183,0.21204300385152183,0.5368696267048806,0.0005368696267048806,100.72042682947293,0.10072042682947292,475.0,78.52601619433199,112.438,72.913,81.37813289000296,494,10.0,64,64,1,True,240,sgd,multistep,32,100,0.0,False,1.0.0
p7-msdnet-cifar100-jointexit-s2,185,145452,2026-09-01T16:10:02Z,1788279002.0253935,local,0,local-1c8d861c2a,CB-410-122,msdnet,msdnet,cifar100,2,p7,jointexit,4648aa4b6179df102f913788605506586ea64187887a010d75319591508daa37,0.7669340114593506,0.9370611790657043,0.9067,0.7409,NA,0.9341,0.7411851597815421,0.7409,0.741185159781542,0.7447297019106165,0.7409,0.7447297019106163,0.7409,0.7409,0.7409,0.7409,0.7382828282828282,0.738316776719556,0.4039955735206604,1.1182538270950317,0.10572271317672365,0.7627919018268585,0.7409,0,True,0.01747430003769694,0.9454479701817036,0.9370577335357666,0.3588474690914154,0.7451395988464355,0.9463849663734436,0.7669340114593506,0.7669340114593506,NA,NA,NA,NA,NA,NA,NA,NA,NA,NA,NA,0.0005000000000000001,0.0005000000000000001,0.0005000000000000001,[0.0005],0.9,0.0005,3.461450520683737,5.489459037780762,2.1597180366516113,3.457928419113159,4.069218015670776,4.2943872785568225,0.36246796510324475,NA,0.0,51.47970199584961,0.36127907037734985,0.007017893584669097,65536.0,0,782,782,0,0,52.314847469329834,50.24719285964966,2.0666940212249756,9799.211606025696,9.618202209472656,40.61220693588257,0.0,0.0,0.1914816616691255,0.0,0.0,64.23325977666909,66.48218631744385,70.6742763519287,83.20314645767212,85.39271354675293,995.0804642890178,4838.645632735114,50000,9300000,2825.001763343811,55.69230769230769,95.0,4529.1796875,20475.0,32.15384615384615,65.13461538461539,68.0,78.72034615384615,112.373,2370.0,8551.0,4042.452222500277,0.0,45.98681640625,3388.0,641.7529296875,20474.5,1,8.425,24,24116.43907752404,64860.765625,37.2,2198.33203125,-1,628172,4084.0896325004796,1.1344693423612444,0.0011344693423612443,767438.903497979,213.17747319388306,0.21317747319388305,0.538872937621591,0.0005388729376215911,101.2592997670945,0.10125929976709451,475.0,78.20792570281124,112.606,72.786,81.6817926500096,498,10.0,64,64,1,True,240,sgd,multistep,32,100,0.0,False,1.0.0
p7-msdnet-cifar100-jointexit-s2,186,146234,2026-09-01T16:10:53Z,1788279053.425216,local,0,local-1c8d861c2a,CB-410-122,msdnet,msdnet,cifar100,2,p7,jointexit,4648aa4b6179df102f913788605506586ea64187887a010d75319591508daa37,0.7598366474151611,0.9372355139732361,0.9095,0.739,NA,0.9317,0.738835104348634,0.739,0.738835104348634,0.7415329717484131,0.739,0.7415329717484131,0.7389999999999999,0.739,0.739,0.7389999999999999,0.7363636363636363,0.7363916420934775,0.5154922604560852,1.150026559829712,0.10026239069997057,0.7589655220508575,0.7409,1,False,0.01865845905095338,0.064908378197858,0.9372456073760986,0.3597559928894043,0.7479772567749023,0.9309663772583008,0.7598366474151611,0.7598366474151611,NA,NA,NA,NA,NA,NA,NA,NA,NA,NA,NA,0.0005000000000000001,0.0005000000000000001,0.0005000000000000001,[0.0005],0.9,0.0005,3.464398992809535,4.465595722198486,2.678964853286743,3.457014799118042,4.043612957000732,4.1975567817687995,0.3372421298578456,NA,0.0,51.45595932006836,0.356937050819397,0.006936748542557787,32768.0,1,782,782,0,0,51.31885623931885,49.25138998031616,2.0674662590026855,9850.530462265015,8.913578510284424,40.32970380783081,0.0,0.0,0.18101105553244906,0.0,0.0,62.97094925590184,66.2456750869751,72.41158485412598,82.07473039627075,83.59408378601074,1015.1997744628736,4836.838307012492,50000,9350000,2719.899380683899,57.84313725490196,94.0,4529.1796875,20475.0,34.470588235294116,65.05882352941177,67.0,79.38845098039216,112.606,2370.0,8551.0,3990.4031684993715,0.0,45.59423828125,3388.0,641.94921875,20474.5,1,8.31764705882353,24,24131.861902573528,64860.765625,37.2,2198.3359375,-1,628172,4046.44911400057,1.1240136427779361,0.001124013642777936,771485.3526119796,214.30148683666098,0.214301486836661,0.5339064803195196,0.0005339064803195196,101.79320624741403,0.10179320624741403,475.0,78.96041547861506,112.606,75.63,80.9289822800114,491,10.0,64,64,1,True,240,sgd,multistep,32,100,0.0,False,1.0.0
p7-msdnet-cifar100-jointexit-s2,187,147016,2026-09-01T16:11:43Z,1788279103.6764684,local,0,local-1c8d861c2a,CB-410-122,msdnet,msdnet,cifar100,2,p7,jointexit,4648aa4b6179df102f913788605506586ea64187887a010d75319591508daa37,0.7586931755065918,0.9365404448509216,0.9091,0.7389,NA,0.9333,0.7389909714842737,0.7389,0.738990971484274,0.7419802687848801,0.7389,0.7419802687848799,0.7388999999999999,0.7389,0.7389,0.7388999999999999,0.7362626262626263,0.7362926363771154,0.4767586290836334,1.1688143014907837,0.10307572069709242,0.7526016235351562,0.7409,2,False,0.01902117736488581,0.06385521590709686,0.9365425705909729,0.3588370978832245,0.7463294863700867,0.9415689706802368,0.7586931755065918,0.7586931755065918,NA,NA,NA,NA,NA,NA,NA,NA,NA,NA,NA,0.0005000000000000001,0.0005000000000000001,0.0005000000000000001,[0.0005],0.9,0.0005,3.503259689606669,9.96830940246582,2.4761555194854736,3.4882622957229614,4.042857241630554,4.338594789505004,0.4061069260759818,NA,0.0,51.43205261230469,0.35983604192733765,0.006996338346435154,32768.0,0,782,782,0,0,50.1855206489563,48.119258642196655,2.0662620067596436,9900.715982913971,8.755821228027344,39.34974646568298,0.0,0.0,0.1820126369524612,0.0,0.0,61.51607121957842,64.19551372528076,69.91231441497803,81.35107994079586,91.06326103210449,1039.0850027800323,4839.657297712314,50000,9400000,2609.6470737457275,58.02,92.0,4529.1796875,20475.0,33.82,65.22,67.0,80.08506,111.815,2370.0,8551.0,3944.6230640002673,0.0,45.98681640625,3388.0,641.7529296875,20474.5,1,8.826,24,24116.426484375,64860.765625,37.2,2196.375,-1,628172,3993.543526999983,1.109317646388884,0.0011093176463888841,775478.8961389796,215.41080448304987,0.2154108044830499,0.5269258820347199,0.0005269258820347199,102.32013212944875,0.10232013212944875,475.0,79.77458613445378,112.078,76.694,79.87087053999967,476,10.0,64,64,1,True,240,sgd,multistep,32,100,0.0,False,1.0.0
p7-msdnet-cifar100-jointexit-s2,188,147798,2026-09-01T16:12:34Z,1788279154.0120776,local,0,local-1c8d861c2a,CB-410-122,msdnet,msdnet,cifar100,2,p7,jointexit,4648aa4b6179df102f913788605506586ea64187887a010d75319591508daa37,0.7567661951446534,0.9427719944000245,0.90984,0.7369,NA,0.9342,0.7370614436406678,0.7369,0.7370614436406677,0.7401594050596,0.7369,0.7401594050596,0.7369,0.7369,0.7369,0.7369,0.7342424242424244,0.7342723000908682,0.4782707095146179,1.0963743925094604,0.10003283988467421,0.74788698554039,0.7409,3,False,0.016338916724920265,0.05107120831635803,0.9427747130393982,0.36129483580589294,0.7451708912849426,0.9467974901199341,0.7567661951446534,0.7567661951446534,NA,NA,NA,NA,NA,NA,NA,NA,NA,NA,NA,0.0005000000000000001,0.0005000000000000001,0.0005000000000000001,[0.0005],0.9,0.0005,3.512523932225259,7.724367618560791,2.4134390354156494,3.512020230293274,4.093380808830261,4.402014551162719,0.37779312983943003,NA,0.0,51.408084869384766,0.35665297508239746,0.006937682584141473,32768.0,0,782,782,0,0,50.251765966415405,48.189048767089844,2.0627171993255615,9950.967748880386,9.61878514289856,38.558326959609985,0.0,0.0,0.19965466428191567,0.0,0.0,61.607560233386884,66.1468505859375,67.68717765808105,78.76039743423455,83.81772041320801,1037.580140700908,4847.974314302349,50000,9450000,2562.8400642871857,59.1,91.0,4529.1796875,20475.0,34.5,65.3,68.0,80.4417,112.354,2370.0,8551.0,3961.9961985002788,0.0,45.59423828125,3388.0,641.94921875,20474.5,1,8.942,24,24130.688125,64860.765625,37.2,2198.33984375,-1,628172,4011.2193819996496,1.1142276061110137,0.0011142276061110138,779490.1155209793,216.5250320891609,0.2165250320891609,0.5292581129027315,0.0005292581129027316,102.84939024235149,0.10284939024235148,475.0,79.92564779874213,112.354,76.885,80.224387639993,477,10.0,64,64,1,True,240,sgd,multistep,32,100,0.0,False,1.0.0
p7-msdnet-cifar100-jointexit-s2,189,148580,2026-09-01T16:13:24Z,1788279204.3643568,local,0,local-1c8d861c2a,CB-410-122,msdnet,msdnet,cifar100,2,p7,jointexit,4648aa4b6179df102f913788605506586ea64187887a010d75319591508daa37,0.7522967137527465,0.9401155248641968,0.91198,0.7395,NA,0.9331,0.7398249091118315,0.7395,0.7398249091118314,0.7429397269900412,0.7395,0.7429397269900412,0.7395000000000002,0.7395,0.7395,0.7395000000000002,0.7368686868686869,0.7368966671430477,0.5047876238822937,1.195491909980774,0.10067991206800335,0.7492127120494843,0.7409,4,False,0.0224749747365713,0.04903119301595604,0.9401162266731262,0.35960936546325684,0.7478415369987488,0.9329980611801147,0.7522967137527465,0.7522967137527465,NA,NA,NA,NA,NA,NA,NA,NA,NA,NA,NA,0.0005000000000000001,0.0005000000000000001,0.0005000000000000001,[0.0005],0.9,0.0005,3.5208726344432173,4.5952582359313965,2.448728561401367,3.521635055541992,4.111670017242432,4.382489109039307,0.3495413063532052,NA,0.0,51.38472366333008,0.3575456440448761,0.006958208949171271,32768.0,1,782,782,0,0,50.29975342750549,48.24850511550903,2.05124831199646,10001.267502307892,8.718768119812012,39.51519274711609,0.0,0.0,0.18075994513214622,0.0,0.0,61.68025686307941,66.03074073791504,69.58439350128174,82.72073984146118,83.91332626342773,1036.3015368102663,4875.080184839786,50000,9500000,2514.9876713752747,58.32,92.0,4529.1796875,20475.0,33.5,65.4,68.0,79.81412,111.654,2370.0,8551.0,3931.2085310000707,0.0,45.98681640625,3388.0,641.7529296875,20474.5,1,8.956,24,24136.473515625,64860.765625,37.2,2198.3515625,-1,628171,4004.529771000356,1.1123693808334323,0.0011123693808334323,783494.6452919797,217.63740146999436,0.21763740146999436,0.5283754558958803,0.0005283754558958803,103.37776569824736,0.10337776569824736,475.0,79.73209166666668,112.844,76.608,80.09059542000713,480,10.0,64,64,1,True,240,sgd,multistep,32,100,0.0,False,1.0.0
p7-msdnet-cifar100-jointexit-s2,190,149362,2026-09-01T16:14:15Z,1788279255.114554,local,0,local-1c8d861c2a,CB-410-122,msdnet,msdnet,cifar100,2,p7,jointexit,4648aa4b6179df102f913788605506586ea64187887a010d75319591508daa37,0.7523938045501709,0.9391635951042175,0.9139,0.7392,NA,0.9327,0.7395534951189133,0.7392,0.7395534951189132,0.7432475962087551,0.7392,0.743247596208755,0.7392000000000002,0.7392,0.7392,0.7392000000000002,0.7365656565656566,0.7365990423717765,0.4515140652656555,1.2072639465332031,0.10527590917320888,0.7426751852035522,0.7409,5,False,0.019347898775339108,0.04264383159056617,0.939163863658905,0.3597767949104309,0.7471398711204529,0.9369985461235046,0.7523938045501709,0.7523938045501709,NA,NA,NA,NA,NA,NA,NA,NA,NA,NA,NA,0.0005000000000000001,0.0005000000000000001,0.0005000000000000001,[0.0005],0.9,0.0005,3.5437311726762815,7.809443473815918,2.4103474617004395,3.522976040840149,4.134468746185302,4.430214719772338,0.38882087219645006,NA,0.0,51.36095428466797,0.3576647639274597,0.006963748413728912,32768.0,0,782,782,0,0,50.64143395423889,48.59617495536804,2.0452589988708496,10051.90893626213,8.996313571929932,39.59120464324951,0.0,0.0,0.18515688601521024,0.0,0.0,62.132376234244816,65.41478633880615,71.34971618652344,82.09527254104613,87.62574195861816,1028.8875625688909,4889.356314051579,50000,9550000,2481.4302637577057,56.8,91.0,4529.1796875,20475.0,32.92,65.36,67.0,79.46436,112.269,2370.0,8551.0,3921.1261850004666,0.0,45.59423828125,3388.0,641.94921875,20474.5,1,8.954,24,24107.97578125,64860.765625,37.2,2198.34765625,-1,628171,4022.8005320010375,1.1174445922225105,0.0011174445922225104,787517.4458239807,218.75484606221687,0.21875484606221687,0.5307861813056924,0.0005307861813056925,103.90855187955306,0.10390855187955306,475.0,79.58969565217392,112.269,75.475,80.45601064002075,483,10.0,64,64,1,True,240,sgd,multistep,32,100,0.0,False,1.0.0
p7-msdnet-cifar100-jointexit-s2,191,150144,2026-09-01T16:15:07Z,1788279307.5685468,local,0,local-1c8d861c2a,CB-410-122,msdnet,msdnet,cifar100,2,p7,jointexit,4648aa4b6179df102f913788605506586ea64187887a010d75319591508daa37,0.7477040687561035,0.9396182004928589,0.91496,0.7381,NA,0.9331,0.7384487060576964,0.7381,0.7384487060576966,0.7424322412179615,0.7381,0.7424322412179613,0.7381000000000002,0.7381,0.7381,0.7381000000000002,0.7354545454545455,0.7354906596754994,0.4387253224849701,1.1461598873138428,0.10333724366243663,0.7454437017440796,0.7409,6,False,0.01529334830343722,0.0430684134929995,0.9396167993545532,0.3605978786945343,0.7458962202072144,0.9417149424552917,0.7477040687561035,0.7477040687561035,NA,NA,NA,NA,NA,NA,NA,NA,NA,NA,NA,0.0005000000000000001,0.0005000000000000001,0.0005000000000000001,[0.0005],0.9,0.0005,3.5534937634797354,6.440475940704346,2.323005437850952,3.5440707206726074,4.173898291587829,4.434921102523802,0.38507744622848233,NA,0.0,51.337520599365234,0.358104407787323,0.006975490900348444,32768.0,0,782,782,0,0,52.39401698112488,50.34381127357483,2.050205707550049,10104.302953243256,8.836918354034424,41.49894881248474,0.0,0.0,0.17555907648914587,0.0,0.0,64.36811658122656,66.42067432403564,72.95858860015869,82.87608861923218,86.80152893066406,993.1707341006322,4877.559341081818,50000,9600000,2514.912815093994,58.46153846153846,95.0,4529.1796875,20475.0,34.67307692307692,64.96153846153847,68.0,78.65525,112.093,2370.0,8551.0,4030.1832864993344,0.0,45.98681640625,3388.0,641.7529296875,20474.5,1,8.651923076923078,24,24110.24083533654,64860.765625,37.2,2196.41015625,-1,628171,4094.6996594987068,1.137416572082974,0.0011374165720829741,791612.1454834795,219.89226263429987,0.21989226263429987,0.5402728717394127,0.0005402728717394127,104.44882475129246,0.10444882475129247,475.0,78.245886,112.093,75.04,81.89399318997413,500,10.0,64,64,1,True,240,sgd,multistep,32,100,0.0,False,1.0.0
p7-msdnet-cifar100-jointexit-s2,192,150926,2026-09-01T16:15:59Z,1788279359.202785,local,0,local-1c8d861c2a,CB-410-122,msdnet,msdnet,cifar100,2,p7,jointexit,4648aa4b6179df102f913788605506586ea64187887a010d75319591508daa37,0.7474367885780334,0.9493639744758606,0.91452,0.7352,NA,0.9297,0.7355641910457826,0.7352,0.7355641910457826,0.7398268349064442,0.7352,0.7398268349064443,0.7352000000000001,0.7352,0.7352,0.7352000000000001,0.7325252525252526,0.7325675576733331,0.47347185015678406,1.1459341049194336,0.10592947783633325,0.7387917935848236,0.7409,7,False,0.0211854888893664,0.04643489849867166,0.949363648891449,0.36348843574523926,0.749641478061676,0.9251523613929749,0.7474367885780334,0.7474367885780334,NA,NA,NA,NA,NA,NA,NA,NA,NA,NA,NA,0.0005000000000000001,0.0005000000000000001,0.0005000000000000001,[0.0005],0.9,0.0005,3.5769108826547025,8.82815933227539,2.505995988845825,3.579304575920105,4.173915815353393,4.474777846336364,0.41097435295392387,NA,0.0,51.31437301635742,0.35898616909980774,0.006995821014618538,65536.0,0,782,782,0,0,51.585588216781616,49.51830768585205,2.0672805309295654,10155.888541460037,9.046838998794556,40.450687646865845,0.0,0.0,0.18277355681948443,0.0,0.0,63.29606987936112,66.2306547164917,73.33710193634033,83.32852363586426,86.55548095703125,1009.7275601016869,4837.272856966073,50000,9650000,2424.522646188736,57.15686274509804,91.0,4529.1796875,20475.0,33.13725490196079,65.37254901960785,67.0,78.86913725490196,112.087,2370.0,8551.0,3971.624511500465,0.0,45.59423828125,3388.0,641.94921875,20474.5,1,9.01764705882353,24,24128.65395220588,64860.765625,37.2,2198.36328125,-1,628171,4071.4851789993377,1.1309681052775937,0.0011309681052775937,795683.6306624789,221.02323073957746,0.22102323073957747,0.537209850006857,0.000537209850006857,104.98603460129932,0.10498603460129932,475.0,78.97384725050917,112.087,75.567,81.42970357998676,491,10.0,64,64,1,True,240,sgd,multistep,32,100,0.0,False,1.0.0
p7-msdnet-cifar100-jointexit-s2,193,151708,2026-09-01T16:16:51Z,1788279411.492285,local,0,local-1c8d861c2a,CB-410-122,msdnet,msdnet,cifar100,2,p7,jointexit,4648aa4b6179df102f913788605506586ea64187887a010d75319591508daa37,0.7446975442123414,0.9420215155601501,0.91436,0.7379,NA,0.9334,0.7379105393664568,0.7379,0.7379105393664567,0.7409844040222812,0.7379,0.7409844040222814,0.7378999999999999,0.7379,0.7379,0.7378999999999999,0.7352525252525253,0.7352834300873884,0.4676394760608673,1.1267225742340088,0.1071563611479179,0.7382012009620667,0.7409,8,False,0.01693473809510469,0.03351575155329656,0.9420271515846252,0.3602658212184906,0.7463863492012024,0.9412268400192261,0.7446975442123414,0.7446975442123414,NA,NA,NA,NA,NA,NA,NA,NA,NA,NA,NA,0.0005000000000000001,0.0005000000000000001,0.0005000000000000001,[0.0005],0.9,0.0005,3.5927537682721074,8.16144847869873,2.534405469894409,3.5933241844177246,4.216444993019104,4.4966087627410865,0.4097255869236738,NA,0.0,51.2907600402832,0.36372578144073486,0.007091448462745894,65536.0,0,782,782,0,0,52.23584842681885,50.168537855148315,2.0673105716705322,10208.124389886856,9.388152837753296,40.75925660133362,0.0,0.0,0.1872111230223548,0.0,0.0,64.12712204486817,66.4680004119873,70.81577777862549,83.14664840698241,83.89043807983398,996.6405667305885,4837.202565030806,50000,9700000,2402.849027633667,56.88461538461539,96.0,4529.1796875,20475.0,33.51923076923077,65.40384615384616,68.0,78.92296153846155,112.461,2370.0,8551.0,4047.2944749996814,0.0,45.98681640625,3388.0,641.7529296875,20474.5,1,8.875000000000002,24,24132.22325721154,64860.765625,37.2,2196.4375,-1,628171,4086.4810664989864,1.1351336295830519,0.0011351336295830517,799770.1117289779,222.15836436916052,0.22215836436916053,0.5391884740519495,0.0005391884740519495,105.52522307535126,0.10552522307535127,475.0,78.37994969818914,112.566,73.981,81.72962132997972,497,10.0,64,64,1,True,240,sgd,multistep,32,100,0.0,False,1.0.0
p7-msdnet-cifar100-jointexit-s2,194,152490,2026-09-01T16:17:42Z,1788279462.256665,local,0,local-1c8d861c2a,CB-410-122,msdnet,msdnet,cifar100,2,p7,jointexit,4648aa4b6179df102f913788605506586ea64187887a010d75319591508daa37,0.7452290084838867,0.9440448266983033,0.91612,0.7374,NA,0.9323,0.7377456812976964,0.7374,0.7377456812976965,0.7408031299320522,0.7374,0.7408031299320522,0.7373999999999999,0.7374,0.7374,0.7373999999999999,0.7347474747474747,0.7347755823065948,0.40763774514198303,1.0872139930725098,0.09976753011246986,0.7399893403053284,0.7409,9,False,0.02117145318835974,0.07795621110842779,0.9440550804138184,0.3612910211086273,0.7467027306556702,0.9395999312400818,0.7452290084838867,0.7452290084838867,NA,NA,NA,NA,NA,NA,NA,NA,NA,NA,NA,0.0005000000000000001,0.0005000000000000001,0.0005000000000000001,[0.0005],0.9,0.0005,3.6128465198218898,4.8719635009765625,2.434464931488037,3.6102192401885986,4.1931233406066895,4.424409294128418,0.3518454234995956,NA,0.0,51.26764678955078,0.36180180311203003,0.007057117417485434,32768.0,1,782,782,0,0,50.70202827453613,48.634894371032715,2.067133903503418,10258.826418161392,8.872328758239746,39.75040006637573,0.0,0.0,0.1824728675809756,0.0,0.0,62.17740258902235,66.2316083908081,69.42501068115234,82.88426160812378,85.51406860351562,1028.0684402962404,4837.615977877296,50000,9750000,2281.591272354126,58.26,96.0,4529.1796875,20475.0,33.92,65.62,68.0,79.44930000000001,112.566,2370.0,8551.0,3924.778233500598,0.0,45.59423828125,3388.0,641.94921875,20474.5,1,8.52,24,24131.99515625,64860.765625,37.2,2198.40625,-1,628171,4035.0812735011536,1.120855909305876,0.001120855909305876,803805.193002479,223.2792202784664,0.2232792202784664,0.5324065569202912,0.0005324065569202912,106.05762963227156,0.10605762963227156,475.0,79.66293167701862,112.566,75.517,80.70162547002307,483,10.0,64,64,1,True,240,sgd,multistep,32,100,0.0,False,1.0.0
p7-msdnet-cifar100-jointexit-s2,195,153272,2026-09-01T16:18:32Z,1788279512.141772,local,0,local-1c8d861c2a,CB-410-122,msdnet,msdnet,cifar100,2,p7,jointexit,4648aa4b6179df102f913788605506586ea64187887a010d75319591508daa37,0.7419655409812927,0.9439557812690735,0.9182,0.7391,NA,0.9317,0.7392446949971333,0.7391,0.7392446949971333,0.7422283832717957,0.7391,0.7422283832717956,0.7391,0.7391,0.7391,0.7391,0.7364646464646465,0.7364942928164486,0.46167704463005066,1.0495681762695312,0.1020397647292537,0.7358570694923401,0.7409,10,False,0.019012998023629175,0.052499122411302,0.9439487457275391,0.3598582148551941,0.748465895652771,0.9329346418380737,0.7419655409812927,0.7419655409812927,NA,NA,NA,NA,NA,NA,NA,NA,NA,NA,NA,0.0005000000000000001,0.0005000000000000001,0.0005000000000000001,[0.0005],0.9,0.0005,3.6359354370390364,8.798015594482422,2.6643807888031006,3.6229593753814697,4.254840683937073,4.503614368438717,0.415005921787466,NA,0.0,51.24483108520508,0.3614843189716339,0.007054064016146172,32768.0,0,782,782,0,0,49.818474531173706,47.75158166885376,2.0662357807159424,10308.644892692566,8.335801601409912,39.39895820617676,0.0,0.0,0.17462749650381756,0.0,0.0,61.04189233706735,63.268303871154785,70.49531936645508,79.05490398406977,85.5104923248291,1047.0857352273376,4839.718725873114,50000,9800000,2192.012879371643,60.02,95.0,4529.1796875,20475.0,35.6,65.78,68.0,80.7132,112.896,2370.0,8551.0,3980.2365000007235,0.0,45.98681640625,3388.0,641.7529296875,20474.5,1,8.868,24,24126.12921875,64860.765625,37.2,2198.4375,-1,628171,3988.515588500081,1.107920996805578,0.001107920996805578,807793.7085909791,224.38714127527197,0.22438714127527198,0.5262624734826495,0.0005262624734826496,106.58389210575422,0.10658389210575421,475.0,80.24335789473685,112.896,75.664,79.77031177000161,475,10.0,64,64,1,True,240,sgd,multistep,32,100,0.0,False,1.0.0
p7-msdnet-cifar100-jointexit-s2,196,154054,2026-09-01T16:19:22Z,1788279562.0266316,local,0,local-1c8d861c2a,CB-410-122,msdnet,msdnet,cifar100,2,p7,jointexit,4648aa4b6179df102f913788605506586ea64187887a010d75319591508daa37,0.7406236330032349,0.9446793857574463,0.91618,0.7373,NA,0.9303,0.7377148916275459,0.7373,0.7377148916275459,0.7416385525405306,0.7373,0.7416385525405306,0.7373000000000002,0.7373,0.7373,0.7373000000000002,0.7346464646464647,0.7346839122172089,0.4599878489971161,1.180698037147522,0.10554390454677556,0.7358141541481018,0.7409,11,False,0.016223167674243463,0.05554952013951081,0.944678544998169,0.35988929867744446,0.7468506097793579,0.9372885823249817,0.7406236330032349,0.7406236330032349,NA,NA,NA,NA,NA,NA,NA,NA,NA,NA,NA,0.0005000000000000001,0.0005000000000000001,0.0005000000000000001,[0.0005],0.9,0.0005,3.6510346396195006,6.970003604888916,2.6124520301818848,3.644120931625366,4.289126229286193,4.5965607595443725,0.3963572073223901,NA,0.0,51.22163009643555,0.3644689917564392,0.007115528948810283,32768.0,0,782,782,0,0,49.799686431884766,47.748178482055664,2.0515079498291016,10358.44457912445,8.67600393295288,39.0642523765564,0.0,0.0,0.18173350131814703,0.0,0.0,61.04892111190445,64.0171766281128,70.55227756500244,80.9066581726074,90.57807922363281,1047.160364845972,4874.463197099986,50000,9850000,2141.386516571045,60.56,95.0,4529.1796875,20475.0,36.0,65.94,68.0,81.16326,112.896,2370.0,8551.0,4000.9545870005195,0.0,45.59423828125,3388.0,641.94921875,20474.5,1,8.76,24,24105.403046875,64860.765625,37.2,2198.44921875,-1,628171,4000.78287950077,1.1113285776391029,0.0011113285776391028,811794.4914704799,225.4984698529111,0.22549846985291108,0.5278810743785737,0.0005278810743785737,107.11177318013279,0.10711177318013279,475.0,80.3956806722689,112.896,76.878,80.01565759001541,476,10.0,64,64,1,True,240,sgd,multistep,32,100,0.0,False,1.0.0
p7-msdnet-cifar100-jointexit-s2,197,154836,2026-09-01T16:20:12Z,1788279612.695636,local,0,local-1c8d861c2a,CB-410-122,msdnet,msdnet,cifar100,2,p7,jointexit,4648aa4b6179df102f913788605506586ea64187887a010d75319591508daa37,0.7404135689926148,0.9475618141174317,0.91836,0.7373,NA,0.9321,0.737810860482701,0.7373,0.7378108604827007,0.7421198315448021,0.7373,0.7421198315448021,0.7372999999999998,0.7373,0.7373,0.7372999999999998,0.7346464646464647,0.7346865247069234,0.44519782066345215,1.5797808170318604,0.10977459924757749,0.7359790205955505,0.7409,12,False,0.019758033208549027,0.05531620919034724,0.9475677609443665,0.3615639805793762,0.7489690780639648,0.9297797083854675,0.7404135689926148,0.7404135689926148,NA,NA,NA,NA,NA,NA,NA,NA,NA,NA,NA,0.0005000000000000001,0.0005000000000000001,0.0005000000000000001,[0.0005],0.9,0.0005,3.666484374853469,4.853891849517822,2.3721892833709717,3.64886474609375,4.35094690322876,4.554816341400147,0.3905369751976859,NA,0.0,51.19878387451172,0.36677560210227966,0.007163756135326322,32768.0,1,782,782,0,0,50.61344361305237,48.545958280563354,2.0674853324890137,10409.058022737503,9.364852666854858,39.16758871078491,0.0,0.0,0.1929606753961795,0.0,0.0,62.061945495703036,64.85331058502197,70.71795463562012,81.98029994964597,83.23097229003906,1029.951859453124,4836.793684993719,50000,9900000,2125.7646317481995,58.18,91.0,4529.1796875,20475.0,33.6,65.86,68.0,79.73084,112.181,2370.0,8551.0,3931.9218700003203,0.0,45.98681640625,3388.0,641.7529296875,20474.5,1,8.912,24,24118.181953125,64860.765625,37.2,2198.46875,-1,628171,4028.8673945002583,1.1191298318056273,0.0011191298318056274,815823.3588649802,226.6175996847167,0.2266175996847167,0.5315866701076729,0.0005315866701076729,107.64335985024047,0.10764335985024047,475.0,79.79304393305439,112.359,76.623,80.57734789000516,478,10.0,64,64,1,True,240,sgd,multistep,32,100,0.0,False,1.0.0
p7-msdnet-cifar100-jointexit-s2,198,155618,2026-09-01T16:21:03Z,1788279663.4638538,local,0,local-1c8d861c2a,CB-410-122,msdnet,msdnet,cifar100,2,p7,jointexit,4648aa4b6179df102f913788605506586ea64187887a010d75319591508daa37,0.7382203967285156,0.9445075222015381,0.91774,0.739,NA,0.9296,0.7393197692101735,0.739,0.7393197692101736,0.7425525837813622,0.739,0.7425525837813625,0.7390000000000001,0.739,0.739,0.7390000000000001,0.7363636363636363,0.7363932116990572,0.4230411946773529,1.1126024723052979,0.10444238928577758,0.730906218290329,0.7409,13,False,0.01904768237471581,0.0635183313712987,0.9445058703422546,0.3595372438430786,0.7487002611160278,0.9321582317352295,0.7382203967285156,0.7382203967285156,NA,NA,NA,NA,NA,NA,NA,NA,NA,NA,NA,0.0005000000000000001,0.0005000000000000001,0.0005000000000000001,[0.0005],0.9,0.0005,3.6891803823773515,7.940883159637451,2.5424065589904785,3.67067551612854,4.333084511756897,4.618594188690183,0.4108161603877683,NA,0.0,51.17584991455078,0.3679616451263428,0.0071901423374645425,32768.0,0,782,782,0,0,50.7141387462616,48.64739227294922,2.066746473312378,10459.772161483765,9.199277400970459,39.435900926589966,0.0,0.0,0.1891486310384811,0.0,0.0,62.193322669514615,66.1766529083252,70.76809406280518,83.07490110397339,90.8350944519043,1027.8043213387805,4838.522832446392,50000,9950000,2079.2796885967255,59.09803921568628,92.0,4529.1796875,20475.0,34.96078431372549,65.94117647058823,68.0,80.53776470588237,112.593,2370.0,8551.0,4050.060178499055,0.0,45.59423828125,3388.0,641.94921875,20474.5,1,8.588235294117647,24,24133.194087009804,64860.765625,37.2,2196.546875,-1,628170,4036.586256998894,1.1212739602774706,0.0011212739602774705,819859.9451219791,227.7388736449942,0.2277388736449942,0.5326051311317984,0.0005326051311317985,108.17596498137227,0.10817596498137227,475.0,79.72939958592133,112.593,75.84,80.73172513997788,483,10.0,64,64,1,True,240,sgd,multistep,32,100,0.0,False,1.0.0
p7-msdnet-cifar100-jointexit-s2,199,156400,2026-09-01T16:21:55Z,1788279715.6562326,local,0,local-1c8d861c2a,CB-410-122,msdnet,msdnet,cifar100,2,p7,jointexit,4648aa4b6179df102f913788605506586ea64187887a010d75319591508daa37,0.7343695927619934,0.9500517553329467,0.91936,0.7371,NA,0.9307,0.7372294960568688,0.7371,0.7372294960568689,0.7406483002680768,0.7371,0.7406483002680766,0.7371,0.7371,0.7371,0.7371,0.7344444444444445,0.7344779863717136,0.4789327383041382,1.1064029932022095,0.09809048261231046,0.7327634692192078,0.7409,14,False,0.019812698432803158,0.06528006494045258,0.9500536918640137,0.36183038353919983,0.745386004447937,0.9500877857208252,0.7343695927619934,0.7343695927619934,NA,NA,NA,NA,NA,NA,NA,NA,NA,NA,NA,0.0005000000000000001,0.0005000000000000001,0.0005000000000000001,[0.0005],0.9,0.0005,3.6941994559734375,6.868775367736816,2.6431643962860107,3.6841087341308594,4.337933158874511,4.645220365524292,0.40107297506306683,NA,0.0,51.15341567993164,0.37009432911872864,0.007234987619095062,32768.0,0,782,782,0,0,52.114665269851685,50.04718065261841,2.0669541358947754,10511.886826753616,8.695123672485352,41.35205698013306,0.0,0.0,0.17373853150368088,0.0,0.0,63.998952241200016,66.33222103118896,73.18689823150635,83.06785106658936,85.60347557067871,999.0572765138181,4838.036716122414,50000,10000000,2084.5866107940674,56.59615384615385,96.0,4529.1796875,20475.0,33.40384615384615,65.3076923076923,68.0,78.89951923076924,112.593,2370.0,8551.0,4039.0151089997667,0.0,45.98681640625,3388.0,641.7529296875,20474.5,1,8.38076923076923,24,24126.239483173078,64860.765625,37.2,2198.54296875,-1,628170,4082.7412244986613,1.1340947845829614,0.0011340947845829615,823942.6863464777,228.87296842957716,0.22887296842957713,0.5386950226769067,0.0005386950226769067,108.71466000404918,0.10871466000404918,475.0,78.5187620967742,112.593,75.42,81.65482448997322,496,10.0,64,64,1,True,240,sgd,multistep,32,100,0.0,False,1.0.0
p7-msdnet-cifar100-jointexit-s2,200,157182,2026-09-01T16:22:47Z,1788279767.9344454,local,0,local-1c8d861c2a,CB-410-122,msdnet,msdnet,cifar100,2,p7,jointexit,4648aa4b6179df102f913788605506586ea64187887a010d75319591508daa37,0.7358424766921997,0.9527850905418396,0.91816,0.7365,NA,0.9309,0.7362451742598425,0.7365,0.7362451742598426,0.7388724940749158,0.7365,0.738872494074916,0.7365,0.7365,0.7365,0.7365,0.7338383838383838,0.7338676501743009,0.4054167866706848,1.1380057334899902,0.10448803941804025,0.7318163216114044,0.7409,15,False,0.018165104819834237,0.03784974172954514,0.9527899622917175,0.3623027801513672,0.746893584728241,0.9454153180122375,0.7358424766921997,0.7358424766921997,NA,NA,NA,NA,NA,NA,NA,NA,NA,NA,NA,0.0005000000000000001,0.0005000000000000001,0.0005000000000000001,[0.0005],0.9,0.0005,3.7150462241545226,4.923320293426514,2.5701067447662354,3.709111452102661,4.3628387451171875,4.663820266723633,0.3924751094983395,NA,0.0,51.13058090209961,0.36786630749702454,0.007194643616535141,32768.0,1,782,782,0,0,52.21839761734009,50.16812467575073,2.0502729415893555,10564.105224370956,8.724830150604248,41.443294525146484,0.0,0.0,0.1739118256262324,0.0,0.0,64.1536121173283,66.37239456176758,73.65396022796631,82.83326148986814,86.74955368041992,996.6487749574583,4877.39939261359,50000,10050000,2036.5175070762634,55.30769230769231,91.0,4529.1796875,20475.0,32.05769230769231,65.1923076923077,68.0,78.91373076923075,112.221,2370.0,8551.0,4041.4479779999433,0.0,45.59423828125,3388.0,641.94921875,20474.5,1,9.040384615384616,24,24127.419471153848,64860.765625,37.2,2196.60546875,-1,628170,4084.7883330005407,1.1346634258334836,0.0011346634258334834,828027.4746794782,230.0076318554106,0.23000763185541062,0.5389651272709046,0.0005389651272709046,109.25362513132009,0.10925362513132009,475.0,78.35186116700201,112.221,75.213,81.69576666001082,497,10.0,64,64,1,True,240,sgd,multistep,32,100,0.0,False,1.0.0
p7-msdnet-cifar100-jointexit-s2,201,157964,2026-09-01T16:23:39Z,1788279819.9529066,local,0,local-1c8d861c2a,CB-410-122,msdnet,msdnet,cifar100,2,p7,jointexit,4648aa4b6179df102f913788605506586ea64187887a010d75319591508daa37,0.7326459863471985,0.9483452973365784,0.92094,0.7367,NA,0.9327,0.7367956519961139,0.7367,0.7367956519961137,0.7400835628620333,0.7367,0.7400835628620334,0.7367,0.7367,0.7367,0.7367,0.734040404040404,0.7340736605550203,0.43917402625083923,1.1249302625656128,0.10327756593188352,0.7337136268615723,0.7409,16,False,0.02060882363915443,0.041908323764801025,0.94834303855896,0.3620348572731018,0.7505626082420349,0.9234278202056885,0.7326459863471985,0.7326459863471985,NA,NA,NA,NA,NA,NA,NA,NA,NA,NA,NA,0.0005000000000000001,0.0005000000000000001,0.0005000000000000001,[0.0005],0.9,0.0005,3.7427532788737654,7.916067600250244,2.5747110843658447,3.7256616353988647,4.392160248756408,4.747325577735901,0.41968306975022107,NA,0.0,51.10836410522461,0.37588903307914734,0.007354745933664538,32768.0,0,782,782,0,0,51.935375452041626,49.88558220863342,2.049793243408203,10616.040599822998,8.905519008636475,40.96261215209961,0.0,0.0,0.17858136652308074,0.0,0.0,63.769988696593465,66.18905067443848,73.62101078033447,82.90085792541502,84.90538597106934,1002.2936044103495,4878.540814864304,50000,10100000,1973.5442671775818,57.42307692307692,92.0,4529.1796875,20475.0,33.11538461538461,65.38461538461539,68.0,78.99388461538462,111.987,2370.0,8551.0,4049.7039964992146,0.0,45.98681640625,3388.0,641.7529296875,20474.5,1,8.721153846153847,24,24139.75578425481,64860.765625,37.2,2198.578125,-1,628170,4071.7713219996695,1.1310475894443526,0.0011310475894443525,832099.2460014779,231.13867944485497,0.23113867944485497,0.5372476049860675,0.0005372476049860675,109.79087273630616,0.10979087273630615,475.0,78.59187044534413,111.987,75.62,81.43542643999339,494,10.0,64,64,1,True,240,sgd,multistep,32,100,0.0,False,1.0.0
p7-msdnet-cifar100-jointexit-s2,202,158746,2026-09-01T16:24:30Z,1788279870.6546938,local,0,local-1c8d861c2a,CB-410-122,msdnet,msdnet,cifar100,2,p7,jointexit,4648aa4b6179df102f913788605506586ea64187887a010d75319591508daa37,0.733495167427063,0.9449486454963684,0.92238,0.7397,NA,0.9309,0.7396888870796997,0.7397,0.7396888870796998,0.7425262594869371,0.7397,0.7425262594869371,0.7396999999999998,0.7397,0.7397,0.7396999999999998,0.737070707070707,0.737099685337052,0.46107038855552673,1.0477935075759888,0.09999680671324547,0.7305877506732941,0.7409,17,False,0.018160546685755258,0.052333548305115274,0.9449542760848999,0.3603028655052185,0.7483361959457397,0.9375177621841431,0.733495167427063,0.733495167427063,NA,NA,NA,NA,NA,NA,NA,NA,NA,NA,NA,0.0005000000000000001,0.0005000000000000001,0.0005000000000000001,[0.0005],0.9,0.0005,3.756692784826469,8.221799850463867,2.68296217918396,3.7337106466293335,4.401841759681702,4.659694209098815,0.4125924497656263,NA,0.0,51.086143493652344,0.3739628493785858,0.007320240358817694,32768.0,0,782,782,0,0,50.63655710220337,48.56938695907593,2.0671701431274414,10666.677156925201,8.713293313980103,39.84832262992859,0.0,0.0,0.17942758173542722,0.0,0.0,62.09925312520293,66.1458969116211,68.93148422241211,82.57621765136719,85.59584617614746,1029.455035990664,4837.531169481243,50000,10150000,1873.5526127815247,59.78431372549019,96.0,4529.1796875,20475.0,35.294117647058826,65.68627450980392,68.0,80.24841176470588,112.788,2370.0,8551.0,4030.270960000114,0.0,45.59423828125,3388.0,641.94921875,20474.5,1,9.319607843137256,24,24121.542356004902,64860.765625,37.2,2200.9765625,-1,628170,4028.197353499676,1.1189437093054655,0.0011189437093054656,836127.4433549776,232.25762315416046,0.23225762315416046,0.5314982619200961,0.0005314982619200961,110.32237099822625,0.11032237099822625,475.0,79.68258592132504,112.788,75.816,80.56394706999352,483,10.0,64,64,1,True,240,sgd,multistep,32,100,0.0,False,1.0.0
p7-msdnet-cifar100-jointexit-s2,203,159528,2026-09-01T16:25:20Z,1788279920.689865,local,0,local-1c8d861c2a,CB-410-122,msdnet,msdnet,cifar100,2,p7,jointexit,4648aa4b6179df102f913788605506586ea64187887a010d75319591508daa37,0.7298843528366089,0.9450679769515992,0.92184,0.7382,NA,0.9312,0.7384311589261663,0.7382,0.7384311589261661,0.7417784201950339,0.7382,0.7417784201950338,0.7382,0.7382,0.7382,0.7382,0.7355555555555555,0.7355891705196587,0.46664687991142273,1.2923407554626465,0.10564057605571316,0.7266349196434021,0.7409,18,False,0.01874273123890164,0.06339583804070109,0.945069432258606,0.3600946366786957,0.7509028315544128,0.9211162328720093,0.7298843528366089,0.7298843528366089,NA,NA,NA,NA,NA,NA,NA,NA,NA,NA,NA,0.0005000000000000001,0.0005000000000000001,0.0005000000000000001,[0.0005],0.9,0.0005,3.7670153961767014,11.128800392150879,2.5561106204986572,3.7552071809768677,4.449398446083069,4.763621988296506,0.4840867499622784,NA,0.0,51.06377029418945,0.3736252784729004,0.007316836894736996,65536.0,0,782,782,0,0,49.94487929344177,47.89472198486328,2.050157308578491,10716.622036218643,8.869680404663086,39.025041580200195,0.0,0.0,0.18519118677557567,0.0,0.0,61.246447550976065,65.94455242156982,68.60928535461426,82.1818709373474,85.21533012390137,1043.956367797731,4877.674487785358,50000,10200000,1798.0156545639038,59.58,96.0,4529.1796875,20475.0,34.88,65.8,68.0,80.8317,112.788,2370.0,8551.0,3981.475903000215,0.0,45.98681640625,3388.0,641.7529296875,20474.5,1,8.798,24,24109.839140625,64860.765625,37.2,2198.85546875,-1,628170,3997.180911500268,1.1103280309722967,0.0011103280309722966,840124.6242664779,233.36795118513274,0.23336795118513273,0.5274058147118409,0.0005274058147118408,110.84977681293809,0.11084977681293809,475.0,80.14045798319329,112.788,77.006,79.94361823000536,476,10.0,64,64,1,True,240,sgd,multistep,32,100,0.0,False,1.0.0
p7-msdnet-cifar100-jointexit-s2,204,160310,2026-09-01T16:26:10Z,1788279970.358331,local,0,local-1c8d861c2a,CB-410-122,msdnet,msdnet,cifar100,2,p7,jointexit,4648aa4b6179df102f913788605506586ea64187887a010d75319591508daa37,0.729554703578949,0.950884593963623,0.92226,0.7363,NA,0.9309,0.7364752475160539,0.7363,0.736475247516054,0.7404535749191128,0.7363,0.7404535749191129,0.7363000000000001,0.7363,0.7363,0.7363000000000001,0.7336363636363636,0.733675590391074,0.4759851098060608,1.0862267017364502,0.10002396594319479,0.7226302027702332,0.7409,19,False,0.0193525610640645,0.04243357774716067,0.950882613658905,0.3620440661907196,0.7473118901252747,0.9397497773170471,0.729554703578949,0.729554703578949,NA,NA,NA,NA,NA,NA,NA,NA,NA,NA,NA,0.0005000000000000001,0.0005000000000000001,0.0005000000000000001,[0.0005],0.9,0.0005,3.7875089953317667,8.491598129272461,2.7030937671661377,3.749707818031311,4.465500688552856,4.755052881240844,0.4230445119527931,NA,0.0,51.04145431518555,0.37516912817955017,0.007350282886981379,65536.0,0,782,782,0,0,49.61891293525696,47.55163621902466,2.0672767162323,10766.2409491539,8.564269065856934,38.97056555747986,0.0,0.0,0.1801682730931893,0.0,0.0,60.78623353367876,63.196420669555664,70.31369209289551,78.56063127517699,83.92047882080078,1051.4885285902274,4837.281783072286,50000,10250000,1736.6619527339935,59.36734693877551,96.0,4529.1796875,20475.0,34.755102040816325,65.81632653061224,68.0,80.42634693877551,112.174,2370.0,8551.0,3886.36849399972,0.0,45.59423828125,3388.0,641.94921875,20474.5,1,8.302040816326532,24,24129.210299744896,64860.765625,37.199999999999996,2199.19921875,-1,628170,3989.421980999714,1.1081727724999206,0.0011081727724999205,844114.0462474776,234.47612395763267,0.23447612395763268,0.5263820669374623,0.0005263820669374622,111.37615887987555,0.11137615887987555,475.0,80.50226371308018,112.367,77.304,79.78843961999428,474,10.0,64,64,1,True,240,sgd,multistep,32,100,0.0,False,1.0.0
p7-msdnet-cifar100-jointexit-s2,205,161092,2026-09-01T16:27:00Z,1788280020.1597056,local,0,local-1c8d861c2a,CB-410-122,msdnet,msdnet,cifar100,2,p7,jointexit,4648aa4b6179df102f913788605506586ea64187887a010d75319591508daa37,0.7270548781394959,0.950974511051178,0.92306,0.7352,NA,0.9308,0.7350421000764029,0.7352,0.735042100076403,0.7376403052761007,0.7352,0.7376403052761008,0.7351999999999999,0.7352,0.7352,0.7351999999999999,0.7325252525252526,0.7325534304759102,0.4424530565738678,1.0917468070983887,0.10144559016547003,0.722757875919342,0.7409,20,False,0.01814174594134093,0.04783735422768898,0.9509772658348083,0.3629855215549469,0.7491601705551147,0.9330141544342041,0.7270548781394959,0.7270548781394959,NA,NA,NA,NA,NA,NA,NA,NA,NA,NA,NA,0.0005000000000000001,0.0005000000000000001,0.0005000000000000001,[0.0005],0.9,0.0005,3.795276718676243,7.889620304107666,2.7305796146392822,3.795943260192871,4.464683175086974,4.76669445991516,0.42752021455436773,NA,0.0,51.01958465576172,0.37603458762168884,0.007370396881096967,65536.0,0,782,782,0,0,49.71909284591675,47.652634382247925,2.0664584636688232,10815.960041999817,8.837872982025146,38.81382966041565,0.0,0.0,0.1854681468223914,0.0,0.0,60.93568112844092,63.04275989532471,70.01600265502928,82.38065958023068,87.6762866973877,1049.259933856386,4839.197194530511,50000,10300000,1690.4491567611694,60.78,92.0,4529.1796875,20475.0,36.02,65.74,69.0,80.88518,112.427,2370.0,8551.0,3984.840695500181,0.0,45.98681640625,3388.0,641.7529296875,20474.5,1,8.72,24,24131.14953125,64860.765625,37.2,2199.234375,-1,628170,3988.4350940004765,1.1078986372223545,0.0011078986372223545,848102.4813414781,235.584022594855,0.23558402259485503,0.5262518526806184,0.0005262518526806183,111.90241073255616,0.11190241073255616,475.0,80.38954641350212,112.427,77.042,79.76870188000953,474,10.0,64,64,1,True,240,sgd,multistep,32,100,0.0,False,1.0.0
p7-msdnet-cifar100-jointexit-s2,206,161874,2026-09-01T16:27:50Z,1788280070.7855215,local,0,local-1c8d861c2a,CB-410-122,msdnet,msdnet,cifar100,2,p7,jointexit,4648aa4b6179df102f913788605506586ea64187887a010d75319591508daa37,0.7255472415733337,0.9534155272483825,0.9217,0.7386,NA,0.9299,0.7386773443542132,0.7386,0.7386773443542134,0.7417312555283831,0.7386,0.7417312555283831,0.7386,0.7386,0.7386,0.7386,0.7359595959595959,0.735990136466789,0.4638170897960663,1.0563559532165527,0.09855309108751728,0.7202377915382385,0.7409,21,False,0.021487050570547568,0.051268264291367105,0.9534152150154114,0.36188939213752747,0.747635543346405,0.9428658485412598,0.7255472415733337,0.7255472415733337,NA,NA,NA,NA,NA,NA,NA,NA,NA,NA,NA,0.0005000000000000001,0.0005000000000000001,0.0005000000000000001,[0.0005],0.9,0.0005,3.809179330452151,5.1094865798950195,2.6421828269958496,3.7983169555664062,4.413802623748779,4.6978040695190435,0.3694908420521389,NA,0.0,50.997528076171875,0.37679168581962585,0.007388430381504673,65536.0,1,782,782,0,0,50.584826707839966,48.519689083099365,2.0640475749969482,10866.544868707657,9.105812311172485,39.394222021102905,0.0,0.0,0.18774857454302515,0.0,0.0,62.02050426122173,66.16222858428955,69.00770664215088,83.19792985916138,87.85724639892578,1030.5094889286145,4844.849567004184,50000,10350000,1669.2992813587189,58.26,92.0,4529.1796875,20475.0,33.42,65.88,69.0,79.81006000000001,112.235,2370.0,8551.0,3936.9328770001266,0.0,45.59423828125,3388.0,641.94921875,20474.5,1,8.863999999999999,24,24143.7234375,64860.765625,37.2,2199.2578125,-1,628169,4030.7577330006698,1.1196549258335193,0.0011196549258335193,852133.2390744787,236.70367752068853,0.23670367752068855,0.5318360897709217,0.0005318360897709216,112.43424682232708,0.11243424682232708,475.0,79.82925363825363,112.235,76.318,80.6151546600134,481,10.0,64,64,1,True,240,sgd,multistep,32,100,0.0,False,1.0.0
p7-msdnet-cifar100-jointexit-s2,207,162656,2026-09-01T16:28:42Z,1788280122.2639852,local,0,local-1c8d861c2a,CB-410-122,msdnet,msdnet,cifar100,2,p7,jointexit,4648aa4b6179df102f913788605506586ea64187887a010d75319591508daa37,0.7257866218757629,0.951271050453186,0.92416,0.7377,NA,0.93,0.7380425707870351,0.7377,0.7380425707870351,0.741232219721088,0.7377,0.7412322197210878,0.7376999999999998,0.7377,0.7377,0.7376999999999998,0.7350505050505051,0.7350817132729935,0.4669334888458252,1.134297490119934,0.10026423047328016,0.7210284769535065,0.7409,22,False,0.017877536605298533,0.04611537876766397,0.9512735605239868,0.3608454465866089,0.748371422290802,0.9369011521339417,0.7257866218757629,0.7257866218757629,NA,NA,NA,NA,NA,NA,NA,NA,NA,NA,NA,0.0005000000000000001,0.0005000000000000001,0.0005000000000000001,[0.0005],0.9,0.0005,3.8282231135136637,9.548958778381348,2.5965278148651123,3.825966238975525,4.494731593132019,4.821075634956358,0.4517348824530468,NA,0.0,50.975502014160156,0.3761066496372223,0.007378184319454982,65536.0,0,782,782,0,0,51.433181285858154,49.376752853393555,2.055490732192993,10917.978049993515,9.261443138122559,40.09790086746216,0.0,0.0,0.18763302723542438,0.0,0.0,63.119365736041836,66.26272201538086,71.134352684021,82.69630670547483,83.53710174560547,1012.6222789185217,4865.018286572885,50000,10400000,1645.861801147461,58.19607843137255,92.0,4529.1796875,20475.0,34.11764705882353,65.72549019607843,68.0,79.53145098039215,112.167,2370.0,8551.0,3997.2184915005914,0.0,45.98681640625,3388.0,641.7529296875,20474.5,1,8.584313725490196,24,24110.022671568626,64860.765625,37.2,2197.32421875,-1,628169,4064.194580500385,1.1289429390278847,0.0011289429390278847,856197.4336549791,237.83262045971642,0.23783262045971643,0.5362478960382452,0.0005362478960382452,112.97049471836533,0.11297049471836533,475.0,79.15106530612245,112.167,76.082,81.28389161000771,490,10.0,64,64,1,True,240,sgd,multistep,32,100,0.0,False,1.0.0
p7-msdnet-cifar100-jointexit-s2,208,163438,2026-09-01T16:29:34Z,1788280174.0819125,local,0,local-1c8d861c2a,CB-410-122,msdnet,msdnet,cifar100,2,p7,jointexit,4648aa4b6179df102f913788605506586ea64187887a010d75319591508daa37,0.7228719952583313,0.9555337189674378,0.92566,0.7365,NA,0.9294,0.7368230838251284,0.7365,0.7368230838251285,0.7403649135761466,0.7365,0.7403649135761466,0.7364999999999998,0.7365,0.7365,0.7364999999999998,0.7338383838383838,0.7338705784831774,0.4139896333217621,1.0785388946533203,0.0998501947319501,0.7229239344596863,0.7409,23,False,0.020992845565080635,0.04507417360124366,0.9555355310440063,0.36302173137664795,0.7497009634971619,0.9327210187911987,0.7228719952583313,0.7228719952583313,NA,NA,NA,NA,NA,NA,NA,NA,NA,NA,NA,0.0005000000000000001,0.0005000000000000001,0.0005000000000000001,[0.0005],0.9,0.0005,3.839709638634606,9.143424987792969,2.694223642349243,3.829838275909424,4.508558988571167,4.814081053733824,0.44495678693021706,NA,0.0,50.95395278930664,0.3789835274219513,0.007437765014797556,65536.0,0,782,782,0,0,51.752076387405396,49.70168495178223,2.050391435623169,10969.73012638092,8.957229137420654,40.729135513305664,0.0,0.0,0.1802753974935801,0.0,0.0,63.5375507042536,66.2682056427002,71.79961204528807,82.76829957962033,84.0613842010498,1006.0021113671937,4877.11752315271,50000,10450000,1604.3143680095673,57.46153846153846,92.0,4529.1796875,20475.0,33.94230769230769,65.42307692307692,68.0,79.75334615384615,112.989,2370.0,8551.0,4089.8962300007324,0.0,45.59423828125,3388.0,641.94921875,20474.5,1,8.657692307692308,24,24114.252704326922,64860.765625,37.2,2201.67578125,-1,628169,4068.4302685007333,1.1301195190279816,0.0011301195190279816,860265.8639234798,238.9627399787444,0.2389627399787444,0.5368067715382911,0.0005368067715382912,113.50730148990363,0.11350730148990362,475.0,78.80966666666667,112.989,75.496,81.36860537001466,492,10.0,64,64,1,True,240,sgd,multistep,32,100,0.0,False,1.0.0
p7-msdnet-cifar100-jointexit-s2,209,164220,2026-09-01T16:30:26Z,1788280226.1507757,local,0,local-1c8d861c2a,CB-410-122,msdnet,msdnet,cifar100,2,p7,jointexit,4648aa4b6179df102f913788605506586ea64187887a010d75319591508daa37,0.7244239499664307,0.960943431854248,0.92326,0.7341,NA,0.9295,0.734138254163077,0.7341,0.734138254163077,0.7372801310579007,0.7341,0.7372801310579008,0.7341,0.7341,0.7341,0.7341,0.7314141414141414,0.7314451878576701,0.4719740152359009,1.0267807245254517,0.09757602707313438,0.7180488407611847,0.7409,24,False,0.022824789113551368,0.054063502997788726,0.9609431624412537,0.3651667833328247,0.7493622303009033,0.9322865009307861,0.7244239499664307,0.7244239499664307,NA,NA,NA,NA,NA,NA,NA,NA,NA,NA,NA,5.0000000000000016e-05,5.0000000000000016e-05,5.0000000000000016e-05,[5e-05],0.9,0.0005,3.8583404276038253,5.2168707847595215,2.581078052520752,3.861572742462158,4.501193523406982,4.841806602478029,0.39678458272260264,NA,0.0,50.931922912597656,0.3795768916606903,0.007452632258005806,65536.0,1,782,782,0,0,52.03529644012451,49.88592457771301,2.149371862411499,11021.765422821045,8.876015424728394,40.99093818664551,0.0,0.0,0.1779939375062187,0.0,0.0,63.76848287899475,66.30051136016846,73.1938123703003,82.42747306823728,87.26215362548828,1002.2867256295767,4652.522057667791,50000,10500000,1561.0588932037354,57.30769230769231,92.0,4529.1796875,20475.0,33.32692307692308,65.40384615384616,68.0,78.99425,112.989,2370.0,8551.0,4049.7117360003,0.0,45.98681640625,3388.0,641.7529296875,20474.5,1,8.636538461538462,24,24125.99474158654,64860.765625,37.2,2199.3203125,-1,628169,4086.997006999681,1.1352769463888004,0.0011352769463888004,864352.8609304795,240.09801692513318,0.2400980169251332,0.5392565495346802,0.0005392565495346801,114.04655803943831,0.1140465580394383,475.0,78.70253427419354,112.989,75.708,81.73994013999362,496,10.0,64,64,1,True,240,sgd,multistep,32,100,0.0,False,1.0.0
p7-msdnet-cifar100-jointexit-s2,210,165002,2026-09-01T16:31:16Z,1788280276.102783,local,0,local-1c8d861c2a,CB-410-122,msdnet,msdnet,cifar100,2,p7,jointexit,4648aa4b6179df102f913788605506586ea64187887a010d75319591508daa37,0.71304029296875,0.9515130036354065,0.9263,0.7399,NA,0.9306,0.7397540606861024,0.7399,0.7397540606861026,0.7423402588336018,0.7399,0.7423402588336019,0.7399,0.7399,0.7399,0.7399,0.7372727272727273,0.737300640960743,0.46710023283958435,1.0716997385025024,0.09661075875519709,0.7082592248916626,0.7409,25,False,0.01996801930442451,0.05902835992708361,0.9515156149864197,0.36079642176628113,0.7507292628288269,0.9254332780838013,0.71304029296875,0.71304029296875,NA,NA,NA,NA,NA,NA,NA,NA,NA,NA,NA,5.0000000000000016e-05,5.0000000000000016e-05,5.0000000000000016e-05,[5e-05],0.9,0.0005,3.8280144496951873,8.674235343933105,2.743614435195923,3.7953144311904907,4.487007188796997,4.83125759601593,0.4330521811047042,NA,0.0,50.92948532104492,0.05380040407180786,0.0010563704646270326,65536.0,0,782,782,0,0,49.881513357162476,47.81468200683594,2.066831350326538,11071.646936178207,8.473828792572021,39.320480823516846,0.0,0.0,0.1772978595284385,0.0,0.0,61.11804298732592,63.108205795288086,71.2331771850586,80.4792523384093,89.2183780670166,1045.703911464927,4838.324132455269,50000,10550000,1446.5638873577118,60.62,91.0,4529.1796875,20475.0,35.24,65.86,68.0,80.58633999999999,112.199,2370.0,8551.0,3970.5052325001275,0.0,45.59423828125,3388.0,641.94921875,20474.5,1,8.6,24,24132.95578125,64860.765625,37.2,2199.26953125,-1,628169,3995.4391625005455,1.109844211805707,0.0011098442118057071,868348.30009298,241.2078611369389,0.2412078611369389,0.5271760006077109,0.0005271760006077109,114.57373404004602,0.11457373404004602,475.0,80.26944537815126,112.277,76.999,79.90878325001091,476,10.0,64,64,1,True,240,sgd,multistep,32,100,0.0,False,1.0.0
p7-msdnet-cifar100-jointexit-s2,211,165784,2026-09-01T16:32:06Z,1788280326.9237726,local,0,local-1c8d861c2a,CB-410-122,msdnet,msdnet,cifar100,2,p7,jointexit,4648aa4b6179df102f913788605506586ea64187887a010d75319591508daa37,0.710805486240387,0.9539944331169128,0.9295,0.7366,NA,0.9307,0.7367607207755559,0.7366,0.7367607207755561,0.7402561155649023,0.7366,0.7402561155649023,0.7365999999999999,0.7366,0.7366,0.7365999999999999,0.7339393939393939,0.7339740472291253,0.45474448800086975,1.0331807136535645,0.09801426159847519,0.7069816887378693,0.7409,26,False,0.020586803524196146,0.054186096546232854,0.9539996981620789,0.3621196746826172,0.7524740099906921,0.9168547987937927,0.710805486240387,0.710805486240387,NA,NA,NA,NA,NA,NA,NA,NA,NA,NA,NA,5.0000000000000016e-05,5.0000000000000016e-05,5.0000000000000016e-05,[5e-05],0.9,0.0005,3.8002800551216924,7.869861125946045,2.55098032951355,3.7860242128372192,4.434217858314514,4.870634145736694,0.4236307348941779,NA,0.0,50.92709732055664,0.04605194181203842,0.000904271875582621,65536.0,0,782,782,0,0,50.74983787536621,48.68312931060791,2.0655317306518555,11122.396774053574,8.624491214752197,40.05055618286133,0.0,0.0,0.17718506043355275,0.0,0.0,62.24430613505566,66.17105007171631,70.27420997619629,82.9835319519043,83.91833305358887,1027.0498365253022,4841.368375805163,50000,10600000,1420.995460510254,58.13725490196079,92.0,4529.1796875,20475.0,33.568627450980394,66.05882352941177,68.0,80.18111764705881,112.8,2370.0,8551.0,4031.39809400039,0.0,45.98681640625,3388.0,641.7529296875,20474.5,1,8.870588235294116,24,24139.781709558825,64860.765625,37.2,2199.94921875,-1,628169,4040.6960045000556,1.122415556805571,0.001122415556805571,872388.9960974801,242.33027669374445,0.24233027669374446,0.5331473894826462,0.0005331473894826462,115.10688142952867,0.11510688142952867,475.0,79.6874917355372,113.038,75.856,80.81392009000112,484,10.0,64,64,1,True,240,sgd,multistep,32,100,0.0,False,1.0.0
p7-msdnet-cifar100-jointexit-s2,212,166566,2026-09-01T16:32:57Z,1788280377.5195735,local,0,local-1c8d861c2a,CB-410-122,msdnet,msdnet,cifar100,2,p7,jointexit,4648aa4b6179df102f913788605506586ea64187887a010d75319591508daa37,0.7103851511573791,0.9542187077522278,0.92966,0.7375,NA,0.9302,0.7379006514177607,0.7375,0.7379006514177605,0.7410748541841081,0.7375,0.741074854184108,0.7374999999999998,0.7375,0.7375,0.7374999999999998,0.7348484848484849,0.7348773608999892,0.4707767367362976,1.040278434753418,0.10197655950406209,0.7050977349281311,0.7409,27,False,0.021590888066962372,0.05997296005119512,0.9542186260223389,0.36283737421035767,0.7497047781944275,0.9311691522598267,0.7103851511573791,0.7103851511573791,NA,NA,NA,NA,NA,NA,NA,NA,NA,NA,NA,5.0000000000000016e-05,5.0000000000000016e-05,5.0000000000000016e-05,[5e-05],0.9,0.0005,3.8069215580992752,5.166143894195557,2.59051513671875,3.80849027633667,4.471051216125488,4.761872196197512,0.4048169160481882,NA,0.0,50.924720764160156,0.04416612535715103,0.0008672826221608721,65536.0,1,782,782,0,0,50.54186010360718,48.46830916404724,2.0735509395599365,11172.93863415718,9.522668600082397,38.936312675476074,0.0,0.0,0.19650988009699244,0.0,0.0,61.96800674623845,66.25640392303467,68.51227283477783,82.68990516662596,88.72151374816895,1031.6019036432353,4822.644965800681,50000,10650000,1364.6302227973938,58.48,92.0,4529.1796875,20475.0,33.66,65.94,69.0,79.85808000000002,113.038,2370.0,8551.0,3936.0919990001667,0.0,45.59423828125,3388.0,641.94921875,20474.5,1,9.064,24,24150.53265625,64860.765625,37.208,2199.265625,-1,628169,4031.9409939995776,1.1199836094443272,0.0011199836094443272,876420.9370914797,243.4502603031888,0.24345026030318878,0.5319922144860555,0.0005319922144860554,115.63887364401472,0.11563887364401472,475.0,79.94046666666667,113.05,75.504,80.63881987999156,480,10.0,64,64,1,True,240,sgd,multistep,32,100,0.0,False,1.0.0
p7-msdnet-cifar100-jointexit-s2,213,167348,2026-09-01T16:33:47Z,1788280427.458345,local,0,local-1c8d861c2a,CB-410-122,msdnet,msdnet,cifar100,2,p7,jointexit,4648aa4b6179df102f913788605506586ea64187887a010d75319591508daa37,0.7073479649925232,0.9482671020507812,0.93172,0.7403,NA,0.9318,0.7404941414711863,0.7403,0.7404941414711862,0.7435757107068468,0.7403,0.743575710706847,0.7402999999999998,0.7403,0.7403,0.7402999999999998,0.7376767676767677,0.7377067087445309,0.4122863709926605,1.0423202514648438,0.10338959852314555,0.6991619765758514,0.7409,28,False,0.021472913155332216,0.06907636112078247,0.9482598900794983,0.3603198826313019,0.7541789412498474,0.9110508561134338,0.7073479649925232,0.7073479649925232,NA,NA,NA,NA,NA,NA,NA,NA,NA,NA,NA,5.0000000000000016e-05,5.0000000000000016e-05,5.0000000000000016e-05,[5e-05],0.9,0.0005,3.7893947832419745,8.714648246765137,2.629810094833374,3.7829352617263794,4.497056722640991,4.763319811820983,0.44226474924290643,NA,0.0,50.92235565185547,0.04209272935986519,0.0008266060911958508,65536.0,0,782,782,0,0,49.8686900138855,47.81833839416504,2.050351619720459,11222.807324171066,8.880664825439453,38.92306470870972,0.0,0.0,0.18577347232072014,0.0,0.0,61.13008891834932,63.43984603881836,70.93956470489502,81.85861587524414,83.86802673339844,1045.6239526319714,4877.212232194291,50000,10700000,1296.585940361023,59.26,94.0,4529.1796875,20475.0,34.84,66.42,69.0,80.71892,113.05,2370.0,8551.0,3978.1891520008244,0.0,45.98681640625,3388.0,641.7529296875,20474.5,1,8.870000000000001,24,24119.116484375,64860.765625,37.2,2199.265625,-1,628169,4000.512890500052,1.1112535806944588,0.0011112535806944589,880421.4499819797,244.56151388388324,0.24456151388388325,0.5278454508298679,0.0005278454508298679,116.1667190948446,0.11616671909484459,475.0,80.28140670859538,113.05,76.615,80.01025781000104,477,10.0,64,64,1,True,240,sgd,multistep,32,100,0.0,False,1.0.0
p7-msdnet-cifar100-jointexit-s2,214,168130,2026-09-01T16:34:38Z,1788280478.3249428,local,0,local-1c8d861c2a,CB-410-122,msdnet,msdnet,cifar100,2,p7,jointexit,4648aa4b6179df102f913788605506586ea64187887a010d75319591508daa37,0.7117339874649048,0.9526254369735718,0.92954,0.739,NA,0.9302,0.7389695861417855,0.739,0.7389695861417855,0.7418751621178324,0.739,0.7418751621178324,0.7389999999999999,0.739,0.739,0.7389999999999999,0.7363636363636363,0.7363927802424948,0.47425180673599243,1.1275579929351807,0.0965515844137389,0.7059053182601929,0.7409,29,False,0.021221361311525112,0.06572218984365463,0.952629566192627,0.3613004982471466,0.7506115436553955,0.9267690181732178,0.7117339874649048,0.7117339874649048,NA,NA,NA,NA,NA,NA,NA,NA,NA,NA,NA,5.0000000000000016e-05,5.0000000000000016e-05,5.0000000000000016e-05,[5e-05],0.9,0.0005,3.812601274473261,5.230968952178955,2.4146151542663574,3.78777813911438,4.466236114501953,4.803475093841556,0.3928147325106172,NA,0.0,50.919960021972656,0.04252508282661438,0.0008351358250922473,32768.0,1,782,782,0,0,50.79037952423096,48.72278451919556,2.0675950050354004,11273.597703695297,8.947045803070068,39.76766586303711,0.0,0.0,0.18366209091810956,0.0,0.0,62.295027706019404,66.01393222808838,71.038818359375,81.71011924743647,85.77942848205566,1026.2139262648516,4836.537124362411,50000,10750000,1269.759488105774,60.27450980392157,96.0,4529.1796875,20475.0,35.76470588235294,66.3529411764706,69.0,80.38064705882354,112.552,2370.0,8551.0,4034.221574999803,0.0,45.59423828125,3388.0,641.94921875,20474.5,1,8.747058823529413,24,24127.549479166668,64860.765625,37.2,2199.26953125,-1,628169,4055.341159499024,1.1264836554163955,0.0011264836554163956,884476.7911414787,245.68799753929963,0.24568799753929962,0.5350797363227878,0.0005350797363227878,116.70179883116738,0.11670179883116738,475.0,79.91769358178054,112.552,75.946,81.10682318998049,483,10.0,64,64,1,True,240,sgd,multistep,32,100,0.0,False,1.0.0
p7-msdnet-cifar100-jointexit-s2,215,168912,2026-09-01T16:35:30Z,1788280530.5622027,local,0,local-1c8d861c2a,CB-410-122,msdnet,msdnet,cifar100,2,p7,jointexit,4648aa4b6179df102f913788605506586ea64187887a010d75319591508daa37,0.706369349975586,0.9512000238418579,0.93112,0.7394,NA,0.9312,0.7394252009919655,0.7394,0.7394252009919656,0.7420922283650703,0.7394,0.7420922283650703,0.7393999999999998,0.7394,0.7394,0.7393999999999998,0.7367676767676767,0.7367951917443056,0.4348642826080322,1.7130776643753052,0.10247037287368652,0.7004611492156982,0.7409,30,False,0.021778836964070812,0.05248264258290514,0.951196014881134,0.3609529435634613,0.7496926784515381,0.9307681918144226,0.706369349975586,0.706369349975586,NA,NA,NA,NA,NA,NA,NA,NA,NA,NA,NA,5.0000000000000016e-05,5.0000000000000016e-05,5.0000000000000016e-05,[5e-05],0.9,0.0005,3.79988039180141,11.298158645629883,2.7414379119873047,3.7936333417892456,4.41109709739685,4.677657871246336,0.46728824088911364,NA,0.0,50.91757583618164,0.04234637692570686,0.0008316652203150616,32768.0,0,782,782,0,0,52.18544363975525,50.11922883987427,2.0662147998809814,11325.783147335052,8.555296421051025,41.54804491996765,0.0,0.0,0.1707530115171573,0.0,0.0,64.07076897828476,66.47777557373047,70.8329439163208,83.01361322402954,86.05265617370605,997.6210958820777,4839.767869524515,50000,10800000,1252.450647354126,57.78846153846154,93.0,4529.1796875,20475.0,33.92307692307692,65.86538461538461,69.0,79.19536538461537,112.44,2370.0,8551.0,4062.1682379998992,0.0,45.98681640625,3388.0,641.7529296875,20474.5,1,8.348076923076924,24,24127.83037860577,64860.765625,37.2,2199.265625,-1,628168,4104.048364998942,1.1400134347219284,0.0011400134347219282,888580.8395064776,246.82801097402154,0.24682801097402154,0.5415063814929159,0.0005415063814929159,117.2433052126603,0.1172433052126603,475.0,78.71508032128514,112.986,74.609,82.08096729997884,498,10.0,64,64,1,True,240,sgd,multistep,32,100,0.0,False,1.0.0
p7-msdnet-cifar100-jointexit-s2,216,169694,2026-09-01T16:36:22Z,1788280582.7141004,local,0,local-1c8d861c2a,CB-410-122,msdnet,msdnet,cifar100,2,p7,jointexit,4648aa4b6179df102f913788605506586ea64187887a010d75319591508daa37,0.7084971568489075,0.9511496099472045,0.93092,0.7381,NA,0.9312,0.7382960685373434,0.7381,0.7382960685373435,0.7412889359745131,0.7381,0.7412889359745133,0.7381,0.7381,0.7381,0.7381,0.7354545454545456,0.7354847158049802,0.4406771957874298,1.0316743850708008,0.09893318100726453,0.7022085189819336,0.7409,31,False,0.01842671281471848,0.0636863186955452,0.9511521458625793,0.3608418107032776,0.7509931325912476,0.9270312786102295,0.7084971568489075,0.7084971568489075,NA,NA,NA,NA,NA,NA,NA,NA,NA,NA,NA,5.0000000000000016e-05,5.0000000000000016e-05,5.0000000000000016e-05,[5e-05],0.9,0.0005,3.8047754337720554,8.787068367004395,2.614999532699585,3.7836570739746094,4.5024667263030995,4.731795053482055,0.4481014731562836,NA,0.0,50.91514587402344,0.041998833417892456,0.0008248789765192439,32768.0,0,782,782,0,0,52.101595878601074,50.04130554199219,2.059739828109741,11377.884743213654,8.91385817527771,41.12644696235657,0.0,0.0,0.17813356954479845,0.0,0.0,63.99016002255023,66.47968292236328,70.89221477508545,83.22917699813843,88.50407600402832,999.1745710559544,4854.982101878941,50000,10850000,1198.3367052078247,57.75,93.0,4529.1796875,20475.0,34.09615384615385,65.73076923076923,68.0,79.05126923076922,112.986,2370.0,8551.0,4050.6699895005245,0.0,45.59423828125,3388.0,641.94921875,20474.5,1,8.634615384615385,24,24138.195162259617,64860.765625,37.2,2199.29296875,-1,628168,4088.867839500259,1.1357966220834053,0.0011357966220834053,892669.7073459779,247.96380759610497,0.24796380759610498,0.5395033954896175,0.0005395033954896175,117.78280860814992,0.11778280860814992,475.0,78.68150704225353,112.986,75.343,81.77735679000519,497,10.0,64,64,1,True,240,sgd,multistep,32,100,0.0,False,1.0.0
p7-msdnet-cifar100-jointexit-s2,217,170476,2026-09-01T16:37:14Z,1788280634.9578953,local,0,local-1c8d861c2a,CB-410-122,msdnet,msdnet,cifar100,2,p7,jointexit,4648aa4b6179df102f913788605506586ea64187887a010d75319591508daa37,0.7068477293205261,0.9499489902496338,0.93036,0.7371,NA,0.9311,0.7370335088974762,0.7371,0.7370335088974765,0.7396786831244853,0.7371,0.7396786831244853,0.7371,0.7371,0.7371,0.7371,0.7344444444444445,0.7344731710680222,0.4734302759170532,1.0700037479400635,0.09692774495382607,0.6997729241847992,0.7409,32,False,0.019922240935266004,0.06262781563746567,0.9499472379684448,0.3607219159603119,0.7512694597244263,0.9240288138389587,0.7068477293205261,0.7068477293205261,NA,NA,NA,NA,NA,NA,NA,NA,NA,NA,NA,5.0000000000000016e-05,5.0000000000000016e-05,5.0000000000000016e-05,[5e-05],0.9,0.0005,3.802925709873209,7.313971519470215,2.6933648586273193,3.774949312210083,4.469393348693846,4.75609010696411,0.3997614412156246,NA,0.0,50.912757873535156,0.042381200939416885,0.0008324279160969782,65536.0,0,782,782,0,0,52.171034812927246,50.10211372375488,2.0689210891723633,11430.05577802658,8.942808389663696,41.147846698760986,0.0,0.0,0.17853247025571975,0.0,0.0,64.05454614888066,66.33949279785156,74.74098205566406,83.17168235778809,87.96215057373047,997.9618879092028,4833.437124467773,50000,10900000,1147.7627658843994,54.96153846153846,92.0,4529.1796875,20475.0,31.71153846153846,65.63461538461539,68.0,79.07907692307691,112.293,2370.0,8551.0,4057.3760679994834,0.0,45.98681640625,3388.0,641.7529296875,20474.5,1,8.338461538461539,24,24136.780123197117,64860.765625,37.2,2199.29296875,-1,628168,4086.7732809996087,1.1352148002776692,0.001135214800277669,896756.4806269775,249.09902239638265,0.24909902239638265,0.5392270301318928,0.0005392270301318927,118.3220356382818,0.11832203563828181,475.0,78.51683333333334,112.293,75.3,81.73546561999217,498,10.0,64,64,1,True,240,sgd,multistep,32,100,0.0,False,1.0.0
p7-msdnet-cifar100-jointexit-s2,218,171258,2026-09-01T16:38:04Z,1788280684.5340588,local,0,local-1c8d861c2a,CB-410-122,msdnet,msdnet,cifar100,2,p7,jointexit,4648aa4b6179df102f913788605506586ea64187887a010d75319591508daa37,0.7077982824516297,0.9546339931488037,0.93068,0.7363,NA,0.9309,0.7366139026574685,0.7363,0.7366139026574685,0.7400146429467607,0.7363,0.7400146429467606,0.7363,0.7363,0.7363,0.7363,0.7336363636363636,0.7336681343777186,0.42726272344589233,1.0309429168701172,0.09663828629654259,0.7058064043521881,0.7409,33,False,0.018532422076165678,0.05966506934747462,0.9546321034431458,0.36261746287345886,0.7483113408088684,0.9382032155990601,0.7077982824516297,0.7077982824516297,NA,NA,NA,NA,NA,NA,NA,NA,NA,NA,NA,5.0000000000000016e-05,5.0000000000000016e-05,5.0000000000000016e-05,[5e-05],0.9,0.0005,3.8060783120372412,8.763257026672363,2.598936080932617,3.8107216358184814,4.471647500991821,4.715607290267944,0.441552795998655,NA,0.0,50.91034698486328,0.04256041347980499,0.0008359874956746828,65536.0,0,782,782,0,0,49.51843237876892,47.472079038619995,2.046353340148926,11479.57421040535,8.765686750411987,38.694613456726074,0.0,0.0,0.18469513914059948,0.0,0.0,60.69092098099496,62.27552890777588,70.62611579895018,79.77330446243283,82.81922340393066,1053.2506899334126,4886.741602147867,50000,10950000,1039.8870799541473,59.61224489795919,92.0,4529.1796875,20475.0,34.63265306122449,65.91836734693878,68.0,80.56110204081632,111.859,2370.0,8551.0,3885.703493499837,0.0,45.59423828125,3388.0,641.94921875,20474.5,1,8.993877551020407,24,24146.44499362245,64860.765625,37.199999999999996,2199.3515625,-1,628168,3985.665592999594,1.1071293313887762,0.0011071293313887761,900742.1462199771,250.2061517277714,0.2502061517277714,0.5258864324096687,0.0005258864324096687,118.84792207069148,0.11884792207069148,475.0,80.60462367864692,113.035,77.016,79.71331185999188,473,10.0,64,64,1,True,240,sgd,multistep,32,100,0.0,False,1.0.0
p7-msdnet-cifar100-jointexit-s2,219,172040,2026-09-01T16:38:54Z,1788280734.2068639,local,0,local-1c8d861c2a,CB-410-122,msdnet,msdnet,cifar100,2,p7,jointexit,4648aa4b6179df102f913788605506586ea64187887a010d75319591508daa37,0.7104824665260315,0.9511251491546631,0.92978,0.7366,NA,0.931,0.736585226119015,0.7366,0.7365852261190152,0.7396689408290453,0.7366,0.7396689408290453,0.7365999999999999,0.7366,0.7366,0.7365999999999999,0.7339393939393939,0.7339706068884813,0.4609523117542267,1.0817118883132935,0.09878448951236468,0.7076627314090729,0.7409,34,False,0.01963119525760412,0.046093528553590946,0.9511268734931946,0.3612501919269562,0.7518036365509033,0.9238229393959045,0.7104824665260315,0.7104824665260315,NA,NA,NA,NA,NA,NA,NA,NA,NA,NA,NA,5.0000000000000016e-05,5.0000000000000016e-05,5.0000000000000016e-05,[5e-05],0.9,0.0005,3.836777123343914,10.149304389953613,2.571542739868164,3.819482922554016,4.521211075782776,4.85941074848175,0.4672741323911471,NA,0.0,50.907894134521484,0.04225507378578186,0.0008300298903373415,65536.0,0,782,782,0,0,49.62264013290405,47.567935943603516,2.054704189300537,11529.196850538254,8.71164321899414,38.83668780326843,0.0,0.0,0.18321659313163416,0.0,0.0,60.80349235583449,63.0793571472168,70.11501789093018,79.16363000869747,86.50875091552734,1051.1282234167136,4866.880620613424,50000,11000000,992.452802658081,59.48979591836735,92.0,4529.1796875,20475.0,34.30612244897959,66.38775510204081,68.0,80.43122448979592,112.987,2370.0,8551.0,3887.180590500252,0.0,45.98681640625,3388.0,641.7529296875,20474.5,1,9.128571428571428,24,24124.218670280614,64860.765625,37.199999999999996,2199.3671875,-1,628168,3998.128563000041,1.1105912675000114,0.0011105912675000115,904740.2747829771,251.3167429952714,0.2513167429952714,0.5275308520625054,0.0005275308520625054,119.37545292275398,0.11937545292275398,475.0,80.61858860759494,113.058,77.037,79.96257126000083,474,10.0,64,64,1,True,240,sgd,multistep,32,100,0.0,False,1.0.0
p7-msdnet-cifar100-jointexit-s2,220,172822,2026-09-01T16:39:44Z,1788280784.4731624,local,0,local-1c8d861c2a,CB-410-122,msdnet,msdnet,cifar100,2,p7,jointexit,4648aa4b6179df102f913788605506586ea64187887a010d75319591508daa37,0.7079632107162476,0.9535717496871948,0.93076,0.7363,NA,0.9304,0.7367873819892763,0.7363,0.7367873819892765,0.7406082198820302,0.7363,0.7406082198820303,0.7363,0.7363,0.7363,0.7363,0.7336363636363636,0.7336737967766396,0.4428870975971222,1.097709059715271,0.09942636895894837,0.7044373154640198,0.7409,35,False,0.019933392815291877,0.05507158367042864,0.9535715579986572,0.3621887266635895,0.7509660124778748,0.9250644445419312,0.7079632107162476,0.7079632107162476,NA,NA,NA,NA,NA,NA,NA,NA,NA,NA,NA,5.0000000000000016e-05,5.0000000000000016e-05,5.0000000000000016e-05,[5e-05],0.9,0.0005,3.8181510090675306,5.102056503295898,2.596008062362671,3.8018336296081543,4.507862567901611,4.861327648162842,0.41168796420317066,NA,0.0,50.90550994873047,0.04234350100159645,0.0008318058505698646,65536.0,1,782,782,0,0,50.18302345275879,48.1029908657074,2.0800325870513916,11579.379873991013,9.211135387420654,38.8804247379303,0.0,0.0,0.191533303627742,0.0,0.0,61.498158728070266,66.04468822479248,69.38400268554688,82.93396234512328,83.92620086669922,1039.436407178685,4807.616987470268,50000,11050000,953.477445602417,59.28,92.0,4529.6171875,20475.0,34.46,66.1,69.0,80.32687999999999,113.058,2370.0,8551.0,3959.387108999063,0.0,45.59423828125,3388.0,641.94921875,20474.5,1,9.072000000000001,24,24124.644453125,64860.765625,37.20399999999999,2199.3125,-1,628119,4015.445853000044,1.1154016258333455,0.0011154016258333455,908755.7206359771,252.43214462110475,0.25243214462110475,0.5298157722708391,0.0005298157722708391,119.90526869502482,0.11990526869502481,475.0,80.18610208333332,113.058,77.144,80.30891706000088,480,10.0,64,64,1,True,240,sgd,multistep,32,100,0.0,False,1.0.0
p7-msdnet-cifar100-jointexit-s2,221,173604,2026-09-01T16:40:35Z,1788280835.2394662,local,0,local-1c8d861c2a,CB-410-122,msdnet,msdnet,cifar100,2,p7,jointexit,4648aa4b6179df102f913788605506586ea64187887a010d75319591508daa37,0.7044660107421875,0.9547743684768677,0.9316,0.7378,NA,0.9314,0.7380659487332183,0.7378,0.7380659487332185,0.7411556235718127,0.7378,0.7411556235718129,0.7378,0.7378,0.7378,0.7378,0.7351515151515151,0.7351803882573734,0.47553059458732605,1.1115193367004395,0.10259469375805844,0.6983097195625305,0.7409,36,False,0.019759453970193862,0.06159919500350952,0.9547749161720276,0.36288756132125854,0.7459394931793213,0.9510493874549866,0.7044660107421875,0.7044660107421875,NA,NA,NA,NA,NA,NA,NA,NA,NA,NA,NA,5.0000000000000016e-05,5.0000000000000016e-05,5.0000000000000016e-05,[5e-05],0.9,0.0005,3.8018191046965106,5.324281215667725,2.4739010334014893,3.789397716522217,4.523390769958496,4.865866088867188,0.4131250464277523,NA,0.0,50.90315246582031,0.04145963490009308,0.0008144806930755767,32768.0,1,782,782,0,0,50.70658469200134,48.64005088806152,2.0665338039398193,11630.086458683014,8.841355800628662,39.78701090812683,0.0,0.0,0.18181478011756427,0.0,0.0,62.18461215953388,66.20097160339355,69.15054321289062,82.92188882827757,84.49506759643555,1027.9594508457283,4839.0207704007225,50000,11100000,912.7185244560242,57.84313725490196,92.0,4529.6171875,20475.0,34.21568627450981,65.96078431372548,69.0,80.23425490196078,112.708,2370.0,8551.0,4032.417051999373,0.0,45.98681640625,3388.0,641.7529296875,20474.5,1,9.219607843137258,24,24204.93412990196,64860.765625,37.32745098039215,2200.05859375,-1,628175,4040.1908164992988,1.1222752268053608,0.0011222752268053608,912795.9114524764,253.5544198479101,0.2535544198479101,0.5330807327325463,0.0005330807327325463,120.43834942775736,0.12043834942775736,475.0,79.75368944099378,112.708,75.88,80.80381632998596,483,10.0,64,64,1,True,240,sgd,multistep,32,100,0.0,False,1.0.0
p7-msdnet-cifar100-jointexit-s2,222,174386,2026-09-01T16:41:26Z,1788280886.7917538,local,0,local-1c8d861c2a,CB-410-122,msdnet,msdnet,cifar100,2,p7,jointexit,4648aa4b6179df102f913788605506586ea64187887a010d75319591508daa37,0.7057352682876586,0.9520533478736878,0.93224,0.7372,NA,0.93,0.7374200770226932,0.7372,0.7374200770226932,0.740108722742894,0.7372,0.740108722742894,0.7371999999999999,0.7372,0.7372,0.7371999999999999,0.7345454545454546,0.7345704081034604,0.44307348132133484,1.0361685752868652,0.09283214164213431,0.7090114057064056,0.7409,37,False,0.02192780520915986,0.05367417165211269,0.9520558714866638,0.3616505265235901,0.750822126865387,0.9250856637954712,0.7057352682876586,0.7057352682876586,NA,NA,NA,NA,NA,NA,NA,NA,NA,NA,NA,5.0000000000000016e-05,5.0000000000000016e-05,5.0000000000000016e-05,[5e-05],0.9,0.0005,3.823896826380659,9.160059928894043,2.769145965576172,3.7956899404525757,4.496289753913879,4.843727769851684,0.4372378820479669,NA,0.0,50.9007682800293,0.04182492196559906,0.0008216952981043489,32768.0,0,782,782,0,0,51.50231981277466,49.43463134765625,2.067688465118408,11681.588778495789,8.46202540397644,40.962528705596924,0.0,0.0,0.17121096095710403,0.0,0.0,63.20275461582271,66.01262092590332,73.46291542053223,82.94329404830931,91.62688255310059,1011.4366919896239,4836.318511564236,50000,11150000,875.5394368171692,57.509803921568626,92.0,4529.1796875,20475.0,33.21568627450981,65.62745098039215,68.0,79.11578431372548,112.141,2370.0,8551.0,3979.5514574987433,0.0,45.59423828125,3388.0,641.94921875,20474.5,1,8.543137254901962,24,24193.936580882353,64860.765625,37.3,2199.375,-1,628175,4066.8584594993918,1.1296829054164976,0.0011296829054164978,916862.7699119758,254.6841027533266,0.25468410275332665,0.5365993800728364,0.0005365993800728364,120.97494880783019,0.12097494880783019,475.0,79.09783536585367,112.141,75.742,81.33716918998783,492,10.0,64,64,1,True,240,sgd,multistep,32,100,0.0,False,1.0.0
p7-msdnet-cifar100-jointexit-s2,223,175168,2026-09-01T16:42:18Z,1788280938.7434828,local,0,local-1c8d861c2a,CB-410-122,msdnet,msdnet,cifar100,2,p7,jointexit,4648aa4b6179df102f913788605506586ea64187887a010d75319591508daa37,0.7081546085357666,0.9561896119117737,0.931,0.7364,NA,0.9303,0.7371719157582681,0.7364,0.7371719157582682,0.7411572845357896,0.7364,0.7411572845357894,0.7364000000000002,0.7364,0.7364,0.7364000000000002,0.7337373737373738,0.7337715208490531,0.42021360993385315,1.0962960720062256,0.09525609984489583,0.705352246761322,0.7409,38,False,0.02476687060594556,0.08017498202945872,0.956184446811676,0.36390048265457153,0.7533610463142395,0.9138695597648621,0.7081546085357666,0.7081546085357666,NA,NA,NA,NA,NA,NA,NA,NA,NA,NA,NA,5.0000000000000016e-05,5.0000000000000016e-05,5.0000000000000016e-05,[5e-05],0.9,0.0005,3.840301806664528,7.142239570617676,2.578134298324585,3.8299094438552856,4.493030095100402,4.828965158462524,0.41276735514307,NA,0.0,50.89834976196289,0.04242762550711632,0.000833575660223529,32768.0,0,782,782,0,0,51.88527250289917,49.817808628082275,2.0674638748168945,11733.474050998688,8.706669807434082,41.11113882064819,0.0,0.0,0.17477022870343872,0.0,0.0,63.705637631818774,66.29586219787598,71.9231128692627,82.89303064346312,83.42266082763672,1003.6571534745312,4836.843884822729,50000,11200000,830.1643600463867,57.11538461538461,92.0,4529.1796875,20475.0,33.71153846153846,65.28846153846153,67.0,79.35892307692308,112.543,2370.0,8551.0,4064.8298845004024,0.0,45.98681640625,3388.0,641.7529296875,20474.5,1,8.35576923076923,24,24180.308143028848,64860.765625,37.3,2199.375,-1,628175,4074.071078500197,1.1316864106944993,0.0011316864106944993,920936.8409904761,255.81578916402114,0.25581578916402115,0.5375510450798872,0.0005375510450798871,121.51249985291007,0.12151249985291007,475.0,78.6344495967742,112.543,75.087,81.48142157000395,496,10.0,64,64,1,True,240,sgd,multistep,32,100,0.0,False,1.0.0
p7-msdnet-cifar100-jointexit-s2,224,175950,2026-09-01T16:43:10Z,1788280990.895391,local,0,local-1c8d861c2a,CB-410-122,msdnet,msdnet,cifar100,2,p7,jointexit,4648aa4b6179df102f913788605506586ea64187887a010d75319591508daa37,0.7075786833190918,0.9619925848007203,0.93006,0.736,NA,0.9289,0.7366204588970807,0.736,0.7366204588970806,0.7410591664967575,0.736,0.7410591664967574,0.7360000000000001,0.736,0.736,0.7360000000000001,0.7333333333333334,0.7333765223335844,0.4602360129356384,1.1145092248916626,0.09570343788724145,0.7045135498046875,0.7409,39,False,0.023523190249502685,0.08317310377437637,0.9619960188865662,0.364807665348053,0.7516127228736877,0.9224215745925903,0.7075786833190918,0.7075786833190918,NA,NA,NA,NA,NA,NA,NA,NA,NA,NA,NA,5.0000000000000016e-05,5.0000000000000016e-05,5.0000000000000016e-05,[5e-05],0.9,0.0005,3.8352243781394666,8.620978355407715,2.691685199737549,3.8215943574905396,4.474730801582337,4.711929969787597,0.4174746405930448,NA,0.0,50.89595413208008,0.0420844703912735,0.0008268726092070128,65536.0,0,782,782,0,0,52.08587288856506,50.030877351760864,2.054995536804199,11785.559923887253,9.48331069946289,40.54556059837341,0.0,0.0,0.18955675899634045,0.0,0.0,63.97553874403619,66.45286083221436,70.6294298171997,83.01837444305419,90.89851379394531,999.3828340937583,4866.190617402204,50000,11250000,781.288093328476,57.15384615384615,91.0,4529.1796875,20475.0,33.53846153846154,64.96153846153847,67.0,78.89753846153846,112.543,2370.0,8551.0,4044.4877490008967,0.0,45.59423828125,3388.0,641.94921875,20474.5,1,8.492307692307692,24,24197.650540865383,64860.765625,37.3,2199.3828125,-1,628175,4064.6092290000884,1.1290581191666913,0.0011290581191666911,925001.4502194761,256.9448472831878,0.25694484728318784,0.5363026066041783,0.0005363026066041782,122.04880245951425,0.12204880245951424,475.0,78.22637096774193,112.543,75.29,81.29218458000177,496,10.0,64,64,1,True,240,sgd,multistep,32,100,0.0,False,1.0.0
p7-msdnet-cifar100-jointexit-s2,225,176732,2026-09-01T16:44:02Z,1788281042.9547296,local,0,local-1c8d861c2a,CB-410-122,msdnet,msdnet,cifar100,2,p7,jointexit,4648aa4b6179df102f913788605506586ea64187887a010d75319591508daa37,0.706171277217865,0.9535723231315613,0.9313,0.7373,NA,0.9309,0.7375141901581983,0.7373,0.7375141901581983,0.7412498188043102,0.7373,0.7412498188043103,0.7373000000000001,0.7373,0.7373,0.7373000000000001,0.7346464646464647,0.7346820641944396,0.42232194542884827,1.0170671939849854,0.09924094794062605,0.7057749330997467,0.7409,40,False,0.022233478282392034,0.06334467232227325,0.9535718560218811,0.3625248372554779,0.7521857619285583,0.9189898371696472,0.706171277217865,0.706171277217865,NA,NA,NA,NA,NA,NA,NA,NA,NA,NA,NA,5.0000000000000016e-05,5.0000000000000016e-05,5.0000000000000016e-05,[5e-05],0.9,0.0005,3.8244364084795004,7.988443851470947,2.548651695251465,3.807538866996765,4.480927515029907,4.924255590438842,0.44669575200505085,NA,0.0,50.89353942871094,0.042630501091480255,0.000837640721592863,65536.0,0,782,782,0,0,51.98632192611694,49.93031620979309,2.0560057163238525,11837.54624581337,9.071653366088867,40.83820652961731,0.0,0.0,0.18176074597374928,0.0,0.0,63.82335025026366,66.37918949127197,71.17738723754883,83.38685035705566,83.95028114318848,1001.3956208471446,4863.799706685662,50000,11300000,727.8085069656372,56.11538461538461,91.0,4529.1796875,20475.0,32.51923076923077,64.78846153846153,67.0,78.91449999999999,112.295,2370.0,8551.0,4048.0728194995954,0.0,45.98681640625,3388.0,641.7529296875,20474.5,1,8.732692307692307,24,24159.42713341346,64860.765625,37.20961538461539,2199.3984375,-1,628175,4052.887751500456,1.1258021531945712,0.0011258021531945711,929054.3379709766,258.0706494363824,0.2580706494363824,0.5347560227674213,0.0005347560227674212,122.58355848228167,0.12258355848228167,475.0,78.16839191919193,112.295,74.582,81.05775503000912,495,10.0,64,64,1,True,240,sgd,multistep,32,100,0.0,False,1.0.0
p7-msdnet-cifar100-jointexit-s2,226,177514,2026-09-01T16:44:52Z,1788281092.7659364,local,0,local-1c8d861c2a,CB-410-122,msdnet,msdnet,cifar100,2,p7,jointexit,4648aa4b6179df102f913788605506586ea64187887a010d75319591508daa37,0.7023751409721375,0.949122562122345,0.9324,0.7398,NA,0.9299,0.7400555919581033,0.7398,0.7400555919581033,0.7433450229985938,0.7398,0.7433450229985936,0.7398,0.7398,0.7398,0.7398,0.7371717171717171,0.7372027473585959,0.44597145915031433,1.0376921892166138,0.0965188004726796,0.6980504095554352,0.7409,41,False,0.021026404328644256,0.06941108859103659,0.9491204023361206,0.3608646094799042,0.7516828179359436,0.9218229651451111,0.7023751409721375,0.7023751409721375,NA,NA,NA,NA,NA,NA,NA,NA,NA,NA,NA,5.0000000000000016e-05,5.0000000000000016e-05,5.0000000000000016e-05,[5e-05],0.9,0.0005,3.8102945850997516,5.222441673278809,2.68597412109375,3.7944953441619873,4.4688191413879395,4.747858333587647,0.3957425841615428,NA,0.0,50.891170501708984,0.041970301419496536,0.0008247069384675899,32768.0,1,782,782,0,0,49.74623513221741,47.68895411491394,2.057281017303467,11887.292480945587,8.687939643859863,38.991251945495605,0.0,0.0,0.1822165887099368,0.0,0.0,60.97083323446991,62.60359287261963,70.52533626556396,81.23662471771236,83.85109901428223,1048.460821336472,4860.784655033306,50000,11350000,646.7010567188263,60.48,93.0,4529.1796875,20475.0,35.92,65.4,68.0,80.61848,111.954,2370.0,8551.0,3971.6378489991744,0.0,45.59423828125,3388.0,641.94921875,20474.5,1,8.626,24,24170.5553125,64860.765625,37.3,2199.41796875,-1,628175,3973.7120194990057,1.1038088943052793,0.0011038088943052793,933028.0499904756,259.1744583306877,0.2591744583306877,0.5243092247950076,0.0005243092247950076,123.10786770707666,0.12310786770707667,475.0,80.0874430379747,111.954,76.177,79.47424038998012,474,10.0,64,64,1,True,240,sgd,multistep,32,100,0.0,False,1.0.0
p7-msdnet-cifar100-jointexit-s2,227,178296,2026-09-01T16:45:42Z,1788281142.5798607,local,0,local-1c8d861c2a,CB-410-122,msdnet,msdnet,cifar100,2,p7,jointexit,4648aa4b6179df102f913788605506586ea64187887a010d75319591508daa37,0.7018388619232178,0.9519114255905151,0.93186,0.7379,NA,0.9313,0.7383610523137354,0.7379,0.7383610523137352,0.742026760548223,0.7379,0.7420267605482231,0.7379000000000001,0.7379,0.7379,0.7379000000000001,0.7352525252525253,0.7352869062895554,0.42934560775756836,1.0222375392913818,0.09523115320769528,0.6975446939468384,0.7409,42,False,0.020785326050221924,0.06377522647380829,0.9519064426422119,0.3623211979866028,0.750674843788147,0.9264691472053528,0.7018388619232178,0.7018388619232178,NA,NA,NA,NA,NA,NA,NA,NA,NA,NA,NA,5.0000000000000016e-05,5.0000000000000016e-05,5.0000000000000016e-05,[5e-05],0.9,0.0005,3.8146758158798413,6.057376384735107,2.686246871948242,3.8074018955230713,4.445929336547851,4.842948627471924,0.4013958335283503,NA,0.0,50.8887939453125,0.0419931523501873,0.0008251944896810706,32768.0,0,782,782,0,0,49.77445125579834,47.71782207489014,2.0556437969207764,11937.066932201385,8.649757385253906,39.05242419242859,0.0,0.0,0.18132833969381187,0.0,0.0,61.00023219652493,63.263535499572754,70.0876235961914,79.65197801589966,84.02419090270996,1047.8265315950114,4864.656033783364,50000,11400000,597.2934150695801,58.54,92.0,4529.1796875,20475.0,34.52,65.54,68.0,80.5839,111.996,2370.0,8551.0,3971.110439000569,0.0,45.98681640625,3388.0,641.7529296875,20474.5,1,8.966,24,24161.892109375,64860.765625,37.26,2197.609375,-1,628175,3980.2644540008964,1.105629015000249,0.001105629015000249,937008.3144444765,260.28008734568795,0.2602800873456879,0.5251737821251182,0.0005251737821251182,123.63304148920179,0.12363304148920179,475.0,80.14008860759495,112.983,76.003,79.60528908001793,474,10.0,64,64,1,True,240,sgd,multistep,32,100,0.0,False,1.0.0
p7-msdnet-cifar100-jointexit-s2,228,179078,2026-09-01T16:46:31Z,1788281191.9863045,local,0,local-1c8d861c2a,CB-410-122,msdnet,msdnet,cifar100,2,p7,jointexit,4648aa4b6179df102f913788605506586ea64187887a010d75319591508daa37,0.7062040537261963,0.953546771812439,0.93076,0.7368,NA,0.9303,0.7371929232940682,0.7368,0.737192923294068,0.7405553612631759,0.7368,0.7405553612631759,0.7367999999999999,0.7368,0.7368,0.7367999999999999,0.7341414141414142,0.7341713007127731,0.40089210867881775,1.0951756238937378,0.10157955366913411,0.7059209048748016,0.7409,43,False,0.020517915829271056,0.048265056950705376,0.9535488486289978,0.36212706565856934,0.7495309710502625,0.931316614151001,0.7062040537261963,0.7062040537261963,NA,NA,NA,NA,NA,NA,NA,NA,NA,NA,NA,5.0000000000000016e-05,5.0000000000000016e-05,5.0000000000000016e-05,[5e-05],0.9,0.0005,3.8381950318660882,11.11358642578125,2.794921398162842,3.8224246501922607,4.505572938919067,4.9284861755371026,0.4855629855888692,NA,0.0,50.88639450073242,0.042345285415649414,0.000832153384634864,32768.0,0,782,782,0,0,49.36458468437195,47.31373071670532,2.050853967666626,11986.431516885757,8.556257963180542,38.732983112335205,0.0,0.0,0.18093455865610392,0.0,0.0,60.472175288383305,62.442779541015625,69.59674358367919,78.61166477203368,88.04178237915039,1056.7756810254284,4876.017579826794,50000,11450000,543.0104315280914,60.91836734693877,95.0,4529.1796875,20475.0,35.734693877551024,65.51020408163265,68.0,80.6556530612245,112.983,2370.0,8551.0,3894.407266499314,0.0,45.59423828125,3388.0,641.94921875,20474.5,1,8.544897959183674,24,24177.95161033163,64860.765625,37.300000000000004,2199.4453125,-1,628174,3970.0500149988875,1.1027916708330243,0.0011027916708330242,940978.3644594754,261.3828790165209,0.26138287901652096,0.5238260436456865,0.0005238260436456865,124.15686753284749,0.12415686753284748,475.0,80.56977919320593,112.983,77.017,79.40100029997775,471,10.0,64,64,1,True,240,sgd,multistep,32,100,0.0,False,1.0.0
p7-msdnet-cifar100-jointexit-s2,229,179860,2026-09-01T16:47:22Z,1788281242.3211272,local,0,local-1c8d861c2a,CB-410-122,msdnet,msdnet,cifar100,2,p7,jointexit,4648aa4b6179df102f913788605506586ea64187887a010d75319591508daa37,0.7041859219360351,0.9539280174255371,0.9328,0.7386,NA,0.9296,0.7383870736820952,0.7386,0.7383870736820951,0.7408919463101035,0.7386,0.7408919463101035,0.7386000000000001,0.7386,0.7386,0.7386000000000001,0.7359595959595959,0.7359868874541243,0.40854451060295105,1.0338776111602783,0.09899645446246792,0.6958302855491638,0.7409,44,False,0.020414415356889384,0.06048654392361641,0.9539337754249573,0.3618668019771576,0.7510607242584229,0.927543580532074,0.7041859219360351,0.7041859219360351,NA,NA,NA,NA,NA,NA,NA,NA,NA,NA,NA,5.0000000000000016e-05,5.0000000000000016e-05,5.0000000000000016e-05,[5e-05],0.9,0.0005,3.823389164464269,5.2632832527160645,2.4037537574768066,3.827953338623047,4.497964859008789,4.771453475952149,0.4060177793962518,NA,0.0,50.884010314941406,0.042467620223760605,0.0008345965650292025,32768.0,1,782,782,0,0,50.285178899765015,48.2218656539917,2.0633132457733154,12036.716695785522,8.634684801101685,39.587180852890015,0.0,0.0,0.1790616079240585,0.0,0.0,61.66478983886407,66.00892543792725,69.62013244628906,82.7181887626648,84.52820777893066,1036.8740263756492,4846.573839665372,50000,11500000,502.85178899765015,58.52,92.0,4529.1796875,20475.0,33.62,65.48,68.0,80.08825999999999,112.096,2370.0,8551.0,3942.4822219998723,0.0,45.98681640625,3388.0,641.7529296875,20474.5,1,8.87,24,24181.0796875,64860.765625,37.3,2199.46875,-1,628174,4017.7022424987026,1.1160284006940842,0.001116028400694084,944996.0667019741,262.49890741721504,0.26249890741721504,0.5301134903296899,0.0005301134903296899,124.68698102317717,0.12468698102317717,475.0,79.96986401673641,112.096,75.863,80.35404484997404,478,10.0,64,64,1,True,240,sgd,multistep,32,100,0.0,False,1.0.0
p7-msdnet-cifar100-jointexit-s2,230,180642,2026-09-01T16:48:14Z,1788281294.2229207,local,0,local-1c8d861c2a,CB-410-122,msdnet,msdnet,cifar100,2,p7,jointexit,4648aa4b6179df102f913788605506586ea64187887a010d75319591508daa37,0.7034506002044678,0.9526117212295532,0.93264,0.7371,NA,0.9304,0.7366270028784143,0.7371,0.7366270028784143,0.7387640945772707,0.7371,0.7387640945772709,0.7371,0.7371,0.7371,0.7371,0.7344444444444445,0.7344703590931823,0.37898093461990356,1.0819915533065796,0.09778883637788567,0.6964519619941711,0.7409,45,False,0.01881280491799116,0.047183774149442526,0.9526143670082092,0.36092332005500793,0.7501846551895142,0.9304676651954651,0.7034506002044678,0.7034506002044678,NA,NA,NA,NA,NA,NA,NA,NA,NA,NA,NA,5.0000000000000016e-05,5.0000000000000016e-05,5.0000000000000016e-05,[5e-05],0.9,0.0005,3.837810312390632,9.890612602233887,2.0981123447418213,3.812827467918396,4.542817831039428,4.833820371627804,0.4615997920745614,NA,0.0,50.881649017333984,0.04153899475932121,0.0008163846015519272,32768.0,0,782,782,0,0,51.81853008270264,49.7678427696228,2.050687313079834,12088.535225868225,9.048434734344482,40.70132637023926,0.0,0.0,0.18187895848028096,0.0,0.0,63.61862033834238,66.49339199066162,70.82133293151855,83.31745386123657,92.71049499511719,1004.6648039669283,4876.413842430933,50000,11550000,466.36677074432373,58.80769230769231,92.0,4529.1796875,20475.0,34.84615384615385,65.3076923076923,68.0,79.46540384615385,111.963,2370.0,8551.0,4081.991814499074,0.0,45.59423828125,3388.0,641.94921875,20474.5,1,8.925,24,24166.37244591346,64860.765625,37.24038461538461,2199.71484375,-1,628174,4069.201211500058,1.1303336698611273,0.0011303336698611271,949065.2679134742,263.6292410870762,0.2636292410870762,0.5369084931840354,0.0005369084931840354,125.22388951636121,0.1252238895163612,475.0,78.71426219512195,111.985,75.477,81.38402423000116,492,10.0,64,64,1,True,240,sgd,multistep,32,100,0.0,False,1.0.0
p7-msdnet-cifar100-jointexit-s2,231,181424,2026-09-01T16:49:06Z,1788281346.19169,local,0,local-1c8d861c2a,CB-410-122,msdnet,msdnet,cifar100,2,p7,jointexit,4648aa4b6179df102f913788605506586ea64187887a010d75319591508daa37,0.7034207848739624,0.9503558466911316,0.93162,0.7384,NA,0.9313,0.7386008649156695,0.7384,0.7386008649156695,0.7415763892099241,0.7384,0.7415763892099242,0.7384000000000002,0.7384,0.7384,0.7384000000000002,0.7357575757575758,0.7357853503207262,0.3734060227870941,1.0101137161254883,0.09657761842396212,0.6977648138999939,0.7409,46,False,0.021447789786756037,0.0425925485995593,0.9503576159477234,0.3614674508571625,0.7521779537200928,0.9212854504585266,0.7034207848739624,0.7034207848739624,NA,NA,NA,NA,NA,NA,NA,NA,NA,NA,NA,5.0000000000000016e-05,5.0000000000000016e-05,5.0000000000000016e-05,[5e-05],0.9,0.0005,3.8304483430159975,8.280147552490234,2.17563533782959,3.8240561485290527,4.470798230171202,4.8269090080261225,0.4224044593880307,NA,0.0,50.87929153442383,0.04209689423441887,0.0008273875866753573,32768.0,0,782,782,0,0,51.897254943847656,49.847569704055786,2.04968523979187,12140.432480812073,8.409604787826538,41.42172384262085,0.0,0.0,0.16876140008613366,0.0,0.0,63.722926637400754,66.16711616516113,71.65889739990234,83.0518126487732,88.83500099182129,1003.0579283373129,4878.797878749141,50000,11600000,415.17803955078125,56.86538461538461,92.0,4529.1796875,20475.0,33.44230769230769,64.90384615384616,68.0,79.21515384615383,112.007,2370.0,8551.0,4069.1485199989197,0.0,45.98681640625,3388.0,641.7529296875,20474.5,1,8.723076923076922,24,24160.519681490383,64860.765625,37.25192307692308,2197.23828125,-1,628174,4068.8275484989435,1.13022987458304,0.0011302298745830398,953134.0954619732,264.75947096165925,0.26475947096165925,0.536859190426944,0.000536859190426944,125.76074870678816,0.12576074870678816,475.0,78.4406923076923,112.007,75.248,81.37655096997887,494,10.0,64,64,1,True,240,sgd,multistep,32,100,0.0,False,1.0.0
p7-msdnet-cifar100-jointexit-s2,232,182206,2026-09-01T16:49:57Z,1788281397.943585,local,0,local-1c8d861c2a,CB-410-122,msdnet,msdnet,cifar100,2,p7,jointexit,4648aa4b6179df102f913788605506586ea64187887a010d75319591508daa37,0.705972774963379,0.9495456793785095,0.93176,0.7385,NA,0.9306,0.7387069654006099,0.7385,0.7387069654006099,0.7410982685977053,0.7385,0.7410982685977054,0.7385,0.7385,0.7385,0.7385,0.7358585858585859,0.7358806626096204,0.4231550395488739,1.0077571868896484,0.09930651254011055,0.7005641162395477,0.7409,47,False,0.02213501261025668,0.059552852718197546,0.9495418667793274,0.36121857166290283,0.7512751221656799,0.923473060131073,0.705972774963379,0.705972774963379,NA,NA,NA,NA,NA,NA,NA,NA,NA,NA,NA,5.0000000000000016e-05,5.0000000000000016e-05,5.0000000000000016e-05,[5e-05],0.9,0.0005,3.848886773409441,8.641148567199707,2.646085262298584,3.8336273431777954,4.5135843515396115,4.772639274597168,0.44017765536067344,NA,0.0,50.87689971923828,0.042030949145555496,0.0008261303141013164,65536.0,0,782,782,0,0,51.70612716674805,49.65146493911743,2.0546622276306152,12192.13860797882,8.483774185180664,41.145381450653076,0.0,0.0,0.1709433512718303,0.0,0.0,63.46439339620682,66.26784801483154,73.05033206939697,82.83245086669922,87.45741844177246,1007.0196329818252,4866.980015265939,50000,11650000,361.9428901672363,57.76923076923077,92.0,4529.1796875,20475.0,34.28846153846154,64.88461538461539,68.0,79.3083653846154,112.33,2370.0,8551.0,4066.3618405005564,0.0,45.59423828125,3388.0,641.94921875,20474.5,1,8.723076923076922,24,24165.61065204327,64860.765625,37.27499999999999,2199.7578125,-1,628174,4067.4163000005356,1.1298378611112598,0.0011298378611112598,957201.5117619737,265.8893088227705,0.26588930882277045,0.5366729840278485,0.0005366729840278484,126.29742169081601,0.126297421690816,475.0,78.75092089249492,112.33,75.351,81.34832600001072,493,10.0,64,64,1,True,240,sgd,multistep,32,100,0.0,False,1.0.0
p7-msdnet-cifar100-jointexit-s2,233,182988,2026-09-01T16:50:49Z,1788281449.8287199,local,0,local-1c8d861c2a,CB-410-122,msdnet,msdnet,cifar100,2,p7,jointexit,4648aa4b6179df102f913788605506586ea64187887a010d75319591508daa37,0.7044038789558411,0.957932126045227,0.93236,0.7361,NA,0.9299,0.7367996754897203,0.7361,0.7367996754897203,0.7404501642213722,0.7361,0.7404501642213722,0.7361000000000001,0.7361,0.7361,0.7361000000000001,0.7334343434343434,0.7334670538308331,0.4730537235736847,1.0198915004730225,0.09452367299512941,0.7046740055084229,0.7409,48,False,0.0207145458728075,0.08500325345993043,0.9579355716705322,0.3631387948989868,0.7511742115020752,0.9240808486938477,0.7044038789558411,0.7044038789558411,NA,NA,NA,NA,NA,NA,NA,NA,NA,NA,NA,5.0000000000000016e-05,5.0000000000000016e-05,5.0000000000000016e-05,[5e-05],0.9,0.0005,3.8362028742080456,9.532776832580566,2.562979221343994,3.8463330268859863,4.5148088932037345,4.771951909065246,0.4459884942137285,NA,0.0,50.87453079223633,0.04172182455658913,0.0008200925670838041,65536.0,0,782,782,0,0,51.81915831565857,49.75485920906067,2.0642991065979004,12243.95776629448,9.023206233978271,40.7316529750824,0.0,0.0,0.18135326634257845,0.0,0.0,63.62513965353027,66.4970874786377,70.33965587615967,82.88378238677977,83.82582664489746,1004.9269718543328,4844.259229700802,50000,11700000,310.9149498939514,57.23076923076923,91.0,4558.0390625,20475.0,33.65384615384615,64.88461538461539,67.0,79.31484615384615,112.33,2370.0,8551.0,4065.250904499064,0.0,45.98681640625,3388.0,641.7529296875,20474.5,1,8.788461538461538,24,24140.037259615383,64860.765625,37.23846153846154,2197.28125,-1,628174,4062.3204994989314,1.1284223609719255,0.0011284223609719253,961263.8322614727,267.0177311837424,0.26701773118374245,0.5360006214616645,0.0005360006214616645,126.83342231227768,0.12683342231227768,475.0,78.4920894308943,112.33,73.777,81.24640998997863,492,10.0,64,64,1,True,240,sgd,multistep,32,100,0.0,False,1.0.0
p7-msdnet-cifar100-jointexit-s2,234,183770,2026-09-01T16:51:39Z,1788281499.9806452,local,0,local-1c8d861c2a,CB-410-122,msdnet,msdnet,cifar100,2,p7,jointexit,4648aa4b6179df102f913788605506586ea64187887a010d75319591508daa37,0.7048437854576111,0.9561122186660767,0.93018,0.7369,NA,0.9306,0.7377282478619588,0.7369,0.7377282478619588,0.7416257372014485,0.7369,0.7416257372014485,0.7369,0.7369,0.7369,0.7369,0.7342424242424243,0.7342742434824069,0.45846453309059143,1.0269864797592163,0.09880712467666034,0.7010992765426636,0.7409,49,False,0.02203579574674367,0.053004835468839384,0.9561125040054321,0.36315369606018066,0.7526088953018188,0.9169982671737671,0.7048437854576111,0.7048437854576111,NA,NA,NA,NA,NA,NA,NA,NA,NA,NA,NA,5.0000000000000016e-05,5.0000000000000016e-05,5.0000000000000016e-05,[5e-05],0.9,0.0005,3.8484385013580322,7.276422500610352,2.5736446380615234,3.828088402748108,4.562076139450073,4.893578977584837,0.4361738515688991,NA,0.0,50.87214279174805,0.04182056337594986,0.0008220719844089909,65536.0,0,782,782,0,0,50.1022469997406,48.0521457195282,2.0501012802124023,12294.06001329422,8.985578060150146,39.06656765937805,0.0,0.0,0.18699639580295463,0.0,0.0,61.44775667458849,65.52684307098389,69.23017501831053,79.23828601837143,83.66918563842773,1040.5362601670502,4877.807792483278,50000,11750000,250.511234998703,59.66,92.0,4527.8046875,20475.0,34.88,65.16,67.0,80.10626,111.98,2370.0,8551.0,3946.6182420002274,0.0,45.59423828125,3388.0,641.94921875,20474.5,1,8.542,24,24172.45265625,64860.765625,37.3,2199.14453125,-1,628174,3996.086865999556,1.1100241294443212,0.001110024129444321,965259.9191274722,268.12775531318675,0.2681277553131867,0.5272614614860524,0.0005272614614860524,127.36068377376372,0.12736068377376372,475.0,79.79864225941422,112.412,76.176,79.92173731999111,478,10.0,64,64,1,True,240,sgd,multistep,32,100,0.0,False,1.0.0
p7-msdnet-cifar100-jointexit-s2,235,184552,2026-09-01T16:52:30Z,1788281550.0551934,local,0,local-1c8d861c2a,CB-410-122,msdnet,msdnet,cifar100,2,p7,jointexit,4648aa4b6179df102f913788605506586ea64187887a010d75319591508daa37,0.7029893193435669,0.9599205223083496,0.93284,0.7351,NA,0.9302,0.7355567606123771,0.7351,0.735556760612377,0.7391590844319359,0.7351,0.7391590844319358,0.7350999999999998,0.7351,0.7351,0.7350999999999998,0.7324242424242424,0.7324564712180252,0.44750967621803284,1.0465177297592163,0.10166737151703753,0.6996355652809143,0.7409,50,False,0.02382816069424154,0.06936861392186613,0.9599137902259827,0.3638492226600647,0.7511265873908997,0.9251511693000793,0.7029893193435669,0.7029893193435669,NA,NA,NA,NA,NA,NA,NA,NA,NA,NA,NA,5.0000000000000016e-05,5.0000000000000016e-05,5.0000000000000016e-05,[5e-05],0.9,0.0005,3.8332809928135996,5.141188144683838,2.712500810623169,3.8220906257629395,4.514953017234802,4.8835802650451665,0.408007706014648,NA,0.0,50.86977767944336,0.04196063056588173,0.0008248636514650654,32768.0,2,782,782,0,0,49.99372053146362,47.92777752876282,2.0659430027008057,12344.053733825684,9.28622555732727,38.633450746536255,0.0,0.0,0.19378731814552277,0.0,0.0,61.27835844483827,64.02325630187988,70.56901454925537,79.61724758148193,84.24186706542969,1043.2363564113439,4840.404593411826,50000,11800000,199.9748821258545,59.62,91.0,4527.8046875,20475.0,34.06,65.5,68.0,80.26808,111.731,2370.0,8551.0,3951.990619499734,0.0,45.98681640625,3388.0,641.7529296875,20474.5,1,8.746000000000002,24,24161.982421875,64860.765625,37.267999999999994,2197.33203125,-1,628174,3992.954157501268,1.1091539326392412,0.001109153932639241,969252.8732849734,269.2369092458259,0.26923690924582594,0.5268481180036395,0.0005268481180036395,127.88753189176735,0.12788753189176735,475.0,79.95792243186584,111.731,76.654,79.85908315002537,477,10.0,64,64,1,True,240,sgd,multistep,32,100,0.0,False,1.0.0
p7-msdnet-cifar100-jointexit-s2,236,185334,2026-09-01T16:53:20Z,1788281600.0671084,local,0,local-1c8d861c2a,CB-410-122,msdnet,msdnet,cifar100,2,p7,jointexit,4648aa4b6179df102f913788605506586ea64187887a010d75319591508daa37,0.7045983030891418,0.9486953101158142,0.9326,0.738,NA,0.9302,0.7378630461540686,0.738,0.7378630461540687,0.7406459149830343,0.738,0.7406459149830342,0.7380000000000001,0.738,0.738,0.7380000000000001,0.7353535353535354,0.7353829215450978,0.4776706099510193,1.0508207082748413,0.0938894282603482,0.6974386870861053,0.7409,51,False,0.0179878621406853,0.06373456865549088,0.9486965537071228,0.3597511351108551,0.7501497268676758,0.9331724643707275,0.7045983030891418,0.7045983030891418,NA,NA,NA,NA,NA,NA,NA,NA,NA,NA,NA,5.0000000000000016e-05,5.0000000000000016e-05,5.0000000000000016e-05,[5e-05],0.9,0.0005,3.856400494380375,8.205825805664062,2.707585573196411,3.829184412956238,4.508398509025573,4.78495593547821,0.41962627905627764,NA,0.0,50.86741256713867,0.04184630513191223,0.000822654485849468,32768.0,0,782,782,0,0,49.96823191642761,47.91760325431824,2.050628662109375,12394.021965742111,8.99161148071289,38.909748554229736,0.0,0.0,0.18771098511929046,0.0,0.0,61.25493610606474,62.84809112548828,70.70059776306152,82.83741950988765,87.15367317199707,1043.4578652573593,4876.553314978793,50000,11850000,149.90469574928284,59.62,94.0,4527.8046875,20475.0,34.7,65.7,68.0,80.4539,112.518,2370.0,8551.0,3971.2775659999293,0.0,45.59423828125,3388.0,641.94921875,20474.5,1,8.914,24,24162.93828125,64860.765625,37.25599999999999,2199.2421875,-1,628174,3998.6114450006035,1.1107254013890566,0.0011107254013890564,973251.4847299741,270.34763464721505,0.270347634647215,0.5275945656598018,0.0005275945656598018,128.41512645742714,0.12841512645742714,475.0,80.14617154811714,112.518,75.615,79.97222890001207,478,10.0,64,64,1,True,240,sgd,multistep,32,100,0.0,False,1.0.0
p7-msdnet-cifar100-jointexit-s2,237,186116,2026-09-01T16:54:10Z,1788281650.6024694,local,0,local-1c8d861c2a,CB-410-122,msdnet,msdnet,cifar100,2,p7,jointexit,4648aa4b6179df102f913788605506586ea64187887a010d75319591508daa37,0.7021564698791504,0.9540009976387024,0.93248,0.7357,NA,0.9299,0.7362285866322378,0.7357,0.7362285866322379,0.7400595842502669,0.7357,0.7400595842502672,0.7356999999999998,0.7357,0.7357,0.7356999999999998,0.733030303030303,0.7330652540453076,0.4468792974948883,1.005362868309021,0.09355506304486587,0.7004174590110779,0.7409,52,False,0.021076301304996,0.05864757299423218,0.9539944529533386,0.3628123700618744,0.750648021697998,0.9287810325622559,0.7021564698791504,0.7021564698791504,NA,NA,NA,NA,NA,NA,NA,NA,NA,NA,NA,5.0000000000000016e-05,5.0000000000000016e-05,5.0000000000000016e-05,[5e-05],0.9,0.0005,3.8410907776459404,6.493556499481201,2.8100087642669678,3.830502152442932,4.50238606929779,4.756958951950069,0.4044950272069592,NA,0.0,50.865047454833984,0.04202203080058098,0.0008261474805050515,32768.0,0,782,782,0,0,50.501471281051636,48.45173406600952,2.0497372150421143,12444.523437023163,8.658306121826172,39.77687859535217,0.0,0.0,0.17876067103663507,0.0,0.0,61.93757636467819,65.41192531585693,71.08607292175293,82.8730583190918,86.76362037658691,1031.9548095405864,4878.674166919753,50000,11900000,101.00294256210327,58.86,92.0,4527.8046875,20475.0,34.08,65.78,68.0,79.76447999999999,112.622,2370.0,8551.0,3928.686102499944,0.0,45.98681640625,3388.0,641.7529296875,20474.5,1,8.792000000000002,24,24169.791640625,64860.765625,37.296,2199.23828125,-1,628173,4018.372195500727,1.1162144987502018,0.0011162144987502019,977269.8569254748,271.46384914596524,0.2714638491459652,0.5302018869063458,0.0005302018869063459,128.9453283443335,0.12894532834433348,475.0,79.72102074688796,112.622,76.112,80.36744391001453,482,10.0,64,64,1,True,240,sgd,multistep,32,100,0.0,False,1.0.0
p7-msdnet-cifar100-jointexit-s2,238,186898,2026-09-01T16:55:02Z,1788281702.9213269,local,0,local-1c8d861c2a,CB-410-122,msdnet,msdnet,cifar100,2,p7,jointexit,4648aa4b6179df102f913788605506586ea64187887a010d75319591508daa37,0.7065975686264038,0.9603539892196655,0.93172,0.7361,NA,0.9299,0.7362192341705138,0.7361,0.7362192341705137,0.7394550027199308,0.7361,0.7394550027199309,0.7361,0.7361,0.7361,0.7361,0.7334343434343434,0.7334650310678192,0.4197743237018585,1.03510320186615,0.10030989668876268,0.6982593536376953,0.7409,53,False,0.024107049286365496,0.1039879259467125,0.9603554606437683,0.3641558587551117,0.7494505643844604,0.9332208037376404,0.7065975686264038,0.7065975686264038,NA,NA,NA,NA,NA,NA,NA,NA,NA,NA,NA,5.0000000000000016e-05,5.0000000000000016e-05,5.0000000000000016e-05,[5e-05],0.9,0.0005,3.86075467008459,9.086390495300293,2.5548341274261475,3.865880250930786,4.517349195480346,4.8239382410049405,0.44420771268291503,NA,0.0,50.86263656616211,0.04175116494297981,0.0008208612011032873,65536.0,0,782,782,0,0,52.24773097038269,50.18181347846985,2.065917491912842,12496.771167993546,8.756977796554565,41.41594386100769,0.0,0.0,0.17453593506717144,0.0,0.0,64.15974636516913,66.48778915405273,70.56617736816406,83.27616453170776,170.2721118927002,996.3769049807685,4840.464364692976,50000,11950000,52.24773097038269,57.19230769230769,92.0,4527.8046875,20475.0,33.71153846153846,65.34615384615384,68.0,78.60907692307691,112.265,2370.0,8551.0,4024.762013499887,0.0,45.59423828125,3388.0,641.94921875,20474.5,1,8.76153846153846,24,24169.323091947117,64860.765625,37.3,2198.73828125,-1,628173,4092.2135989996978,1.1367259997221382,0.0011367259997221383,981362.0705244745,272.60057514568734,0.27260057514568736,0.5399448498680157,0.0005399448498680157,129.4852731942015,0.1294852731942015,475.0,78.38946076458754,112.265,75.787,81.84427197999396,497,10.0,64,64,1,True,240,sgd,multistep,32,100,0.0,False,1.0.0
p7-msdnet-cifar100-jointexit-s2,239,187680,2026-09-01T16:55:54Z,1788281754.9924278,local,0,local-1c8d861c2a,CB-410-122,msdnet,msdnet,cifar100,2,p7,jointexit,4648aa4b6179df102f913788605506586ea64187887a010d75319591508daa37,0.7043106079101562,0.9521594329833984,0.93274,0.7377,NA,0.93,0.7380419766482926,0.7377,0.7380419766482926,0.7410701454427056,0.7377,0.7410701454427056,0.7377000000000001,0.7377,0.7377,0.7377000000000001,0.7350505050505051,0.7350778816426192,0.41937580704689026,1.0151135921478271,0.10223168059905963,0.7030122578144073,0.7409,54,False,0.021382913710176955,0.04041240847190397,0.9521585702896118,0.3617798686027527,0.7516180276870728,0.9190542697906494,0.7043106079101562,0.7043106079101562,NA,NA,NA,NA,NA,NA,NA,NA,NA,NA,NA,5.0000000000000016e-05,5.0000000000000016e-05,5.0000000000000016e-05,[5e-05],0.9,0.0005,3.8489269715723093,5.16861629486084,2.604693651199341,3.847522735595703,4.529693603515625,4.882826709747315,0.41683390395528586,NA,0.0,50.8602294921875,0.042063720524311066,0.000827045433028814,32768.0,1,782,782,0,0,52.01848769187927,49.96802258491516,2.0504651069641113,12548.789655685425,9.314366579055786,40.63361358642578,0.0,0.0,0.1864813461564724,0.0,0.0,63.872097398314025,66.46108627319336,70.37594318389893,82.94641971588135,87.4319076538086,1000.6399575854838,4876.942292768812,50000,12000000,0.0,57.88461538461539,92.0,4527.8046875,20475.0,34.01923076923077,65.09615384615384,68.0,79.18698076923077,111.638,2370.0,8551.0,4062.91166699958,0.0,45.98681640625,3388.0,641.7529296875,20474.5,1,8.946153846153845,24,24183.131385216348,64860.765625,37.3,2196.92578125,-1,628173,4079.949237500259,1.133319232638961,0.0011333192326389609,985442.0197619747,273.7338943783263,0.2737338943783263,0.5383266355035063,0.0005383266355035064,130.023599829705,0.13002359982970502,475.0,78.51337246963563,111.638,74.937,81.59898475000519,494,10.0,64,64,1,True,240,sgd,multistep,32,100,0.0,False,1.0.0
