run_id,epoch,global_step,timestamp_utc,unix_ts,account,worker_id,session_id,hostname,arch,family,dataset,seed,phase,method,config_hash,train_loss,val_loss,train_accuracy,val_accuracy,train_accuracy_top5,val_accuracy_top5,f1_macro,f1_micro,f1_weighted,precision_macro,precision_micro,precision_weighted,recall_macro,recall_micro,recall_weighted,balanced_accuracy,cohen_kappa,matthews_corrcoef,train_loss_min,train_loss_max,train_loss_std,train_loss_median,best_val_accuracy_so_far,epochs_since_best,is_best,val_ece,val_mce,val_nll,val_brier,val_confidence_mean,val_entropy_mean,loss_total,loss_ce,loss_kd,loss_msc,loss_l1,alpha,beta,temperature,loss_feature,loss_attention,loss_energy_boundary,loss_counterfactual,loss_pareto,learning_rate,lr_min_group,lr_max_group,lr_groups_json,momentum,weight_decay,grad_norm_mean,grad_norm_max,grad_norm_min,grad_norm_p50,grad_norm_p95,grad_norm_p99,grad_norm_std,grad_clip_value,grad_clip_hit_frac,weight_norm,update_norm,update_to_weight_ratio,amp_scale,amp_scale_decreases,n_batches,n_optimizer_steps,n_skipped_steps,nan_or_inf_batches,epoch_time_sec,train_time_sec,val_time_sec,cumulative_time_sec,dataload_time_sec,compute_time_sec,backward_time_sec,optimizer_time_sec,dataload_frac,augment_time_sec,augment_frac,step_time_mean_ms,step_time_p50_ms,step_time_p90_ms,step_time_p99_ms,step_time_max_ms,throughput_train_img_s,throughput_val_img_s,samples_seen,cumulative_samples_seen,eta_sec,gpu0_util_mean_pct,gpu0_util_max_pct,gpu0_mem_used_mb,gpu0_mem_total_mb,gpu0_mem_util_pct,gpu0_temp_mean_c,gpu0_temp_max_c,gpu0_power_mean_w,gpu0_power_max_w,gpu0_sm_clock_mhz,gpu0_mem_clock_mhz,gpu0_energy_j,gpu0_throttle_reasons,vram_allocated_mb,vram_reserved_mb,peak_vram_mb,vram_total_mb,n_gpus_visible,cpu_percent,cpu_count,ram_used_mb,ram_total_mb,ram_percent,proc_rss_mb,disk_free_scratch_mb,disk_free_working_mb,epoch_energy_j,epoch_energy_wh,epoch_energy_kwh,cumulative_energy_j,cumulative_energy_wh,cumulative_energy_kwh,epoch_co2_g,epoch_co2_kg,cumulative_co2_g,cumulative_co2_kg,carbon_intensity_g_per_kwh,power_mean_w,power_max_w,power_min_w,energy_per_sample_mj,energy_samples_n,energy_sample_hz,batch_size,effective_batch_size,gradient_accumulation_steps,amp_enabled,num_epochs,optimizer,scheduler,image_size,num_classes,label_smoothing,deterministic,msc_lib_version
p7-msdnet-cifar100-jointexit-s1,0,782,2026-09-01T09:59:47Z,1788256787.6747234,local,0,local-1c8d861c2a,CB-410-122,msdnet,msdnet,cifar100,1,p7,jointexit,49fd74a2ab0863226c5a3e8c535afbf6dfbef29c39d0bda5aca7334f5d2e5d69,3.6422456730651858,3.111344137573242,0.15316,0.2359,NA,0.5397,0.21390819835316993,0.2359,0.21390819835316993,0.2785199899676414,0.2359,0.2785199899676414,0.23589999999999997,0.2359,0.2359,0.23589999999999997,0.22818181818181815,0.22915589833790403,2.678178548812866,4.813562393188477,0.38509915521086235,3.606157064437866,0.2359,0,True,0.025391685166209932,0.1709691527622198,3.1113414764404297,0.8865348696708679,0.25956448912620544,2.968843698501587,3.6422456730651858,3.6422456730651858,NA,NA,NA,NA,NA,NA,NA,NA,NA,NA,NA,0.05,0.05,0.05,[0.05],0.9,0.0005,1.5851607267813914,3.3636860847473145,1.2245618104934692,1.5597938895225525,1.8319189846515656,2.185160779953001,0.1834479070356473,NA,0.0,50.62897872924805,NA,NA,65536.0,0,782,782,0,0,59.642951011657715,54.02366924285889,5.619281768798828,59.642951011657715,10.344444513320923,43.652504444122314,0.0,0.0,0.1915746114002426,0.0,0.0,69.04980685095043,66.6036605834961,77.51069068908691,84.24277544021605,1744.9142932891846,925.5202525254103,1779.586860286166,50000,50000,14254.665291786194,54.88135593220339,91.0,2418.453125,20475.0,31.559322033898304,46.728813559322035,56.0,72.86706779661017,109.109,2385.2542372881358,8551.0,4298.685470999181,0.0,33.9267578125,426.0,959.0068359375,20474.5,1,9.696610169491523,24,23845.797735699154,64860.765625,36.7593220338983,2155.01171875,-1,628444,4358.7565279994,1.2107657022220555,0.0012107657022220554,4358.7565279994,1.2107657022220555,0.0012107657022220554,0.5751137085554763,0.0005751137085554763,0.5751137085554763,0.0005751137085554763,475.0,73.1778665480427,109.109,33.094,87.17513055998799,562,10.0,64,64,1,True,240,sgd,multistep,32,100,0.0,False,1.0.0
p7-msdnet-cifar100-jointexit-s1,1,1564,2026-09-01T10:00:39Z,1788256839.6461082,local,0,local-1c8d861c2a,CB-410-122,msdnet,msdnet,cifar100,1,p7,jointexit,49fd74a2ab0863226c5a3e8c535afbf6dfbef29c39d0bda5aca7334f5d2e5d69,2.8431331328582763,2.5721354331970216,0.3027,0.3404,NA,0.662,0.33134277253087163,0.3404,0.33134277253087163,0.42003668345647555,0.3404,0.42003668345647555,0.3404,0.3404,0.3404,0.3404,0.3337373737373738,0.33580517699196494,2.162630319595337,3.5973243713378906,0.23254621081003277,2.8423852920532227,0.3404,0,True,0.020647426068410277,0.06861235511069208,2.5721285343170166,0.8004389405250549,0.3410886228084564,2.5408883094787598,2.8431331328582763,2.8431331328582763,NA,NA,NA,NA,NA,NA,NA,NA,NA,NA,NA,0.05,0.05,0.05,[0.05],0.9,0.0005,1.6696764087433096,4.190632343292236,1.3651467561721802,1.651197612285614,1.8929064512252807,2.0493562150001514,0.15699433040450195,NA,0.0,48.87248611450195,16.32691764831543,0.3340717640200165,65536.0,0,782,782,0,0,51.85515522956848,49.80196213722229,2.0531930923461914,111.4981062412262,9.48877215385437,40.30208373069763,0.0,0.0,0.19057258577469713,0.0,0.0,63.67117120786701,65.70231914520264,73.2915163040161,82.81161546707152,94.81024742126465,1003.9765072354387,4870.462518736103,50000,100000,12341.526944637299,57.0,92.0,3609.2890625,20475.0,32.61538461538461,57.65384615384615,63.0,77.12628846153845,112.763,2385.0,8551.0,3955.8421930000277,0.0,34.3193359375,2498.0,630.58544921875,20474.5,1,9.148076923076923,24,23484.667217548078,64860.765625,36.207692307692305,2173.171875,-1,628419,3972.4542664987066,1.103459518471863,0.0011034595184718629,8331.210794498107,2.3142252206939187,0.0023142252206939185,0.5241432712741348,0.0005241432712741348,1.099256979829611,0.001099256979829611,475.0,76.7777382413088,112.763,68.062,79.44908532997414,489,10.0,64,64,1,True,240,sgd,multistep,32,100,0.0,False,1.0.0
p7-msdnet-cifar100-jointexit-s1,2,2346,2026-09-01T10:01:31Z,1788256891.277766,local,0,local-1c8d861c2a,CB-410-122,msdnet,msdnet,cifar100,1,p7,jointexit,49fd74a2ab0863226c5a3e8c535afbf6dfbef29c39d0bda5aca7334f5d2e5d69,2.46829572303772,2.5690701400756835,0.38424,0.3466,NA,0.6614,0.34397246935265136,0.3466,0.34397246935265136,0.4592509835980039,0.3466,0.45925098359800387,0.3466,0.3466,0.3466,0.3466,0.33999999999999997,0.34130352796418345,1.9212790727615356,3.1300048828125,0.19321271423332068,2.4638919830322266,0.3466,0,True,0.03412456390112639,0.08062397524461906,2.5690605640411377,0.7914420366287231,0.38072454929351807,2.3264689445495605,2.46829572303772,2.46829572303772,NA,NA,NA,NA,NA,NA,NA,NA,NA,NA,NA,0.05,0.05,0.05,[0.05],0.9,0.0005,1.6924781037108672,3.234234094619751,1.3888312578201294,1.6723525524139404,1.8987586081027983,2.0371295499801634,0.13460476987579062,NA,0.0,48.937618255615234,13.51252555847168,0.27611735184764974,131072.0,0,782,782,0,0,51.51581287384033,49.4491069316864,2.0667059421539307,163.01391911506653,9.495973825454712,39.95313310623169,0.0,0.0,0.19203529476423778,0.0,0.0,63.234152086555504,66.35451316833496,68.91582012176512,82.53831148147582,83.43935012817383,1011.1406070300653,4838.617723031247,50000,150000,12209.247651100159,56.3921568627451,92.0,3623.109375,20475.0,31.745098039215687,63.03921568627451,67.0,79.17537254901961,112.763,2384.705882352941,8551.0,3987.3340810003506,0.0,33.9267578125,2498.0,629.78173828125,20474.5,1,8.972549019607843,24,23367.70902267157,64860.765625,36.0,2169.6015625,-1,628415,4053.8364605000143,1.1260656834722262,0.0011260656834722262,12385.04725499812,3.4402909041661447,0.0034402909041661447,0.5348811996493074,0.0005348811996493074,1.6341381794789183,0.0016341381794789183,475.0,78.79477959183673,113.933,74.185,81.07672921000028,490,10.0,64,64,1,True,240,sgd,multistep,32,100,0.0,False,1.0.0
p7-msdnet-cifar100-jointexit-s1,3,3128,2026-09-01T10:02:23Z,1788256943.0969512,local,0,local-1c8d861c2a,CB-410-122,msdnet,msdnet,cifar100,1,p7,jointexit,49fd74a2ab0863226c5a3e8c535afbf6dfbef29c39d0bda5aca7334f5d2e5d69,2.256779267959595,2.091154634475708,0.43458,0.4475,NA,0.7608,0.4281509113958525,0.4475,0.4281509113958524,0.48028632243024943,0.4475,0.4802863224302495,0.4475,0.4475,0.4475,0.4475,0.44191919191919193,0.44263309994061906,1.6836915016174316,2.979992151260376,0.19840579598179675,2.2481343746185303,0.4475,0,True,0.03833893754780292,0.07552952682552627,2.091151475906372,0.6946579813957214,0.41039910912513733,2.2727231979370117,2.256779267959595,2.256779267959595,NA,NA,NA,NA,NA,NA,NA,NA,NA,NA,NA,0.05,0.05,0.05,[0.05],0.9,0.0005,1.711870463607866,3.2177937030792236,1.4084728956222534,1.7024369835853577,1.9181212842464443,2.0182081031799313,0.1298457063778417,NA,0.0,49.566200256347656,12.270503044128418,0.24755787170829188,131072.0,0,782,782,0,0,51.73444080352783,49.66863036155701,2.065810441970825,214.74835991859436,9.161118984222412,40.49464178085327,0.0,0.0,0.184492571316432,0.0,0.0,63.49841530060829,66.27821922302246,70.34871578216553,83.35085868835448,85.14547348022461,1006.6716081363795,4840.715196724341,50000,200000,12209.328029632568,58.01923076923077,91.0,3610.484375,20475.0,33.01923076923077,65.0576923076923,68.0,80.04607692307692,114.162,2370.0,8551.0,4097.647449000182,0.0,34.3193359375,2498.0,630.58544921875,20474.5,1,8.503846153846153,24,23199.31843449519,64860.765625,35.74615384615385,2171.62109375,-1,628415,4112.146752499801,1.1422629868055,0.0011422629868055002,16497.19400749792,4.582553890971645,0.004582553890971645,0.5425749187326125,0.0005425749187326125,2.176713098211531,0.0021767130982115307,475.0,79.58283333333334,114.423,75.939,82.242935049996,492,10.0,64,64,1,True,240,sgd,multistep,32,100,0.0,False,1.0.0
p7-msdnet-cifar100-jointexit-s1,4,3910,2026-09-01T10:03:12Z,1788256992.7986863,local,0,local-1c8d861c2a,CB-410-122,msdnet,msdnet,cifar100,1,p7,jointexit,49fd74a2ab0863226c5a3e8c535afbf6dfbef29c39d0bda5aca7334f5d2e5d69,2.1164760163116454,2.4118984493255615,0.47168,0.3834,NA,0.6918,0.37314210951765536,0.3834,0.37314210951765536,0.5300390436554999,0.3834,0.5300390436554999,0.38340000000000013,0.3834,0.3834,0.38340000000000013,0.37717171717171716,0.37880029426457673,1.5572891235351562,2.731494188308716,0.17490551834728638,2.1154961585998535,0.4475,1,False,0.05329066394940018,0.07955199416308478,2.411897659301758,0.7572783827781677,0.43669068813323975,2.0770926475524902,2.1164760163116454,2.1164760163116454,NA,NA,NA,NA,NA,NA,NA,NA,NA,NA,NA,0.05,0.05,0.05,[0.05],0.9,0.0005,1.7530153427282562,3.107844352722168,1.3645176887512207,1.7410749793052673,1.9882384121417997,2.0688460016250607,0.13194841519357187,NA,0.0,50.51595687866211,11.954361915588379,0.23664526328388505,131072.0,0,782,782,0,0,49.56908845901489,47.52048587799072,2.04860258102417,264.31744837760925,8.71552848815918,38.79140663146973,0.0,0.0,0.183458024943354,0.0,0.0,60.7505564189628,63.904404640197754,70.10905742645264,80.54483413696278,85.13474464416504,1052.1777939807992,4881.376257468465,50000,250000,11648.7357878685,58.06122448979592,91.0,3604.984375,20475.0,32.38775510204081,66.08163265306122,68.0,81.64004081632655,114.162,2370.0,8551.0,3941.4748880002953,0.0,33.9267578125,2498.0,629.78173828125,20474.5,1,8.553061224489795,24,23175.711734693876,64860.765625,35.70612244897959,2178.48828125,-1,628415,4027.8917440005816,1.1188588177779393,0.0011188588177779393,20525.085751498504,5.701412708749585,0.0057014127087495845,0.5314579384445212,0.0005314579384445211,2.708171036656052,0.002708171036656052,475.0,81.3338646934461,114.166,75.892,80.55783488001163,473,10.0,64,64,1,True,240,sgd,multistep,32,100,0.0,False,1.0.0
p7-msdnet-cifar100-jointexit-s1,5,4692,2026-09-01T10:04:02Z,1788257042.9030707,local,0,local-1c8d861c2a,CB-410-122,msdnet,msdnet,cifar100,1,p7,jointexit,49fd74a2ab0863226c5a3e8c535afbf6dfbef29c39d0bda5aca7334f5d2e5d69,2.015659522628784,2.279396132278442,0.49766,0.4192,NA,0.7238,0.4306358875735173,0.4192,0.4306358875735172,0.5328758075584169,0.4192,0.5328758075584169,0.4192000000000001,0.4192,0.4192,0.4192000000000001,0.41333333333333333,0.4152251093733947,1.4944219589233398,2.577939033508301,0.18505715876366335,2.0141996145248413,0.4475,2,False,0.01896924221366644,0.13658772110939027,2.2794010639190674,0.727205216884613,0.43729764223098755,2.0905494689941406,2.015659522628784,2.015659522628784,NA,NA,NA,NA,NA,NA,NA,NA,NA,NA,NA,0.05,0.05,0.05,[0.05],0.9,0.0005,1.7859181420598538,3.8069498538970947,1.3582834005355835,1.7782196998596191,2.0072197914123535,2.100631141662599,0.1469340610977779,NA,0.0,51.49205780029297,11.742874145507812,0.22805214332376128,131072.0,1,782,782,0,0,50.05352425575256,47.998608350753784,2.0549159049987793,314.3709726333618,8.994807958602905,38.993781089782715,0.0,0.0,0.1874363913790772,0.0,0.0,61.366482159060894,64.4618272781372,70.21298408508301,80.15043497085571,88.20343017578125,1041.6968682637814,4866.379191320698,50000,300000,11712.5246758461,59.52,92.0,3602.671875,20475.0,34.14,66.5,69.0,81.59016,114.602,2370.0,8551.0,4016.6295649999233,0.0,34.3193359375,2498.0,630.58544921875,20474.5,1,8.806000000000001,24,23144.6915625,64860.765625,35.7,2175.76171875,-1,628415,4066.913519000349,1.1296981997223192,0.0011296981997223191,24591.999270498854,6.831110908471904,0.006831110908471904,0.5366066448681015,0.0005366066448681015,3.2447776815241536,0.0032447776815241534,475.0,81.3632713987474,114.602,77.862,81.33827038000697,479,10.0,64,64,1,True,240,sgd,multistep,32,100,0.0,False,1.0.0
p7-msdnet-cifar100-jointexit-s1,6,5474,2026-09-01T10:04:52Z,1788257092.8351543,local,0,local-1c8d861c2a,CB-410-122,msdnet,msdnet,cifar100,1,p7,jointexit,49fd74a2ab0863226c5a3e8c535afbf6dfbef29c39d0bda5aca7334f5d2e5d69,1.9323585857772827,2.091952709197998,0.52256,0.441,NA,0.753,0.43212463910876353,0.441,0.4321246391087635,0.5273967103616197,0.441,0.5273967103616196,0.441,0.441,0.441,0.441,0.4353535353535354,0.43660203979092377,1.3979171514511108,2.481977939605713,0.17954458392927214,1.9209649562835693,0.4475,3,False,0.0118073412105441,0.13966004997491838,2.0919530391693115,0.6904770731925964,0.44933179020881653,2.0891172885894775,1.9323585857772827,1.9323585857772827,NA,NA,NA,NA,NA,NA,NA,NA,NA,NA,NA,0.05,0.05,0.05,[0.05],0.9,0.0005,1.7997964983401091,3.342849016189575,1.4259860515594482,1.7971968054771423,2.0130754709243774,2.128070864677428,0.14553810763146732,NA,0.0,52.3475227355957,11.751479148864746,0.22448968995573648,131072.0,0,782,782,0,0,49.86848449707031,47.801637172698975,2.066847324371338,364.23945713043213,8.647111415863037,39.15452575683594,0.0,0.0,0.18089571670155422,0.0,0.0,61.127413264320936,64.05401229858398,70.02139091491699,80.7025957107544,83.63819122314453,1045.9892789729927,4838.286738495137,50000,350000,11619.356887817383,58.7,92.0,3599.859375,20475.0,33.4,66.7,69.0,82.0943,114.393,2370.0,8551.0,4038.863213499545,0.0,33.9267578125,2498.0,629.78173828125,20474.5,1,8.966000000000001,24,23178.67703125,64860.765625,35.736,2175.8359375,-1,628413,4060.8159450007197,1.1280044291668665,0.0011280044291668665,28652.815215499573,7.95911533763877,0.00795911533763877,0.5358021038542616,0.0005358021038542616,3.780579785378415,0.003780579785378415,475.0,81.59627637130802,114.393,78.197,81.21631890001439,474,10.0,64,64,1,True,240,sgd,multistep,32,100,0.0,False,1.0.0
p7-msdnet-cifar100-jointexit-s1,7,6256,2026-09-01T10:05:42Z,1788257142.7211835,local,0,local-1c8d861c2a,CB-410-122,msdnet,msdnet,cifar100,1,p7,jointexit,49fd74a2ab0863226c5a3e8c535afbf6dfbef29c39d0bda5aca7334f5d2e5d69,1.8672633660507203,1.839378475189209,0.5386,0.5059,NA,0.799,0.4942877218100026,0.5059,0.4942877218100026,0.5441690660187903,0.5059,0.5441690660187902,0.5059,0.5059,0.5059,0.5059,0.500909090909091,0.5015794463524141,1.4080630540847778,2.4958431720733643,0.17754833111556848,1.8555263876914978,0.5059,0,True,0.011299806892126807,0.06126485764980316,1.8393818140029907,0.6276785135269165,0.5040351748466492,1.8588179349899292,1.8672633660507203,1.8672633660507203,NA,NA,NA,NA,NA,NA,NA,NA,NA,NA,NA,0.05,0.05,0.05,[0.05],0.9,0.0005,1.8212798160719048,3.5106160640716553,1.4630995988845825,1.8109397888183594,2.053163528442383,2.160198879241944,0.14969746024142122,NA,0.0,53.11875915527344,11.872491836547852,0.22350845587041906,131072.0,1,782,782,0,0,49.82712721824646,47.779749155044556,2.0473780632019043,414.0665843486786,9.075688123703003,38.69611883163452,0.0,0.0,0.1899800049888835,0.0,0.0,61.08926720631397,65.64128398895264,69.25768852233887,79.01673316955565,85.04700660705566,1046.4684491697678,4884.295763314447,50000,400000,11559.893514633179,58.74,92.0,3602.171875,20475.0,33.64,66.88,69.0,82.14866,114.928,2370.0,8551.0,4046.5547060002814,0.0,34.3193359375,2498.0,630.58544921875,20474.5,1,9.51,24,23228.227734375,64860.765625,35.81399999999999,2177.734375,-1,628420,4060.5142274997734,1.127920618749937,0.001127920618749937,32713.329442999348,9.087035956388707,0.009087035956388708,0.5357622939062201,0.0005357622939062201,4.316342079284635,0.004316342079284635,475.0,81.68108649789029,114.928,77.335,81.21028454999548,474,10.0,64,64,1,True,240,sgd,multistep,32,100,0.0,False,1.0.0
p7-msdnet-cifar100-jointexit-s1,8,7038,2026-09-01T10:06:35Z,1788257195.0084245,local,0,local-1c8d861c2a,CB-410-122,msdnet,msdnet,cifar100,1,p7,jointexit,49fd74a2ab0863226c5a3e8c535afbf6dfbef29c39d0bda5aca7334f5d2e5d69,1.8268475839996339,1.7777821172714234,0.54986,0.5221,NA,0.8119,0.5155114914450065,0.5221,0.5155114914450066,0.5679572811503283,0.5221,0.5679572811503284,0.5220999999999999,0.5221,0.5221,0.5220999999999999,0.5172727272727273,0.5179307499167272,1.3116494417190552,2.384723663330078,0.18328602228543348,1.8208409547805786,0.5221,0,True,0.04063798742443323,0.07859759198294747,1.7777880430221558,0.6173347234725952,0.4814620018005371,1.982591986656189,1.8268475839996339,1.8268475839996339,NA,NA,NA,NA,NA,NA,NA,NA,NA,NA,NA,0.05,0.05,0.05,[0.05],0.9,0.0005,1.8352948982087547,4.23380184173584,1.4448374509811401,1.8302374482154846,2.066589248180389,2.2032746696472163,0.16358094277575763,NA,0.0,53.71296691894531,11.91769027709961,0.22187734099819523,131072.0,0,782,782,0,0,52.188246965408325,50.11910843849182,2.069138526916504,466.2548313140869,9.37873649597168,40.723347902297974,0.0,0.0,0.18719254116093398,0.0,0.0,64.06916163461592,66.24507904052734,70.3026294708252,83.3638072013855,86.56072616577148,997.6234924721776,4832.929197303342,50000,450000,12055.485049009323,56.03846153846154,91.0,3604.484375,20475.0,31.942307692307693,66.71153846153847,69.0,80.27848076923078,114.928,2370.0,8551.0,4113.25153650053,0.0,33.9267578125,2498.0,629.78173828125,20474.5,1,9.076923076923077,24,23247.969876802883,64860.765625,35.825,2180.43359375,-1,628422,4153.40819950071,1.1537244998613083,0.0011537244998613082,36866.737642500055,10.240760456250015,0.010240760456250015,0.5480191374341213,0.0005480191374341213,4.864361216718756,0.004864361216718757,475.0,79.65674343434344,114.928,75.233,83.0681639900142,495,10.0,64,64,1,True,240,sgd,multistep,32,100,0.0,False,1.0.0
p7-msdnet-cifar100-jointexit-s1,9,7820,2026-09-01T10:07:26Z,1788257246.6423306,local,0,local-1c8d861c2a,CB-410-122,msdnet,msdnet,cifar100,1,p7,jointexit,49fd74a2ab0863226c5a3e8c535afbf6dfbef29c39d0bda5aca7334f5d2e5d69,1.7778970423126221,1.7426134464263916,0.56446,0.5317,NA,0.8126,0.5220368100482874,0.5317,0.5220368100482873,0.5694248071659284,0.5317,0.5694248071659282,0.5317000000000001,0.5317,0.5317,0.5317000000000001,0.526969696969697,0.527565772705138,1.2644283771514893,2.33819842338562,0.17841571894781647,1.769848108291626,0.5317,0,True,0.013462686544656753,0.05656198784708977,1.7426198720932007,0.6059350371360779,0.5228173136711121,1.7798711061477661,1.7778970423126221,1.7778970423126221,NA,NA,NA,NA,NA,NA,NA,NA,NA,NA,NA,0.05,0.05,0.05,[0.05],0.9,0.0005,1.845661309861343,2.5496022701263428,1.5020540952682495,1.8372379541397095,2.0837268829345703,2.221600151062012,0.13723696996524498,NA,0.0,54.24542999267578,12.048992156982422,0.22211994924935202,65536.0,1,782,782,0,0,51.53790330886841,49.47244596481323,2.065457344055176,517.7927346229553,9.558691263198853,39.8912570476532,0.0,0.0,0.19330032871037697,0.0,0.0,63.235228018992395,66.23661518096924,70.66078186035156,82.69631624221802,85.82234382629395,1010.6635931354998,4841.54273569586,50000,500000,11853.717761039734,58.470588235294116,91.0,3604.1640625,20475.0,33.1764705882353,66.58823529411765,68.0,80.38329411764705,114.835,2370.0,8551.0,4046.869196499487,0.0,34.3193359375,2498.0,630.58544921875,20474.5,1,8.635294117647058,24,23235.809359681374,64860.765625,35.8078431372549,2181.9921875,-1,628423,4136.4524490002805,1.1490145691667446,0.0011490145691667446,41003.190091500335,11.38977502541676,0.01138977502541676,0.5457819203542037,0.0005457819203542037,5.410143137072961,0.005410143137072961,475.0,80.35455804480652,114.835,76.922,82.7290489800056,491,10.0,64,64,1,True,240,sgd,multistep,32,100,0.0,False,1.0.0
p7-msdnet-cifar100-jointexit-s1,10,8602,2026-09-01T10:08:18Z,1788257298.5929084,local,0,local-1c8d861c2a,CB-410-122,msdnet,msdnet,cifar100,1,p7,jointexit,49fd74a2ab0863226c5a3e8c535afbf6dfbef29c39d0bda5aca7334f5d2e5d69,1.7470909720611572,2.0158303104400637,0.57554,0.4773,NA,0.7756,0.470533625202263,0.4773,0.47053362520226294,0.5796494891953864,0.4773,0.5796494891953866,0.4773000000000001,0.4773,0.4773,0.4773000000000001,0.4720202020202021,0.47338054840599336,1.1962473392486572,2.613323450088501,0.17396490551167076,1.7399951815605164,0.5317,1,False,0.041430468047037726,0.08402581652215757,2.015824556350708,0.6678016781806946,0.5187304615974426,1.790605902671814,1.7470909720611572,1.7470909720611572,NA,NA,NA,NA,NA,NA,NA,NA,NA,NA,NA,0.05,0.05,0.05,[0.05],0.9,0.0005,1.860882551011527,4.743316650390625,1.5325453281402588,1.8483161330223083,2.10010689496994,2.1935178327560423,0.17190622138176703,NA,0.0,54.65797805786133,12.2007474899292,0.22321988341781324,65536.0,0,782,782,0,0,51.84667491912842,49.796528577804565,2.0501463413238525,569.6394095420837,9.22226881980896,40.556506872177124,0.0,0.0,0.18526507917497173,0.0,0.0,63.65572339128656,66.27440452575684,73.46823215484619,83.0612587928772,85.45351028442383,1004.0860563578749,4877.700580897383,50000,550000,11872.888556480408,55.53846153846154,92.0,3604.1640625,20475.0,31.51923076923077,66.61538461538461,69.0,80.67953846153847,114.756,2370.0,8551.0,4137.1614599994755,0.0,33.9267578125,2498.0,629.78173828125,20474.5,1,8.663461538461538,24,23217.819561298078,64860.765625,35.8,2185.42578125,-1,628423,4132.188159000635,1.147830044166843,0.001147830044166843,45135.37825050097,12.537605069583604,0.012537605069583603,0.5452192709792504,0.0005452192709792504,5.955362408052212,0.0059553624080522114,475.0,79.84803434343435,114.756,76.143,82.64376318001271,495,10.0,64,64,1,True,240,sgd,multistep,32,100,0.0,False,1.0.0
p7-msdnet-cifar100-jointexit-s1,11,9384,2026-09-01T10:09:09Z,1788257349.6367807,local,0,local-1c8d861c2a,CB-410-122,msdnet,msdnet,cifar100,1,p7,jointexit,49fd74a2ab0863226c5a3e8c535afbf6dfbef29c39d0bda5aca7334f5d2e5d69,1.7187669675445556,1.8373084365844727,0.5815,0.5063,NA,0.7967,0.5114753026540485,0.5063,0.5114753026540485,0.5829439118170072,0.5063,0.5829439118170071,0.5063,0.5063,0.5063,0.5063,0.5013131313131314,0.5021029416750306,1.2216509580612183,2.500170946121216,0.18340969828762885,1.7148781418800354,0.5317,2,False,0.018549389582499853,0.060349781066179276,1.837308406829834,0.6264617443084717,0.5229896903038025,1.7374472618103027,1.7187669675445556,1.7187669675445556,NA,NA,NA,NA,NA,NA,NA,NA,NA,NA,NA,0.05,0.05,0.05,[0.05],0.9,0.0005,1.8709231566285234,4.184861183166504,1.4971970319747925,1.8649234175682068,2.112008094787597,2.2421989989280697,0.1644311253493906,NA,0.0,55.0463981628418,12.290975570678711,0.22328392012713993,65536.0,0,782,782,0,0,50.97071933746338,48.916600942611694,2.0541183948516846,620.6101288795471,9.213945627212524,39.692399740219116,0.0,0.0,0.18839979879887728,0.0,0.0,62.54008359006603,66.33543968200684,68.89688968658447,83.17447900772095,88.30904960632324,1022.1478810160856,4868.268559915233,50000,600000,11621.32400894165,57.23529411764706,94.0,3604.1640625,20475.0,32.68627450980392,66.54901960784314,69.0,81.36015686274509,114.756,2370.0,8551.0,4097.342778498771,0.0,34.3193359375,2498.0,630.58544921875,20474.5,1,8.762745098039215,24,23207.448606004902,64860.765625,35.8,2190.640625,-1,628423,4102.942030498685,1.139706119582968,0.0011397061195829682,49238.32028099966,13.677311189166572,0.013677311189166572,0.5413604068019098,0.0005413604068019098,6.496722814854121,0.006496722814854122,475.0,80.65467148760331,114.756,76.738,82.0588406099737,484,10.0,64,64,1,True,240,sgd,multistep,32,100,0.0,False,1.0.0
p7-msdnet-cifar100-jointexit-s1,12,10166,2026-09-01T10:09:59Z,1788257399.2634146,local,0,local-1c8d861c2a,CB-410-122,msdnet,msdnet,cifar100,1,p7,jointexit,49fd74a2ab0863226c5a3e8c535afbf6dfbef29c39d0bda5aca7334f5d2e5d69,1.695805216255188,1.6361707786560058,0.58888,0.549,NA,0.8351,0.5423834467347249,0.549,0.5423834467347248,0.5885297423123425,0.549,0.5885297423123425,0.549,0.549,0.549,0.549,0.5444444444444445,0.5450415203771504,1.1218756437301636,2.3372325897216797,0.17274785480308433,1.6940154433250427,0.549,0,True,0.018490877202153214,0.050515673226780355,1.6361743211746216,0.5827921032905579,0.5389424562454224,1.7190675735473633,1.695805216255188,1.695805216255188,NA,NA,NA,NA,NA,NA,NA,NA,NA,NA,NA,0.05,0.05,0.05,[0.05],0.9,0.0005,1.8740494603842077,2.3443028926849365,1.443726658821106,1.865571141242981,2.1215174198150635,2.2503184318542484,0.1341396752124248,NA,0.0,55.335693359375,12.35383415222168,0.22325254103152367,65536.0,1,782,782,0,0,49.584420680999756,47.51974391937256,2.0646767616271973,670.1945495605469,9.18745732307434,38.3220751285553,0.0,0.0,0.19338134578420166,0.0,0.0,60.75387781538317,63.13347816467285,69.2997932434082,78.70068073272704,85.64472198486328,1052.1942223601989,4843.373154507186,50000,650000,11255.663494586945,59.816326530612244,94.0,3601.7890625,20475.0,33.326530612244895,67.04081632653062,69.0,81.70973469387755,114.493,2370.0,8551.0,3944.987961500625,0.0,33.9267578125,2498.0,629.78173828125,20474.5,1,8.855102040816327,24,23205.382174744896,64860.765625,35.800000000000004,2190.53515625,-1,628422,4046.0905219999927,1.1239140338888869,0.0011239140338888869,53284.41080299965,14.801225223055459,0.014801225223055459,0.5338591660972213,0.0005338591660972213,7.030581980951343,0.007030581980951343,475.0,81.77206382978724,114.71,78.263,80.92181043999986,470,10.0,64,64,1,True,240,sgd,multistep,32,100,0.0,False,1.0.0
p7-msdnet-cifar100-jointexit-s1,13,10948,2026-09-01T10:10:49Z,1788257449.1634133,local,0,local-1c8d861c2a,CB-410-122,msdnet,msdnet,cifar100,1,p7,jointexit,49fd74a2ab0863226c5a3e8c535afbf6dfbef29c39d0bda5aca7334f5d2e5d69,1.6690809809875489,1.6547502849578857,0.59902,0.5495,NA,0.8324,0.5454165626911344,0.5495,0.5454165626911344,0.5971028639423309,0.5495,0.597102863942331,0.5495,0.5495,0.5495,0.5495,0.544949494949495,0.5455129315969534,1.1959540843963623,2.48896861076355,0.17409915683114197,1.66681969165802,0.5495,0,True,0.030521729371324188,0.07130424396411794,1.6547613143920898,0.5833665728569031,0.521034836769104,1.8037188053131104,1.6690809809875489,1.6690809809875489,NA,NA,NA,NA,NA,NA,NA,NA,NA,NA,NA,0.05,0.05,0.05,[0.05],0.9,0.0005,1.8963502211034144,4.29826545715332,1.4271262884140015,1.8865516185760498,2.1287383079528808,2.3149552178382873,0.16898779054024277,NA,0.0,55.661075592041016,12.4629545211792,0.22390789952613274,65536.0,0,782,782,0,0,49.77780747413635,47.71852159500122,2.058302402496338,719.9723570346832,8.965503931045532,38.737016677856445,0.0,0.0,0.18794612562616744,0.0,0.0,61.00066574028386,63.57312202453613,69.87311840057373,82.40736961364742,84.5491886138916,1047.811171191812,4858.372602525198,50000,700000,11249.784489154816,58.26,92.0,3601.7890625,20475.0,32.84,67.46,70.0,82.06587999999998,114.646,2370.0,8551.0,4049.058186499581,0.0,34.3193359375,2498.0,630.58544921875,20474.5,1,8.282,24,23204.51421875,64860.765625,35.8,2194.91796875,-1,628422,4063.5999779998683,1.12877777166663,0.00112877777166663,57348.01078099952,15.930002994722088,0.015930002994722088,0.5361694415416492,0.0005361694415416492,7.566751422492992,0.007566751422492992,475.0,81.74130866807612,115.03,74.627,81.27199955999737,473,10.0,64,64,1,True,240,sgd,multistep,32,100,0.0,False,1.0.0
p7-msdnet-cifar100-jointexit-s1,14,11730,2026-09-01T10:11:38Z,1788257498.6698189,local,0,local-1c8d861c2a,CB-410-122,msdnet,msdnet,cifar100,1,p7,jointexit,49fd74a2ab0863226c5a3e8c535afbf6dfbef29c39d0bda5aca7334f5d2e5d69,1.659486300201416,1.6551071186065673,0.60414,0.5563,NA,0.8349,0.5511490852144945,0.5563,0.5511490852144946,0.5957538252514558,0.5563,0.595753825251456,0.5562999999999999,0.5563,0.5563,0.5562999999999999,0.5518181818181818,0.5523513186534063,1.1343989372253418,2.405318260192871,0.17296537693127748,1.656972050666809,0.5563,0,True,0.05577063654288649,0.1043521340338801,1.6551024913787842,0.5807129740715027,0.500529408454895,1.9324910640716553,1.659486300201416,1.659486300201416,NA,NA,NA,NA,NA,NA,NA,NA,NA,NA,NA,0.05,0.05,0.05,[0.05],0.9,0.0005,1.8960221263453783,3.5641119480133057,1.4539573192596436,1.8839571475982666,2.1462695479393004,2.2632565283775326,0.15751731769699814,NA,0.0,55.92853927612305,12.49730110168457,0.2234512337249599,65536.0,0,782,782,0,0,49.418893337249756,47.3520872592926,2.0668060779571533,769.391250371933,8.879894256591797,38.4610390663147,0.0,0.0,0.18757328242819307,0.0,0.0,60.53827790653005,63.61508369445801,69.80228424072266,82.73550987243651,87.52250671386719,1055.919662552737,4838.383294229556,50000,750000,11119.251000881195,60.69387755102041,92.0,3597.0390625,20475.0,34.04081632653061,67.65306122448979,70.0,82.42091836734693,114.646,2370.0,8551.0,3984.156224500216,0.0,33.9267578125,2498.0,629.78173828125,20474.5,1,8.918367346938775,24,23204.587213010203,64860.765625,35.78571428571428,2193.21484375,-1,628422,4049.563780500199,1.124878827916722,0.0011248788279167219,61397.574561499714,17.05488182263881,0.01705488182263881,0.5343174432604428,0.0005343174432604429,8.101068865753435,0.008101068865753435,475.0,82.0437563559322,114.646,77.897,80.99127561000398,472,10.0,64,64,1,True,240,sgd,multistep,32,100,0.0,False,1.0.0
p7-msdnet-cifar100-jointexit-s1,15,12512,2026-09-01T10:12:29Z,1788257549.0546002,local,0,local-1c8d861c2a,CB-410-122,msdnet,msdnet,cifar100,1,p7,jointexit,49fd74a2ab0863226c5a3e8c535afbf6dfbef29c39d0bda5aca7334f5d2e5d69,1.640520827331543,1.6269438430786132,0.605,0.5612,NA,0.8343,0.5508466741796966,0.5612,0.5508466741796966,0.5936642168092845,0.5612,0.5936642168092845,0.5612,0.5612,0.5612,0.5612,0.5567676767676768,0.5573344137184907,1.0771175622940063,2.338196277618408,0.173982746563068,1.6337289810180664,0.5612,0,True,0.011666086815297606,0.18843036890029907,1.6269361972808838,0.5663224458694458,0.55415940284729,1.6824586391448975,1.640520827331543,1.640520827331543,NA,NA,NA,NA,NA,NA,NA,NA,NA,NA,NA,0.05,0.05,0.05,[0.05],0.9,0.0005,1.9042424380245038,2.52150559425354,1.4509178400039673,1.8975828886032104,2.153707981109619,2.273813819885254,0.14371562900800353,NA,0.0,56.12412643432617,12.573453903198242,0.22402939167188837,65536.0,1,782,782,0,0,50.304486989974976,48.234968185424805,2.0684642791748047,819.695737361908,9.300043821334839,38.921141386032104,0.0,0.0,0.19286219907996027,0.0,0.0,61.66391970251527,64.65184688568115,70.36621570587158,80.08734226226804,152.94647216796875,1036.592370244551,4834.504564898462,50000,800000,11268.205085754395,59.28,92.0,3601.7890625,20475.0,33.98,67.42,70.0,81.60364,114.107,2370.0,8551.0,4026.843285500091,0.0,34.3193359375,2498.0,630.58544921875,20474.5,1,8.744,24,23156.12640625,64860.765625,35.706,2190.625,-1,628422,4079.1711919991053,1.1331031088886403,0.0011331031088886404,65476.74575349882,18.18798493152745,0.01818798493152745,0.5382239767221041,0.0005382239767221041,8.63929284247554,0.008639292842475539,475.0,81.1294801670146,114.28,74.067,81.5834238399821,479,10.0,64,64,1,True,240,sgd,multistep,32,100,0.0,False,1.0.0
p7-msdnet-cifar100-jointexit-s1,16,13294,2026-09-01T10:13:20Z,1788257600.8895617,local,0,local-1c8d861c2a,CB-410-122,msdnet,msdnet,cifar100,1,p7,jointexit,49fd74a2ab0863226c5a3e8c535afbf6dfbef29c39d0bda5aca7334f5d2e5d69,1.6221880646514892,1.7605856857299804,0.61274,0.5289,NA,0.8118,0.5250578313451401,0.5289,0.5250578313451402,0.5948170809382978,0.5289,0.5948170809382979,0.5289,0.5289,0.5289,0.5289,0.5241414141414141,0.5251990415885963,1.0548456907272339,2.190871477127075,0.1780854055079346,1.6156389117240906,0.5612,1,False,0.017253537821024657,0.9345735982060432,1.7605907917022705,0.60538250207901,0.5396459698677063,1.7359603643417358,1.6221880646514892,1.6221880646514892,NA,NA,NA,NA,NA,NA,NA,NA,NA,NA,NA,0.05,0.05,0.05,[0.05],0.9,0.0005,1.9136901093870782,4.1787590980529785,1.4381815195083618,1.902762532234192,2.167550146579742,2.3596269345283503,0.1750360960564083,NA,0.0,56.245948791503906,12.642793655395508,0.22477696486658313,65536.0,0,782,782,0,0,51.71952795982361,49.64975380897522,2.0697741508483887,871.4152653217316,9.553516387939453,40.08805322647095,0.0,0.0,0.19244992578087564,0.0,0.0,63.48026804911816,66.38288497924805,70.5069065093994,83.27651500701904,85.90579032897949,1007.0543389272852,4831.44501340934,50000,850000,11533.454735040665,58.36538461538461,91.0,3601.7890625,20475.0,33.65384615384615,67.0576923076923,70.0,80.78084615384616,114.28,2370.0,8551.0,4142.414864500778,0.0,33.9267578125,2498.0,629.78173828125,20474.5,1,8.546153846153846,24,23075.343224158652,64860.765625,35.596153846153854,2206.1796875,-1,628422,4138.304298000296,1.1495289716667487,0.0011495289716667487,69615.05005149911,19.3375139031942,0.019337513903194197,0.5460262615417056,0.0005460262615417056,9.185319104017244,0.009185319104017244,475.0,80.17525506072874,114.28,76.801,82.76608596000591,494,10.0,64,64,1,True,240,sgd,multistep,32,100,0.0,False,1.0.0
p7-msdnet-cifar100-jointexit-s1,17,14076,2026-09-01T10:14:12Z,1788257652.8231642,local,0,local-1c8d861c2a,CB-410-122,msdnet,msdnet,cifar100,1,p7,jointexit,49fd74a2ab0863226c5a3e8c535afbf6dfbef29c39d0bda5aca7334f5d2e5d69,1.6106929180908203,1.6934636074066163,0.61488,0.5435,NA,0.8243,0.5398392911219777,0.5435,0.5398392911219777,0.5920602997716741,0.5435,0.592060299771674,0.5434999999999999,0.5435,0.5435,0.5434999999999999,0.5388888888888889,0.5395335970927447,1.1303913593292236,2.216620445251465,0.17526401767565514,1.6126152276992798,0.5612,2,False,0.01924186283499001,0.06099458038806915,1.6934665441513062,0.5889039039611816,0.527137279510498,1.780287265777588,1.6106929180908203,1.6106929180908203,NA,NA,NA,NA,NA,NA,NA,NA,NA,NA,NA,0.05,0.05,0.05,[0.05],0.9,0.0005,1.927697583994902,4.422487258911133,1.546087622642517,1.9193392395973206,2.1858399152755736,2.3350781226158137,0.1749940748814251,NA,0.0,56.48241424560547,12.741506576538086,0.22558360414860312,65536.0,0,782,782,0,0,51.867541551589966,49.801820516586304,2.065721035003662,923.2828068733215,9.053190231323242,40.732444524765015,0.0,0.0,0.1818434228201968,0.0,0.0,63.664494573002884,66.43855571746826,69.55995559692383,81.92744255065918,84.27548408508301,1003.9793622272844,4840.924708878841,50000,900000,11514.594224452972,57.63461538461539,91.0,3601.7890625,20475.0,33.0,66.90384615384616,69.0,80.47574999999999,113.987,2370.0,8551.0,4119.465135,0.0,34.3193359375,2498.0,630.58544921875,20474.5,1,8.75,24,22953.57459435096,64860.765625,35.400000000000006,2191.87109375,-1,628422,4148.3827085015155,1.1523285301393098,0.0011523285301393098,73763.43276000064,20.48984243333351,0.02048984243333351,0.5473560518161722,0.0005473560518161722,9.732675155833416,0.009732675155833415,475.0,80.08166260162602,114.274,76.978,82.96765417003031,492,10.0,64,64,1,True,240,sgd,multistep,32,100,0.0,False,1.0.0
p7-msdnet-cifar100-jointexit-s1,18,14858,2026-09-01T10:15:04Z,1788257704.6905763,local,0,local-1c8d861c2a,CB-410-122,msdnet,msdnet,cifar100,1,p7,jointexit,49fd74a2ab0863226c5a3e8c535afbf6dfbef29c39d0bda5aca7334f5d2e5d69,1.606525820236206,1.585139626121521,0.61776,0.5589,NA,0.8465,0.5609741230782712,0.5589,0.5609741230782712,0.6113990462173502,0.5589,0.6113990462173503,0.5589000000000001,0.5589,0.5589,0.5589000000000001,0.5544444444444445,0.5552229866819529,1.069181203842163,2.250530958175659,0.17060849122416544,1.5982510447502136,0.5612,3,False,0.01925983697138728,0.061511676758527756,1.5851362943649292,0.5696732401847839,0.5767335891723633,1.5549083948135376,1.606525820236206,1.606525820236206,NA,NA,NA,NA,NA,NA,NA,NA,NA,NA,NA,0.05,0.05,0.05,[0.05],0.9,0.0005,1.928451074680812,4.422564506530762,1.4727985858917236,1.9233328104019165,2.1567282676696777,2.317006778717041,0.1682611910429523,NA,0.0,56.627174377441406,12.810359954833984,0.22622283551441433,65536.0,1,782,782,0,0,51.802194356918335,49.752073526382446,2.0501208305358887,975.0850012302399,8.735898494720459,40.996699810028076,0.0,0.0,0.17565739158024937,0.0,0.0,63.59667302397511,66.0926103591919,71.41306400299072,82.78956413269043,88.18936347961426,1004.9832390098492,4877.76127682487,50000,950000,11448.284952878952,56.98076923076923,94.0,3601.7890625,20475.0,32.46153846153846,66.82692307692308,70.0,80.80253846153848,113.987,2370.0,8551.0,4144.236223999617,0.0,33.9267578125,2498.0,629.78173828125,20474.5,1,8.632692307692308,24,22949.46281550481,64860.765625,35.400000000000006,2191.1328125,-1,628422,4134.103514499835,1.1483620873610654,0.0011483620873610652,77897.53627450047,21.638204520694575,0.021638204520694575,0.5454719914965059,0.000545471991496506,10.278147147329921,0.01027814714732992,475.0,79.94354969574037,114.352,76.224,82.6820702899967,493,10.0,64,64,1,True,240,sgd,multistep,32,100,0.0,False,1.0.0
p7-msdnet-cifar100-jointexit-s1,19,15640,2026-09-01T10:15:55Z,1788257755.192923,local,0,local-1c8d861c2a,CB-410-122,msdnet,msdnet,cifar100,1,p7,jointexit,49fd74a2ab0863226c5a3e8c535afbf6dfbef29c39d0bda5aca7334f5d2e5d69,1.5952397145843507,1.604189933013916,0.6212,0.5642,NA,0.8407,0.5600628718522714,0.5642,0.5600628718522713,0.6213296540574396,0.5642,0.6213296540574396,0.5642,0.5642,0.5642,0.5642,0.5597979797979797,0.5604887464284064,1.0852996110916138,2.1251463890075684,0.177524885843264,1.5996222496032715,0.5642,0,True,0.023200356234610094,0.060676680397741545,1.604188323020935,0.5698709487915039,0.5820722579956055,1.527127742767334,1.5952397145843507,1.5952397145843507,NA,NA,NA,NA,NA,NA,NA,NA,NA,NA,NA,0.05,0.05,0.05,[0.05],0.9,0.0005,1.9384411875244296,3.905298948287964,1.4811418056488037,1.9275519847869873,2.1871335625648496,2.4157723069190964,0.17290696831033198,NA,0.0,56.80224609375,12.9351224899292,0.22772202473437864,65536.0,0,782,782,0,0,50.45210027694702,48.38473296165466,2.0673673152923584,1025.537101507187,8.665910482406616,39.69788146018982,0.0,0.0,0.17918178319624503,0.0,0.0,61.84628125651718,65.43326377868652,70.5012559890747,82.53500223159789,86.19260787963867,1033.383816329532,4837.0697969489,50000,1000000,11099.462060928345,59.14,92.0,3604.1640625,20475.0,34.1,66.88,70.0,81.36,113.901,2370.0,8551.0,4012.554826499937,0.0,34.3193359375,2498.0,630.58544921875,20474.5,1,8.589999999999998,24,22942.9203125,64860.765625,35.400000000000006,2194.6328125,-1,628425,4083.157455999393,1.1342104044442758,0.001134210404444276,81980.69373049986,22.77241492513885,0.02277241492513885,0.538749942111031,0.000538749942111031,10.816897089440952,0.010816897089440952,475.0,80.98069583333333,113.901,77.122,81.66314911998786,480,10.0,64,64,1,True,240,sgd,multistep,32,100,0.0,False,1.0.0
p7-msdnet-cifar100-jointexit-s1,20,16422,2026-09-01T10:16:45Z,1788257805.342749,local,0,local-1c8d861c2a,CB-410-122,msdnet,msdnet,cifar100,1,p7,jointexit,49fd74a2ab0863226c5a3e8c535afbf6dfbef29c39d0bda5aca7334f5d2e5d69,1.585696509284973,1.5724372808456422,0.62522,0.5716,NA,0.8427,0.5700055739110376,0.5716,0.5700055739110375,0.604885918181694,0.5716,0.6048859181816942,0.5716,0.5716,0.5716,0.5716,0.5672727272727273,0.567676620916888,1.1430463790893555,2.174038887023926,0.1724036675071141,1.5788214802742004,0.5716,0,True,0.025968944624066372,0.059024297913839674,1.572435736656189,0.5571293234825134,0.5485054850578308,1.6912957429885864,1.585696509284973,1.585696509284973,NA,NA,NA,NA,NA,NA,NA,NA,NA,NA,NA,0.05,0.05,0.05,[0.05],0.9,0.0005,1.9268755921927254,3.6924214363098145,1.5666505098342896,1.9083622097969055,2.1949978828430177,2.3843881034851067,0.1705399508874457,NA,0.0,56.868831634521484,12.854146957397461,0.22603149366611075,65536.0,0,782,782,0,0,50.05033588409424,47.98527121543884,2.0650646686553955,1075.5874373912811,9.197237014770508,38.77077889442444,0.0,0.0,0.19173686550182073,0.0,0.0,61.34017379692448,65.88995456695557,68.97053718566893,82.84391164779662,84.18154716491699,1041.986399858316,4842.463362908242,50000,1050000,10961.023558616638,56.3,95.0,3604.1640625,20475.0,31.42,67.16,69.0,81.83269999999999,114.432,2370.0,8551.0,4033.5490649994235,0.0,33.9267578125,2498.0,629.78173828125,20474.5,1,9.076,24,22943.2046875,64860.765625,35.400000000000006,2194.69921875,-1,628425,4063.333877999388,1.12870385499983,0.00112870385499983,86044.02760849925,23.90111878013868,0.023901118780138682,0.5361343311249193,0.0005361343311249192,11.353031420565872,0.011353031420565872,475.0,81.20354716981133,114.432,76.971,81.26667755998776,477,10.0,64,64,1,True,240,sgd,multistep,32,100,0.0,False,1.0.0
p7-msdnet-cifar100-jointexit-s1,21,17204,2026-09-01T10:17:35Z,1788257855.2594013,local,0,local-1c8d861c2a,CB-410-122,msdnet,msdnet,cifar100,1,p7,jointexit,49fd74a2ab0863226c5a3e8c535afbf6dfbef29c39d0bda5aca7334f5d2e5d69,1.5792210327529907,1.7474631368637086,0.62204,0.5312,NA,0.8202,0.5256266356959187,0.5312,0.5256266356959187,0.5974426524498502,0.5312,0.5974426524498503,0.5312,0.5312,0.5312,0.5312,0.5264646464646465,0.527335143011427,1.0743191242218018,2.2502551078796387,0.16937709635012146,1.5750141143798828,0.5716,1,False,0.011000971403718002,0.05920848250389099,1.7474638223648071,0.6040262579917908,0.5335233211517334,1.7654980421066284,1.5792210327529907,1.5792210327529907,NA,NA,NA,NA,NA,NA,NA,NA,NA,NA,NA,0.05,0.05,0.05,[0.05],0.9,0.0005,1.9346420790871341,3.3355557918548584,1.5384169816970825,1.924425721168518,2.1969218254089355,2.318285703659058,0.15863872300106793,NA,0.0,56.931766510009766,12.869283676147461,0.22604750326664777,65536.0,1,782,782,0,0,49.8090181350708,47.73710823059082,2.0719099044799805,1125.396455526352,9.021631240844727,38.7026572227478,0.0,0.0,0.18903647453491249,0.0,0.0,61.0285018716017,63.15505504608154,69.97976303100585,80.26232004165648,84.61308479309082,1047.403201687007,4826.4646924934,50000,1100000,10858.365953445435,60.08,92.0,3599.4140625,20475.0,34.16,67.18,70.0,81.91456,114.231,2370.0,8551.0,4031.6340049998016,0.0,34.3193359375,2498.0,630.58544921875,20474.5,1,9.674,24,22958.582421875,64860.765625,35.400000000000006,2193.78515625,-1,628425,4052.492530000116,1.1256923694444767,0.0011256923694444767,90096.52013849937,25.026811149583157,0.025026811149583158,0.5347038754861264,0.0005347038754861264,11.887735296051998,0.011887735296051999,475.0,81.5084161358811,114.231,78.166,81.04985060000232,471,10.0,64,64,1,True,240,sgd,multistep,32,100,0.0,False,1.0.0
p7-msdnet-cifar100-jointexit-s1,22,17986,2026-09-01T10:18:24Z,1788257904.0649178,local,0,local-1c8d861c2a,CB-410-122,msdnet,msdnet,cifar100,1,p7,jointexit,49fd74a2ab0863226c5a3e8c535afbf6dfbef29c39d0bda5aca7334f5d2e5d69,1.5650717364883422,1.7706697080612184,0.6282,0.5216,NA,0.8234,0.5184666901788866,0.5216,0.5184666901788866,0.5999245460414009,0.5216,0.5999245460414009,0.5216000000000001,0.5216,0.5216,0.5216000000000001,0.5167676767676767,0.517754836200475,1.0398460626602173,2.3855841159820557,0.17952251510863074,1.5602832436561584,0.5716,2,False,0.044593864926695814,0.10682809827602013,1.7706592082977295,0.6207179427146912,0.5614252090454102,1.6283104419708252,1.5650717364883422,1.5650717364883422,NA,NA,NA,NA,NA,NA,NA,NA,NA,NA,NA,0.05,0.05,0.05,[0.05],0.9,0.0005,1.9438917848765087,3.9457767009735107,1.5658814907073975,1.9280996918678284,2.2152602791786187,2.3523455119132963,0.16973031376699704,NA,0.0,57.04808044433594,12.967299461364746,0.22730474645886556,65536.0,0,782,782,0,0,48.769097089767456,46.70174026489258,2.067356824874878,1174.1655526161194,9.081398725509644,37.620341539382935,0.0,0.0,0.1944552531447413,0.0,0.0,59.72089547940227,59.624314308166504,70.79875469207764,81.0650920867919,85.8464241027832,1070.6239150061576,4837.0943417594235,50000,1150000,10582.894068479538,59.89795918367347,92.0,3599.4140625,20475.0,34.224489795918366,67.42857142857143,70.0,83.08865306122448,114.461,2370.0,8551.0,4009.624892999946,0.0,33.9267578125,2498.0,629.78173828125,20474.5,1,11.37142857142857,24,23246.414939413266,64860.765625,35.83877551020407,2191.87109375,-1,628233,4007.6749290000093,1.1132430358333358,0.001113243035833336,94104.19506749939,26.140054185416496,0.026140054185416498,0.5287904420208346,0.0005287904420208346,12.416525738072833,0.012416525738072833,475.0,82.2544989247312,114.461,78.17,80.15349858000019,465,10.0,64,64,1,True,240,sgd,multistep,32,100,0.0,False,1.0.0
p7-msdnet-cifar100-jointexit-s1,23,18768,2026-09-01T10:19:13Z,1788257953.7828236,local,0,local-1c8d861c2a,CB-410-122,msdnet,msdnet,cifar100,1,p7,jointexit,49fd74a2ab0863226c5a3e8c535afbf6dfbef29c39d0bda5aca7334f5d2e5d69,1.5622911286926269,1.5881080932617186,0.63036,0.5677,NA,0.8425,0.565765672631231,0.5677,0.565765672631231,0.6181907775489301,0.5677,0.61819077754893,0.5677,0.5677,0.5677,0.5677,0.5633333333333335,0.5640228140211946,1.114884376525879,2.126431465148926,0.1701558531273895,1.5600082874298096,0.5716,3,False,0.01411676536686718,0.06062357500195503,1.588100552558899,0.5630092620849609,0.5702162384986877,1.5962897539138794,1.5622911286926269,1.5622911286926269,NA,NA,NA,NA,NA,NA,NA,NA,NA,NA,NA,0.05,0.05,0.05,[0.05],0.9,0.0005,1.945919968559861,2.6416213512420654,1.4822754859924316,1.9395629167556763,2.189652442932129,2.33487024307251,0.15066590461856466,NA,0.0,57.156394958496094,12.990848541259766,0.22728600274200328,65536.0,1,782,782,0,0,49.66141200065613,47.59904861450195,2.0613670349121094,1223.8269646167755,8.541471004486084,39.046908140182495,0.0,0.0,0.17948648720562702,0.0,0.0,60.85470478857874,63.5831356048584,70.11713981628418,82.62185573577881,85.57963371276855,1050.4411633296081,4851.149664584779,50000,1200000,10726.864992141724,58.63265306122449,92.0,3599.4140625,20475.0,33.08163265306123,67.16326530612245,70.0,81.56344897959184,114.461,2370.0,8551.0,3942.928114000286,0.0,34.3193359375,2498.0,630.58544921875,20474.5,1,8.808163265306122,24,23753.051020408162,64860.765625,36.599999999999994,2195.94140625,-1,628233,4048.4748559999284,1.124576348888869,0.001124576348888869,98152.66992349931,27.264630534305365,0.027264630534305365,0.5341737657222128,0.0005341737657222127,12.950699503795045,0.012950699503795045,475.0,81.65234533898307,114.55,78.046,80.96949711999856,472,10.0,64,64,1,True,240,sgd,multistep,32,100,0.0,False,1.0.0
p7-msdnet-cifar100-jointexit-s1,24,19550,2026-09-01T10:20:05Z,1788258005.3185334,local,0,local-1c8d861c2a,CB-410-122,msdnet,msdnet,cifar100,1,p7,jointexit,49fd74a2ab0863226c5a3e8c535afbf6dfbef29c39d0bda5aca7334f5d2e5d69,1.5566849208831788,1.6456327875137329,0.6331,0.5532,NA,0.8384,0.5497356838177204,0.5532,0.5497356838177204,0.5967659957282553,0.5532,0.5967659957282553,0.5532,0.5532,0.5532,0.5532,0.5486868686868687,0.549350440871433,0.9422810077667236,2.082803249359131,0.1767341092990316,1.5555976629257202,0.5716,4,False,0.02886469350494443,0.1632984003259076,1.6456425189971924,0.5821709632873535,0.5653764009475708,1.6203731298446655,1.5566849208831788,1.5566849208831788,NA,NA,NA,NA,NA,NA,NA,NA,NA,NA,NA,0.05,0.05,0.05,[0.05],0.9,0.0005,1.9466039529236991,2.5686628818511963,1.4726169109344482,1.940989911556244,2.2011343240737915,2.2937445712089537,0.1536944535634232,NA,0.0,57.196651458740234,12.967103004455566,0.2267108768388234,65536.0,0,782,782,0,0,51.486143589019775,49.435574769973755,2.0505688190460205,1275.3131082057953,8.747339248657227,40.666892290115356,0.0,0.0,0.1770206472156443,0.0,0.0,63.18955439740739,66.08021259307861,72.5799560546875,82.79551267623901,90.3782844543457,1011.4173898584683,4876.6956305579,50000,1250000,11069.520871639252,59.86274509803921,92.0,3599.4140625,20475.0,34.21568627450981,66.70588235294117,69.0,80.50464705882354,114.55,2370.0,8551.0,4050.294587999787,0.0,33.9267578125,2498.0,629.78173828125,20474.5,1,8.754901960784315,24,23764.108609068626,64860.765625,36.60392156862745,2195.42578125,-1,628233,4121.967606999765,1.1449910019443792,0.001144991001944379,102274.63753049908,28.409621536249745,0.028409621536249745,0.54387072592358,0.00054387072592358,13.494570229718626,0.013494570229718625,475.0,80.16184725050917,114.55,76.654,82.43935213999531,491,10.0,64,64,1,True,240,sgd,multistep,32,100,0.0,False,1.0.0
p7-msdnet-cifar100-jointexit-s1,25,20332,2026-09-01T10:20:57Z,1788258057.1226635,local,0,local-1c8d861c2a,CB-410-122,msdnet,msdnet,cifar100,1,p7,jointexit,49fd74a2ab0863226c5a3e8c535afbf6dfbef29c39d0bda5aca7334f5d2e5d69,1.5469855947875977,1.6121817794799804,0.63654,0.5672,NA,0.8413,0.5651383674255548,0.5672,0.5651383674255549,0.6215444112698774,0.5672,0.6215444112698774,0.5671999999999999,0.5672,0.5672,0.5671999999999999,0.5628282828282829,0.5634917095906963,1.0913550853729248,2.462456703186035,0.17196647166430845,1.537327527999878,0.5716,5,False,0.024593250495195396,0.06007415056228638,1.6121883392333984,0.5702823996543884,0.5712835192680359,1.6011890172958374,1.5469855947875977,1.5469855947875977,NA,NA,NA,NA,NA,NA,NA,NA,NA,NA,NA,0.05,0.05,0.05,[0.05],0.9,0.0005,1.954074295128093,4.560700416564941,1.4847556352615356,1.943045735359192,2.209942293167114,2.3680010771751387,0.17808412015273772,NA,0.0,57.25056076049805,13.054815292358398,0.22802947462771417,65536.0,0,782,782,0,0,51.744075775146484,49.668174266815186,2.075901508331299,1327.0571839809418,9.342517614364624,40.31764221191406,0.0,0.0,0.18812902832062253,0.0,0.0,63.504040698566094,66.32351875305176,71.2559461593628,82.94943332672118,84.1832160949707,1006.6808522375367,4817.184225680553,50000,1300000,11073.232215881348,58.46153846153846,92.0,3599.4140625,20475.0,34.09615384615385,66.63461538461539,69.0,80.68867307692307,113.795,2370.0,8551.0,4138.069701499601,0.0,34.3193359375,2498.0,630.58544921875,20474.5,1,8.496153846153845,24,23783.37507512019,64860.765625,36.7,2196.0234375,-1,628232,4124.463784999113,1.145684384721976,0.001145684384721976,106399.10131549819,29.55530592097172,0.02955530592097172,0.5442000827429386,0.0005442000827429386,14.038770312461564,0.014038770312461564,475.0,79.8900975609756,113.795,76.387,82.48927569998227,492,10.0,64,64,1,True,240,sgd,multistep,32,100,0.0,False,1.0.0
p7-msdnet-cifar100-jointexit-s1,26,21114,2026-09-01T10:21:49Z,1788258109.308233,local,0,local-1c8d861c2a,CB-410-122,msdnet,msdnet,cifar100,1,p7,jointexit,49fd74a2ab0863226c5a3e8c535afbf6dfbef29c39d0bda5aca7334f5d2e5d69,1.544666309814453,1.4995489698410034,0.63646,0.5878,NA,0.8519,0.5848249729389737,0.5878,0.5848249729389737,0.6216352886429547,0.5878,0.6216352886429547,0.5878,0.5878,0.5878,0.5878,0.5836363636363636,0.5840729118402669,1.034305453300476,2.181065559387207,0.1669729493490119,1.5352545976638794,0.5878,0,True,0.02819469520375132,0.07230841601197846,1.499551773071289,0.5390774607658386,0.5601881742477417,1.662629246711731,1.544666309814453,1.544666309814453,NA,NA,NA,NA,NA,NA,NA,NA,NA,NA,NA,0.05,0.05,0.05,[0.05],0.9,0.0005,1.9482784842101621,2.3997368812561035,1.4530925750732422,1.9420722723007202,2.2089993953704834,2.2987404346466067,0.1494446034476633,NA,0.0,57.323997497558594,12.979997634887695,0.22643217852070607,65536.0,1,782,782,0,0,52.13228964805603,50.08154058456421,2.0507490634918213,1379.1894736289978,9.132455110549927,40.913766622543335,0.0,0.0,0.1824804109939643,0.0,0.0,63.99772600139804,65.20473957061768,71.48089408874512,83.28799962997437,85.17599105834961,998.37184352533,4876.267008003869,50000,1350000,11104.177695035934,56.98076923076923,92.0,3599.4140625,20475.0,32.55769230769231,66.5,69.0,79.89076923076922,113.795,2370.0,8551.0,4091.4743759988423,0.0,33.9267578125,2498.0,629.78173828125,20474.5,1,8.682692307692308,24,23773.640775240383,64860.765625,36.66538461538461,2192.6171875,-1,628232,4140.303942499433,1.1500844284720648,0.0011500844284720647,110539.40525799763,30.705390349443785,0.030705390349443785,0.5462901035242307,0.0005462901035242307,14.585060415985796,0.014585060415985795,475.0,79.57868292682927,113.795,76.058,82.80607884998867,492,10.0,64,64,1,True,240,sgd,multistep,32,100,0.0,False,1.0.0
p7-msdnet-cifar100-jointexit-s1,27,21896,2026-09-01T10:22:39Z,1788258159.6573532,local,0,local-1c8d861c2a,CB-410-122,msdnet,msdnet,cifar100,1,p7,jointexit,49fd74a2ab0863226c5a3e8c535afbf6dfbef29c39d0bda5aca7334f5d2e5d69,1.5330122494888305,1.8200980518341066,0.64024,0.5159,NA,0.8108,0.5093621785649365,0.5159,0.5093621785649364,0.6141573479728368,0.5159,0.6141573479728368,0.5158999999999999,0.5159,0.5159,0.5158999999999999,0.511010101010101,0.5126591398941489,1.0682892799377441,2.125642776489258,0.1665568720965446,1.522108018398285,0.5878,1,False,0.0470488613318652,0.11163947121931772,1.820104718208313,0.6221985816955566,0.5624886751174927,1.6159249544143677,1.5330122494888305,1.5330122494888305,NA,NA,NA,NA,NA,NA,NA,NA,NA,NA,NA,0.05,0.05,0.05,[0.05],0.9,0.0005,1.960122331329014,3.811124801635742,1.4926459789276123,1.9526293873786926,2.192832899093628,2.3211719679832457,0.16286280325927635,NA,0.0,57.42910385131836,13.054306030273438,0.22731167918048156,65536.0,0,782,782,0,0,50.24011206626892,48.18918228149414,2.0509297847747803,1429.4295856952667,9.102180242538452,39.061771392822266,0.0,0.0,0.18898325269174693,0.0,0.0,61.59073099150987,63.86852264404297,69.8704719543457,80.95866918563843,84.92898941040039,1037.5772659500233,4875.837327165315,50000,1400000,10650.903758049011,56.88,92.0,3599.4140625,20475.0,31.88,66.6,69.0,81.31796,114.569,2370.0,8551.0,4002.6303029998394,0.0,34.3193359375,2498.0,630.58544921875,20474.5,1,8.840000000000002,24,23743.796875,64860.765625,36.605999999999995,2194.07421875,-1,628231,4046.192756998559,1.1239424324995997,0.0011239424324995997,114585.59801499618,31.829332781943386,0.03182933278194339,0.5338726554373098,0.0005338726554373098,15.118933071423104,0.015118933071423105,475.0,80.74598526315789,114.569,75.913,80.92385513997118,475,10.0,64,64,1,True,240,sgd,multistep,32,100,0.0,False,1.0.0
p7-msdnet-cifar100-jointexit-s1,28,22678,2026-09-01T10:23:29Z,1788258209.3924284,local,0,local-1c8d861c2a,CB-410-122,msdnet,msdnet,cifar100,1,p7,jointexit,49fd74a2ab0863226c5a3e8c535afbf6dfbef29c39d0bda5aca7334f5d2e5d69,1.530498984146118,1.6989187501907348,0.64066,0.5465,NA,0.8316,0.5472615745420789,0.5465,0.5472615745420789,0.628587474970106,0.5465,0.628587474970106,0.5465,0.5465,0.5465,0.5465,0.5419191919191919,0.5428024690116005,1.0369701385498047,2.257000207901001,0.1736485284090807,1.5278412699699402,0.5878,2,False,0.026400091191381224,0.08148405619908572,1.6989176273345947,0.5947218537330627,0.5563934445381165,1.665286898612976,1.530498984146118,1.530498984146118,NA,NA,NA,NA,NA,NA,NA,NA,NA,NA,NA,0.05,0.05,0.05,[0.05],0.9,0.0005,1.9568889839265047,3.3309671878814697,1.5387969017028809,1.9468942880630493,2.2216291427612305,2.324401087760925,0.16137649881532365,NA,0.0,57.4843864440918,13.060883522033691,0.227207496330094,65536.0,0,782,782,0,0,49.668633222579956,47.601449728012085,2.067183494567871,1479.0982189178467,8.437009811401367,39.15365290641785,0.0,0.0,0.17728288133803033,0.0,0.0,60.8576249588481,63.71486186981201,69.66633796691895,81.59497022628783,86.58695220947266,1050.3881769503428,4837.499925032259,50000,1450000,10480.08160996437,60.795918367346935,91.0,3599.4140625,20475.0,33.734693877551024,66.93877551020408,70.0,81.3854693877551,114.127,2370.0,8551.0,3939.605822999448,0.0,33.9267578125,2498.0,629.78173828125,20474.5,1,8.673469387755102,24,23742.657047193876,64860.765625,36.60204081632653,2195.81640625,-1,628231,4036.442988999431,1.121234163610953,0.001121234163610953,118622.04100399562,32.950566945554336,0.03295056694555434,0.5325862277152026,0.0005325862277152026,15.651519299138307,0.015651519299138307,475.0,81.47875475687103,114.127,77.702,80.72885977998861,473,10.0,64,64,1,True,240,sgd,multistep,32,100,0.0,False,1.0.0
p7-msdnet-cifar100-jointexit-s1,29,23460,2026-09-01T10:24:19Z,1788258259.2769032,local,0,local-1c8d861c2a,CB-410-122,msdnet,msdnet,cifar100,1,p7,jointexit,49fd74a2ab0863226c5a3e8c535afbf6dfbef29c39d0bda5aca7334f5d2e5d69,1.5260345867538452,1.421388178062439,0.64148,0.6034,NA,0.8755,0.6025552593151681,0.6034,0.6025552593151682,0.6316776562971129,0.6034,0.6316776562971128,0.6034,0.6034,0.6034,0.6034,0.5993939393939394,0.5997278930164526,0.9925965070724487,2.141547203063965,0.17287102439480712,1.525310218334198,0.6034,0,True,0.017207090003788474,0.18848227709531784,1.4213814735412598,0.5213572382926941,0.5861929059028625,1.5492442846298218,1.5260345867538452,1.5260345867538452,NA,NA,NA,NA,NA,NA,NA,NA,NA,NA,NA,0.05,0.05,0.05,[0.05],0.9,0.0005,1.9613958789505512,2.501540422439575,1.5701260566711426,1.960532784461975,2.2248284816741943,2.3669015884399416,0.1551110814787185,NA,0.0,57.491939544677734,13.108798027038574,0.22801105913032482,65536.0,1,782,782,0,0,49.81781053543091,47.76846480369568,2.0493457317352295,1528.9160294532776,9.343260049819946,38.4162871837616,0.0,0.0,0.19563125261896006,0.0,0.0,61.073589812764126,64.72516059875488,69.43478584289551,80.47650098800658,83.3749771118164,1046.7156565628559,4879.606132408299,50000,1500000,10461.74021244049,59.32,91.0,3597.0390625,20475.0,33.86,67.06,69.0,81.85448000000001,114.068,2370.0,8551.0,4033.174613500542,0.0,34.3193359375,2498.0,630.58544921875,20474.5,1,8.771999999999998,24,23749.572734375,64860.765625,36.599999999999994,2192.35546875,-1,628231,4044.580886499962,1.1234946906944339,0.001123494690694434,122666.62189049557,34.07406163624877,0.03407406163624877,0.5336599780798562,0.0005336599780798562,16.18517927721816,0.016185179277218163,475.0,81.3825105485232,114.068,78.03,80.89161772999924,474,10.0,64,64,1,True,240,sgd,multistep,32,100,0.0,False,1.0.0
p7-msdnet-cifar100-jointexit-s1,30,24242,2026-09-01T10:25:09Z,1788258309.6292043,local,0,local-1c8d861c2a,CB-410-122,msdnet,msdnet,cifar100,1,p7,jointexit,49fd74a2ab0863226c5a3e8c535afbf6dfbef29c39d0bda5aca7334f5d2e5d69,1.5220078398513794,1.5305743062973023,0.64158,0.5747,NA,0.8567,0.5744463815889744,0.5747,0.5744463815889747,0.6184168069335724,0.5747,0.6184168069335724,0.5747,0.5747,0.5747,0.5747,0.5704040404040402,0.57089691413129,1.074341058731079,2.108405113220215,0.16769630475819874,1.5125489830970764,0.6034,1,False,0.016455541889742017,0.08136055352432386,1.5305724143981934,0.5512108206748962,0.5674090385437012,1.6255590915679932,1.5220078398513794,1.5220078398513794,NA,NA,NA,NA,NA,NA,NA,NA,NA,NA,NA,0.05,0.05,0.05,[0.05],0.9,0.0005,1.9655475479257687,3.4915645122528076,1.461682915687561,1.9581952095031738,2.231540274620056,2.3600608181953415,0.1598035535558941,NA,0.0,57.54714584350586,13.140946388244629,0.2283509667704497,65536.0,0,782,782,0,0,50.2335205078125,48.16524934768677,2.0682711601257324,1579.14954996109,8.9233238697052,39.23196220397949,0.0,0.0,0.18530310163771424,0.0,0.0,61.57964971059424,64.52465057373047,69.42775249481201,79.41379785537718,84.02132987976074,1038.0928299378015,4834.955973273876,50000,1550000,10498.805786132812,57.08,92.0,3597.0390625,20475.0,31.7,66.98,69.0,81.3524,114.168,2370.0,8551.0,4004.4049565000714,0.0,33.9267578125,2498.0,629.78173828125,20474.5,1,8.73,24,23738.537421875,64860.765625,36.602,2192.1796875,-1,628231,4057.647240499758,1.127124233472155,0.001127124233472155,126724.26913099534,35.20118586972092,0.03520118586972093,0.5353840108992737,0.0005353840108992736,16.720563288117436,0.016720563288117437,475.0,80.86613445378151,114.168,76.705,81.15294480999516,476,10.0,64,64,1,True,240,sgd,multistep,32,100,0.0,False,1.0.0
p7-msdnet-cifar100-jointexit-s1,31,25024,2026-09-01T10:26:00Z,1788258360.0511944,local,0,local-1c8d861c2a,CB-410-122,msdnet,msdnet,cifar100,1,p7,jointexit,49fd74a2ab0863226c5a3e8c535afbf6dfbef29c39d0bda5aca7334f5d2e5d69,1.5232885626220702,1.626295827293396,0.64214,0.5595,NA,0.8394,0.5618931428490943,0.5595,0.5618931428490942,0.6332944386933637,0.5595,0.6332944386933638,0.5595000000000001,0.5595,0.5595,0.5595000000000001,0.555050505050505,0.5560159917352564,0.9158982634544373,2.1146459579467773,0.17147649135112342,1.512546181678772,0.6034,2,False,0.028752715316414837,0.933479517698288,1.6262843608856201,0.576529324054718,0.5806533694267273,1.5547871589660645,1.5232885626220702,1.5232885626220702,NA,NA,NA,NA,NA,NA,NA,NA,NA,NA,NA,0.05,0.05,0.05,[0.05],0.9,0.0005,1.9709625529206318,4.183432579040527,1.5890934467315674,1.9587279558181763,2.2339215874671936,2.3887074041366576,0.1773686855894167,NA,0.0,57.58885955810547,13.122262001037598,0.2278611193506553,65536.0,0,782,782,0,0,50.35376334190369,48.30522346496582,2.048539876937866,1629.5033133029938,8.964066982269287,39.32100558280945,0.0,0.0,0.18564882490727327,0.0,0.0,61.745617090893525,64.61286544799805,69.8204517364502,80.35113573074338,84.14816856384277,1035.0847468134236,4881.525672298791,50000,1600000,10473.582775115967,59.28,91.0,3597.0390625,20475.0,33.34,66.96,69.0,81.07909999999998,113.798,2370.0,8551.0,3994.5166584999433,0.0,34.3193359375,2498.0,630.58544921875,20474.5,1,8.53,24,23741.94546875,64860.765625,36.599999999999994,2195.0078125,-1,628231,4067.568686500345,1.1298801906945402,0.0011298801906945402,130791.83781749569,36.331066060415466,0.036331066060415466,0.5366930905799067,0.0005366930905799066,17.257256378697342,0.017257256378697343,475.0,80.96407949790796,113.798,77.359,81.3513737300069,478,10.0,64,64,1,True,240,sgd,multistep,32,100,0.0,False,1.0.0
p7-msdnet-cifar100-jointexit-s1,32,25806,2026-09-01T10:26:51Z,1788258411.8581555,local,0,local-1c8d861c2a,CB-410-122,msdnet,msdnet,cifar100,1,p7,jointexit,49fd74a2ab0863226c5a3e8c535afbf6dfbef29c39d0bda5aca7334f5d2e5d69,1.5223124170684814,1.4513748489379883,0.64466,0.6035,NA,0.8671,0.6036116050689049,0.6035,0.6036116050689049,0.6338930230875662,0.6035,0.6338930230875663,0.6034999999999999,0.6035,0.6035,0.6034999999999999,0.5994949494949495,0.5998511790389207,1.060844898223877,2.1279423236846924,0.16623655409099786,1.5189927816390991,0.6035,0,True,0.03017922088652849,0.07136705684525035,1.4513763189315796,0.5256065130233765,0.5755940675735474,1.5913158655166626,1.5223124170684814,1.5223124170684814,NA,NA,NA,NA,NA,NA,NA,NA,NA,NA,NA,0.05,0.05,0.05,[0.05],0.9,0.0005,1.9635670400582828,2.572362184524536,1.5217481851577759,1.9598294496536255,2.2019314050674437,2.349699258804324,0.15118331227526116,NA,0.0,57.66092300415039,13.110711097717285,0.2273760185346597,32768.0,2,782,782,0,0,51.75359058380127,49.685622215270996,2.0679683685302734,1681.256903886795,9.015145063400269,40.6473343372345,0.0,0.0,0.18152829202653625,0.0,0.0,63.50700690618257,66.17701053619385,73.04282188415527,83.11535358428954,85.81829071044922,1006.3273391921492,4835.663906748779,50000,1650000,10712.993250846863,55.98076923076923,92.0,3597.0390625,20475.0,31.75,66.61538461538461,69.0,80.15653846153847,114.683,2370.0,8551.0,4108.592275000563,0.0,33.9267578125,2498.0,629.78173828125,20474.5,1,8.409615384615384,24,23745.09247295673,64860.765625,36.599999999999994,2192.171875,-1,628231,4120.692532499666,1.1446368145832406,0.0011446368145832406,134912.53034999536,37.47570287499871,0.03747570287499871,0.5437024869270393,0.0005437024869270392,17.800958865624384,0.017800958865624383,475.0,79.71348681541582,114.683,76.55,82.41385064999334,493,10.0,64,64,1,True,240,sgd,multistep,32,100,0.0,False,1.0.0
p7-msdnet-cifar100-jointexit-s1,33,26588,2026-09-01T10:27:43Z,1788258463.501553,local,0,local-1c8d861c2a,CB-410-122,msdnet,msdnet,cifar100,1,p7,jointexit,49fd74a2ab0863226c5a3e8c535afbf6dfbef29c39d0bda5aca7334f5d2e5d69,1.5070149073028565,1.8745319339752198,0.64774,0.5073,NA,0.7919,0.5001431197815167,0.5073,0.5001431197815168,0.5787159029320486,0.5073,0.5787159029320487,0.5073000000000001,0.5073,0.5073,0.5073000000000001,0.5023232323232323,0.5031993841140469,0.9398783445358276,2.121831178665161,0.17035765404277245,1.4996457695960999,0.6035,1,False,0.023984426512569185,0.27406204243501026,1.8745349645614624,0.628700852394104,0.5311200022697449,1.7831672430038452,1.5070149073028565,1.5070149073028565,NA,NA,NA,NA,NA,NA,NA,NA,NA,NA,NA,0.05,0.05,0.05,[0.05],0.9,0.0005,1.9669276376819367,4.383238792419434,1.4903264045715332,1.9582485556602478,2.234701061248779,2.36821475982666,0.17529808769385613,NA,0.0,57.68343734741211,13.136571884155273,0.22773559427530593,32768.0,0,782,782,0,0,51.5357882976532,49.48702692985535,2.0487613677978516,1732.7926921844482,9.347015619277954,40.119712352752686,0.0,0.0,0.1889556071823251,0.0,0.0,63.25668538622845,66.18690490722656,72.63717651367186,83.3427882194519,87.03207969665527,1010.3658090204481,4880.997932301253,50000,1700000,10616.372389316559,57.431372549019606,91.0,3597.0390625,20475.0,32.254901960784316,66.2156862745098,69.0,79.52774509803922,108.706,2370.0,8551.0,3997.8845605001093,0.0,34.3193359375,2498.0,630.58544921875,20474.5,1,8.486274509803922,24,23744.11833639706,64860.765625,36.599999999999994,2195.03515625,-1,628231,4099.467688499939,1.1387410245833163,0.0011387410245833165,139011.9980384953,38.61444389958203,0.03861444389958203,0.5409019866770753,0.0005409019866770753,18.34186085230146,0.01834186085230146,475.0,79.64888187372708,114.455,73.71,81.98935376999877,491,10.0,64,64,1,True,240,sgd,multistep,32,100,0.0,False,1.0.0
p7-msdnet-cifar100-jointexit-s1,34,27370,2026-09-01T10:28:35Z,1788258515.5031767,local,0,local-1c8d861c2a,CB-410-122,msdnet,msdnet,cifar100,1,p7,jointexit,49fd74a2ab0863226c5a3e8c535afbf6dfbef29c39d0bda5aca7334f5d2e5d69,1.5061169138717652,1.5894600299835204,0.6472,0.5676,NA,0.8438,0.5717107708652764,0.5676,0.5717107708652764,0.626880034076243,0.5676,0.626880034076243,0.5676,0.5676,0.5676,0.5676,0.5632323232323233,0.5640572362613984,0.9774019122123718,2.0268447399139404,0.1757050628325893,1.5041455030441284,0.6035,2,False,0.018113707579672327,0.06508249044418335,1.5894616842269897,0.562609851360321,0.5798262357711792,1.555831789970398,1.5061169138717652,1.5061169138717652,NA,NA,NA,NA,NA,NA,NA,NA,NA,NA,NA,0.05,0.05,0.05,[0.05],0.9,0.0005,1.9725804127695616,3.790174961090088,1.569702386856079,1.966958463191986,2.2418028116226196,2.4491386818885803,0.17263638251703017,NA,0.0,57.72731018066406,13.294027328491211,0.23029008777450513,32768.0,0,782,782,0,0,51.95206260681152,49.885103940963745,2.0669586658477783,1784.7447547912598,9.022341012954712,40.85003733634949,0.0,0.0,0.18090857728425513,0.0,0.0,63.77541988402072,66.31851196289062,73.26135635375975,82.04756259918211,87.4474048614502,1002.3032137844641,4838.0261130661875,50000,1750000,10650.172834396362,56.88461538461539,95.0,3597.0390625,20475.0,31.78846153846154,66.48076923076923,69.0,79.91442307692309,114.032,2370.0,8551.0,4102.370564999864,0.0,33.9267578125,2498.0,629.78173828125,20474.5,1,8.211538461538462,24,23747.666240985578,64860.765625,36.599999999999994,2192.33203125,-1,628231,4128.582478001115,1.146828466111421,0.0011468284661114209,143140.5805164964,39.76127236569345,0.03976127236569345,0.5447435214029248,0.0005447435214029248,18.886604373704383,0.018886604373704385,475.0,79.52847070707071,114.304,76.461,82.57164956002231,495,10.0,64,64,1,True,240,sgd,multistep,32,100,0.0,False,1.0.0
p7-msdnet-cifar100-jointexit-s1,35,28152,2026-09-01T10:29:26Z,1788258566.0365775,local,0,local-1c8d861c2a,CB-410-122,msdnet,msdnet,cifar100,1,p7,jointexit,49fd74a2ab0863226c5a3e8c535afbf6dfbef29c39d0bda5aca7334f5d2e5d69,1.5115781369781494,1.4969458375930786,0.6465,0.587,NA,0.8566,0.5824941175107405,0.587,0.5824941175107404,0.6218481648385991,0.587,0.6218481648385992,0.5870000000000001,0.587,0.587,0.5870000000000001,0.5828282828282828,0.5832824065083873,1.028491735458374,2.2573792934417725,0.1781587934242266,1.5010619759559631,0.6035,3,False,0.020514251267909994,0.1858874261379242,1.4969499111175537,0.5381633043289185,0.5766192078590393,1.5963201522827148,1.5115781369781494,1.5115781369781494,NA,NA,NA,NA,NA,NA,NA,NA,NA,NA,NA,0.05,0.05,0.05,[0.05],0.9,0.0005,1.9656493895498992,4.725535869598389,1.5071815252304077,1.9507113099098206,2.231962192058563,2.3579803705215445,0.18493358367137513,NA,0.0,57.6548957824707,13.164504051208496,0.22833280457010227,65536.0,0,782,782,0,0,50.467575788497925,48.385042667388916,2.082533121109009,1835.2123305797577,9.545177698135376,38.825738191604614,0.0,0.0,0.1973329948908413,0.0,0.0,61.85539116335037,66.2153959274292,69.20955181121826,82.90724515914917,87.20946311950684,1033.3772017876001,4801.844397401331,50000,1800000,10295.385460853577,58.0,92.0,3597.0390625,20475.0,32.4,66.52,69.0,80.6709,114.304,2370.0,8551.0,3977.8108125003855,0.0,34.3193359375,2498.0,630.58544921875,20474.5,1,8.92,24,23746.96484375,64860.765625,36.602,2190.3359375,-1,628231,4067.9841195006757,1.1299955887501876,0.0011299955887501877,147208.56463599709,40.891267954443634,0.04089126795444364,0.5367479046563391,0.0005367479046563392,19.423352278360724,0.019423352278360725,475.0,80.70967708333333,114.411,76.301,81.3596823900135,480,10.0,64,64,1,True,240,sgd,multistep,32,100,0.0,False,1.0.0
p7-msdnet-cifar100-jointexit-s1,36,28934,2026-09-01T10:30:15Z,1788258615.3732913,local,0,local-1c8d861c2a,CB-410-122,msdnet,msdnet,cifar100,1,p7,jointexit,49fd74a2ab0863226c5a3e8c535afbf6dfbef29c39d0bda5aca7334f5d2e5d69,1.5033382875061034,1.5229101188659668,0.64866,0.5859,NA,0.8559,0.5843525224197234,0.5859,0.5843525224197234,0.6301570043179283,0.5859,0.6301570043179283,0.5859,0.5859,0.5859,0.5859,0.5817171717171716,0.5822527906962872,1.0313496589660645,2.037503480911255,0.16855472134973246,1.4962267875671387,0.6035,4,False,0.02270022716335952,0.06071328744292259,1.5229064226150513,0.542519211769104,0.6030083894729614,1.4435038566589355,1.5033382875061034,1.5033382875061034,NA,NA,NA,NA,NA,NA,NA,NA,NA,NA,NA,0.05,0.05,0.05,[0.05],0.9,0.0005,1.962871525598609,3.8388583660125732,1.5295363664627075,1.9604395031929016,2.2067423582077024,2.3403285288810727,0.165987415492295,NA,0.0,57.71578598022461,13.144240379333496,0.22774081919004205,65536.0,0,782,782,0,0,49.299084186553955,47.24115467071533,2.057929515838623,1884.5114147663116,9.045578956604004,38.18009042739868,0.0,0.0,0.1915394545930591,0.0,0.0,60.39088156522083,62.99102306365967,69.33741569519043,79.03796195983887,82.60750770568848,1058.3991934260418,4859.252915630066,50000,1850000,10007.714089870453,60.0,94.0,3597.0390625,20475.0,34.183673469387756,66.77551020408163,69.0,81.7837142857143,113.409,2370.0,8551.0,3943.3371134997587,0.0,33.9267578125,2498.0,629.78173828125,20474.5,1,8.69591836734694,24,23758.93718112245,64860.765625,36.60204081632653,2192.35546875,-1,628230,4014.4695224996885,1.1151304229165802,0.0011151304229165802,151223.03415849677,42.00639837736021,0.04200639837736021,0.5296869508853755,0.0005296869508853756,19.9530392292461,0.0199530392292461,475.0,81.61057510729613,113.719,78.441,80.28939044999376,466,10.0,64,64,1,True,240,sgd,multistep,32,100,0.0,False,1.0.0
p7-msdnet-cifar100-jointexit-s1,37,29716,2026-09-01T10:31:09Z,1788258669.1754508,local,0,local-1c8d861c2a,CB-410-122,msdnet,msdnet,cifar100,1,p7,jointexit,49fd74a2ab0863226c5a3e8c535afbf6dfbef29c39d0bda5aca7334f5d2e5d69,1.493693644180298,1.4594149381637573,0.65302,0.5902,NA,0.8663,0.5913869623890811,0.5902,0.5913869623890813,0.630740780097637,0.5902,0.6307407800976371,0.5902,0.5902,0.5902,0.5902,0.5860606060606061,0.5864673288989983,0.9689573049545288,2.226483106613159,0.17298904222904346,1.4800254702568054,0.6035,5,False,0.009579082057625065,0.13710146099328996,1.459411859512329,0.5337017774581909,0.5831924080848694,1.5400102138519287,1.493693644180298,1.493693644180298,NA,NA,NA,NA,NA,NA,NA,NA,NA,NA,NA,0.05,0.05,0.05,[0.05],0.9,0.0005,1.9736981076352738,5.1136016845703125,1.5460891723632812,1.9648931622505188,2.2310048222541807,2.4240910053253155,0.1925298472322339,NA,0.0,57.7874641418457,13.199989318847656,0.22842305878740113,65536.0,0,782,782,0,0,53.7359414100647,51.51929044723511,2.21665096282959,1938.2473561763763,10.692062139511108,40.819087743759155,0.0,0.0,0.2075679180864814,0.0,0.0,65.87103565635584,66.2156343460083,83.83736610412598,100.35839796066284,105.12518882751465,970.510260641281,4511.310155584821,50000,1900000,10854.660164833069,54.716981132075475,91.0,3597.0390625,20475.0,30.641509433962263,66.15094339622641,69.0,78.32607547169812,113.719,2369.1509433962265,8551.0,4104.925837500355,1.0,34.3193359375,2498.0,630.58544921875,20474.5,1,10.97547169811321,24,23754.560731132075,64860.765625,36.601886792452824,2192.32421875,-1,628230,4189.0039565006755,1.1636122101390765,0.0011636122101390766,155412.03811499744,43.17001058749929,0.04317001058749929,0.5527157998160613,0.0005527157998160613,20.50575502906216,0.020505755029062163,475.0,78.05314814814815,113.719,67.909,83.7800791300135,513,10.0,64,64,1,True,240,sgd,multistep,32,100,0.0,False,1.0.0
p7-msdnet-cifar100-jointexit-s1,38,30498,2026-09-01T10:32:13Z,1788258733.1575506,local,0,local-1c8d861c2a,CB-410-122,msdnet,msdnet,cifar100,1,p7,jointexit,49fd74a2ab0863226c5a3e8c535afbf6dfbef29c39d0bda5aca7334f5d2e5d69,1.5044177474212646,1.4738629871368407,0.6508,0.5934,NA,0.8619,0.5909022696213845,0.5934,0.5909022696213843,0.6291369732310237,0.5934,0.6291369732310236,0.5934,0.5934,0.5934,0.5934,0.5892929292929293,0.5897596257274318,1.0480988025665283,2.035569906234741,0.16622132078781676,1.500972330570221,0.6035,6,False,0.016351743216812605,0.935015395283699,1.4738609790802002,0.5328245162963867,0.6047561764717102,1.4462836980819702,1.5044177474212646,1.5044177474212646,NA,NA,NA,NA,NA,NA,NA,NA,NA,NA,NA,0.05,0.05,0.05,[0.05],0.9,0.0005,1.9760529964437252,2.6007213592529297,1.567515254020691,1.9708539247512817,2.220945119857788,2.381316041946411,0.1537926763301982,NA,0.0,57.79875946044922,13.220224380493164,0.22872851431248373,65536.0,1,782,782,0,0,63.926185607910156,61.68650031089783,2.239685297012329,2002.1735417842865,14.363197565078735,47.31193804740906,0.0,0.0,0.2328847342197091,0.0,0.0,78.86845986251636,81.02798461914062,99.62725639343262,104.72084283828731,126.52468681335449,810.5501162815483,4464.91300065223,50000,1950000,12849.163307189941,46.42857142857143,81.0,3597.0390625,20475.0,25.523809523809526,64.07936507936508,68.0,71.26247619047619,108.427,2369.0476190476193,8551.0,4453.0766569997495,1.0,33.9267578125,2498.0,629.78173828125,20474.5,1,14.15079365079365,24,23765.71589781746,64860.765625,36.607936507936486,2190.3203125,-1,628230,4541.6603875006385,1.2615723298612884,0.0012615723298612885,159953.69850249807,44.43158291736057,0.044431582917360574,0.599246856684112,0.000599246856684112,21.105001885746272,0.021105001885746273,475.0,71.22131527093596,108.465,66.552,90.83320775001278,609,10.0,64,64,1,True,240,sgd,multistep,32,100,0.0,False,1.0.0
p7-msdnet-cifar100-jointexit-s1,39,31280,2026-09-01T10:33:16Z,1788258796.6831276,local,0,local-1c8d861c2a,CB-410-122,msdnet,msdnet,cifar100,1,p7,jointexit,49fd74a2ab0863226c5a3e8c535afbf6dfbef29c39d0bda5aca7334f5d2e5d69,1.4960589470291137,1.837670495033264,0.6524,0.5332,NA,0.8104,0.5489473296740034,0.5332,0.5489473296740034,0.6397740422949094,0.5332,0.6397740422949094,0.5331999999999999,0.5332,0.5332,0.5331999999999999,0.5284848484848486,0.5300974913165029,1.0450184345245361,2.002845048904419,0.1628929760371696,1.4814391136169434,0.6035,7,False,0.06496777573600411,0.10960588088402379,1.837675929069519,0.6148058176040649,0.5981678366661072,1.4259675741195679,1.4960589470291137,1.4960589470291137,NA,NA,NA,NA,NA,NA,NA,NA,NA,NA,NA,0.05,0.05,0.05,[0.05],0.9,0.0005,1.978786093652096,3.6761057376861572,1.5314273834228516,1.9705114960670471,2.240904867649078,2.373314542770385,0.16214342582284685,NA,0.0,57.87339782714844,13.291237831115723,0.22966057515428612,65536.0,0,782,782,0,0,63.474897146224976,61.302032709121704,2.1728644371032715,2065.6484389305115,15.117627143859863,46.16871428489685,0.0,0.0,0.2466720445604277,0.0,0.0,78.37128059943315,80.0396203994751,99.78029727935791,104.36611175537095,120.05782127380371,815.6336387285903,4602.21992188863,50000,2000000,12694.979429244995,45.63492063492063,87.0,3597.0390625,20475.0,25.142857142857142,63.44444444444444,66.0,71.60801587301587,108.925,2370.0,8551.0,4471.328010999479,0.0,34.3193359375,2498.0,630.58544921875,20474.5,1,14.298412698412694,24,23744.842447916668,64860.765625,36.60158730158729,2192.61328125,-1,628230,4518.5204664992,1.2551445740275555,0.0012551445740275554,164472.21896899727,45.68672749138813,0.04568672749138813,0.5961936726630889,0.0005961936726630888,21.701195558409363,0.021701195558409363,475.0,71.27219301164726,108.925,66.424,90.370409329984,601,10.0,64,64,1,True,240,sgd,multistep,32,100,0.0,False,1.0.0
p7-msdnet-cifar100-jointexit-s1,40,32062,2026-09-01T10:34:19Z,1788258859.982283,local,0,local-1c8d861c2a,CB-410-122,msdnet,msdnet,cifar100,1,p7,jointexit,49fd74a2ab0863226c5a3e8c535afbf6dfbef29c39d0bda5aca7334f5d2e5d69,1.493219566116333,1.525271062850952,0.65184,0.5842,NA,0.852,0.5802064166956746,0.5842,0.5802064166956746,0.6238632412909433,0.5842,0.6238632412909435,0.5841999999999998,0.5842,0.5842,0.5841999999999998,0.5800000000000001,0.5804831337050022,1.0068590641021729,2.0978779792785645,0.16582799200716336,1.4844326376914978,0.6035,8,False,0.01905794271416961,0.06055028364062309,1.5252734422683716,0.5452820062637329,0.5845394134521484,1.5641734600067139,1.493219566116333,1.493219566116333,NA,NA,NA,NA,NA,NA,NA,NA,NA,NA,NA,0.05,0.05,0.05,[0.05],0.9,0.0005,1.979457351252856,3.6551570892333984,1.495576024055481,1.970117449760437,2.209713399410248,2.3066624283790578,0.15950143547262158,NA,0.0,57.88188552856445,13.29957103729248,0.2297708672729606,65536.0,0,782,782,0,0,63.2359619140625,61.020323038101196,2.2156388759613037,2128.884400844574,15.027230501174927,45.96624946594238,0.0,0.0,0.24637437492132566,0.0,0.0,77.99677745155665,80.1769495010376,99.70853328704834,103.96785974502559,116.41573905944824,819.3991363955893,4513.370887510394,50000,2050000,12583.956420898438,48.92063492063492,84.0,3597.0390625,20475.0,27.571428571428573,63.41269841269841,66.0,71.90992063492065,108.115,2368.5714285714284,8551.0,4493.315838999856,1.0,33.9267578125,2498.0,629.78173828125,20474.5,1,13.98888888888889,24,23750.299541170636,64860.765625,36.59999999999999,2191.765625,-1,628230,4506.301708000538,1.251750474444594,0.001251750474444594,168978.5206769978,46.938477965832725,0.046938477965832726,0.5945814753611821,0.0005945814753611821,22.295777033770545,0.022295777033770545,475.0,71.40944186046511,108.115,65.45,90.12603416001076,602,10.0,64,64,1,True,240,sgd,multistep,32,100,0.0,False,1.0.0
p7-msdnet-cifar100-jointexit-s1,41,32844,2026-09-01T10:35:23Z,1788258923.3508658,local,0,local-1c8d861c2a,CB-410-122,msdnet,msdnet,cifar100,1,p7,jointexit,49fd74a2ab0863226c5a3e8c535afbf6dfbef29c39d0bda5aca7334f5d2e5d69,1.4930848086547852,1.5576385452270507,0.65178,0.577,NA,0.855,0.5763082474998035,0.577,0.5763082474998036,0.6317743544195153,0.577,0.6317743544195151,0.5770000000000001,0.577,0.577,0.5770000000000001,0.5727272727272728,0.5736123789814167,0.967134952545166,2.0119247436523438,0.17181399002326592,1.4849663376808167,0.6035,9,False,0.023488784478604776,0.05970896780490875,1.5576374530792236,0.5552887916564941,0.5865388512611389,1.5634257793426514,1.4930848086547852,1.4930848086547852,NA,NA,NA,NA,NA,NA,NA,NA,NA,NA,NA,0.05,0.05,0.05,[0.05],0.9,0.0005,1.9758553068402787,2.4751923084259033,1.5183160305023193,1.9756852388381958,2.2729320526123047,2.3906929016113283,0.15954728141764501,NA,0.0,57.87751007080078,13.30749797821045,0.22992519826667673,65536.0,1,782,782,0,0,63.20279574394226,60.98573303222656,2.2170627117156982,2192.0871965885162,14.762242794036865,46.2076141834259,0.0,0.0,0.2421236251135321,0.0,0.0,77.96656902488846,79.67877388000488,99.47426319122314,103.03452730178832,126.91640853881836,819.8638847807011,4510.472323203429,50000,2100000,12514.153557300568,47.53968253968254,90.0,3597.0390625,20475.0,26.96825396825397,63.41269841269841,66.0,71.31022222222224,109.514,2369.5238095238096,8551.0,4450.129007500209,1.0,34.3193359375,2498.0,630.58544921875,20474.5,1,13.803174603174604,24,23743.063740079364,64860.765625,36.59999999999999,2193.921875,-1,628230,4489.232577000026,1.2470090491666739,0.0012470090491666739,173467.75325399783,48.185487014999396,0.0481854870149994,0.5923292983541701,0.0005923292983541701,22.888106332124714,0.022888106332124715,475.0,71.13959369817579,109.514,66.013,89.78465154000052,603,10.0,64,64,1,True,240,sgd,multistep,32,100,0.0,False,1.0.0
p7-msdnet-cifar100-jointexit-s1,42,33626,2026-09-01T10:36:18Z,1788258978.9029293,local,0,local-1c8d861c2a,CB-410-122,msdnet,msdnet,cifar100,1,p7,jointexit,49fd74a2ab0863226c5a3e8c535afbf6dfbef29c39d0bda5aca7334f5d2e5d69,1.487132038230896,1.5305121767044068,0.65354,0.5798,NA,0.8551,0.5818045476469914,0.5798,0.5818045476469913,0.6368859064532835,0.5798,0.6368859064532834,0.5798000000000001,0.5798,0.5798,0.5798000000000001,0.5755555555555556,0.5763136096165469,1.0134224891662598,2.1185739040374756,0.1661448491075168,1.4899073839187622,0.6035,10,False,0.015853827779740093,0.08321046935660498,1.5305094718933105,0.5465731620788574,0.5858561992645264,1.5488425493240356,1.487132038230896,1.487132038230896,NA,NA,NA,NA,NA,NA,NA,NA,NA,NA,NA,0.05,0.05,0.05,[0.05],0.9,0.0005,1.9718096565712444,4.125973701477051,1.5045884847640991,1.9675112962722778,2.2230124473571777,2.3451416516304,0.16914086937648143,NA,0.0,57.89067077636719,13.21345329284668,0.22824840541044192,65536.0,0,782,782,0,0,55.48860549926758,53.43584847450256,2.0527570247650146,2247.575802087784,11.115454196929932,42.308748722076416,0.0,0.0,0.20806027211639438,0.0,0.0,68.31739503709251,66.70475006103516,83.8191032409668,100.79353570938109,138.17882537841797,935.7014331653775,4871.497152053215,50000,2150000,10931.255283355713,52.36363636363637,92.0,3597.0390625,20475.0,29.036363636363635,64.52727272727273,68.0,76.34769090909091,113.445,2369.4545454545455,8551.0,4151.297929999755,1.0,33.9267578125,2498.0,629.78173828125,20474.5,1,10.643636363636368,24,23747.54502840909,64860.765625,36.59999999999999,2195.4921875,-1,628230,4207.804104999204,1.16883447361089,0.0011688344736108902,177675.55735899703,49.35432148861029,0.049354321488610284,0.5551963749651728,0.0005551963749651728,23.443302707089888,0.02344330270708989,475.0,75.9854461247637,113.731,67.603,84.15608209998409,529,10.0,64,64,1,True,240,sgd,multistep,32,100,0.0,False,1.0.0
p7-msdnet-cifar100-jointexit-s1,43,34408,2026-09-01T10:37:09Z,1788259029.802934,local,0,local-1c8d861c2a,CB-410-122,msdnet,msdnet,cifar100,1,p7,jointexit,49fd74a2ab0863226c5a3e8c535afbf6dfbef29c39d0bda5aca7334f5d2e5d69,1.488549062576294,1.6850840282440185,0.65248,0.5414,NA,0.8312,0.5450721331018099,0.5414,0.5450721331018099,0.6080910112919338,0.5414,0.6080910112919339,0.5414,0.5414,0.5414,0.5414,0.5367676767676768,0.5376370218367978,0.974195122718811,2.133740186691284,0.16732847012291338,1.4864010214805603,0.6035,11,False,0.01964200764521957,0.05969426780939102,1.6850918531417847,0.5898032188415527,0.5592992901802063,1.6485601663589478,1.488549062576294,1.488549062576294,NA,NA,NA,NA,NA,NA,NA,NA,NA,NA,NA,0.05,0.05,0.05,[0.05],0.9,0.0005,1.9749058166428295,3.8270232677459717,1.5624359846115112,1.9601627588272095,2.255441009998321,2.4104242444038393,0.17047877942907577,NA,0.0,57.85700607299805,13.257174491882324,0.22913689096106665,65536.0,0,782,782,0,0,50.850404500961304,48.80181884765625,2.0485856533050537,2298.426206588745,9.2191641330719,39.56270980834961,0.0,0.0,0.18898749449729016,0.0,0.0,62.38091296856971,66.27488136291504,69.2157506942749,83.09076309204102,84.7015380859375,1024.5519773778124,4881.416592890151,50000,2200000,9966.679282188416,57.86274509803921,92.0,3597.0390625,20475.0,32.96078431372549,66.2156862745098,69.0,80.78764705882351,113.731,2370.0,8551.0,4067.0193465001753,0.0,34.3193359375,2498.0,630.58544921875,20474.5,1,8.299999999999997,24,23757.36948529412,64860.765625,36.599999999999994,2192.7265625,-1,628230,4057.8327225003923,1.127175756250109,0.001127175756250109,181733.39008149743,50.4814972448604,0.050481497244860396,0.5354084842188018,0.0005354084842188018,23.97871119130869,0.02397871119130869,475.0,79.95604958677686,114.042,74.32,81.15665445000785,484,10.0,64,64,1,True,240,sgd,multistep,32,100,0.0,False,1.0.0
p7-msdnet-cifar100-jointexit-s1,44,35190,2026-09-01T10:37:59Z,1788259079.3233933,local,0,local-1c8d861c2a,CB-410-122,msdnet,msdnet,cifar100,1,p7,jointexit,49fd74a2ab0863226c5a3e8c535afbf6dfbef29c39d0bda5aca7334f5d2e5d69,1.4884910650634766,1.5554795166015625,0.65398,0.579,NA,0.8513,0.5741350054565334,0.579,0.5741350054565333,0.6165604541465172,0.579,0.6165604541465172,0.5790000000000002,0.579,0.579,0.5790000000000002,0.5747474747474748,0.5752509874262783,0.9396242499351501,2.1381707191467285,0.17080458740638588,1.4885857105255127,0.6035,12,False,0.023125744377076637,0.2692127873500188,1.5554780960083008,0.555748701095581,0.5702972412109375,1.6097971200942993,1.4884910650634766,1.4884910650634766,NA,NA,NA,NA,NA,NA,NA,NA,NA,NA,NA,0.05,0.05,0.05,[0.05],0.9,0.0005,1.9778895765810098,3.868105411529541,1.4991474151611328,1.971579909324646,2.2550876140594482,2.3611976146697997,0.16611126903869422,NA,0.0,57.903560638427734,13.337139129638672,0.23033366139469272,65536.0,1,782,782,0,0,49.46917486190796,47.406540632247925,2.062634229660034,2347.895381450653,9.516761541366577,37.87640023231506,0.0,0.0,0.20080452928657364,0.0,0.0,60.60506620675402,63.030242919921875,69.41030025482178,79.71589088439939,86.17043495178223,1054.7067837721088,4848.169324547771,50000,2250000,9646.489098072052,58.91836734693877,92.0,3597.0390625,20475.0,32.91836734693877,67.12244897959184,69.0,81.32940816326531,113.518,2370.0,8551.0,3926.3954279994755,0.0,33.9267578125,2498.0,629.78173828125,20474.5,1,8.73265306122449,24,23755.412069515307,64860.765625,36.599999999999994,2192.640625,-1,628230,4015.463009500656,1.11540639152796,0.00111540639152796,185748.85309099808,51.596903636388355,0.05159690363638835,0.529818035975781,0.000529818035975781,24.50852922728447,0.02450852922728447,475.0,81.29432835820896,113.539,77.72,80.30926019001312,469,10.0,64,64,1,True,240,sgd,multistep,32,100,0.0,False,1.0.0
p7-msdnet-cifar100-jointexit-s1,45,35972,2026-09-01T10:38:48Z,1788259128.540965,local,0,local-1c8d861c2a,CB-410-122,msdnet,msdnet,cifar100,1,p7,jointexit,49fd74a2ab0863226c5a3e8c535afbf6dfbef29c39d0bda5aca7334f5d2e5d69,1.4798106513977052,1.6013376150131227,0.65498,0.5687,NA,0.8435,0.5675290049114051,0.5687,0.5675290049114052,0.6204977634345253,0.5687,0.6204977634345255,0.5687,0.5687,0.5687,0.5687,0.5643434343434344,0.564986818449023,0.9921115636825562,2.16314435005188,0.17106496147741712,1.4697497487068176,0.6035,13,False,0.01794910203963518,0.05952877551317215,1.6013402938842773,0.5606619119644165,0.5671892762184143,1.6515250205993652,1.4798106513977052,1.4798106513977052,NA,NA,NA,NA,NA,NA,NA,NA,NA,NA,NA,0.05,0.05,0.05,[0.05],0.9,0.0005,1.97841121900417,4.912076473236084,1.5055315494537354,1.9716433882713318,2.238797903060913,2.383814496994018,0.190880001524411,NA,0.0,57.919822692871094,13.246719360351562,0.22870787140689916,65536.0,0,782,782,0,0,49.15187191963196,47.101584672927856,2.0502872467041016,2397.047253370285,9.130273342132568,37.95811581611633,0.0,0.0,0.193896489248096,0.0,0.0,60.215331404410364,63.083648681640625,69.54345703125,81.75323009490965,83.69708061218262,1061.5354100546438,4877.365362378028,50000,2300000,9535.4631524086,58.857142857142854,92.0,3597.0390625,20475.0,33.57142857142857,67.28571428571429,70.0,81.77102040816327,113.539,2370.0,8551.0,3947.5028480002425,0.0,34.3193359375,2498.0,630.58544921875,20474.5,1,8.677551020408163,24,23763.29934630102,64860.765625,36.60612244897959,2192.6875,-1,628229,4007.7091040000755,1.11325252888891,0.0011132525288889098,189756.56219499814,52.71015616527726,0.052710156165277265,0.5287949512222321,0.0005287949512222321,25.0373241785067,0.025037324178506702,475.0,81.66236247334756,113.7,78.454,80.1541820800015,469,10.0,64,64,1,True,240,sgd,multistep,32,100,0.0,False,1.0.0
p7-msdnet-cifar100-jointexit-s1,46,36754,2026-09-01T10:39:38Z,1788259178.1609168,local,0,local-1c8d861c2a,CB-410-122,msdnet,msdnet,cifar100,1,p7,jointexit,49fd74a2ab0863226c5a3e8c535afbf6dfbef29c39d0bda5aca7334f5d2e5d69,1.4822262329864502,1.461209489440918,0.65536,0.6011,NA,0.8676,0.6038092056869331,0.6011,0.603809205686933,0.6391222480611602,0.6011,0.6391222480611604,0.6011000000000001,0.6011,0.6011,0.6011000000000001,0.5970707070707071,0.5975105764096384,0.9265204071998596,2.077627182006836,0.17150224585934465,1.4829055666923523,0.6035,14,False,0.021849872558936476,0.06700067809853422,1.461213231086731,0.5301820039749146,0.5843488574028015,1.562624454498291,1.4822262329864502,1.4822262329864502,NA,NA,NA,NA,NA,NA,NA,NA,NA,NA,NA,0.05,0.05,0.05,[0.05],0.9,0.0005,1.976490215877133,3.887244939804077,1.4647879600524902,1.9742134809494019,2.234144043922424,2.41077680826187,0.17431112523156742,NA,0.0,57.90831756591797,13.248184204101562,0.22877860661416974,65536.0,0,782,782,0,0,49.585962533950806,47.52353286743164,2.062429666519165,2446.633215904236,9.156781673431396,38.350834608078,0.0,0.0,0.19274344600184326,0.0,0.0,60.751427469960866,63.12870979309082,70.46124935150146,82.59639978408813,88.05060386657715,1052.1103332001126,4848.650192700802,50000,2350000,9570.090769052505,59.326530612244895,91.0,3597.0390625,20475.0,32.714285714285715,66.91836734693878,69.0,81.10448979591837,112.277,2370.0,8551.0,3914.680908000112,0.0,33.9267578125,2498.0,629.78173828125,20474.5,1,9.246938775510204,24,23765.071508290817,64860.765625,36.608163265306125,2192.69921875,-1,628181,4016.5636065004323,1.1157121129167868,0.0011157121129167869,193773.12580149857,53.825868278194044,0.05382586827819404,0.5299632536354738,0.0005299632536354738,25.567287432142177,0.025567287432142177,475.0,81.17540042372882,114.154,78.003,80.33127213000866,472,10.0,64,64,1,True,240,sgd,multistep,32,100,0.0,False,1.0.0
p7-msdnet-cifar100-jointexit-s1,47,37536,2026-09-01T10:40:29Z,1788259229.4098456,local,0,local-1c8d861c2a,CB-410-122,msdnet,msdnet,cifar100,1,p7,jointexit,49fd74a2ab0863226c5a3e8c535afbf6dfbef29c39d0bda5aca7334f5d2e5d69,1.4776785717010499,1.4368504091262817,0.65768,0.6036,NA,0.8684,0.5990367689107289,0.6036,0.5990367689107289,0.6348938747509653,0.6036,0.6348938747509651,0.6035999999999999,0.6036,0.6036,0.6035999999999999,0.5995959595959596,0.600043170532785,0.9647189974784851,2.026669502258301,0.1688840335803131,1.4742038249969482,0.6036,0,True,0.014422610629722483,0.060411486774683,1.4368563890457153,0.5192580223083496,0.5937095880508423,1.5156890153884888,1.4776785717010499,1.4776785717010499,NA,NA,NA,NA,NA,NA,NA,NA,NA,NA,NA,0.05,0.05,0.05,[0.05],0.9,0.0005,1.9828487614816037,2.738907814025879,1.5440281629562378,1.9733197689056396,2.252228260040283,2.4121212005615242,0.15774987187989978,NA,0.0,57.94556427001953,13.347983360290527,0.2303538420661587,65536.0,1,782,782,0,0,51.166335105895996,49.103333711624146,2.0630013942718506,2497.799551010132,9.577080726623535,39.52625298500061,0.0,0.0,0.1950393181625542,0.0,0.0,62.79198684350913,63.61865997314453,71.02644443511963,84.0660285949707,86.06147766113281,1018.2608026909503,4847.306467056249,50000,2400000,9823.936340332031,57.411764705882355,92.0,3597.4765625,20475.0,32.92156862745098,66.66666666666667,69.0,80.30723529411765,113.765,2370.0,8551.0,4033.309232999939,0.0,34.3193359375,2498.0,630.58544921875,20474.5,1,8.629411764705884,24,23863.91957720588,64860.765625,36.78823529411765,2192.68359375,-1,628229,4090.4894149999714,1.1362470597222143,0.0011362470597222143,197863.61521649853,54.96211533791626,0.054962115337916256,0.5397173533680518,0.0005397173533680518,26.10700478551023,0.02610700478551023,475.0,80.05150207468878,113.765,76.208,81.80978829999943,482,10.0,64,64,1,True,240,sgd,multistep,32,100,0.0,False,1.0.0
p7-msdnet-cifar100-jointexit-s1,48,38318,2026-09-01T10:41:21Z,1788259281.1801224,local,0,local-1c8d861c2a,CB-410-122,msdnet,msdnet,cifar100,1,p7,jointexit,49fd74a2ab0863226c5a3e8c535afbf6dfbef29c39d0bda5aca7334f5d2e5d69,1.4772911898803711,1.4927559619903565,0.65764,0.5876,NA,0.8636,0.5889892979432401,0.5876,0.58898929794324,0.6287802406145854,0.5876,0.6287802406145852,0.5876,0.5876,0.5876,0.5876,0.5834343434343434,0.5839710293759488,0.9861961603164673,2.110633611679077,0.1755099413417418,1.4583106637001038,0.6036,1,False,0.01935065998211502,0.06293082982301712,1.4927581548690796,0.5407179594039917,0.5896665453910828,1.548915982246399,1.4772911898803711,1.4772911898803711,NA,NA,NA,NA,NA,NA,NA,NA,NA,NA,NA,0.05,0.05,0.05,[0.05],0.9,0.0005,1.9888492636668407,4.086778163909912,1.4493292570114136,1.9761953353881836,2.272965121269226,2.4355449295043945,0.18173614626689974,NA,0.0,57.967079162597656,13.30075454711914,0.22945359226761322,65536.0,0,782,782,0,0,51.684478759765625,49.617207050323486,2.0672717094421387,2549.4840297698975,9.636259078979492,39.980947971343994,0.0,0.0,0.1942120415848088,0.0,0.0,63.44911387509397,66.4377212524414,69.86260414123535,83.0022406578064,85.36338806152344,1007.714923358912,4837.293498636684,50000,2450000,9871.735443115234,57.31372549019608,91.0,3597.4765625,20475.0,31.941176470588236,66.43137254901961,69.0,79.78982352941176,113.238,2370.0,8551.0,4014.8792169994917,0.0,33.9267578125,2498.0,629.78173828125,20474.5,1,8.486274509803922,24,23817.27397365196,64860.765625,36.70196078431373,2192.83203125,-1,628229,4096.91311500009,1.1380314208333584,0.0011380314208333585,201960.52833149862,56.10014675874962,0.056100146758749615,0.5405649248958453,0.0005405649248958452,26.647569710406074,0.026647569710406074,475.0,79.44787423935092,113.885,76.104,81.93826230000181,493,10.0,64,64,1,True,240,sgd,multistep,32,100,0.0,False,1.0.0
p7-msdnet-cifar100-jointexit-s1,49,39100,2026-09-01T10:42:12Z,1788259332.4652433,local,0,local-1c8d861c2a,CB-410-122,msdnet,msdnet,cifar100,1,p7,jointexit,49fd74a2ab0863226c5a3e8c535afbf6dfbef29c39d0bda5aca7334f5d2e5d69,1.4753258392715454,1.581417813682556,0.65874,0.5646,NA,0.8453,0.5693032634671749,0.5646,0.5693032634671749,0.6264810729313495,0.5646,0.6264810729313495,0.5646,0.5646,0.5646,0.5646,0.5602020202020201,0.5608629702631538,0.9550116658210754,2.0501530170440674,0.1648154348955694,1.4797840118408203,0.6036,2,False,0.02262074951529503,0.07041225186709699,1.5814200639724731,0.5638578534126282,0.5872207283973694,1.5191508531570435,1.4753258392715454,1.4753258392715454,NA,NA,NA,NA,NA,NA,NA,NA,NA,NA,NA,0.05,0.05,0.05,[0.05],0.9,0.0005,1.987070363500844,4.360987663269043,1.5304803848266602,1.9812084436416626,2.2501996397972106,2.3570871019363393,0.17465498193232049,NA,0.0,58.03513717651367,13.320856094360352,0.2295308797814161,65536.0,0,782,782,0,0,51.204073667526245,49.12758231163025,2.075444221496582,2600.6881034374237,8.512147665023804,40.607513666152954,0.0,0.0,0.17329410330484213,0.0,0.0,62.81286615239995,65.99283218383789,71.88031673431396,82.79450893402098,85.32023429870605,1017.7582052142473,4818.24560565116,50000,2500000,9728.773996829987,57.90196078431372,92.0,3597.4765625,20475.0,33.333333333333336,66.52941176470588,69.0,80.18464705882353,113.885,2370.0,8551.0,4029.5918829991256,0.0,34.3193359375,2498.0,630.58544921875,20474.5,1,8.711764705882354,24,23818.868106617647,64860.765625,36.7,2192.87109375,-1,628229,4082.275605999906,1.133965446111085,0.001133965446111085,206042.8039374985,57.2341122048607,0.057234112204860695,0.5386335869027653,0.0005386335869027653,27.18620329730884,0.02718620329730884,475.0,79.92716016427106,113.885,76.932,81.64551211999813,487,10.0,64,64,1,True,240,sgd,multistep,32,100,0.0,False,1.0.0
p7-msdnet-cifar100-jointexit-s1,50,39882,2026-09-01T10:43:04Z,1788259384.3171248,local,0,local-1c8d861c2a,CB-410-122,msdnet,msdnet,cifar100,1,p7,jointexit,49fd74a2ab0863226c5a3e8c535afbf6dfbef29c39d0bda5aca7334f5d2e5d69,1.4759817056655884,1.5304731168746948,0.65642,0.583,NA,0.8515,0.5800686789865928,0.583,0.5800686789865928,0.623848427645793,0.583,0.623848427645793,0.5829999999999999,0.583,0.583,0.5829999999999999,0.5787878787878789,0.5792833428243876,0.9601933360099792,2.032881259918213,0.17079928228285568,1.4721096754074097,0.6036,3,False,0.015539660251513121,0.06087632104754448,1.530468463897705,0.5432887673377991,0.5813280344009399,1.5853723287582397,1.4759817056655884,1.4759817056655884,NA,NA,NA,NA,NA,NA,NA,NA,NA,NA,NA,0.05,0.05,0.05,[0.05],0.9,0.0005,1.9862853535922023,2.9571874141693115,1.479312539100647,1.9807908535003662,2.252927780151367,2.4305448055267336,0.1677534984835208,NA,0.0,58.04227828979492,13.366835594177246,0.2302948124716776,65536.0,1,782,782,0,0,51.8004412651062,49.752801179885864,2.047640085220337,2652.48854470253,8.483847379684448,41.24654221534729,0.0,0.0,0.17059684126287275,0.0,0.0,63.59384858699711,66.03515148162842,72.97172546386719,82.32337236404419,86.39001846313477,1004.968540750507,4883.670754532991,50000,2550000,9790.283399105072,57.36538461538461,92.0,3597.4765625,20475.0,33.17307692307692,66.25,69.0,80.21578846153845,113.056,2370.0,8551.0,4105.540606999792,0.0,33.9267578125,2498.0,629.78173828125,20474.5,1,8.353846153846154,24,23815.99151141827,64860.765625,36.7,2196.15625,-1,628229,4107.967521500158,1.1411020893055994,0.0011411020893055995,210150.77145899867,58.3752142941663,0.0583752142941663,0.5420234924201598,0.0005420234924201598,27.728226789729,0.027728226789729,475.0,79.43043319838058,113.062,76.032,82.15935043000316,494,10.0,64,64,1,True,240,sgd,multistep,32,100,0.0,False,1.0.0
p7-msdnet-cifar100-jointexit-s1,51,40664,2026-09-01T10:43:55Z,1788259435.1354904,local,0,local-1c8d861c2a,CB-410-122,msdnet,msdnet,cifar100,1,p7,jointexit,49fd74a2ab0863226c5a3e8c535afbf6dfbef29c39d0bda5aca7334f5d2e5d69,1.4729635757446289,1.5232942211151124,0.65864,0.5763,NA,0.8585,0.5742850355235363,0.5763,0.5742850355235363,0.626626749102213,0.5763,0.6266267491022129,0.5762999999999999,0.5763,0.5763,0.5762999999999999,0.5720202020202021,0.5727831655578117,0.9928584098815918,2.0896060466766357,0.16922885728891146,1.4641395807266235,0.6036,4,False,0.013076142770051959,0.10953671733538309,1.5232919454574585,0.548424243927002,0.5820516347885132,1.5796763896942139,1.4729635757446289,1.4729635757446289,NA,NA,NA,NA,NA,NA,NA,NA,NA,NA,NA,0.05,0.05,0.05,[0.05],0.9,0.0005,1.991665183888067,3.33113956451416,1.5458465814590454,1.9760770201683044,2.2583719730377196,2.407521181106566,0.165225698267453,NA,0.0,58.05685806274414,13.441344261169434,0.2315203528004028,65536.0,0,782,782,0,0,50.73332333564758,48.69322085380554,2.040102481842041,2703.2218680381775,9.599145412445068,39.07964563369751,0.0,0.0,0.19719358690206681,0.0,0.0,62.24909340938949,65.74010848999023,72.09503650665283,83.13525438308714,89.34426307678223,1026.8369831216933,4901.714540816029,50000,2600000,9537.864787101746,57.745098039215684,92.0,3597.4765625,20475.0,33.23529411764706,66.03921568627452,69.0,80.51241176470587,113.301,2370.0,8551.0,4042.692340000008,0.0,34.3193359375,2498.0,630.58544921875,20474.5,1,8.7,24,23797.865349264706,64860.765625,36.70196078431373,2193.34765625,-1,628229,4053.037684499469,1.1258438012498524,0.0011258438012498526,214203.80914349813,59.50105809541615,0.05950105809541615,0.5347758055936799,0.0005347758055936799,28.26300259532268,0.02826300259532268,475.0,80.01166528925619,113.301,76.169,81.06075368998938,484,10.0,64,64,1,True,240,sgd,multistep,32,100,0.0,False,1.0.0
p7-msdnet-cifar100-jointexit-s1,52,41446,2026-09-01T10:44:45Z,1788259485.3869138,local,0,local-1c8d861c2a,CB-410-122,msdnet,msdnet,cifar100,1,p7,jointexit,49fd74a2ab0863226c5a3e8c535afbf6dfbef29c39d0bda5aca7334f5d2e5d69,1.476280813331604,1.5533039922714234,0.65678,0.5739,NA,0.8494,0.5744360082141298,0.5739,0.5744360082141298,0.6284762443066346,0.5739,0.6284762443066345,0.5739,0.5739,0.5739,0.5739,0.5695959595959597,0.5703050880695089,1.03926420211792,2.0052099227905273,0.16765566094248463,1.4734265804290771,0.6036,5,False,0.02060560949742793,0.06478530168533325,1.553310751914978,0.5528193116188049,0.5917235612869263,1.5175882577896118,1.476280813331604,1.476280813331604,NA,NA,NA,NA,NA,NA,NA,NA,NA,NA,NA,0.05,0.05,0.05,[0.05],0.9,0.0005,1.9896796008814936,3.7796630859375,1.5455526113510132,1.9860546588897705,2.2615126252174376,2.4263029456138603,0.17733111930442344,NA,0.0,58.0821533203125,13.367220878601074,0.2301433420500663,65536.0,0,782,782,0,0,50.20810008049011,48.14166283607483,2.066437244415283,2753.4299681186676,9.563390493392944,38.57080698013306,0.0,0.0,0.19868183111711474,0.0,0.0,61.55268219120972,65.95182418823242,69.14708614349364,82.78698205947873,84.69867706298828,1038.6014328223957,4839.246885926888,50000,2650000,9388.914715051651,59.3,92.0,3597.4765625,20475.0,34.04,66.46,69.0,80.72416,113.752,2370.0,8551.0,3980.0013705006463,0.0,33.9267578125,2498.0,629.78173828125,20474.5,1,8.802,24,23806.521484375,64860.765625,36.7,2193.2890625,-1,628229,4031.491668500112,1.1198587968055866,0.0011198587968055866,218235.30081199826,60.620916892221736,0.06062091689222174,0.5319329284826536,0.0005319329284826537,28.794935523805332,0.028794935523805333,475.0,80.49393920335429,113.752,76.765,80.62983337000225,477,10.0,64,64,1,True,240,sgd,multistep,32,100,0.0,False,1.0.0
p7-msdnet-cifar100-jointexit-s1,53,42228,2026-09-01T10:45:35Z,1788259535.2077951,local,0,local-1c8d861c2a,CB-410-122,msdnet,msdnet,cifar100,1,p7,jointexit,49fd74a2ab0863226c5a3e8c535afbf6dfbef29c39d0bda5aca7334f5d2e5d69,1.471292289352417,1.438051886177063,0.65802,0.5991,NA,0.8704,0.5998550065715053,0.5991,0.5998550065715053,0.6359849626764169,0.5991,0.6359849626764168,0.5991,0.5991,0.5991,0.5991,0.595050505050505,0.5954924763617256,0.9552901983261108,2.1377148628234863,0.16484282333460656,1.4676282405853271,0.6036,6,False,0.01862693345248698,0.10508828486005464,1.438053846359253,0.5259926915168762,0.5827062726020813,1.565788984298706,1.471292289352417,1.471292289352417,NA,NA,NA,NA,NA,NA,NA,NA,NA,NA,NA,0.05,0.05,0.05,[0.05],0.9,0.0005,1.9855511084714101,2.5844788551330566,1.5705335140228271,1.975823998451233,2.268237829208374,2.3774505138397215,0.15440115436625396,NA,0.0,58.087650299072266,13.391729354858398,0.23054348533482136,65536.0,1,782,782,0,0,49.771353006362915,47.71836471557617,2.052988290786743,2803.2013211250305,8.965907096862793,38.736374855041504,0.0,0.0,0.18795551763965182,0.0,0.0,61.000360552307285,63.104987144470215,69.89872455596924,81.44390821456909,85.59989929199219,1047.8146159874389,4870.948385276866,50000,2700000,9257.471659183502,59.98,92.0,3597.4765625,20475.0,34.42,66.66,69.0,81.45644,113.464,2370.0,8551.0,4008.9056054998578,0.0,34.3193359375,2498.0,630.58544921875,20474.5,1,8.422000000000002,24,23790.61734375,64860.765625,36.7,2193.34765625,-1,628229,4023.264478999873,1.1175734663888537,0.0011175734663888537,222258.5652909981,61.73849035861059,0.061738490358610586,0.5308473965347055,0.0005308473965347054,29.32578292034004,0.02932578292034004,475.0,80.93610782241014,114.096,77.082,80.46528957999746,473,10.0,64,64,1,True,240,sgd,multistep,32,100,0.0,False,1.0.0
p7-msdnet-cifar100-jointexit-s1,54,43010,2026-09-01T10:46:24Z,1788259584.4914358,local,0,local-1c8d861c2a,CB-410-122,msdnet,msdnet,cifar100,1,p7,jointexit,49fd74a2ab0863226c5a3e8c535afbf6dfbef29c39d0bda5aca7334f5d2e5d69,1.4715309930419922,1.4987710857391356,0.65816,0.594,NA,0.8579,0.5877406624018705,0.594,0.5877406624018706,0.6363087562578729,0.594,0.636308756257873,0.594,0.594,0.594,0.594,0.5898989898989899,0.5905363734942458,1.0137850046157837,2.1779708862304688,0.1645509106433769,1.4656344652175903,0.6036,7,False,0.021186396083980798,0.0628288984298706,1.4987738132476807,0.5369674563407898,0.6088560223579407,1.4532877206802368,1.4715309930419922,1.4715309930419922,NA,NA,NA,NA,NA,NA,NA,NA,NA,NA,NA,0.05,0.05,0.05,[0.05],0.9,0.0005,1.9924081114247023,3.0290448665618896,1.5486913919448853,1.9817247986793518,2.2511176109313964,2.423975968360901,0.1628749859953404,NA,0.0,58.10009002685547,13.366880416870117,0.23006643209488273,65536.0,0,782,782,0,0,49.220942735672,47.15364694595337,2.067295789718628,2852.4222638607025,9.162494659423828,37.973515033721924,0.0,0.0,0.19438418141610714,0.0,0.0,60.27622722908664,63.272714614868164,69.3361759185791,77.80050992965697,85.15810966491699,1060.3633703520127,4837.237152870642,50000,2750000,9105.87440609932,59.06122448979592,92.0,3597.4765625,20475.0,33.326530612244895,66.73469387755102,69.0,81.55722448979591,114.096,2370.0,8551.0,3937.516304499328,0.0,33.9267578125,2498.0,629.78173828125,20474.5,1,8.534693877551021,24,23795.078364158162,64860.765625,36.699999999999996,2193.30078125,-1,628229,3996.280242499296,1.1100778451386935,0.0011100778451386933,226254.8455334974,62.84856820374928,0.06284856820374927,0.5272869764408793,0.0005272869764408793,29.853069896780916,0.029853069896780916,475.0,81.2972515991471,114.096,77.66,79.92560484998593,469,10.0,64,64,1,True,240,sgd,multistep,32,100,0.0,False,1.0.0
p7-msdnet-cifar100-jointexit-s1,55,43792,2026-09-01T10:47:16Z,1788259636.0266397,local,0,local-1c8d861c2a,CB-410-122,msdnet,msdnet,cifar100,1,p7,jointexit,49fd74a2ab0863226c5a3e8c535afbf6dfbef29c39d0bda5aca7334f5d2e5d69,1.4658586613845825,1.5356837642669678,0.65886,0.5815,NA,0.8565,0.5833602832095206,0.5815,0.5833602832095206,0.6185032652267528,0.5815,0.6185032652267529,0.5815,0.5815,0.5815,0.5815,0.5772727272727273,0.5777324408922901,1.0210740566253662,1.9530669450759888,0.1714007821974473,1.4624906778335571,0.6036,8,False,0.01948847789987922,0.9448823854327202,1.5356796979904175,0.5476964712142944,0.5973220467567444,1.47737455368042,1.4658586613845825,1.4658586613845825,NA,NA,NA,NA,NA,NA,NA,NA,NA,NA,NA,0.05,0.05,0.05,[0.05],0.9,0.0005,1.9925419057116789,4.1601433753967285,1.5069133043289185,1.9874910712242126,2.2532730102539062,2.373593492507934,0.1745835146859947,NA,0.0,58.11442565917969,13.416659355163574,0.2308662471147436,65536.0,0,782,782,0,0,51.46950054168701,49.41778755187988,2.051712989807129,2903.8917644023895,9.418280363082886,39.98106813430786,0.0,0.0,0.19065596307571456,0.0,0.0,63.17052237517998,66.10608100891113,71.64466381072998,82.19449520111084,87.10670471191406,1011.7814349237893,4873.976062772819,50000,2800000,9470.38809967041,56.529411764705884,96.0,3597.4765625,20475.0,32.19607843137255,66.3529411764706,69.0,80.05790196078432,113.676,2370.0,8551.0,4023.8822075004405,0.0,34.3193359375,2498.0,630.58544921875,20474.5,1,8.858823529411765,24,23793.05131740196,64860.765625,36.69803921568628,2193.2734375,-1,628228,4089.379625499809,1.135938784861058,0.001135938784861058,230344.2251589972,63.984506988610335,0.06398450698861033,0.5395709228090025,0.0005395709228090026,30.392640819589918,0.03039264081958992,475.0,79.66075356415479,113.676,76.282,81.78759250999619,491,10.0,64,64,1,True,240,sgd,multistep,32,100,0.0,False,1.0.0
p7-msdnet-cifar100-jointexit-s1,56,44574,2026-09-01T10:48:07Z,1788259687.7975028,local,0,local-1c8d861c2a,CB-410-122,msdnet,msdnet,cifar100,1,p7,jointexit,49fd74a2ab0863226c5a3e8c535afbf6dfbef29c39d0bda5aca7334f5d2e5d69,1.4696568902206422,1.4557696937561035,0.65924,0.5997,NA,0.868,0.60002831913486,0.5997,0.6000283191348601,0.6340823863154876,0.5997,0.6340823863154875,0.5996999999999999,0.5997,0.5997,0.5996999999999999,0.5956565656565657,0.5962192646946088,1.0109562873840332,2.026052713394165,0.16227201623599438,1.4651872515678406,0.6036,9,False,0.01859959006831049,0.03559733536118276,1.4557712078094482,0.5258023142814636,0.595042884349823,1.5244081020355225,1.4696568902206422,1.4696568902206422,NA,NA,NA,NA,NA,NA,NA,NA,NA,NA,NA,0.05,0.05,0.05,[0.05],0.9,0.0005,1.983292957121523,2.5895957946777344,1.587287187576294,1.9804728031158447,2.250974178314209,2.3642502307891844,0.1576227534455916,NA,0.0,58.14488220214844,13.360986709594727,0.22978783692679047,65536.0,1,782,782,0,0,51.72131872177124,49.65209650993347,2.0692222118377686,2955.6130831241608,9.534103631973267,40.10447716712952,0.0,0.0,0.19207043147667097,0.0,0.0,63.476446034658295,66.38848781585693,69.4429874420166,83.02925825119019,85.53600311279297,1007.0068237702093,4832.733740625446,50000,2850000,9465.001326084137,59.13725490196079,91.0,3597.4765625,20475.0,33.490196078431374,66.09803921568627,68.0,79.58247058823528,113.21,2370.0,8551.0,4009.511287000091,0.0,33.9267578125,2498.0,629.78173828125,20474.5,1,9.049019607843137,24,23804.525811887255,64860.765625,36.7,2193.265625,-1,628228,4096.427073500395,1.1378964093056652,0.001137896409305665,234440.65223249758,65.12240339791599,0.065122403397916,0.5405007944201909,0.0005405007944201909,30.93314161401011,0.03093314161401011,475.0,79.39483943089431,113.813,75.54,81.9285414700079,492,10.0,64,64,1,True,240,sgd,multistep,32,100,0.0,False,1.0.0
p7-msdnet-cifar100-jointexit-s1,57,45356,2026-09-01T10:48:59Z,1788259739.4524553,local,0,local-1c8d861c2a,CB-410-122,msdnet,msdnet,cifar100,1,p7,jointexit,49fd74a2ab0863226c5a3e8c535afbf6dfbef29c39d0bda5aca7334f5d2e5d69,1.458399385871887,1.4273361152648927,0.6617,0.6002,NA,0.8715,0.6019081226902318,0.6002,0.6019081226902318,0.6353463528418425,0.6002,0.6353463528418425,0.6002000000000001,0.6002,0.6002,0.6002000000000001,0.5961616161616161,0.5965165406349185,0.932494580745697,2.115441083908081,0.17053812403736382,1.4510707259178162,0.6036,10,False,0.02836759989857674,0.10854069764415422,1.4273349046707153,0.5236020684242249,0.5718324184417725,1.6175072193145752,1.458399385871887,1.458399385871887,NA,NA,NA,NA,NA,NA,NA,NA,NA,NA,NA,0.05,0.05,0.05,[0.05],0.9,0.0005,1.992330216843149,4.060911655426025,1.4525059461593628,1.9810110926628113,2.2537335634231566,2.3937471556663494,0.1717514991419011,NA,0.0,58.14568328857422,13.386399269104004,0.2302217208914366,65536.0,0,782,782,0,0,51.5859751701355,49.51954174041748,2.0664334297180176,3007.1990582942963,9.178459405899048,40.322009325027466,0.0,0.0,0.18542166652584852,0.0,0.0,63.299832136734665,66.11776351928711,70.01051902770996,82.47522354125975,83.37283134460449,1009.7023971284123,4839.255819319854,50000,2900000,9388.64748096466,57.0,91.0,3597.4765625,20475.0,31.764705882352942,66.2156862745098,68.0,79.39725490196079,113.813,2370.0,8551.0,3993.614870500383,0.0,34.3193359375,2498.0,630.58544921875,20474.5,1,9.003921568627451,24,23798.844132965685,64860.765625,36.7,2193.29296875,-1,628228,4085.1060620000053,1.1347516838888903,0.0011347516838888904,238525.7582944976,66.25715508180488,0.06625715508180488,0.5390070498472229,0.0005390070498472229,31.472148663857336,0.031472148663857336,475.0,79.41261349693251,113.813,75.422,81.70212124000011,489,10.0,64,64,1,True,240,sgd,multistep,32,100,0.0,False,1.0.0
p7-msdnet-cifar100-jointexit-s1,58,46138,2026-09-01T10:49:51Z,1788259791.431245,local,0,local-1c8d861c2a,CB-410-122,msdnet,msdnet,cifar100,1,p7,jointexit,49fd74a2ab0863226c5a3e8c535afbf6dfbef29c39d0bda5aca7334f5d2e5d69,1.4637028894805908,1.485487469100952,0.66064,0.5937,NA,0.8628,0.593899439096015,0.5937,0.593899439096015,0.6410566245723451,0.5937,0.641056624572345,0.5937,0.5937,0.5937,0.5937,0.5895959595959597,0.5901502338495442,1.0109670162200928,2.2388956546783447,0.16411084763830003,1.4551648497581482,0.6036,11,False,0.015748099329695106,0.28130072479446727,1.4854844808578491,0.5376644730567932,0.5964699387550354,1.498582124710083,1.4637028894805908,1.4637028894805908,NA,NA,NA,NA,NA,NA,NA,NA,NA,NA,NA,0.05,0.05,0.05,[0.05],0.9,0.0005,1.9865012281691021,3.911278009414673,1.6324974298477173,1.9717281460762024,2.2570185661315914,2.41138735294342,0.17202814808461916,NA,0.0,58.13372039794922,13.361214637756348,0.2298358774613656,65536.0,0,782,782,0,0,51.935686111450195,49.885366439819336,2.0503196716308594,3059.1347444057465,8.927750587463379,40.94125008583069,0.0,0.0,0.1790240523557229,0.0,0.0,63.77110060523539,66.18642807006836,72.7313756942749,82.91810274124144,85.7534408569336,1002.297939623616,4877.288228935456,50000,2950000,9400.359186172485,57.28846153846154,91.0,3614.0859375,20475.0,32.67307692307692,66.0576923076923,69.0,79.8634423076923,113.262,2370.0,8551.0,4093.2067214990293,0.0,33.9267578125,2498.0,629.78173828125,20474.5,1,8.646153846153846,24,23865.983173076922,64860.765625,36.79423076923078,2196.22265625,-1,628230,4096.120396499502,1.1378112212498617,0.0011378112212498616,242621.87869099708,67.39496630305474,0.06739496630305475,0.5404603300936842,0.0005404603300936843,32.01260899395102,0.03201260899395102,475.0,79.11296767676767,113.301,76.113,81.92240792999004,495,10.0,64,64,1,True,240,sgd,multistep,32,100,0.0,False,1.0.0
p7-msdnet-cifar100-jointexit-s1,59,46920,2026-09-01T10:50:41Z,1788259841.7171433,local,0,local-1c8d861c2a,CB-410-122,msdnet,msdnet,cifar100,1,p7,jointexit,49fd74a2ab0863226c5a3e8c535afbf6dfbef29c39d0bda5aca7334f5d2e5d69,1.4652132222366332,1.44048564453125,0.66268,0.6023,NA,0.8659,0.5994879584560916,0.6023,0.5994879584560917,0.6404811892529151,0.6023,0.6404811892529152,0.6023,0.6023,0.6023,0.6023,0.5982828282828283,0.5987315067750801,0.9903973340988159,2.0237836837768555,0.1628769886145567,1.4655537605285645,0.6036,12,False,0.014836083540320403,0.058296240866184235,1.440484881401062,0.5211430191993713,0.6045382022857666,1.4678415060043335,1.4652132222366332,1.4652132222366332,NA,NA,NA,NA,NA,NA,NA,NA,NA,NA,NA,0.05,0.05,0.05,[0.05],0.9,0.0005,1.9929638473691464,2.655827760696411,1.5684478282928467,1.9864163398742676,2.2584640979766846,2.3831229686737063,0.16183534820111273,NA,0.0,58.184112548828125,13.457969665527344,0.23129973245245275,65536.0,1,782,782,0,0,50.25205659866333,48.20149564743042,2.05056095123291,3109.38680100441,8.696272134780884,39.488834619522095,0.0,0.0,0.18047634882544486,0.0,0.0,61.61778357327747,65.18852710723877,69.90916728973389,82.7159833908081,84.99574661254883,1037.3122105115726,4876.714341988932,50000,3000000,9045.3701877594,57.02,92.0,3596.1640625,20475.0,31.82,66.16,69.0,80.65162000000001,113.262,2370.0,8551.0,3972.7376510001577,0.0,34.3193359375,2498.0,630.58544921875,20474.5,1,8.450000000000001,24,23895.463125,64860.765625,36.84,2193.37890625,-1,628230,4037.8362134999957,1.1216211704166654,0.0011216211704166655,246659.7149044971,68.51658747347142,0.06851658747347142,0.5327700559479162,0.0005327700559479161,32.54537904989893,0.03254537904989893,475.0,80.42650314465409,113.704,76.439,80.7567242699999,477,10.0,64,64,1,True,240,sgd,multistep,32,100,0.0,False,1.0.0
p7-msdnet-cifar100-jointexit-s1,60,47702,2026-09-01T10:51:31Z,1788259891.3521354,local,0,local-1c8d861c2a,CB-410-122,msdnet,msdnet,cifar100,1,p7,jointexit,49fd74a2ab0863226c5a3e8c535afbf6dfbef29c39d0bda5aca7334f5d2e5d69,1.4596896490859985,1.412184631538391,0.66212,0.6095,NA,0.8712,0.6074232573143464,0.6095,0.6074232573143464,0.637929093258122,0.6095,0.6379290932581219,0.6094999999999999,0.6095,0.6095,0.6094999999999999,0.6055555555555556,0.6059313617807628,0.9432259202003479,2.0061163902282715,0.16471474882642542,1.4527344703674316,0.6095,0,True,0.02149812020063401,0.06676247761105047,1.4121893644332886,0.5152848362922668,0.5880594849586487,1.553949236869812,1.4596896490859985,1.4596896490859985,NA,NA,NA,NA,NA,NA,NA,NA,NA,NA,NA,0.05,0.05,0.05,[0.05],0.9,0.0005,1.9882299329923547,4.448558807373047,1.5279985666275024,1.9777565002441406,2.239248263835907,2.3779939055442805,0.17693035415635974,NA,0.0,58.21222686767578,13.40650463104248,0.23030393016087958,65536.0,0,782,782,0,0,49.55189847946167,47.486677408218384,2.065221071243286,3158.9386994838715,9.021663427352905,38.44279646873474,0.0,0.0,0.19007197063031436,0.0,0.0,60.69624027632691,63.32433223724365,69.99821662902832,80.4876708984375,83.47177505493164,1052.926899268523,4842.09663519455,50000,3050000,8869.789827823639,60.12244897959184,95.0,3596.1640625,20475.0,33.59183673469388,66.57142857142857,69.0,80.97234693877552,113.704,2370.0,8551.0,3906.5129435010576,0.0,33.9267578125,2498.0,629.78173828125,20474.5,1,8.787755102040817,24,23880.778140943876,64860.765625,36.800000000000004,2193.421875,-1,628229,4003.28201800012,1.112022782777811,0.0011120227827778112,250662.9969224972,69.62861025624922,0.06962861025624922,0.5282108218194602,0.0005282108218194602,33.07358987171839,0.03307358987171839,475.0,80.97615677966101,113.974,77.864,80.06564036000239,472,10.0,64,64,1,True,240,sgd,multistep,32,100,0.0,False,1.0.0
p7-msdnet-cifar100-jointexit-s1,61,48484,2026-09-01T10:52:21Z,1788259941.6510246,local,0,local-1c8d861c2a,CB-410-122,msdnet,msdnet,cifar100,1,p7,jointexit,49fd74a2ab0863226c5a3e8c535afbf6dfbef29c39d0bda5aca7334f5d2e5d69,1.4631903675079345,1.4462414159774781,0.66098,0.6033,NA,0.8699,0.6036270431015255,0.6033,0.6036270431015256,0.6430522509327733,0.6033,0.6430522509327733,0.6033,0.6033,0.6033,0.6033,0.5992929292929292,0.5997895546585965,0.9831386804580688,2.700706720352173,0.16994807531984063,1.4536921977996826,0.6095,1,False,0.016731957037746905,0.27277160187562305,1.4462400674819946,0.5257521271705627,0.5997447371482849,1.4961637258529663,1.4631903675079345,1.4631903675079345,NA,NA,NA,NA,NA,NA,NA,NA,NA,NA,NA,0.05,0.05,0.05,[0.05],0.9,0.0005,1.9905728263318385,5.407441139221191,1.5962673425674438,1.9801700711250305,2.265027844905853,2.390819897651672,0.1996123379207405,NA,0.0,58.16983413696289,13.410749435424805,0.2305447425524496,65536.0,0,782,782,0,0,50.18593716621399,48.136802673339844,2.0491344928741455,3209.1246366500854,9.156221628189087,38.96206259727478,0.0,0.0,0.19028570481205306,0.0,0.0,61.53233276913538,65.50908088684082,69.90492343902588,82.11328029632566,86.06934547424316,1038.7062958731174,4880.109155731333,50000,3100000,8933.09681558609,58.42,91.0,3596.1640625,20475.0,33.06,66.46,69.0,80.69981999999999,113.999,2370.0,8551.0,3976.039569000486,0.0,34.3193359375,2498.0,630.58544921875,20474.5,1,8.693999999999999,24,23889.736953125,64860.765625,36.802,2193.484375,-1,628229,4024.6467769996225,1.1179574380554507,0.0011179574380554508,254687.6436994968,70.74656769430467,0.07074656769430467,0.5310297830763392,0.0005310297830763392,33.60461965479473,0.033604619654794735,475.0,80.41764644351466,113.999,77.455,80.49293553999246,478,10.0,64,64,1,True,240,sgd,multistep,32,100,0.0,False,1.0.0
p7-msdnet-cifar100-jointexit-s1,62,49266,2026-09-01T10:53:11Z,1788259991.9870589,local,0,local-1c8d861c2a,CB-410-122,msdnet,msdnet,cifar100,1,p7,jointexit,49fd74a2ab0863226c5a3e8c535afbf6dfbef29c39d0bda5aca7334f5d2e5d69,1.4593282452392577,1.5451816276550292,0.66042,0.5837,NA,0.8492,0.5844477425425295,0.5837,0.5844477425425294,0.6366699640257106,0.5837,0.6366699640257106,0.5837,0.5837,0.5837,0.5837,0.5794949494949495,0.5802180587519766,0.8870980143547058,1.9634891748428345,0.16345369309925747,1.4538968801498413,0.6095,2,False,0.02283651213571428,0.06235475093126297,1.545181393623352,0.5473885536193848,0.5962117910385132,1.4979270696640015,1.4593282452392577,1.4593282452392577,NA,NA,NA,NA,NA,NA,NA,NA,NA,NA,NA,0.05,0.05,0.05,[0.05],0.9,0.0005,1.9966022658439666,3.9359989166259766,1.5191841125488281,1.9862028360366821,2.261641263961792,2.3835428714752216,0.17526068782018284,NA,0.0,58.22037887573242,13.445112228393555,0.23093481162483095,65536.0,1,782,782,0,0,50.264583110809326,48.21497416496277,2.0496089458465576,3259.389219760895,9.280274391174316,38.90386962890625,0.0,0.0,0.19260017127847692,0.0,0.0,61.616552455345996,63.323259353637695,70.0221061706543,80.5821371078491,86.82465553283691,1037.0222294204689,4878.979485459682,50000,3150000,8896.83121061325,58.98,94.0,3596.1640625,20475.0,32.42,66.32,69.0,80.52658000000001,113.759,2370.0,8551.0,3958.102807500506,0.0,33.9267578125,2498.0,629.78173828125,20474.5,1,8.572,24,23876.6840625,64860.765625,36.8,2193.48828125,-1,628229,4037.3950195003617,1.1214986165278782,0.0011214986165278783,258725.03871899718,71.86806631083255,0.07186806631083255,0.5327118428507421,0.0005327118428507422,34.13733149764548,0.03413733149764547,475.0,80.36499156118144,113.759,76.902,80.74790039000723,474,10.0,64,64,1,True,240,sgd,multistep,32,100,0.0,False,1.0.0
p7-msdnet-cifar100-jointexit-s1,63,50048,2026-09-01T10:54:03Z,1788260043.9901993,local,0,local-1c8d861c2a,CB-410-122,msdnet,msdnet,cifar100,1,p7,jointexit,49fd74a2ab0863226c5a3e8c535afbf6dfbef29c39d0bda5aca7334f5d2e5d69,1.4624355731201173,1.4588934963226319,0.65982,0.6046,NA,0.8629,0.601807472306495,0.6046,0.6018074723064949,0.6397420133051928,0.6046,0.6397420133051926,0.6046,0.6046,0.6046,0.6046,0.6006060606060606,0.6010668243976285,0.9407533407211304,2.051403284072876,0.16869657888116246,1.451915681362152,0.6095,3,False,0.021722107251733562,0.06315571814775467,1.458893060684204,0.5254573225975037,0.5890327095985413,1.5491135120391846,1.4624355731201173,1.4624355731201173,NA,NA,NA,NA,NA,NA,NA,NA,NA,NA,NA,0.05,0.05,0.05,[0.05],0.9,0.0005,1.9890925739427356,4.232929229736328,1.5311603546142578,1.979777216911316,2.257848584651947,2.3757877135276777,0.176031797532443,NA,0.0,58.16651153564453,13.412016868591309,0.23057970152417345,65536.0,0,782,782,0,0,51.935070753097534,49.88494849205017,2.0501222610473633,3311.3242905139923,8.734254598617554,41.13473868370056,0.0,0.0,0.17514399276462694,0.0,0.0,63.77109115385948,66.28084182739258,71.48702144622803,83.18827152252196,85.01291275024414,1002.306337110244,4877.757873274941,50000,3200000,9140.572452545166,57.26923076923077,95.0,3596.1640625,20475.0,32.84615384615385,66.0576923076923,69.0,79.76176923076923,113.386,2370.0,8551.0,4091.186192499588,0.0,34.3193359375,2498.0,630.58544921875,20474.5,1,8.60576923076923,24,23861.924053485578,64860.765625,36.8,2196.390625,-1,628229,4106.552446999425,1.1407090130553958,0.001140709013055396,262831.5911659966,73.00877532388795,0.07300877532388796,0.5418367812013131,0.000541836781201313,34.67916827884679,0.03467916827884679,475.0,79.10978787878788,113.386,75.854,82.1310489399885,495,10.0,64,64,1,True,240,sgd,multistep,32,100,0.0,False,1.0.0
p7-msdnet-cifar100-jointexit-s1,64,50830,2026-09-01T10:54:56Z,1788260096.025972,local,0,local-1c8d861c2a,CB-410-122,msdnet,msdnet,cifar100,1,p7,jointexit,49fd74a2ab0863226c5a3e8c535afbf6dfbef29c39d0bda5aca7334f5d2e5d69,1.459149740562439,1.5803571868896484,0.66216,0.5735,NA,0.8538,0.5762789413311057,0.5735,0.5762789413311058,0.6367622940180505,0.5735,0.6367622940180506,0.5735,0.5735,0.5735,0.5735,0.5691919191919192,0.5701569403630247,0.9340199828147888,2.1057584285736084,0.1625581760963847,1.4567551612854004,0.6095,4,False,0.03544185827076437,0.0784188439086575,1.5803576707839966,0.5654911398887634,0.6051218509674072,1.4579459428787231,1.459149740562439,1.459149740562439,NA,NA,NA,NA,NA,NA,NA,NA,NA,NA,NA,0.05,0.05,0.05,[0.05],0.9,0.0005,1.9868904262247598,4.552982330322266,1.5417919158935547,1.9796544313430786,2.2532973170280455,2.392152273654937,0.18338233605504864,NA,0.0,58.126590728759766,13.385210037231445,0.23027688136212565,65536.0,0,782,782,0,0,51.97914218902588,49.901678800582886,2.077463388442993,3363.303432703018,9.064163208007812,40.81833839416504,0.0,0.0,0.18171027748963142,0.0,0.0,63.78836522016988,66.29300117492676,72.09591865539551,82.99132108688353,85.38055419921875,1001.9702984304402,4813.5625665561065,50000,3250000,9096.349883079529,56.40384615384615,91.0,3596.1640625,20475.0,32.01923076923077,66.11538461538461,69.0,79.67286538461538,113.386,2370.0,8551.0,4094.1301254993286,0.0,33.9267578125,2498.0,629.78173828125,20474.5,1,8.513461538461538,24,23856.121920072117,64860.765625,36.8,2196.4296875,-1,628229,4096.02923349871,1.137785898194086,0.001137785898194086,266927.62039949535,74.14656122208204,0.07414656122208205,0.5404483016421908,0.0005404483016421908,35.21961658048898,0.03521961658048898,475.0,78.96816532258066,113.386,75.471,81.92058466997419,496,10.0,64,64,1,True,240,sgd,multistep,32,100,0.0,False,1.0.0
p7-msdnet-cifar100-jointexit-s1,65,51612,2026-09-01T10:55:47Z,1788260147.909377,local,0,local-1c8d861c2a,CB-410-122,msdnet,msdnet,cifar100,1,p7,jointexit,49fd74a2ab0863226c5a3e8c535afbf6dfbef29c39d0bda5aca7334f5d2e5d69,1.4555252127075196,1.6188602891921997,0.66364,0.5736,NA,0.8436,0.5708365220775287,0.5736,0.5708365220775287,0.6186996035582072,0.5736,0.6186996035582072,0.5736,0.5736,0.5736,0.5736,0.5692929292929293,0.5701419152891954,0.9713532328605652,1.9808874130249023,0.1691829628156991,1.449930191040039,0.6095,5,False,0.053824997504800555,0.13061914733938274,1.6188617944717407,0.5665222406387329,0.6271021366119385,1.359607458114624,1.4555252127075196,1.4555252127075196,NA,NA,NA,NA,NA,NA,NA,NA,NA,NA,NA,0.05,0.05,0.05,[0.05],0.9,0.0005,2.001773727077528,3.5977649688720703,1.5711055994033813,1.9970656633377075,2.2649505138397217,2.4233769893646246,0.17237218067249732,NA,0.0,58.230995178222656,13.451249122619629,0.23099809785923345,65536.0,1,782,782,0,0,51.81187057495117,49.76433181762695,2.0475387573242188,3415.1153032779694,9.243088722229004,40.50461173057556,0.0,0.0,0.18579931611106093,0.0,0.0,63.61598523376542,66.45596027374268,69.77376937866211,82.74728059768675,83.53757858276367,1004.7356846513425,4883.91243595715,50000,3300000,9015.265480041504,56.65384615384615,92.0,3596.1640625,20475.0,32.25,65.8076923076923,69.0,79.86142307692306,112.976,2370.0,8551.0,4097.826085999624,0.0,34.3193359375,2498.0,630.58544921875,20474.5,1,8.423076923076923,24,23865.73302283654,64860.765625,36.8,2193.6875,-1,628229,4088.8700959996313,1.1357972488887864,0.0011357972488887866,271016.490495495,75.28235847097082,0.07528235847097083,0.5395036932221735,0.0005395036932221736,35.75912027371115,0.03575912027371115,475.0,79.09792276422765,113.084,75.473,81.77740191999263,492,10.0,64,64,1,True,240,sgd,multistep,32,100,0.0,False,1.0.0
p7-msdnet-cifar100-jointexit-s1,66,52394,2026-09-01T10:56:39Z,1788260199.3797293,local,0,local-1c8d861c2a,CB-410-122,msdnet,msdnet,cifar100,1,p7,jointexit,49fd74a2ab0863226c5a3e8c535afbf6dfbef29c39d0bda5aca7334f5d2e5d69,1.4524658017730714,1.4416428268432617,0.66324,0.6043,NA,0.8644,0.6082593877447264,0.6043,0.6082593877447262,0.6487291079944836,0.6043,0.6487291079944837,0.6043,0.6043,0.6043,0.6043,0.6003030303030303,0.6007518503637614,0.9336097240447998,1.9564611911773682,0.16296036097413574,1.4506382942199707,0.6095,6,False,0.016635176633670933,0.9440765120089054,1.4416435956954956,0.5242845416069031,0.5933381915092468,1.501758337020874,1.4524658017730714,1.4524658017730714,NA,NA,NA,NA,NA,NA,NA,NA,NA,NA,NA,0.05,0.05,0.05,[0.05],0.9,0.0005,1.987054909084579,2.442945718765259,1.4500677585601807,1.9772863388061523,2.2660653591156006,2.395865726470948,0.1617042214907288,NA,0.0,58.22200393676758,13.403831481933594,0.23021934278474715,32768.0,1,782,782,0,0,51.43560457229614,49.37239074707031,2.06321382522583,3466.5509078502655,9.123572826385498,40.23403978347778,0.0,0.0,0.18484631536984644,0.0,0.0,63.117151675016984,66.19000434875488,69.63980197906494,81.22224330902098,85.21890640258789,1012.7117452372291,4846.80738260633,50000,3350000,8898.359591007233,57.01960784313726,96.0,3596.1640625,20475.0,31.49019607843137,65.90196078431373,68.0,79.40190196078431,112.976,2370.0,8551.0,3991.8343670003414,0.0,33.9267578125,2498.0,629.78173828125,20474.5,1,8.650980392156862,24,23853.79718137255,64860.765625,36.79803921568627,2193.6015625,-1,628229,4073.3705569999247,1.131491821388868,0.001131491821388868,275089.8610524949,76.4138502923597,0.0764138502923597,0.5374586151597124,0.0005374586151597123,36.29657888887086,0.03629657888887086,475.0,79.36135450819673,113.096,76.003,81.46741113999849,488,10.0,64,64,1,True,240,sgd,multistep,32,100,0.0,False,1.0.0
p7-msdnet-cifar100-jointexit-s1,67,53176,2026-09-01T10:57:29Z,1788260249.4151587,local,0,local-1c8d861c2a,CB-410-122,msdnet,msdnet,cifar100,1,p7,jointexit,49fd74a2ab0863226c5a3e8c535afbf6dfbef29c39d0bda5aca7334f5d2e5d69,1.4560624310684205,1.474214103126526,0.6622,0.5978,NA,0.8634,0.592646253347321,0.5978,0.5926462533473209,0.6278679903483415,0.5978,0.6278679903483413,0.5978,0.5978,0.5978,0.5978,0.5937373737373737,0.5941188064308985,0.9889644384384155,2.0138132572174072,0.1605468585871682,1.4562320709228516,0.6095,7,False,0.04470628019124269,0.08709757195578682,1.474207878112793,0.5270511507987976,0.5532060265541077,1.7312794923782349,1.4560624310684205,1.4560624310684205,NA,NA,NA,NA,NA,NA,NA,NA,NA,NA,NA,0.05,0.05,0.05,[0.05],0.9,0.0005,2.0109262035021085,3.9345383644104004,1.5831137895584106,1.9964308142662048,2.289090454578399,2.4034856176376334,0.17203034430246644,NA,0.0,58.296939849853516,13.55156135559082,0.2324575078982447,32768.0,0,782,782,0,0,49.961686849594116,47.908870458602905,2.052816390991211,3516.5125946998596,8.8415367603302,39.058035373687744,0.0,0.0,0.18458487970607573,0.0,0.0,61.25264978774673,63.83311748504639,69.71385478973389,81.951265335083,83.75859260559082,1043.6480660341178,4871.356271259827,50000,3400000,8593.410138130188,59.66,92.0,3596.1640625,20475.0,34.46,66.58,69.0,80.89249999999998,113.207,2370.0,8551.0,3987.476644000679,0.0,34.3193359375,2498.0,630.58544921875,20474.5,1,8.816,24,23865.2703125,64860.765625,36.8,2196.49609375,-1,628229,4021.5502490008594,1.1170972913891275,0.0011170972913891275,279111.41130149574,77.53094758374881,0.07753094758374882,0.5306212134098356,0.0005306212134098356,36.82720010228069,0.036827200102280695,475.0,80.5649012605042,113.792,77.119,80.43100498001719,476,10.0,64,64,1,True,240,sgd,multistep,32,100,0.0,False,1.0.0
p7-msdnet-cifar100-jointexit-s1,68,53958,2026-09-01T10:58:18Z,1788260298.982686,local,0,local-1c8d861c2a,CB-410-122,msdnet,msdnet,cifar100,1,p7,jointexit,49fd74a2ab0863226c5a3e8c535afbf6dfbef29c39d0bda5aca7334f5d2e5d69,1.4486065241622925,1.4729183526992797,0.66504,0.5956,NA,0.862,0.5933007144366056,0.5956,0.5933007144366056,0.6310931763339446,0.5956,0.6310931763339448,0.5956,0.5956,0.5956,0.5956,0.5915151515151515,0.5919940591299874,0.8883857131004333,2.013794183731079,0.16476552171001696,1.4363325834274292,0.6095,8,False,0.023343395299464467,0.0622832858494865,1.4729231595993042,0.5312641859054565,0.602275013923645,1.4759043455123901,1.4486065241622925,1.4486065241622925,NA,NA,NA,NA,NA,NA,NA,NA,NA,NA,NA,0.05,0.05,0.05,[0.05],0.9,0.0005,1.9910503008481486,3.745713472366333,1.4572136402130127,1.9911795258522034,2.2352243781089784,2.3198345732688903,0.16276960466695783,NA,0.0,58.268699645996094,13.437116622924805,0.23060608361882554,32768.0,0,782,782,0,0,49.4953989982605,47.335482597351074,2.158904552459717,3566.00799369812,8.897502422332764,38.43002247810364,0.0,0.0,0.18799847321512309,0.0,0.0,60.52113158623581,63.353657722473145,70.0247049331665,81.6582417488098,86.88497543334961,1056.290065220504,4631.978745242185,50000,3450000,8463.713228702545,59.59183673469388,91.0,3596.1640625,20475.0,33.183673469387756,66.53061224489795,69.0,81.02485714285714,113.792,2370.0,8551.0,3911.0859850001625,0.0,33.9267578125,2498.0,629.78173828125,20474.5,1,8.630612244897959,24,23869.262197066328,64860.765625,36.800000000000004,2193.62890625,-1,628229,4000.459513500634,1.111238753750176,0.001111238753750176,283111.87081499636,78.64218633749898,0.07864218633749899,0.5278384080313336,0.0005278384080313336,37.35503851031203,0.03735503851031203,475.0,81.01407838983052,113.792,78.043,80.00919027001267,472,10.0,64,64,1,True,240,sgd,multistep,32,100,0.0,False,1.0.0
p7-msdnet-cifar100-jointexit-s1,69,54740,2026-09-01T10:59:08Z,1788260348.7351665,local,0,local-1c8d861c2a,CB-410-122,msdnet,msdnet,cifar100,1,p7,jointexit,49fd74a2ab0863226c5a3e8c535afbf6dfbef29c39d0bda5aca7334f5d2e5d69,1.4476693190765382,1.4130361865997314,0.66726,0.6076,NA,0.8762,0.6054840029019005,0.6076,0.6054840029019005,0.6344295300725,0.6076,0.6344295300725,0.6076,0.6076,0.6076,0.6076,0.6036363636363636,0.603989764432387,0.939452588558197,1.9212669134140015,0.16332681443722802,1.447271704673767,0.6095,9,False,0.015378508250415318,0.054259025760696966,1.4130350351333618,0.5173937678337097,0.5955724716186523,1.5186824798583984,1.4476693190765382,1.4476693190765382,NA,NA,NA,NA,NA,NA,NA,NA,NA,NA,NA,0.05,0.05,0.05,[0.05],0.9,0.0005,1.9963059539685164,4.387850761413574,1.5007082223892212,1.9865928888320923,2.2638245940208432,2.39820766210556,0.1831927497731649,NA,0.0,58.27677917480469,13.475696563720703,0.23123612448278147,65536.0,0,782,782,0,0,49.684752225875854,47.64759969711304,2.0371525287628174,3615.692745923996,8.907684803009033,38.7234206199646,0.0,0.0,0.18701402631551442,0.0,0.0,60.90934197311206,63.93778324127197,69.64433193206787,81.83946609497067,88.05274963378906,1049.3708039406126,4908.8125993555805,50000,3500000,8446.407878398895,57.98,92.0,3596.1640625,20475.0,32.4,66.6,69.0,81.10704,113.222,2370.0,8551.0,3999.4372284990827,0.0,34.3193359375,2498.0,630.58544921875,20474.5,1,8.616,24,23865.458984375,64860.765625,36.8,2191.9296875,-1,628229,3997.747519998827,1.1104854222218965,0.0011104854222218964,287109.6183349952,79.75267175972088,0.07975267175972088,0.5274805755554007,0.0005274805755554007,37.88251908586743,0.03788251908586743,475.0,80.60631078224101,113.503,77.402,79.95495039997655,473,10.0,64,64,1,True,240,sgd,multistep,32,100,0.0,False,1.0.0
p7-msdnet-cifar100-jointexit-s1,70,55522,2026-09-01T10:59:58Z,1788260398.7366993,local,0,local-1c8d861c2a,CB-410-122,msdnet,msdnet,cifar100,1,p7,jointexit,49fd74a2ab0863226c5a3e8c535afbf6dfbef29c39d0bda5aca7334f5d2e5d69,1.4523438105773925,1.5216121442794799,0.66496,0.5811,NA,0.8563,0.577711890645409,0.5811,0.5777118906454088,0.6271214104373971,0.5811,0.6271214104373972,0.5811000000000001,0.5811,0.5811,0.5811000000000001,0.576868686868687,0.5774380590325161,1.0047523975372314,2.099888324737549,0.16656650915057092,1.447284758090973,0.6095,10,False,0.022424186531454313,0.06310631334781647,1.5216134786605835,0.5457347631454468,0.5999550819396973,1.494146704673767,1.4523438105773925,1.4523438105773925,NA,NA,NA,NA,NA,NA,NA,NA,NA,NA,NA,0.05,0.05,0.05,[0.05],0.9,0.0005,1.9954100048450558,4.328672885894775,1.5861153602600098,1.9900321960449219,2.2763209939002986,2.4387759733200074,0.17928307581323877,NA,0.0,58.28664779663086,13.471138000488281,0.23111876406910045,65536.0,0,782,782,0,0,49.918484926223755,47.852744340896606,2.0657405853271484,3665.6112308502197,9.171522617340088,38.67194414138794,0.0,0.0,0.19169853772494314,0.0,0.0,61.18090378353968,64.58890438079834,69.99394893646239,79.98899459838856,83.2219123840332,1044.8721528656042,4840.878894005132,50000,3550000,8436.223952531815,57.86,92.0,3596.1640625,20475.0,32.24,66.5,69.0,81.0269,113.222,2370.0,8551.0,3993.468358500415,0.0,33.9267578125,2498.0,629.78173828125,20474.5,1,8.718,24,23880.953125,64860.765625,36.8,2191.05859375,-1,628228,4015.887347500028,1.1155242631944522,0.0011155242631944522,291125.5056824952,80.86819602291533,0.08086819602291533,0.5298740250173648,0.0005298740250173648,38.41239311088479,0.03841239311088479,475.0,80.57775630252101,113.222,77.106,80.31774695000055,476,10.0,64,64,1,True,240,sgd,multistep,32,100,0.0,False,1.0.0
p7-msdnet-cifar100-jointexit-s1,71,56304,2026-09-01T11:00:50Z,1788260450.7727456,local,0,local-1c8d861c2a,CB-410-122,msdnet,msdnet,cifar100,1,p7,jointexit,49fd74a2ab0863226c5a3e8c535afbf6dfbef29c39d0bda5aca7334f5d2e5d69,1.4469521768569946,1.4838485431671142,0.6653,0.591,NA,0.8614,0.5934284252380836,0.591,0.5934284252380836,0.6442188439452116,0.591,0.6442188439452116,0.591,0.591,0.591,0.591,0.5868686868686869,0.5873711159242866,1.0449647903442383,1.9740715026855469,0.15787716743289865,1.4407975673675537,0.6095,11,False,0.017909034769237043,0.057604365050792694,1.4838515520095825,0.5359352827072144,0.5770494341850281,1.595529317855835,1.4469521768569946,1.4469521768569946,NA,NA,NA,NA,NA,NA,NA,NA,NA,NA,NA,0.05,0.05,0.05,[0.05],0.9,0.0005,1.9990189357486832,4.331695556640625,1.5377594232559204,1.9964160919189453,2.2508949160575864,2.34153906583786,0.17455288238575117,NA,0.0,58.30471420288086,13.48875904083252,0.23134937243489712,65536.0,0,782,782,0,0,51.98645329475403,49.93532729148865,2.051126003265381,3717.5976841449738,9.610499858856201,40.30554270744324,0.0,0.0,0.1925332891943778,0.0,0.0,63.83125647864378,65.07635116577148,70.79031467437744,82.63006210327148,84.7020149230957,1001.2951293606997,4875.370886079187,50000,3600000,8733.724153518677,56.09615384615385,91.0,3596.1640625,20475.0,31.25,66.38461538461539,69.0,79.24576923076924,113.524,2370.0,8551.0,4058.8905244988614,0.0,34.3193359375,2498.0,630.58544921875,20474.5,1,8.557692307692308,24,23875.941856971152,64860.765625,36.8,2187.9921875,-1,628228,4100.982050999703,1.1391616808332508,0.0011391616808332508,295226.4877334949,82.00735770374858,0.08200735770374858,0.5411017983957941,0.0005411017983957941,38.953494909280586,0.03895349490928059,475.0,78.94822810590632,113.675,75.507,82.01964101999405,491,10.0,64,64,1,True,240,sgd,multistep,32,100,0.0,False,1.0.0
p7-msdnet-cifar100-jointexit-s1,72,57086,2026-09-01T11:01:42Z,1788260502.6739562,local,0,local-1c8d861c2a,CB-410-122,msdnet,msdnet,cifar100,1,p7,jointexit,49fd74a2ab0863226c5a3e8c535afbf6dfbef29c39d0bda5aca7334f5d2e5d69,1.4478422369766235,1.403882209587097,0.66596,0.6101,NA,0.8743,0.607751640298066,0.6101,0.607751640298066,0.6452603179486387,0.6101,0.6452603179486386,0.6101,0.6101,0.6101,0.6101,0.6061616161616161,0.6066677514297074,0.9333481192588806,1.9846900701522827,0.17595542971389455,1.4369244575500488,0.6101,0,True,0.016322997605800638,0.06280465424060822,1.4038877487182617,0.5127356052398682,0.6002812385559082,1.5070347785949707,1.4478422369766235,1.4478422369766235,NA,NA,NA,NA,NA,NA,NA,NA,NA,NA,NA,0.05,0.05,0.05,[0.05],0.9,0.0005,1.9916876693388563,3.931471824645996,1.501420259475708,1.9821727275848389,2.2858974933624268,2.4405077934265136,0.18102257032093588,NA,0.0,58.309200286865234,13.430525779724121,0.23033287566369676,65536.0,1,782,782,0,0,51.8533148765564,49.80308556556702,2.05022931098938,3769.45099902153,9.365606546401978,40.427162408828735,0.0,0.0,0.18809169971693498,0.0,0.0,63.67361758980909,66.13576412200928,72.19483852386475,83.00800323486328,86.5793228149414,1003.9538601312913,4877.503187765029,50000,3650000,8659.503584384918,58.15384615384615,93.0,3596.1640625,20475.0,32.75,65.92307692307692,68.0,79.47590384615384,113.675,2370.0,8551.0,4074.6371740007376,0.0,33.9267578125,2498.0,629.78173828125,20474.5,1,8.588461538461539,24,23879.913912259617,64860.765625,36.8,2188.43359375,-1,628228,4097.529096500084,1.1382025268055789,0.0011382025268055788,299324.016829995,83.14556023055415,0.08314556023055415,0.5406462002326499,0.0005406462002326499,39.49414110951324,0.039494141109513235,475.0,79.06806072874494,113.675,75.654,81.95058193000168,494,10.0,64,64,1,True,240,sgd,multistep,32,100,0.0,False,1.0.0
p7-msdnet-cifar100-jointexit-s1,73,57868,2026-09-01T11:02:34Z,1788260554.5757468,local,0,local-1c8d861c2a,CB-410-122,msdnet,msdnet,cifar100,1,p7,jointexit,49fd74a2ab0863226c5a3e8c535afbf6dfbef29c39d0bda5aca7334f5d2e5d69,1.4434035159301757,1.3993807655334474,0.6656,0.6094,NA,0.8748,0.6115429578844384,0.6094,0.6115429578844382,0.6442525367927613,0.6094,0.6442525367927613,0.6094,0.6094,0.6094,0.6094,0.6054545454545455,0.6058740779662166,1.0311449766159058,2.2274560928344727,0.167059735225264,1.4388458132743835,0.6101,1,False,0.013392181649804108,0.051109574676498626,1.3993855714797974,0.5143722891807556,0.610298216342926,1.4373682737350464,1.4434035159301757,1.4434035159301757,NA,NA,NA,NA,NA,NA,NA,NA,NA,NA,NA,0.05,0.05,0.05,[0.05],0.9,0.0005,1.9920037957408545,4.28325080871582,1.524941325187683,1.9851742386817932,2.2484791755676268,2.4358111763000485,0.18239577306995994,NA,0.0,58.265594482421875,13.435476303100586,0.2305902209090809,65536.0,0,782,782,0,0,51.75804924964905,49.703481912612915,2.054567337036133,3821.209048271179,9.626444101333618,40.06903958320618,0.0,0.0,0.19370863079713607,0.0,0.0,63.54921187281304,66.2769079208374,72.41277694702148,81.69982671737671,91.93873405456543,1005.9657407484734,4867.204797690276,50000,3700000,8591.836175441742,57.88461538461539,93.0,3596.1640625,20475.0,33.19230769230769,65.82692307692308,68.0,79.40878846153845,113.059,2370.0,8551.0,4067.782067500625,0.0,34.3193359375,2498.0,630.58544921875,20474.5,1,8.609615384615385,24,23877.247821514422,64860.765625,36.8,2189.421875,-1,628228,4073.378096000628,1.13149391555573,0.0011314939155557299,303397.3949259956,84.27705414610989,0.08427705414610989,0.5374596098889717,0.0005374596098889717,40.031600719402206,0.040031600719402205,475.0,78.91008097165992,113.059,75.887,81.46756192001256,494,10.0,64,64,1,True,240,sgd,multistep,32,100,0.0,False,1.0.0
p7-msdnet-cifar100-jointexit-s1,74,58650,2026-09-01T11:03:25Z,1788260605.9973752,local,0,local-1c8d861c2a,CB-410-122,msdnet,msdnet,cifar100,1,p7,jointexit,49fd74a2ab0863226c5a3e8c535afbf6dfbef29c39d0bda5aca7334f5d2e5d69,1.44959104057312,1.450458096885681,0.66494,0.5971,NA,0.8619,0.5986056041247201,0.5971,0.5986056041247201,0.63309855400178,0.5971,0.6330985540017801,0.5971000000000001,0.5971,0.5971,0.5971000000000001,0.593030303030303,0.5934365264848664,0.9777013063430786,1.9708384275436401,0.16555644489405105,1.449118971824646,0.6101,2,False,0.015217161184549325,0.06628699600696564,1.4504458904266357,0.522874116897583,0.5909625291824341,1.5369575023651123,1.44959104057312,1.44959104057312,NA,NA,NA,NA,NA,NA,NA,NA,NA,NA,NA,0.05,0.05,0.05,[0.05],0.9,0.0005,2.001323457411401,2.7426891326904297,1.5354998111724854,2.002232074737549,2.256836175918579,2.4180913448333747,0.15769977679529604,NA,0.0,58.30250549316406,13.532942771911621,0.23211597267459375,65536.0,1,782,782,0,0,51.37822389602661,49.30941390991211,2.067605495452881,3872.587272167206,9.129952192306519,40.17054319381714,0.0,0.0,0.1851898671767967,0.0,0.0,63.0441117469612,66.28191471099854,69.90153789520264,82.90161848068236,87.90063858032227,1014.0051571359089,4836.51258520651,50000,3750000,8477.40694284439,54.94117647058823,91.0,3596.1640625,20475.0,30.254901960784313,65.84313725490196,68.0,79.75049019607843,113.025,2370.0,8551.0,4013.657814000085,0.0,33.9267578125,2498.0,629.78173828125,20474.5,1,8.770588235294118,24,23864.070542279413,64860.765625,36.8,2191.3671875,-1,628228,4060.5879909994237,1.127941108610951,0.001127941108610951,307457.982916995,85.40499525472083,0.08540499525472084,0.5357720265902017,0.0005357720265902017,40.5673727459924,0.040567372745992404,475.0,79.19530408163266,113.025,75.487,81.21175981998847,490,10.0,64,64,1,True,240,sgd,multistep,32,100,0.0,False,1.0.0
p7-msdnet-cifar100-jointexit-s1,75,59432,2026-09-01T11:04:16Z,1788260656.3296208,local,0,local-1c8d861c2a,CB-410-122,msdnet,msdnet,cifar100,1,p7,jointexit,49fd74a2ab0863226c5a3e8c535afbf6dfbef29c39d0bda5aca7334f5d2e5d69,1.439173670425415,1.635835062789917,0.66666,0.569,NA,0.8403,0.571399996751881,0.569,0.571399996751881,0.639863065813811,0.569,0.6398630658138109,0.569,0.569,0.569,0.569,0.5646464646464646,0.5657332076039082,0.9473149180412292,1.9759624004364014,0.1642462741522565,1.4351943731307983,0.6101,3,False,0.04437182476334273,0.08955349134696655,1.6358455419540405,0.5723243355751038,0.6132817268371582,1.417128562927246,1.439173670425415,1.439173670425415,NA,NA,NA,NA,NA,NA,NA,NA,NA,NA,NA,0.05,0.05,0.05,[0.05],0.9,0.0005,1.9997107491773718,4.264932632446289,1.5625535249710083,1.986609935760498,2.262233281135559,2.378671860694885,0.17291564944477944,NA,0.0,58.33422088623047,13.41358757019043,0.2299437168510576,65536.0,0,782,782,0,0,50.26904797554016,48.20183253288269,2.0672154426574707,3922.856320142746,9.740193367004395,38.461639165878296,0.0,0.0,0.20207101795060917,0.0,0.0,61.63917203693438,65.56224822998047,68.8408613204956,80.4060912132263,84.19203758239746,1037.304960675315,4837.42516316765,50000,3800000,8244.123867988586,60.08,92.0,3596.1640625,20475.0,34.0,66.22,69.0,80.263,112.98,2370.0,8551.0,3952.8571310000057,0.0,34.3193359375,2498.0,630.58544921875,20474.5,1,9.005999999999998,24,23858.28046875,64860.765625,36.8,2191.36328125,-1,628228,4017.2221260008428,1.1158950350002341,0.001115895035000234,311475.20504299586,86.52089028972107,0.08652089028972107,0.5300501416251112,0.0005300501416251112,41.09742288761752,0.041097422887617516,475.0,80.14000209205021,113.524,76.761,80.34444252001686,478,10.0,64,64,1,True,240,sgd,multistep,32,100,0.0,False,1.0.0
p7-msdnet-cifar100-jointexit-s1,76,60214,2026-09-01T11:05:06Z,1788260706.3648484,local,0,local-1c8d861c2a,CB-410-122,msdnet,msdnet,cifar100,1,p7,jointexit,49fd74a2ab0863226c5a3e8c535afbf6dfbef29c39d0bda5aca7334f5d2e5d69,1.4464610151672364,1.5632464561462402,0.66538,0.5764,NA,0.8471,0.5754660419432576,0.5764,0.5754660419432575,0.6311802260027737,0.5764,0.6311802260027737,0.5764,0.5764,0.5764,0.5764,0.5721212121212121,0.5729083212225083,1.0175821781158447,2.0113792419433594,0.1738933185281342,1.445793330669403,0.6101,4,False,0.016301517921686177,0.04841848538405652,1.5632456541061401,0.55229651927948,0.5672749280929565,1.6506115198135376,1.4464610151672364,1.4464610151672364,NA,NA,NA,NA,NA,NA,NA,NA,NA,NA,NA,0.05,0.05,0.05,[0.05],0.9,0.0005,1.9996145620675343,3.596395492553711,1.5770549774169922,1.996387243270874,2.2692624926567073,2.4023449778556816,0.16747319111656322,NA,0.0,58.320556640625,13.445484161376953,0.2305445101326602,65536.0,0,782,782,0,0,49.97989273071289,47.917675256729126,2.0622174739837646,3972.836212873459,9.03210973739624,38.885565519332886,0.0,0.0,0.1884922356730537,0.0,0.0,61.27579956103469,64.44203853607178,70.26727199554443,79.60151195526119,83.26363563537598,1043.4562973289997,4849.149096133945,50000,3850000,8146.722515106201,56.28,92.0,3596.1640625,20475.0,31.5,66.1,68.0,80.54720000000002,113.136,2370.0,8551.0,3970.6847959995794,0.0,33.9267578125,2498.0,629.78173828125,20474.5,1,8.802,24,23886.6834375,64860.765625,36.802,2189.93359375,-1,628228,4002.1874304997064,1.1117187306943628,0.001111718730694363,315477.39247349557,87.63260902041543,0.08763260902041543,0.5280663970798224,0.0005280663970798224,41.62548928469734,0.04162548928469734,475.0,80.16014915966386,113.136,77.023,80.04374860999413,476,10.0,64,64,1,True,240,sgd,multistep,32,100,0.0,False,1.0.0
p7-msdnet-cifar100-jointexit-s1,77,60996,2026-09-01T11:05:55Z,1788260755.9998832,local,0,local-1c8d861c2a,CB-410-122,msdnet,msdnet,cifar100,1,p7,jointexit,49fd74a2ab0863226c5a3e8c535afbf6dfbef29c39d0bda5aca7334f5d2e5d69,1.4397784477615356,1.5792534896850585,0.66774,0.5778,NA,0.8443,0.5757210382540183,0.5778,0.5757210382540183,0.6365681681046076,0.5778,0.6365681681046076,0.5778,0.5778,0.5778,0.5778,0.5735353535353536,0.5742969353684922,0.8734190464019775,2.0110113620758057,0.17694617582327682,1.43083655834198,0.6101,5,False,0.02305331092476845,0.4344584494829178,1.5792568922042847,0.554463803768158,0.5901315212249756,1.5389324426651,1.4397784477615356,1.4397784477615356,NA,NA,NA,NA,NA,NA,NA,NA,NA,NA,NA,0.05,0.05,0.05,[0.05],0.9,0.0005,2.0014953152907777,4.462876319885254,1.5288777351379395,1.9981036186218262,2.2711113691329956,2.3782768082618713,0.1806048933667289,NA,0.0,58.33125305175781,13.470697402954102,0.23093447677185056,131072.0,0,782,782,0,0,49.584649324417114,47.51737141609192,2.0672779083251953,4022.420862197876,8.670783996582031,38.830674171447754,0.0,0.0,0.1825372174031025,0.0,0.0,60.74355264453936,64.28384780883789,69.55974102020264,79.25929546356193,83.73856544494629,1052.2467575524881,4837.278993660556,50000,3900000,8032.7131905555725,57.61224489795919,91.0,3596.1640625,20475.0,32.36734693877551,66.18367346938776,68.0,80.43332653061225,112.589,2370.0,8551.0,3890.071834499391,0.0,34.3193359375,2498.0,630.58544921875,20474.5,1,8.9,24,23876.152901785714,64860.765625,36.80408163265306,2189.93359375,-1,628228,3983.9741819987466,1.1066594949996518,0.0011066594949996518,319461.3666554943,88.73926851541509,0.08873926851541508,0.5256632601248346,0.0005256632601248345,42.15115254482217,0.04215115254482217,475.0,80.52880720338982,113.178,76.896,79.67948363997493,472,10.0,64,64,1,True,240,sgd,multistep,32,100,0.0,False,1.0.0
p7-msdnet-cifar100-jointexit-s1,78,61778,2026-09-01T11:06:45Z,1788260805.667791,local,0,local-1c8d861c2a,CB-410-122,msdnet,msdnet,cifar100,1,p7,jointexit,49fd74a2ab0863226c5a3e8c535afbf6dfbef29c39d0bda5aca7334f5d2e5d69,1.4413280004882814,1.495419563293457,0.667,0.5915,NA,0.8587,0.5964009590465755,0.5915,0.5964009590465755,0.6461725362679102,0.5915,0.64617253626791,0.5914999999999999,0.5915,0.5915,0.5914999999999999,0.5873737373737373,0.5879648381992381,0.9753007292747498,2.374941349029541,0.17998169429843539,1.4376949667930603,0.6101,6,False,0.021868599642813208,0.05198064902779731,1.4954240322113037,0.5382534861564636,0.6133463978767395,1.4091142416000366,1.4413280004882814,1.4413280004882814,NA,NA,NA,NA,NA,NA,NA,NA,NA,NA,NA,0.05,0.05,0.05,[0.05],0.9,0.0005,1.9942658002489508,4.444058418273926,1.4969861507415771,1.9826501607894897,2.269380807876587,2.407793760299683,0.1846758537170662,NA,0.0,58.310020446777344,13.421537399291992,0.23017548778845898,65536.0,1,782,782,0,0,49.58302044868469,47.51615047454834,2.0668699741363525,4072.0038826465607,8.773229122161865,38.73486948013306,0.0,0.0,0.1846680751339955,0.0,0.0,60.75204424845898,63.54677677154541,69.94109153747559,80.64948320388787,85.03055572509766,1052.273795344219,4838.233718199195,50000,3950000,7982.8662922382355,58.816326530612244,92.0,3596.1640625,20475.0,32.89795918367347,66.34693877551021,68.0,80.52830612244898,113.041,2370.0,8551.0,3887.7321880007416,0.0,33.9267578125,2498.0,629.78173828125,20474.5,1,8.551020408163266,24,23871.601084183672,64860.765625,36.800000000000004,2189.94140625,-1,628228,3985.707918000218,1.1071410883333939,0.0011071410883333938,323447.07457349455,89.84640960374848,0.08984640960374848,0.5258920169583621,0.000525892016958362,42.677044561780534,0.042677044561780536,475.0,80.56549682875264,113.041,77.285,79.71415836000435,473,10.0,64,64,1,True,240,sgd,multistep,32,100,0.0,False,1.0.0
p7-msdnet-cifar100-jointexit-s1,79,62560,2026-09-01T11:07:36Z,1788260856.8196924,local,0,local-1c8d861c2a,CB-410-122,msdnet,msdnet,cifar100,1,p7,jointexit,49fd74a2ab0863226c5a3e8c535afbf6dfbef29c39d0bda5aca7334f5d2e5d69,1.4385681219100952,1.4068124137878417,0.66636,0.6119,NA,0.8737,0.6073838575661484,0.6119,0.6073838575661484,0.6388662765619242,0.6119,0.6388662765619242,0.6119,0.6119,0.6119,0.6119,0.607979797979798,0.6083847728886678,1.050898551940918,1.9342451095581055,0.16119095211675974,1.4362776279449463,0.6119,0,True,0.019244688786938795,0.061425093561410904,1.406816840171814,0.5133926868438721,0.6022742390632629,1.5062127113342285,1.4385681219100952,1.4385681219100952,NA,NA,NA,NA,NA,NA,NA,NA,NA,NA,NA,0.05,0.05,0.05,[0.05],0.9,0.0005,2.003002884747732,4.128533363342285,1.6103780269622803,1.999849021434784,2.273625612258911,2.4211672449111936,0.1778671738052406,NA,0.0,58.33602523803711,13.525982856750488,0.23186329204909695,65536.0,0,782,782,0,0,51.11505150794983,49.065120458602905,2.049931049346924,4123.1189341545105,9.28012728691101,39.77161240577698,0.0,0.0,0.1891905841678919,0.0,0.0,62.72600983719692,66.00570678710938,70.36821842193604,82.63077020645142,89.07485008239746,1019.0538519555021,4878.212856566978,50000,4000000,8178.408241271973,58.549019607843135,92.0,3596.1640625,20475.0,33.490196078431374,66.2156862745098,69.0,80.13096078431373,112.837,2370.0,8551.0,4028.2849450005215,0.0,34.3193359375,2498.0,630.58544921875,20474.5,1,8.670588235294117,24,23879.864506740196,64860.765625,36.8,2190.62890625,-1,628227,4050.5171245003357,1.1251436456945376,0.0011251436456945377,327497.5916979949,90.97155324944303,0.09097155324944303,0.5344432317049054,0.0005344432317049054,43.211487793485446,0.043211487793485444,475.0,79.45794032921809,112.837,75.862,81.01034249000672,486,10.0,64,64,1,True,240,sgd,multistep,32,100,0.0,False,1.0.0
p7-msdnet-cifar100-jointexit-s1,80,63342,2026-09-01T11:08:28Z,1788260908.2792697,local,0,local-1c8d861c2a,CB-410-122,msdnet,msdnet,cifar100,1,p7,jointexit,49fd74a2ab0863226c5a3e8c535afbf6dfbef29c39d0bda5aca7334f5d2e5d69,1.4421431020355224,1.6124606399536132,0.66482,0.564,NA,0.8451,0.5722759524806655,0.564,0.5722759524806655,0.6488579309764426,0.564,0.6488579309764426,0.564,0.564,0.564,0.564,0.5595959595959596,0.5611694513937838,1.031723976135254,2.1077029705047607,0.1607490749092742,1.4273037314414978,0.6119,1,False,0.02606507094614209,0.060576606541872025,1.6124508380889893,0.5720371603965759,0.5800005793571472,1.5715993642807007,1.4421431020355224,1.4421431020355224,NA,NA,NA,NA,NA,NA,NA,NA,NA,NA,NA,0.05,0.05,0.05,[0.05],0.9,0.0005,2.00470959621927,4.944666385650635,1.5885730981826782,1.9838126301765442,2.2618443965911865,2.3994725584983825,0.1855264608856081,NA,0.0,58.33146286010742,13.500504493713379,0.2314446412237383,65536.0,0,782,782,0,0,51.33419442176819,49.26896643638611,2.06522798538208,4174.453128576279,9.14338731765747,40.12215495109558,0.0,0.0,0.1855939647995454,0.0,0.0,62.999414665924625,65.89365005493164,69.79103088378906,82.72535324096678,85.91103553771973,1014.8376070473848,4842.080424428268,50000,4050000,8162.136913061142,56.96078431372549,91.0,3596.1640625,20475.0,31.84313725490196,65.68627450980392,69.0,79.2138431372549,113.064,2370.0,8551.0,3981.96579300057,0.0,33.9267578125,2498.0,629.78173828125,20474.5,1,8.674509803921568,24,23873.71124387255,64860.765625,36.8,2191.375,-1,628227,4051.3296095000446,1.1253693359722345,0.0011253693359722346,331548.921307495,92.09692258541527,0.09209692258541527,0.5345504345868114,0.0005345504345868114,43.74603822807226,0.043746038228072257,475.0,79.10962345679013,113.174,75.271,81.0265921900009,486,10.0,64,64,1,True,240,sgd,multistep,32,100,0.0,False,1.0.0
p7-msdnet-cifar100-jointexit-s1,81,64124,2026-09-01T11:09:19Z,1788260959.9400785,local,0,local-1c8d861c2a,CB-410-122,msdnet,msdnet,cifar100,1,p7,jointexit,49fd74a2ab0863226c5a3e8c535afbf6dfbef29c39d0bda5aca7334f5d2e5d69,1.4421561625289916,1.411441767692566,0.66666,0.6159,NA,0.8708,0.6174646408687472,0.6159,0.6174646408687471,0.6534133818508071,0.6159,0.6534133818508074,0.6159,0.6159,0.6159,0.6159,0.612020202020202,0.6125368565403913,0.945253849029541,2.0171303749084473,0.16458811311177388,1.4404147863388062,0.6159,0,True,0.02535635065585375,0.4391800984740257,1.4114426374435425,0.5120355486869812,0.6325815320014954,1.3357234001159668,1.4421561625289916,1.4421561625289916,NA,NA,NA,NA,NA,NA,NA,NA,NA,NA,NA,0.05,0.05,0.05,[0.05],0.9,0.0005,1.9937331606270257,2.5384316444396973,1.488336205482483,1.9859039783477783,2.2327966690063477,2.3822402477264406,0.14661915098331693,NA,0.0,58.36122131347656,13.520398139953613,0.23166749830904468,65536.0,1,782,782,0,0,51.59913349151611,49.533610820770264,2.0502076148986816,4226.052262067795,8.58792757987976,40.9456832408905,0.0,0.0,0.17337576319549675,0.0,0.0,63.34221332579318,65.67060947418213,70.71330547332764,83.08640718460083,87.35847473144531,1009.415610360353,4877.554803392039,50000,4100000,8152.663091659546,56.76470588235294,92.0,3596.1640625,20475.0,31.705882352941178,65.84313725490196,68.0,78.88535294117646,112.791,2370.0,8551.0,3960.586911999421,0.0,34.3193359375,2498.0,630.58544921875,20474.5,1,8.935294117647059,24,23896.996170343136,64860.765625,36.83529411764707,2189.96484375,-1,628225,4073.621693999261,1.1315615816664615,0.0011315615816664614,335622.54300149425,93.22848416708173,0.09322848416708174,0.5374917512915692,0.0005374917512915692,44.28352997936383,0.04428352997936383,475.0,79.05201431492844,113.472,75.626,81.47243387998522,489,10.0,64,64,1,True,240,sgd,multistep,32,100,0.0,False,1.0.0
p7-msdnet-cifar100-jointexit-s1,82,64906,2026-09-01T11:10:11Z,1788261011.0756912,local,0,local-1c8d861c2a,CB-410-122,msdnet,msdnet,cifar100,1,p7,jointexit,49fd74a2ab0863226c5a3e8c535afbf6dfbef29c39d0bda5aca7334f5d2e5d69,1.4379320003890992,1.4033302085876465,0.66844,0.6073,NA,0.8772,0.6095502592569574,0.6073,0.6095502592569575,0.6439302527000703,0.6073,0.6439302527000704,0.6073000000000001,0.6073,0.6073,0.6073000000000001,0.6033333333333333,0.6037004094095801,0.9809858202934265,1.9511936902999878,0.16535056089623068,1.4312214851379395,0.6159,1,False,0.021878371590748423,0.061384785920381546,1.4033373594284058,0.5168273448944092,0.5897334218025208,1.5384031534194946,1.4379320003890992,1.4379320003890992,NA,NA,NA,NA,NA,NA,NA,NA,NA,NA,NA,0.05,0.05,0.05,[0.05],0.9,0.0005,2.0010175953435776,5.0443620681762695,1.5435208082199097,1.9895329475402832,2.260600471496582,2.4112649488449085,0.19294220096329914,NA,0.0,58.33201599121094,13.451249122619629,0.2305980496996087,65536.0,0,782,782,0,0,51.038124322891235,48.98802924156189,2.0500950813293457,4277.090386390686,9.094403266906738,39.87668824195862,0.0,0.0,0.18570962963446214,0.0,0.0,62.622879167347,65.95337390899658,70.76272964477538,82.20531225204466,87.310791015625,1020.6575111125219,4877.822541535824,50000,4150000,8012.985518693924,58.35294117647059,92.0,3596.1640625,20475.0,32.92156862745098,66.07843137254902,68.0,79.8686862745098,113.472,2370.0,8551.0,4017.046143999815,0.0,33.9267578125,2498.0,629.78173828125,20474.5,1,8.370588235294116,24,23931.45481004902,64860.765625,36.900000000000006,2188.03125,-1,628225,4053.2019514999565,1.12588943097221,0.00112588943097221,339675.7449529942,94.35437359805395,0.09435437359805394,0.5347974797117997,0.0005347974797117997,44.81832745907563,0.04481832745907563,475.0,79.54238114754098,113.472,75.084,81.06403902999914,488,10.0,64,64,1,True,240,sgd,multistep,32,100,0.0,False,1.0.0
p7-msdnet-cifar100-jointexit-s1,83,65688,2026-09-01T11:11:00Z,1788261060.4636574,local,0,local-1c8d861c2a,CB-410-122,msdnet,msdnet,cifar100,1,p7,jointexit,49fd74a2ab0863226c5a3e8c535afbf6dfbef29c39d0bda5aca7334f5d2e5d69,1.4354961781692506,1.5362988540649414,0.66812,0.5904,NA,0.8517,0.5873442390291987,0.5904,0.5873442390291987,0.6340082610718791,0.5904,0.6340082610718789,0.5904,0.5904,0.5904,0.5904,0.5862626262626263,0.5868108985730475,1.0183846950531006,1.9770020246505737,0.1633948161975464,1.4215139746665955,0.6159,2,False,0.014424625063687553,0.06056789308786392,1.5362945795059204,0.5431324243545532,0.5884068012237549,1.534413456916809,1.4354961781692506,1.4354961781692506,NA,NA,NA,NA,NA,NA,NA,NA,NA,NA,NA,0.05,0.05,0.05,[0.05],0.9,0.0005,1.9896957270629572,3.7191662788391113,1.55287504196167,1.9818798303604126,2.2469594597816465,2.400792760848998,0.16826567477646484,NA,0.0,58.33357238769531,13.475529670715332,0.23100813338080106,65536.0,0,782,782,0,0,49.34494638442993,47.2750403881073,2.069905996322632,4326.435332775116,9.056683778762817,38.211766719818115,0.0,0.0,0.1916010295077202,0.0,0.0,60.44558887286564,63.861727714538574,68.67759227752686,79.76584672927845,83.8782787322998,1057.6405559788416,4831.137267956066,50000,4200000,7697.811635971069,58.48979591836735,91.0,3596.1640625,20475.0,32.91836734693877,66.44897959183673,69.0,80.80363265306123,112.619,2370.0,8551.0,3900.1024019999004,0.0,34.3193359375,2498.0,630.58544921875,20474.5,1,8.855102040816327,24,23925.73580994898,64860.765625,36.900000000000006,2187.19921875,-1,628225,3974.024366000436,1.1038956572223433,0.0011038956572223433,343649.76931899466,95.45826925527629,0.0954582692552763,0.524350437180613,0.000524350437180613,45.34267789625624,0.04534267789625624,475.0,80.73365170940171,112.811,77.248,79.48048732000873,468,10.0,64,64,1,True,240,sgd,multistep,32,100,0.0,False,1.0.0
p7-msdnet-cifar100-jointexit-s1,84,66470,2026-09-01T11:11:50Z,1788261110.2154987,local,0,local-1c8d861c2a,CB-410-122,msdnet,msdnet,cifar100,1,p7,jointexit,49fd74a2ab0863226c5a3e8c535afbf6dfbef29c39d0bda5aca7334f5d2e5d69,1.43622453956604,1.5736416471481323,0.6697,0.579,NA,0.848,0.5826212922647479,0.579,0.5826212922647479,0.6450922260386495,0.579,0.6450922260386495,0.579,0.579,0.579,0.579,0.5747474747474748,0.575594331862442,0.9453123211860657,1.995144009590149,0.17352014680315422,1.4309857487678528,0.6159,3,False,0.034957138988375665,0.09770402937166153,1.5736453533172607,0.557835042476654,0.6101061105728149,1.4260669946670532,1.43622453956604,1.43622453956604,NA,NA,NA,NA,NA,NA,NA,NA,NA,NA,NA,0.05,0.05,0.05,[0.05],0.9,0.0005,1.9976612849113269,2.571347951889038,1.5012874603271484,1.9925464391708374,2.2795694112777705,2.388982334136963,0.1616762989565536,NA,0.0,58.3231201171875,13.50267219543457,0.2315149149823246,32768.0,2,782,782,0,0,49.70523762702942,47.63529849052429,2.069939136505127,4376.140570402145,9.244417905807495,38.37505626678467,0.0,0.0,0.19413103706903606,0.0,0.0,60.894468251396624,65.70470333099365,68.14162731170654,75.1161170005798,84.92803573608398,1049.6417905294768,4831.059920381978,50000,4250000,7704.31183218956,60.6530612244898,96.0,3596.1640625,20475.0,34.16326530612245,66.6734693877551,69.0,80.60255102040817,112.811,2370.0,8551.0,3903.593092999846,0.0,33.9267578125,2498.0,629.78173828125,20474.5,1,9.185714285714287,24,23852.415258290817,64860.765625,36.746938775510195,2190.03125,-1,628225,4008.014744999241,1.1133374291664557,0.001113337429166456,347657.7840639939,96.57160668444274,0.09657160668444274,0.5288352788540666,0.0005288352788540665,45.8715131751103,0.045871513175110304,475.0,80.68562869198311,113.33,77.277,80.16029489998482,474,10.0,64,64,1,True,240,sgd,multistep,32,100,0.0,False,1.0.0
p7-msdnet-cifar100-jointexit-s1,85,67252,2026-09-01T11:12:40Z,1788261160.4312053,local,0,local-1c8d861c2a,CB-410-122,msdnet,msdnet,cifar100,1,p7,jointexit,49fd74a2ab0863226c5a3e8c535afbf6dfbef29c39d0bda5aca7334f5d2e5d69,1.439275553817749,1.4815836526870727,0.6682,0.5929,NA,0.8607,0.5921924471554338,0.5929,0.5921924471554338,0.6443566903899577,0.5929,0.6443566903899576,0.5929000000000001,0.5929,0.5929,0.5929000000000001,0.5887878787878789,0.5894248374980583,0.9567848443984985,2.0061898231506348,0.16610209379891186,1.429845154285431,0.6159,4,False,0.01500338484197855,0.06003997474908829,1.4815783500671387,0.5325247645378113,0.5917233228683472,1.5381749868392944,1.439275553817749,1.439275553817749,NA,NA,NA,NA,NA,NA,NA,NA,NA,NA,NA,0.05,0.05,0.05,[0.05],0.9,0.0005,2.0062354585093916,3.9518890380859375,1.56004798412323,2.0010849237442017,2.2777060389518735,2.4435652184486387,0.17331398709554935,NA,0.0,58.35976028442383,13.472688674926758,0.23085579188923788,32768.0,0,782,782,0,0,50.13789963722229,48.08505082130432,2.0528488159179688,4426.278470039368,9.426899909973145,38.64218616485596,0.0,0.0,0.19611148619090238,0.0,0.0,61.469419533029544,64.3472671508789,70.08771896362305,80.47838687896727,84.42521095275879,1039.8242103520301,4871.2793277610745,50000,4300000,7721.236544132233,57.68,91.0,3596.1640625,20475.0,32.94,66.48,69.0,80.6765,113.34,2370.0,8551.0,3966.8212649993247,0.0,34.3193359375,2498.0,630.58544921875,20474.5,1,8.646,24,23785.525234375,64860.765625,36.7,2187.71875,-1,628224,4022.8241624997845,1.11745115624994,0.00111745115624994,351680.6082264937,97.6890578406927,0.09768905784069269,0.5307892992187214,0.0005307892992187215,46.402302474329026,0.04640230247432903,475.0,80.36765408805032,113.34,76.814,80.45648324999569,477,10.0,64,64,1,True,240,sgd,multistep,32,100,0.0,False,1.0.0
p7-msdnet-cifar100-jointexit-s1,86,68034,2026-09-01T11:13:30Z,1788261210.2831259,local,0,local-1c8d861c2a,CB-410-122,msdnet,msdnet,cifar100,1,p7,jointexit,49fd74a2ab0863226c5a3e8c535afbf6dfbef29c39d0bda5aca7334f5d2e5d69,1.4338585552215577,1.558862598991394,0.66902,0.5797,NA,0.8464,0.5728892460253276,0.5797,0.5728892460253276,0.6255862525716422,0.5797,0.6255862525716422,0.5797000000000001,0.5797,0.5797,0.5797000000000001,0.5754545454545454,0.5761519017750982,0.8704782128334045,1.981974482536316,0.16433658080697897,1.424436330795288,0.6159,5,False,0.016946019277721637,0.06408444792032242,1.5588570833206177,0.5488114953041077,0.594020426273346,1.5203717947006226,1.4338585552215577,1.4338585552215577,NA,NA,NA,NA,NA,NA,NA,NA,NA,NA,NA,0.05,0.05,0.05,[0.05],0.9,0.0005,1.9963694034939836,4.085084915161133,1.4763695001602173,1.993550419807434,2.266973912715912,2.4196100068092345,0.17817776511340724,NA,0.0,58.38133239746094,13.4598970413208,0.2305513849818574,32768.0,0,782,782,0,0,49.80072736740112,47.73533535003662,2.065392017364502,4476.079197406769,9.224763631820679,38.49351692199707,0.0,0.0,0.1933171842060986,0.0,0.0,61.02081912252909,63.559532165527344,69.81213092803955,79.79152202606198,84.49983596801758,1047.442102026872,4841.695869804067,50000,4350000,7619.511287212372,59.62,91.0,3596.1640625,20475.0,33.98,66.84,69.0,80.90784000000001,113.393,2370.0,8551.0,3983.9223644999993,0.0,33.9267578125,2498.0,629.78173828125,20474.5,1,8.505999999999998,24,23769.667109375,64860.765625,36.638,2188.59765625,-1,628224,3991.2697199992267,1.1086860333331185,0.0011086860333331186,355671.8779464929,98.79774387402581,0.09879774387402582,0.5266258658332313,0.0005266258658332314,46.92892834016226,0.04692892834016226,475.0,80.38735232067509,113.393,75.706,79.82539439998455,474,10.0,64,64,1,True,240,sgd,multistep,32,100,0.0,False,1.0.0
p7-msdnet-cifar100-jointexit-s1,87,68816,2026-09-01T11:14:22Z,1788261262.4013066,local,0,local-1c8d861c2a,CB-410-122,msdnet,msdnet,cifar100,1,p7,jointexit,49fd74a2ab0863226c5a3e8c535afbf6dfbef29c39d0bda5aca7334f5d2e5d69,1.4350122898101807,1.5104204950332643,0.66944,0.5843,NA,0.8602,0.5839415102295346,0.5843,0.5839415102295346,0.6410410905649353,0.5843,0.6410410905649352,0.5843,0.5843,0.5843,0.5843,0.5801010101010101,0.5808321512540181,0.9731161594390869,1.9673794507980347,0.16872393939368815,1.437989890575409,0.6159,6,False,0.01570083485841751,0.06451970338821411,1.5104113817214966,0.5477698445320129,0.5775919556617737,1.5981086492538452,1.4350122898101807,1.4350122898101807,NA,NA,NA,NA,NA,NA,NA,NA,NA,NA,NA,0.05,0.05,0.05,[0.05],0.9,0.0005,2.0014957402978104,3.7240614891052246,1.5615925788879395,2.0034236907958984,2.2976422667503353,2.4037602806091307,0.17671995812513594,NA,0.0,58.38261413574219,13.462319374084473,0.23058781408424053,65536.0,0,782,782,0,0,52.06698417663574,50.01661515235901,2.0503690242767334,4528.1461815834045,9.27626085281372,40.71823811531067,0.0,0.0,0.18554563090487416,0.0,0.0,63.93158435821533,66.33365154266357,72.88386821746826,82.98198461532593,87.61262893676758,999.6678073414525,4877.170831981084,50000,4400000,7914.181594848633,56.57692307692308,91.0,3596.1640625,20475.0,32.34615384615385,66.23076923076923,69.0,79.05540384615385,113.234,2370.0,8551.0,4053.1201774992896,0.0,34.3193359375,2498.0,630.58544921875,20474.5,1,8.446153846153846,24,23765.15129206731,64860.765625,36.60576923076922,2188.15625,-1,628224,4095.9571995003225,1.1377658887500897,0.0011377658887500896,359767.8351459933,99.93550976277591,0.0999355097627759,0.5404387971562925,0.0005404387971562925,47.46936713731855,0.04746936713731855,475.0,78.78991750503019,113.234,75.828,81.91914399000645,497,10.0,64,64,1,True,240,sgd,multistep,32,100,0.0,False,1.0.0
p7-msdnet-cifar100-jointexit-s1,88,69598,2026-09-01T11:15:14Z,1788261314.1233456,local,0,local-1c8d861c2a,CB-410-122,msdnet,msdnet,cifar100,1,p7,jointexit,49fd74a2ab0863226c5a3e8c535afbf6dfbef29c39d0bda5aca7334f5d2e5d69,1.4331501425552369,1.4181214992523192,0.66964,0.6092,NA,0.8685,0.603322963662675,0.6092,0.6033229636626749,0.6465034409007323,0.6092,0.6465034409007323,0.6092,0.6092,0.6092,0.6092,0.6052525252525253,0.6057652502358749,0.953646183013916,1.8625284433364868,0.15689963419955638,1.4288084506988525,0.6159,7,False,0.023284732565656302,0.2736092818280061,1.418123483657837,0.5137219429016113,0.6293715834617615,1.3638124465942383,1.4331501425552369,1.4331501425552369,NA,NA,NA,NA,NA,NA,NA,NA,NA,NA,NA,0.05,0.05,0.05,[0.05],0.9,0.0005,1.9949294516192677,3.2212486267089844,1.4933264255523682,1.988941252231598,2.255097496509552,2.376474447250366,0.157247716729107,NA,0.0,58.35004425048828,13.372537612915039,0.2291778487006569,65536.0,0,782,782,0,0,51.64828062057495,49.5811231136322,2.067157506942749,4579.7944622039795,9.019926071166992,40.553159952163696,0.0,0.0,0.1819520791366897,0.0,0.0,63.3926931244638,66.19870662689209,71.2425947189331,82.96427726745604,85.66594123840332,1008.4483137949053,4837.560740492212,50000,4450000,7798.890373706818,57.07843137254902,91.0,3596.1640625,20475.0,32.1764705882353,66.11764705882354,68.0,78.93611764705882,112.713,2370.0,8551.0,3975.4005684994186,0.0,33.9267578125,2498.0,629.78173828125,20474.5,1,8.331372549019608,24,23778.22097120098,64860.765625,36.69019607843137,2190.1796875,-1,628224,4074.944345999574,1.1319289849998817,0.0011319289849998817,363842.77949199284,101.0674387477758,0.1010674387477758,0.5376662678749438,0.0005376662678749438,48.007033405193496,0.048007033405193494,475.0,79.02430487804878,113.378,76.221,81.49888691999148,492,10.0,64,64,1,True,240,sgd,multistep,32,100,0.0,False,1.0.0
p7-msdnet-cifar100-jointexit-s1,89,70380,2026-09-01T11:16:09Z,1788261369.889533,local,0,local-1c8d861c2a,CB-410-122,msdnet,msdnet,cifar100,1,p7,jointexit,49fd74a2ab0863226c5a3e8c535afbf6dfbef29c39d0bda5aca7334f5d2e5d69,1.4370392790985107,1.3700134037017822,0.66768,0.6192,NA,0.8794,0.6183676292113626,0.6192,0.6183676292113626,0.6517031433349564,0.6192,0.6517031433349564,0.6192,0.6192,0.6192,0.6192,0.6153535353535353,0.6157543539592152,1.016366958618164,2.2974069118499756,0.1700255258185466,1.4237168431282043,0.6192,0,True,0.016853535518050192,0.6895563267171383,1.3700100183486938,0.5026164054870605,0.6077461242675781,1.4654085636138916,1.4370392790985107,1.4370392790985107,NA,NA,NA,NA,NA,NA,NA,NA,NA,NA,NA,0.05,0.05,0.05,[0.05],0.9,0.0005,1.9963821601623457,2.7028684616088867,1.5647038221359253,1.9919475317001343,2.2957420349121094,2.4413914680480957,0.16218366945577858,NA,0.0,58.369598388671875,13.424357414245605,0.22998886037994307,32768.0,1,782,782,0,0,55.687928915023804,53.484742879867554,2.20318603515625,4635.482391119003,11.490155458450317,41.98625612258911,0.0,0.0,0.21486399552142466,0.0,0.0,68.38415803201974,66.85256958007812,84.20388698577881,100.95337629318234,119.41361427307129,934.846038473165,4538.8813474804,50000,4500000,8353.18933725357,53.339285714285715,91.0,3596.1640625,20475.0,30.267857142857142,65.67857142857143,69.0,76.95935714285714,113.378,2370.0,8551.0,4248.140597500454,1.0,34.3193359375,2498.0,630.58544921875,20474.5,1,10.789285714285715,24,23768.99386160714,64860.765625,36.63035714285714,2192.125,-1,628224,4232.233754000672,1.175620487222409,0.001175620487222409,368075.0132459935,102.2430592349982,0.1022430592349982,0.5584197314306443,0.0005584197314306442,48.565453136624136,0.04856545313662414,475.0,76.11492965779468,113.378,67.44,84.64467508001344,526,10.0,64,64,1,True,240,sgd,multistep,32,100,0.0,False,1.0.0
p7-msdnet-cifar100-jointexit-s1,90,71162,2026-09-01T11:17:12Z,1788261432.9905376,local,0,local-1c8d861c2a,CB-410-122,msdnet,msdnet,cifar100,1,p7,jointexit,49fd74a2ab0863226c5a3e8c535afbf6dfbef29c39d0bda5aca7334f5d2e5d69,1.4366596989059448,1.3958316316604615,0.6683,0.6149,NA,0.8744,0.6114991814173419,0.6149,0.6114991814173418,0.6433235013075134,0.6149,0.6433235013075135,0.6149,0.6149,0.6149,0.6149,0.611010101010101,0.6113977759997066,1.029615879058838,1.967763066291809,0.1574970712567458,1.4365662336349487,0.6192,1,False,0.02722202147133647,0.22521723647202763,1.39583158493042,0.5099978446960449,0.5915848016738892,1.5660526752471924,1.4366596989059448,1.4366596989059448,NA,NA,NA,NA,NA,NA,NA,NA,NA,NA,NA,0.05,0.05,0.05,[0.05],0.9,0.0005,2.005494485425827,3.458157539367676,1.5759743452072144,2.001918077468872,2.2858041286468507,2.4253793692588808,0.164497771999821,NA,0.0,58.420265197753906,13.515728950500488,0.23135343368862574,32768.0,0,782,782,0,0,62.90290689468384,60.70003938674927,2.2028675079345703,4698.385298013687,14.886906147003174,45.81132483482361,0.0,0.0,0.2452609558169884,0.0,0.0,77.61922120438207,78.65309715270996,99.16682243347168,102.99573898315428,116.71972274780273,823.7226945014953,4539.537654434831,50000,4550000,9372.533127307892,48.682539682539684,93.0,3596.1640625,20475.0,27.41269841269841,63.98412698412698,68.0,71.85292063492064,108.419,2369.285714285714,8551.0,4481.4828160002535,1.0,33.9267578125,2498.0,629.78173828125,20474.5,1,13.849206349206346,24,23776.086433531746,64860.765625,36.655555555555544,2204.48828125,-1,628224,4476.075493000322,1.2433543036112007,0.0012433543036112005,372551.08873899386,103.48641353860941,0.1034864135386094,0.5905932942153203,0.0005905932942153202,49.15604643083945,0.049156046430839456,475.0,71.24805536912751,108.419,65.983,89.52150986000645,596,10.0,64,64,1,True,240,sgd,multistep,32,100,0.0,False,1.0.0
p7-msdnet-cifar100-jointexit-s1,91,71944,2026-09-01T11:18:14Z,1788261494.9762418,local,0,local-1c8d861c2a,CB-410-122,msdnet,msdnet,cifar100,1,p7,jointexit,49fd74a2ab0863226c5a3e8c535afbf6dfbef29c39d0bda5aca7334f5d2e5d69,1.4281342985916137,1.4753097148895264,0.67052,0.5945,NA,0.8617,0.5851467339537966,0.5945,0.5851467339537965,0.6316147663987601,0.5945,0.6316147663987601,0.5944999999999999,0.5945,0.5945,0.5944999999999999,0.5904040404040405,0.5909947812214718,0.9541822671890259,2.0756759643554688,0.17018738459934557,1.4227559566497803,0.6192,2,False,0.009122803047299377,0.19043628126382828,1.4753097295761108,0.5283140540122986,0.5892559289932251,1.5602736473083496,1.4281342985916137,1.4281342985916137,NA,NA,NA,NA,NA,NA,NA,NA,NA,NA,NA,0.05,0.05,0.05,[0.05],0.9,0.0005,1.9988573248429067,4.611991882324219,1.564911961555481,1.9854653477668762,2.2856354117393494,2.403448927402496,0.1837909040855725,NA,0.0,58.39041519165039,13.47960090637207,0.23085297239502423,32768.0,0,782,782,0,0,61.919063091278076,59.68425011634827,2.2348129749298096,4760.304361104965,14.72664737701416,44.93945813179016,0.0,0.0,0.2468176404582179,0.0,0.0,76.29936765831755,74.81765747070312,99.19807910919188,102.38297462463377,117.00606346130371,837.7419487139434,4474.647369681607,50000,4600000,9164.021337509155,46.39344262295082,83.0,3596.1640625,20475.0,25.83606557377049,63.47540983606557,67.0,71.53152459016393,108.419,2369.754098360656,8551.0,4324.764944999467,1.0,34.3193359375,2498.0,630.58544921875,20474.5,1,14.432786885245903,24,23778.998463114753,64860.765625,36.69672131147539,2189.7421875,-1,628224,4419.060123499961,1.2275167009722114,0.0012275167009722114,376970.1488624938,104.71393023958161,0.10471393023958162,0.5830704329618004,0.0005830704329618004,49.73911686380126,0.04973911686380126,475.0,71.49033955857385,108.419,67.21,88.38120246999922,589,10.0,64,64,1,True,240,sgd,multistep,32,100,0.0,False,1.0.0
p7-msdnet-cifar100-jointexit-s1,92,72726,2026-09-01T11:19:10Z,1788261550.6119404,local,0,local-1c8d861c2a,CB-410-122,msdnet,msdnet,cifar100,1,p7,jointexit,49fd74a2ab0863226c5a3e8c535afbf6dfbef29c39d0bda5aca7334f5d2e5d69,1.4320285152626038,1.4875052486419678,0.67014,0.5991,NA,0.8606,0.5993099575380171,0.5991,0.5993099575380173,0.6434944398329544,0.5991,0.6434944398329545,0.5991000000000001,0.5991,0.5991,0.5991000000000001,0.595050505050505,0.5955990396499421,0.7542274594306946,2.0489892959594727,0.17031496251956244,1.4321726560592651,0.6192,3,False,0.03450781413428486,0.09061133846199498,1.4875091314315796,0.5329070091247559,0.5666635036468506,1.6666884422302246,1.4320285152626038,1.4320285152626038,NA,NA,NA,NA,NA,NA,NA,NA,NA,NA,NA,0.05,0.05,0.05,[0.05],0.9,0.0005,2.003049178349088,2.801180362701416,1.4644192457199097,2.001940131187439,2.286535120010376,2.4153686189651484,0.16689491075859045,NA,0.0,58.44994354248047,13.542834281921387,0.2316996982568285,65536.0,0,782,782,0,0,55.52050304412842,53.468589305877686,2.0519137382507324,4815.824864149094,11.856110334396362,41.586082220077515,0.0,0.0,0.22184924995940938,0.0,0.0,68.34039968602798,66.62952899932861,86.95192337036133,100.63183069229126,119.81511116027832,935.1284679303033,4873.49921860022,50000,4650000,8161.513947486877,53.07272727272727,93.0,3596.1640625,20475.0,29.963636363636365,64.14545454545454,67.0,75.42961818181819,112.515,2369.7272727272725,8551.0,4098.228568000604,1.0,33.9267578125,2498.0,629.78173828125,20474.5,1,11.918181818181818,24,23792.4328125,64860.765625,36.7,2186.96875,-1,628224,4161.327188499696,1.1559242190276933,0.0011559242190276933,381131.4760509935,105.8698544586093,0.1058698544586093,0.5490640040381543,0.0005490640040381543,50.288180867839415,0.05028818086783941,475.0,75.06316856060607,112.515,67.051,83.22654376999391,528,10.0,64,64,1,True,240,sgd,multistep,32,100,0.0,False,1.0.0
p7-msdnet-cifar100-jointexit-s1,93,73508,2026-09-01T11:20:00Z,1788261600.9799454,local,0,local-1c8d861c2a,CB-410-122,msdnet,msdnet,cifar100,1,p7,jointexit,49fd74a2ab0863226c5a3e8c535afbf6dfbef29c39d0bda5aca7334f5d2e5d69,1.4291663702392579,1.3595075302124024,0.6712,0.6247,NA,0.8819,0.6222282616763497,0.6247,0.6222282616763497,0.650127024165376,0.6247,0.650127024165376,0.6246999999999999,0.6247,0.6247,0.6246999999999999,0.620909090909091,0.6212462681244172,0.9827342629432678,1.9265133142471313,0.15946725384295984,1.4280869364738464,0.6247,0,True,0.024870467510819432,0.27197818954785663,1.3595094680786133,0.4984916150569916,0.6054207682609558,1.484419584274292,1.4291663702392579,1.4291663702392579,NA,NA,NA,NA,NA,NA,NA,NA,NA,NA,NA,0.05,0.05,0.05,[0.05],0.9,0.0005,1.9954468623929384,2.5646016597747803,1.5475517511367798,1.989087462425232,2.253192186355591,2.366655778884888,0.15411944201303607,NA,0.0,58.42334747314453,13.527148246765137,0.23153668579129538,32768.0,1,782,782,0,0,50.30342960357666,48.25361776351929,2.049811840057373,4866.12829375267,8.986861944198608,39.25083351135254,0.0,0.0,0.18630371661265607,0.0,0.0,61.685032551855684,66.05112552642822,69.26722526550293,81.49014949798583,84.07258987426758,1036.1917368566924,4878.496554942382,50000,4700000,7344.300722122192,57.12,91.0,3596.1640625,20475.0,32.0,66.02,68.0,80.12332,113.22,2370.0,8551.0,3947.0429004991324,0.0,34.3193359375,2498.0,630.58544921875,20474.5,1,8.808,24,23822.1065625,64860.765625,36.708,2191.25390625,-1,628224,4007.2111829987143,1.113114217499643,0.0011131142174996428,385138.6872339922,106.98296867610895,0.10698296867610894,0.5287292533123303,0.0005287292533123303,50.81691012115174,0.05081691012115174,475.0,79.78092901878915,113.22,76.565,80.14422365997429,479,10.0,64,64,1,True,240,sgd,multistep,32,100,0.0,False,1.0.0
p7-msdnet-cifar100-jointexit-s1,94,74290,2026-09-01T11:20:51Z,1788261651.081376,local,0,local-1c8d861c2a,CB-410-122,msdnet,msdnet,cifar100,1,p7,jointexit,49fd74a2ab0863226c5a3e8c535afbf6dfbef29c39d0bda5aca7334f5d2e5d69,1.4323965326309205,1.535836469078064,0.67094,0.5817,NA,0.8566,0.5833680691501169,0.5817,0.5833680691501167,0.6386866525870853,0.5817,0.6386866525870853,0.5817,0.5817,0.5817,0.5817,0.5774747474747475,0.5782921657916453,0.9518966674804688,2.0987820625305176,0.16767216024616674,1.4279141426086426,0.6247,1,False,0.03180778018236159,0.1896122768521309,1.5358341932296753,0.5500176548957825,0.6129991412162781,1.4296470880508423,1.4323965326309205,1.4323965326309205,NA,NA,NA,NA,NA,NA,NA,NA,NA,NA,NA,0.05,0.05,0.05,[0.05],0.9,0.0005,2.007729502742553,4.0435380935668945,1.6056239604949951,1.9997761845588684,2.2723169207572935,2.3781870412826507,0.17062661195142298,NA,0.0,58.4370231628418,13.530257225036621,0.2315357027570164,32768.0,0,782,782,0,0,49.985114097595215,47.92206072807312,2.0630533695220947,4916.1134078502655,9.272226333618164,38.649834394454956,0.0,0.0,0.19348555117928018,0.0,0.0,61.281407580656165,63.944339752197266,69.87252235412598,81.88725233077999,85.28685569763184,1043.3608079526848,4847.18434710998,50000,4750000,7247.841544151306,58.42,91.0,3596.1640625,20475.0,32.62,66.7,69.0,80.50876,112.816,2370.0,8551.0,3963.951881999943,0.0,33.9267578125,2498.0,629.78173828125,20474.5,1,8.634,24,23828.54515625,64860.765625,36.702,2188.45703125,-1,628224,4005.4007969996132,1.1126113324998925,0.0011126113324998925,389144.08803099184,108.09558000860885,0.10809558000860885,0.528490382937449,0.000528490382937449,51.34540050408919,0.05134540050408919,475.0,80.22905241090147,112.816,76.745,80.10801593999227,477,10.0,64,64,1,True,240,sgd,multistep,32,100,0.0,False,1.0.0
p7-msdnet-cifar100-jointexit-s1,95,75072,2026-09-01T11:21:42Z,1788261702.686049,local,0,local-1c8d861c2a,CB-410-122,msdnet,msdnet,cifar100,1,p7,jointexit,49fd74a2ab0863226c5a3e8c535afbf6dfbef29c39d0bda5aca7334f5d2e5d69,1.4285923526000976,1.5619300447463988,0.67324,0.5737,NA,0.8487,0.5750288859800544,0.5737,0.5750288859800545,0.644162515291396,0.5737,0.6441625152913961,0.5737000000000001,0.5737,0.5737,0.5737000000000001,0.5693939393939393,0.5702487608996399,0.9268679618835449,1.9362026453018188,0.15944664936619743,1.4232980608940125,0.6247,2,False,0.027745583216845997,0.06517054885625839,1.5619288682937622,0.559323787689209,0.5938994288444519,1.513243317604065,1.4285923526000976,1.4285923526000976,NA,NA,NA,NA,NA,NA,NA,NA,NA,NA,NA,0.05,0.05,0.05,[0.05],0.9,0.0005,1.996058547130936,3.3501315116882324,1.5424286127090454,1.9880587458610535,2.2512088537216184,2.3777768254280067,0.16136465311764914,NA,0.0,58.44050979614258,13.487326622009277,0.23078728554998884,32768.0,0,782,782,0,0,51.53305101394653,49.383652448654175,2.1493985652923584,4967.646458864212,8.55656623840332,40.81993365287781,0.0,0.0,0.17329227987490936,0.0,0.0,63.14130420879939,66.11442565917969,72.4480152130127,83.11867952346802,87.36252784729004,1012.4808012527357,4652.464257432783,50000,4800000,7420.759346008301,57.92156862745098,92.0,3596.1640625,20475.0,33.372549019607845,66.72549019607843,69.0,79.5911568627451,112.74,2370.0,8551.0,4005.8707354997596,0.0,34.3193359375,2498.0,630.58544921875,20474.5,1,8.42549019607843,24,23822.955652573528,64860.765625,36.7,2190.41015625,-1,628223,4070.4072239994553,1.130668673333182,0.001130668673333182,393214.4952549913,109.22624868194202,0.10922624868194203,0.5370676198332615,0.0005370676198332614,51.88246812392246,0.05188246812392246,475.0,79.18294093686355,112.74,75.905,81.4081444799891,491,10.0,64,64,1,True,240,sgd,multistep,32,100,0.0,False,1.0.0
p7-msdnet-cifar100-jointexit-s1,96,75854,2026-09-01T11:22:34Z,1788261754.3186958,local,0,local-1c8d861c2a,CB-410-122,msdnet,msdnet,cifar100,1,p7,jointexit,49fd74a2ab0863226c5a3e8c535afbf6dfbef29c39d0bda5aca7334f5d2e5d69,1.4301754621887206,1.4423415531158448,0.66876,0.5979,NA,0.8692,0.5976830230210347,0.5979,0.5976830230210346,0.6433183033254857,0.5979,0.6433183033254857,0.5979000000000001,0.5979,0.5979,0.5979000000000001,0.5938383838383838,0.5944101812480229,0.9769165515899658,2.0226950645446777,0.16554792572926988,1.4292741417884827,0.6247,3,False,0.021611826435476537,0.10812207932273546,1.4423390626907349,0.5254552960395813,0.5885421633720398,1.5592292547225952,1.4301754621887206,1.4301754621887206,NA,NA,NA,NA,NA,NA,NA,NA,NA,NA,NA,0.05,0.05,0.05,[0.05],0.9,0.0005,2.003204927267626,3.4041223526000977,1.5180532932281494,1.9956712126731873,2.269299805164337,2.4194863009452816,0.164525298162935,NA,0.0,58.42826461791992,13.54536247253418,0.23182893692139236,65536.0,0,782,782,0,0,51.58558988571167,49.51899528503418,2.0665946006774902,5019.232048749924,9.10424542427063,40.402374505996704,0.0,0.0,0.18389955600068106,0.0,0.0,63.307698120546455,66.2144422531128,72.25232124328613,82.24945545196532,86.77077293395996,1009.7135394649493,4838.878412206103,50000,4850000,7376.739353656769,57.64705882352941,91.0,3596.1640625,20475.0,32.72549019607843,66.52941176470588,69.0,79.26090196078431,109.542,2370.0,8551.0,3983.5024715003715,0.0,33.9267578125,2498.0,629.78173828125,20474.5,1,8.61764705882353,24,23815.95343137255,64860.765625,36.7,2190.4140625,-1,628224,4069.068120000746,1.1302967000002073,0.0011302967000002074,397283.56337499205,110.35654538194224,0.11035654538194224,0.5368909325000985,0.0005368909325000985,52.41935905642255,0.05241935905642255,475.0,79.02845934959348,113.29,75.7,81.38136240001492,492,10.0,64,64,1,True,240,sgd,multistep,32,100,0.0,False,1.0.0
p7-msdnet-cifar100-jointexit-s1,97,76636,2026-09-01T11:23:25Z,1788261805.956457,local,0,local-1c8d861c2a,CB-410-122,msdnet,msdnet,cifar100,1,p7,jointexit,49fd74a2ab0863226c5a3e8c535afbf6dfbef29c39d0bda5aca7334f5d2e5d69,1.4238352348327636,1.5594115606307983,0.67104,0.581,NA,0.8466,0.575091656785461,0.581,0.575091656785461,0.6211487716386246,0.581,0.6211487716386247,0.5810000000000001,0.581,0.581,0.5810000000000001,0.5767676767676768,0.5773267764850366,0.9549664855003357,2.129680633544922,0.16778829827965822,1.418655812740326,0.6247,4,False,0.02046013835705817,0.11939293721860106,1.55940842628479,0.5487512946128845,0.5677629113197327,1.6599873304367065,1.4238352348327636,1.4238352348327636,NA,NA,NA,NA,NA,NA,NA,NA,NA,NA,NA,0.05,0.05,0.05,[0.05],0.9,0.0005,2.0083241481000504,4.184630870819092,1.5415949821472168,1.9976010918617249,2.2639732837677,2.3839674019813537,0.17365437452112517,NA,0.0,58.4583625793457,13.571075439453125,0.2321494280828182,65536.0,0,782,782,0,0,51.56375503540039,49.501277685165405,2.0624773502349854,5070.795803785324,9.059610605239868,40.42603397369385,0.0,0.0,0.1830755299304839,0.0,0.0,63.28087542063135,66.3679838180542,69.96281147003174,82.97715187072754,85.17718315124512,1010.0749382269794,4848.538093696236,50000,4900000,7322.0532150268555,56.11764705882353,92.0,3596.1640625,20475.0,31.41176470588235,66.2156862745098,69.0,78.99162745098037,112.785,2370.0,8551.0,3973.940063999259,0.0,34.3193359375,2498.0,630.58544921875,20474.5,1,8.523529411764708,24,23799.464767156864,64860.765625,36.7,2190.4140625,-1,628223,4065.779105499557,1.129383084860988,0.001129383084860988,401349.3424804916,111.48592846680323,0.11148592846680323,0.5364569653089692,0.0005364569653089693,52.95581602173152,0.05295581602173152,475.0,79.04405102040815,112.785,75.901,81.31558210999114,490,10.0,64,64,1,True,240,sgd,multistep,32,100,0.0,False,1.0.0
p7-msdnet-cifar100-jointexit-s1,98,77418,2026-09-01T11:24:18Z,1788261858.146126,local,0,local-1c8d861c2a,CB-410-122,msdnet,msdnet,cifar100,1,p7,jointexit,49fd74a2ab0863226c5a3e8c535afbf6dfbef29c39d0bda5aca7334f5d2e5d69,1.426345769958496,1.4864499828338622,0.66988,0.5892,NA,0.8637,0.5880248417852108,0.5892,0.5880248417852108,0.6388879819631079,0.5892,0.638887981963108,0.5892000000000001,0.5892,0.5892,0.5892000000000001,0.585050505050505,0.5856321491519311,0.9394354224205017,1.9623222351074219,0.17102284775856533,1.424234688282013,0.6247,5,False,0.018099903070926678,0.06469997763633728,1.4864472150802612,0.5363798141479492,0.5978062748908997,1.5065191984176636,1.426345769958496,1.426345769958496,NA,NA,NA,NA,NA,NA,NA,NA,NA,NA,NA,0.05,0.05,0.05,[0.05],0.9,0.0005,2.008931804953329,4.415999889373779,1.5532300472259521,2.007045269012451,2.2847572326660157,2.420690109729766,0.18623229477062467,NA,0.0,58.48460388183594,13.59290599822998,0.23241853575162275,65536.0,0,782,782,0,0,52.15290284156799,50.086591958999634,2.0663108825683594,5122.948706626892,9.291136980056763,40.77501177787781,0.0,0.0,0.18557722554172468,0.0,0.0,64.02320813035112,65.45126438140869,71.56949043273926,83.19956779479979,85.23893356323242,998.2711549016848,4839.542822118961,50000,4950000,7353.559300661087,56.59615384615385,92.0,3596.1640625,20475.0,31.634615384615383,66.15384615384616,69.0,78.94353846153847,112.53,2370.0,8551.0,4048.0065099995713,0.0,33.9267578125,2498.0,629.78173828125,20474.5,1,8.555769230769231,24,23788.91826923077,64860.765625,36.7,2191.09765625,-1,628223,4098.038888000121,1.1383441355555892,0.0011383441355555892,405447.38136849174,112.62427260235881,0.11262427260235881,0.5407134643889049,0.0005407134643889049,53.49652948612043,0.05349652948612043,475.0,78.69847570850203,112.53,75.518,81.96077776000241,494,10.0,64,64,1,True,240,sgd,multistep,32,100,0.0,False,1.0.0
p7-msdnet-cifar100-jointexit-s1,99,78200,2026-09-01T11:25:08Z,1788261908.2577922,local,0,local-1c8d861c2a,CB-410-122,msdnet,msdnet,cifar100,1,p7,jointexit,49fd74a2ab0863226c5a3e8c535afbf6dfbef29c39d0bda5aca7334f5d2e5d69,1.4275021683502198,1.7985841848373414,0.67134,0.5241,NA,0.8092,0.5332731696645336,0.5241,0.5332731696645336,0.629556807501656,0.5241,0.629556807501656,0.5241,0.5241,0.5241,0.5241,0.5192929292929294,0.520934581420724,0.9954262375831604,2.0191903114318848,0.16022169606550246,1.4181982278823853,0.6247,6,False,0.03946394478306173,0.10968303556243578,1.798586368560791,0.6154311299324036,0.5614657402038574,1.6445603370666504,1.4275021683502198,1.4275021683502198,NA,NA,NA,NA,NA,NA,NA,NA,NA,NA,NA,0.05,0.05,0.05,[0.05],0.9,0.0005,1.99737347469745,3.8958640098571777,1.5106841325759888,1.9922407865524292,2.2598280906677246,2.387480115890503,0.1681982793820612,NA,0.0,58.45991134643555,13.478859901428223,0.23056586284491626,65536.0,1,782,782,0,0,50.05245065689087,48.00991892814636,2.042531728744507,5173.001157283783,8.5852210521698,39.42009973526001,0.0,0.0,0.17883894766968914,0.0,0.0,61.387878244795154,63.6059045791626,69.70133781433105,82.12312936782837,86.822509765625,1041.4514566215385,4895.8847783220235,50000,5000000,7007.343091964722,57.66,92.0,3596.1640625,20475.0,33.1,66.44,69.0,80.8302,113.809,2370.0,8551.0,3984.9093160008388,0.0,34.3193359375,2498.0,630.58544921875,20474.5,1,8.542000000000002,24,23790.052734375,64860.765625,36.696000000000005,2188.4609375,-1,628223,4012.2793615003884,1.114522044861219,0.001114522044861219,409459.66072999215,113.73879464722005,0.11373879464722005,0.529397971309079,0.000529397971309079,54.0259274574295,0.054025927457429505,475.0,80.27214105263158,113.809,75.246,80.24558723000777,475,10.0,64,64,1,True,240,sgd,multistep,32,100,0.0,False,1.0.0
p7-msdnet-cifar100-jointexit-s1,100,78982,2026-09-01T11:25:57Z,1788261957.5113108,local,0,local-1c8d861c2a,CB-410-122,msdnet,msdnet,cifar100,1,p7,jointexit,49fd74a2ab0863226c5a3e8c535afbf6dfbef29c39d0bda5aca7334f5d2e5d69,1.4210638765335084,1.9961823631286622,0.6739,0.4801,NA,0.7775,0.484973529484285,0.4801,0.48497352948428507,0.6140801283695521,0.4801,0.6140801283695521,0.4801,0.4801,0.4801,0.4801,0.47484848484848485,0.47689412359757566,0.9914164543151855,1.9950114488601685,0.1674879832064758,1.4084008932113647,0.6247,7,False,0.027044712620228527,0.07428887953473218,1.996185541152954,0.6618345975875854,0.5019422173500061,1.9265613555908203,1.4210638765335084,1.4210638765335084,NA,NA,NA,NA,NA,NA,NA,NA,NA,NA,NA,0.05,0.05,0.05,[0.05],0.9,0.0005,2.006095866260626,4.5469536781311035,1.5043575763702393,1.9990447759628296,2.275793588161468,2.461372368335723,0.18417081973861693,NA,0.0,58.427711486816406,13.565141677856445,0.23216965601874165,65536.0,0,782,782,0,0,49.16868352890015,47.118098735809326,2.0505847930908203,5222.169840812683,8.509284734725952,38.595372438430786,0.0,0.0,0.1806463573961661,0.0,0.0,60.2361344925278,62.13581562042236,70.16043663024902,81.75657510757446,86.56859397888184,1061.1633606090404,4876.657641124475,50000,5050000,6834.44701051712,59.6530612244898,91.0,3596.1640625,20475.0,33.795918367346935,66.81632653061224,69.0,81.44742857142857,113.809,2370.0,8551.0,3930.7833455006985,0.0,33.9267578125,2498.0,629.78173828125,20474.5,1,8.959183673469388,24,23787.886639030614,64860.765625,36.69795918367347,2188.03515625,-1,628223,3970.488549500421,1.102913485972339,0.001102913485972339,413430.14927949256,114.84170813319238,0.11484170813319237,0.523883905836861,0.000523883905836861,54.549811363266365,0.054549811363266365,475.0,80.85314712153519,113.809,77.27,79.40977099000841,469,10.0,64,64,1,True,240,sgd,multistep,32,100,0.0,False,1.0.0
p7-msdnet-cifar100-jointexit-s1,101,79764,2026-09-01T11:26:46Z,1788262006.8269203,local,0,local-1c8d861c2a,CB-410-122,msdnet,msdnet,cifar100,1,p7,jointexit,49fd74a2ab0863226c5a3e8c535afbf6dfbef29c39d0bda5aca7334f5d2e5d69,1.4261638953399658,1.564737543106079,0.67394,0.5859,NA,0.8516,0.5816494882023375,0.5859,0.5816494882023375,0.6431049505818892,0.5859,0.643104950581889,0.5859,0.5859,0.5859,0.5859,0.5817171717171717,0.5824494945959691,0.9350385665893555,2.184758424758911,0.17114739136301602,1.4252868294715881,0.6247,8,False,0.025016517275199303,0.2750738201042016,1.5647326707839966,0.5516152381896973,0.5871113538742065,1.5649042129516602,1.4261638953399658,1.4261638953399658,NA,NA,NA,NA,NA,NA,NA,NA,NA,NA,NA,0.05,0.05,0.05,[0.05],0.9,0.0005,2.0104417241442842,4.391835689544678,1.524520993232727,2.006407141685486,2.2856350421905516,2.4884175825119006,0.1850486412040328,NA,0.0,58.49785614013672,13.649263381958008,0.2333292924318458,65536.0,0,782,782,0,0,49.25163722038269,47.20154881477356,2.050088405609131,5271.421478033066,8.981630086898804,38.19906568527222,0.0,0.0,0.19036663067178658,0.0,0.0,60.33337055264836,64.36550617218018,68.1756019592285,79.69175815582274,86.34591102600098,1059.2872745809254,4877.838425230622,50000,5100000,6796.725936412811,58.224489795918366,92.0,3596.1640625,20475.0,32.91836734693877,66.87755102040816,69.0,80.96089795918367,112.729,2370.0,8551.0,3908.439150500702,0.0,34.3193359375,2498.0,630.58544921875,20474.5,1,8.636734693877552,24,23798.671875,64860.765625,36.699999999999996,2192.35546875,-1,628223,3978.2314629999732,1.1050642952777703,0.0011050642952777703,417408.3807424925,115.94677242847014,0.11594677242847014,0.5249055402569408,0.0005249055402569408,55.07471690352331,0.05507471690352331,475.0,80.81576759061834,113.097,77.338,79.56462925999946,469,10.0,64,64,1,True,240,sgd,multistep,32,100,0.0,False,1.0.0
p7-msdnet-cifar100-jointexit-s1,102,80546,2026-09-01T11:27:37Z,1788262057.362636,local,0,local-1c8d861c2a,CB-410-122,msdnet,msdnet,cifar100,1,p7,jointexit,49fd74a2ab0863226c5a3e8c535afbf6dfbef29c39d0bda5aca7334f5d2e5d69,1.42572765499115,1.4094432136535644,0.6715,0.6118,NA,0.8737,0.6101783384771559,0.6118,0.6101783384771559,0.6528035586304513,0.6118,0.6528035586304513,0.6118000000000001,0.6118,0.6118,0.6118000000000001,0.6078787878787879,0.6083214690234415,0.88405841588974,2.0287914276123047,0.166582134874716,1.4143763780593872,0.6247,9,False,0.025560615699738266,0.05495414142031879,1.4094423055648804,0.5133185386657715,0.5907480120658875,1.5642457008361816,1.42572765499115,1.42572765499115,NA,NA,NA,NA,NA,NA,NA,NA,NA,NA,NA,0.05,0.05,0.05,[0.05],0.9,0.0005,1.996342126294379,2.4802255630493164,1.4178801774978638,1.9933502674102783,2.255528211593628,2.4012969493865968,0.15520089637364543,NA,0.0,58.48017120361328,13.55139446258545,0.23172631310197253,65536.0,1,782,782,0,0,50.49905514717102,48.43261384963989,2.066441297531128,5321.920533180237,9.520027875900269,38.912585973739624,0.0,0.0,0.1965623392835126,0.0,0.0,61.934288810281195,63.623785972595215,69.87802982330322,81.85920000076288,85.7243537902832,1032.3622044274978,4839.237394233002,50000,5150000,6918.37055516243,59.3,92.0,3596.1640625,20475.0,33.1,66.62,69.0,79.91789999999999,113.097,2370.0,8551.0,3927.298484000263,0.0,33.9267578125,2498.0,629.78173828125,20474.5,1,8.876,24,23790.00484375,64860.765625,36.7,2191.24609375,-1,628223,4031.4307279999853,1.1198418688888847,0.0011198418688888848,421439.8114704925,117.06661429735902,0.11706661429735903,0.5319248877222202,0.0005319248877222202,55.60664179124552,0.055606641791245526,475.0,79.88471907756815,113.097,76.254,80.6286145599997,477,10.0,64,64,1,True,240,sgd,multistep,32,100,0.0,False,1.0.0
p7-msdnet-cifar100-jointexit-s1,103,81328,2026-09-01T11:28:29Z,1788262109.0649953,local,0,local-1c8d861c2a,CB-410-122,msdnet,msdnet,cifar100,1,p7,jointexit,49fd74a2ab0863226c5a3e8c535afbf6dfbef29c39d0bda5aca7334f5d2e5d69,1.4260194326400757,1.4609933418273926,0.67124,0.6033,NA,0.8606,0.6066612083146914,0.6033,0.6066612083146914,0.6562768505557273,0.6033,0.6562768505557272,0.6033000000000001,0.6033,0.6033,0.6033000000000001,0.5992929292929292,0.5998180302087199,1.0198763608932495,1.9306318759918213,0.16149258254064913,1.4240761399269104,0.6247,10,False,0.015732130637764928,0.05535358190536499,1.4609898328781128,0.521538257598877,0.5924816131591797,1.5264160633087158,1.4260194326400757,1.4260194326400757,NA,NA,NA,NA,NA,NA,NA,NA,NA,NA,NA,0.05,0.05,0.05,[0.05],0.9,0.0005,2.0013008090236304,4.1105475425720215,1.578284502029419,1.9940605163574219,2.2651187539100643,2.3561677908897387,0.17288386570570258,NA,0.0,58.428070068359375,13.533097267150879,0.2316197891068025,65536.0,0,782,782,0,0,51.63594436645508,49.58509039878845,2.050853967666626,5373.556477546692,9.120026350021362,40.4540274143219,0.0,0.0,0.18396773427839083,0.0,0.0,63.39393064494023,66.06125831604004,73.37591648101805,83.34675312042236,85.36791801452637,1008.3676282099041,4876.017579826794,50000,5200000,7022.488433837891,55.3921568627451,92.0,3596.1640625,20475.0,30.784313725490197,66.25490196078431,69.0,78.92872549019609,112.831,2370.0,8551.0,3978.337162499939,0.0,34.3193359375,2498.0,630.58544921875,20474.5,1,8.676470588235293,24,23801.14568014706,64860.765625,36.7,2191.1953125,-1,628223,4072.6952355000412,1.1313042320833449,0.0011313042320833448,425512.50670599256,118.19791852944238,0.11819791852944238,0.5373695102395888,0.0005373695102395888,56.144011301485115,0.056144011301485115,475.0,78.92491463414635,112.831,75.661,81.45390471000083,492,10.0,64,64,1,True,240,sgd,multistep,32,100,0.0,False,1.0.0
p7-msdnet-cifar100-jointexit-s1,104,82110,2026-09-01T11:29:20Z,1788262160.2831423,local,0,local-1c8d861c2a,CB-410-122,msdnet,msdnet,cifar100,1,p7,jointexit,49fd74a2ab0863226c5a3e8c535afbf6dfbef29c39d0bda5aca7334f5d2e5d69,1.4261067231750488,1.3880617853164672,0.67134,0.6091,NA,0.8772,0.6077308400055516,0.6091,0.6077308400055516,0.6491835218245531,0.6091,0.6491835218245531,0.6091000000000001,0.6091,0.6091,0.6091000000000001,0.6051515151515152,0.6056790895162312,0.8868913054466248,1.9366627931594849,0.1674540405792473,1.4226533770561218,0.6247,11,False,0.016956421840190875,0.065574511885643,1.3880623579025269,0.5129764676094055,0.5976429581642151,1.5297000408172607,1.4261067231750488,1.4261067231750488,NA,NA,NA,NA,NA,NA,NA,NA,NA,NA,NA,0.05,0.05,0.05,[0.05],0.9,0.0005,2.0082512464364775,3.6373581886291504,1.46684730052948,1.9998965859413147,2.2764803290367124,2.429782631397247,0.17119610866710297,NA,0.0,58.45054626464844,13.548681259155273,0.23179734194117654,65536.0,0,782,782,0,0,51.16840314865112,49.10149312019348,2.0669100284576416,5424.724880695343,8.744688272476196,40.34525752067566,0.0,0.0,0.1781360343994533,0.0,0.0,62.774866743160935,66.0254955291748,71.62332534790039,82.85382270812985,87.51487731933594,1018.2989726525648,4838.139958836111,50000,5250000,6907.734425067902,57.588235294117645,92.0,3596.1640625,20475.0,32.19607843137255,66.45098039215686,69.0,79.60741176470589,112.607,2370.0,8551.0,4005.5227195001835,0.0,33.9267578125,2498.0,629.78173828125,20474.5,1,8.639215686274511,24,23804.643765318626,64860.765625,36.7,2191.88671875,-1,628223,4054.8037094999136,1.126334363749976,0.001126334363749976,429567.31041549245,119.32425289319235,0.11932425289319235,0.5350088227812385,0.0005350088227812386,56.67902012426635,0.05667902012426635,475.0,79.36853893442621,113.004,76.152,81.09607418999828,488,10.0,64,64,1,True,240,sgd,multistep,32,100,0.0,False,1.0.0
p7-msdnet-cifar100-jointexit-s1,105,82892,2026-09-01T11:30:11Z,1788262211.7016783,local,0,local-1c8d861c2a,CB-410-122,msdnet,msdnet,cifar100,1,p7,jointexit,49fd74a2ab0863226c5a3e8c535afbf6dfbef29c39d0bda5aca7334f5d2e5d69,1.4239438618850708,1.5798256088256837,0.67296,0.5744,NA,0.8488,0.579593987312588,0.5744,0.5795939873125879,0.6458898901182509,0.5744,0.6458898901182509,0.5743999999999999,0.5744,0.5744,0.5743999999999999,0.5701010101010101,0.5712837704869037,0.9691706895828247,1.9608373641967773,0.1615473812626859,1.4194045662879944,0.6247,12,False,0.02927929908931257,0.07033273246553207,1.5798225402832031,0.557808518409729,0.602347731590271,1.4773536920547485,1.4239438618850708,1.4239438618850708,NA,NA,NA,NA,NA,NA,NA,NA,NA,NA,NA,0.05,0.05,0.05,[0.05],0.9,0.0005,2.0087331478482784,3.253615617752075,1.4823782444000244,2.0099053382873535,2.2743005752563477,2.387699365615845,0.16368933212717435,NA,0.0,58.481666564941406,13.57494068145752,0.23212301356670684,65536.0,1,782,782,0,0,51.33554291725159,49.28499889373779,2.050544023513794,5476.060423612595,9.286455869674683,39.99854302406311,0.0,0.0,0.18842357873837,0.0,0.0,63.02429526053427,66.03765487670898,71.73922061920166,83.10656309127808,85.85476875305176,1014.5074794016696,4876.754600403111,50000,5300000,6878.962750911713,57.627450980392155,91.0,3596.1640625,20475.0,33.09803921568628,66.49019607843137,69.0,79.6610588235294,113.196,2370.0,8551.0,4008.9416845000956,0.0,34.3193359375,2498.0,630.58544921875,20474.5,1,8.617647058823529,24,23805.57866115196,64860.765625,36.7,2192.6640625,-1,628223,4064.0238089994864,1.1288955024998573,0.0011288955024998572,433631.33422449196,120.45314839569221,0.12045314839569221,0.5362253636874321,0.0005362253636874321,57.21524548795379,0.057215245487953786,475.0,79.20946216768915,113.196,75.097,81.28047617998972,489,10.0,64,64,1,True,240,sgd,multistep,32,100,0.0,False,1.0.0
p7-msdnet-cifar100-jointexit-s1,106,83674,2026-09-01T11:31:03Z,1788262263.3866444,local,0,local-1c8d861c2a,CB-410-122,msdnet,msdnet,cifar100,1,p7,jointexit,49fd74a2ab0863226c5a3e8c535afbf6dfbef29c39d0bda5aca7334f5d2e5d69,1.4245671799087525,1.4009538143157958,0.67254,0.6108,NA,0.8791,0.6148771167654478,0.6108,0.6148771167654479,0.6603506452863327,0.6108,0.6603506452863327,0.6107999999999999,0.6108,0.6108,0.6107999999999999,0.6068686868686869,0.607462443311709,0.9755403399467468,2.0624778270721436,0.1644372550412425,1.4218403100967407,0.6247,13,False,0.023924477666616432,0.0715587905843365,1.4009599685668945,0.517768144607544,0.5923172831535339,1.5449482202529907,1.4245671799087525,1.4245671799087525,NA,NA,NA,NA,NA,NA,NA,NA,NA,NA,NA,0.05,0.05,0.05,[0.05],0.9,0.0005,2.0064070802515426,3.706188440322876,1.6022496223449707,1.9969672560691833,2.2701571106910703,2.446644122600554,0.1719574370161678,NA,0.0,58.497154235839844,13.563298225402832,0.23186253079458205,65536.0,0,782,782,0,0,51.6348032951355,49.569907426834106,2.0648958683013916,5527.69522690773,9.383887767791748,40.164409160614014,0.0,0.0,0.18938870454721962,0.0,0.0,63.36099351458538,66.30873680114746,71.52278423309325,83.19436073303223,88.05036544799805,1008.6764853011016,4842.859222836318,50000,5350000,6867.428838253021,55.92156862745098,91.0,3596.1640625,20475.0,31.019607843137255,66.07843137254902,68.0,79.1157450980392,112.798,2370.0,8551.0,3978.1189149993743,0.0,33.9267578125,2498.0,629.78173828125,20474.5,1,8.190196078431372,24,23817.864200367647,64860.765625,36.7,2191.234375,-1,628223,4065.8815494998125,1.1294115415277257,0.0011294115415277257,437697.2157739918,121.58255993721994,0.12158255993721993,0.5364704822256697,0.0005364704822256697,57.751715970179454,0.05775171597017945,475.0,78.8824089068826,112.955,75.608,81.31763098999626,494,10.0,64,64,1,True,240,sgd,multistep,32,100,0.0,False,1.0.0
p7-msdnet-cifar100-jointexit-s1,107,84456,2026-09-01T11:31:53Z,1788262313.8880017,local,0,local-1c8d861c2a,CB-410-122,msdnet,msdnet,cifar100,1,p7,jointexit,49fd74a2ab0863226c5a3e8c535afbf6dfbef29c39d0bda5aca7334f5d2e5d69,1.4244438244628905,1.4965123180389404,0.67294,0.6021,NA,0.8635,0.6005335482662271,0.6021,0.6005335482662271,0.654077701346759,0.6021,0.6540777013467591,0.6021,0.6021,0.6021,0.6021,0.5980808080808081,0.5990911831927398,0.7611947059631348,2.018986701965332,0.16580149154094512,1.4162878394126892,0.6247,14,False,0.032952273932099325,0.6048727432886759,1.496512532234192,0.5378265380859375,0.6039029955863953,1.5000684261322021,1.4244438244628905,1.4244438244628905,NA,NA,NA,NA,NA,NA,NA,NA,NA,NA,NA,0.05,0.05,0.05,[0.05],0.9,0.0005,2.0040655980634567,2.5219874382019043,1.5488307476043701,2.0008970499038696,2.2882052779197695,2.423468501567839,0.15629916898026147,NA,0.0,58.51306915283203,13.490415573120117,0.23055388767736826,65536.0,0,782,782,0,0,50.4355092048645,48.369800329208374,2.065708875656128,5578.130736112595,9.455870389938354,38.91392993927002,0.0,0.0,0.19549120165022418,0.0,0.0,61.85396461535598,63.239097595214844,70.16656398773193,80.34229993820189,84.1073989868164,1033.702840609148,4840.953203932822,50000,5400000,6657.487215042114,56.44,91.0,3596.1640625,20475.0,31.44,66.16,68.0,79.80590000000001,112.356,2370.0,8551.0,3924.3569520004394,0.0,34.3193359375,2498.0,630.58544921875,20474.5,1,8.698,24,23813.3025,64860.765625,36.702,2191.23828125,-1,628222,4014.7036854998437,1.115195468194401,0.001115195468194401,441711.9194594916,122.69775540541434,0.12269775540541433,0.5297178473923405,0.0005297178473923405,58.281433817571795,0.058281433817571796,475.0,79.79055882352941,112.562,75.706,80.29407370999688,476,10.0,64,64,1,True,240,sgd,multistep,32,100,0.0,False,1.0.0
p7-msdnet-cifar100-jointexit-s1,108,85238,2026-09-01T11:32:43Z,1788262363.9244142,local,0,local-1c8d861c2a,CB-410-122,msdnet,msdnet,cifar100,1,p7,jointexit,49fd74a2ab0863226c5a3e8c535afbf6dfbef29c39d0bda5aca7334f5d2e5d69,1.4164777012634278,1.4951408786773681,0.67534,0.5922,NA,0.8589,0.5907045666109518,0.5922,0.5907045666109518,0.6398783554447386,0.5922,0.6398783554447387,0.5922000000000001,0.5922,0.5922,0.5922000000000001,0.5880808080808081,0.5886649167114548,0.9836971759796143,1.998732328414917,0.16151405527782378,1.4033498167991638,0.6247,15,False,0.014845952028036102,0.05676598101854324,1.4951435327529907,0.5346605181694031,0.5903737545013428,1.5368573665618896,1.4164777012634278,1.4164777012634278,NA,NA,NA,NA,NA,NA,NA,NA,NA,NA,NA,0.05,0.05,0.05,[0.05],0.9,0.0005,2.010452461609004,2.592170476913452,1.4755626916885376,2.0014686584472656,2.295656442642212,2.3905546188354494,0.15759723125091007,NA,0.0,58.542572021484375,13.566393852233887,0.23173552824524338,65536.0,1,782,782,0,0,49.962562561035156,47.90132546424866,2.061237096786499,5628.09329867363,9.387035608291626,38.51428985595703,0.0,0.0,0.19596609315743627,0.0,0.0,61.25489189801619,63.28713893890381,70.09658813476562,80.19895076751706,83.51731300354004,1043.8124522737412,4851.4554757384085,50000,5450000,6545.0956954956055,59.58,91.0,3596.1640625,20475.0,33.36,66.38,69.0,80.4658,112.649,2370.0,8551.0,3963.5058335003514,0.0,33.9267578125,2498.0,629.78173828125,20474.5,1,8.836,24,23808.724296875,64860.765625,36.702,2189.30078125,-1,628222,3998.92455250067,1.1108123756946306,0.0011108123756946304,445710.8440119923,123.80856778110896,0.12380856778110896,0.5276358784549494,0.0005276358784549494,58.80906969602674,0.05880906969602674,475.0,80.12759157894737,112.649,76.545,79.97849105001339,475,10.0,64,64,1,True,240,sgd,multistep,32,100,0.0,False,1.0.0
p7-msdnet-cifar100-jointexit-s1,109,86020,2026-09-01T11:33:33Z,1788262413.2772706,local,0,local-1c8d861c2a,CB-410-122,msdnet,msdnet,cifar100,1,p7,jointexit,49fd74a2ab0863226c5a3e8c535afbf6dfbef29c39d0bda5aca7334f5d2e5d69,1.4189256231307983,1.391429433631897,0.673,0.6223,NA,0.8714,0.615256532997283,0.6223,0.6152565329972831,0.651239942047202,0.6223,0.6512399420472021,0.6222999999999999,0.6223,0.6223,0.6222999999999999,0.6184848484848484,0.6189231825614402,0.9690842032432556,1.9743599891662598,0.16540114955913907,1.4149903655052185,0.6247,16,False,0.019977421142160914,0.1894652619957924,1.3914289474487305,0.5038831233978271,0.6106201410293579,1.4716986417770386,1.4189256231307983,1.4189256231307983,NA,NA,NA,NA,NA,NA,NA,NA,NA,NA,NA,0.05,0.05,0.05,[0.05],0.9,0.0005,2.0062662497372696,2.5500853061676025,1.5987290143966675,1.9906861782073975,2.254760503768921,2.3867685317993166,0.15754886258423648,NA,0.0,58.533485412597656,13.543721199035645,0.23138415735142173,32768.0,1,782,782,0,0,49.285343170166016,47.239136934280396,2.04620623588562,5677.378641843796,9.025329351425171,38.193763256073,0.0,0.0,0.19113728902939553,0.0,0.0,60.38247136508718,62.66975402832031,69.77739334106445,80.86430549621575,91.5226936340332,1058.444401081259,4887.0929159649895,50000,5500000,6407.094612121582,59.48979591836735,91.0,3596.1640625,20475.0,33.36734693877551,66.61224489795919,69.0,80.97497959183673,113.268,2370.0,8551.0,3910.311342000474,0.0,34.3193359375,2498.0,630.58544921875,20474.5,1,8.922448979591836,24,23797.92219387755,64860.765625,36.699999999999996,2192.734375,-1,628222,3978.359797499899,1.105099943749972,0.0011050999437499718,449689.2038094922,124.91366772485894,0.12491366772485894,0.5249224732812366,0.0005249224732812366,59.333992169307976,0.05933399216930798,475.0,80.85728936170213,113.268,77.356,79.56719594999798,470,10.0,64,64,1,True,240,sgd,multistep,32,100,0.0,False,1.0.0
p7-msdnet-cifar100-jointexit-s1,110,86802,2026-09-01T11:34:22Z,1788262462.9772573,local,0,local-1c8d861c2a,CB-410-122,msdnet,msdnet,cifar100,1,p7,jointexit,49fd74a2ab0863226c5a3e8c535afbf6dfbef29c39d0bda5aca7334f5d2e5d69,1.4179242344284058,1.5463043478012084,0.67424,0.5855,NA,0.8533,0.5845500035017227,0.5855,0.5845500035017228,0.6392982824064704,0.5855,0.6392982824064704,0.5855,0.5855,0.5855,0.5855,0.5813131313131313,0.5819864971243801,0.9709585905075073,1.9863605499267578,0.16275401902327014,1.409854769706726,0.6247,17,False,0.03825216799564658,0.08117684398789005,1.5463054180145264,0.5530914068222046,0.620414674282074,1.3793575763702393,1.4179242344284058,1.4179242344284058,NA,NA,NA,NA,NA,NA,NA,NA,NA,NA,NA,0.05,0.05,0.05,[0.05],0.9,0.0005,2.0123496904702445,3.743832588195801,1.5650023221969604,2.0038963556289673,2.2659628510475156,2.4223582625389097,0.17020341525943072,NA,0.0,58.555946350097656,13.611374855041504,0.23245077064694736,32768.0,0,782,782,0,0,49.618659019470215,47.567610025405884,2.051048994064331,5726.997300863266,9.103749513626099,38.4400155544281,0.0,0.0,0.1914814592532792,0.0,0.0,60.797653539711256,64.8573637008667,68.84009838104248,82.25014925003052,86.33780479431152,1051.1354254143728,4875.55393797987,50000,5550000,6400.807013511658,58.69387755102041,91.0,3596.1640625,20475.0,32.734693877551024,66.57142857142857,69.0,80.58822448979592,112.455,2370.0,8551.0,3887.609728999796,0.0,33.9267578125,2498.0,629.78173828125,20474.5,1,9.016326530612247,24,23800.338966836734,64860.765625,36.699999999999996,2190.76953125,-1,628222,3977.324854000326,1.104812459444535,0.001104812459444535,453666.5286634925,126.01848018430348,0.12601848018430348,0.5247859182361542,0.0005247859182361542,59.85877808754413,0.05985877808754413,475.0,80.32551380042462,112.455,76.803,79.54649708000652,471,10.0,64,64,1,True,240,sgd,multistep,32,100,0.0,False,1.0.0
p7-msdnet-cifar100-jointexit-s1,111,87584,2026-09-01T11:35:14Z,1788262514.9953225,local,0,local-1c8d861c2a,CB-410-122,msdnet,msdnet,cifar100,1,p7,jointexit,49fd74a2ab0863226c5a3e8c535afbf6dfbef29c39d0bda5aca7334f5d2e5d69,1.4176018632125855,1.4949848251342774,0.67398,0.5879,NA,0.8558,0.5902832846162055,0.5879,0.5902832846162057,0.6325894776054399,0.5879,0.63258947760544,0.5879,0.5879,0.5879,0.5879,0.5837373737373737,0.5841887897304274,0.9520548582077026,2.057662010192871,0.16858436204174096,1.4134948253631592,0.6247,18,False,0.013887283546850078,0.04755283519625664,1.4949980974197388,0.5370057821273804,0.5826587677001953,1.5678188800811768,1.4176018632125855,1.4176018632125855,NA,NA,NA,NA,NA,NA,NA,NA,NA,NA,NA,0.05,0.05,0.05,[0.05],0.9,0.0005,2.00824891484302,3.7740089893341064,1.539815068244934,2.005323648452759,2.276252067089081,2.379682130813598,0.1709655308439623,NA,0.0,58.52695846557617,13.615431785583496,0.23263521875293913,32768.0,0,782,782,0,0,51.9864444732666,49.92055320739746,2.0658912658691406,5778.983745336533,9.181230306625366,40.71879434585571,0.0,0.0,0.18399250041590642,0.0,0.0,63.8107732128914,66.00677967071533,70.58737277984619,83.67496967315671,87.53156661987305,1001.5914645871907,4840.52581334328,50000,5600000,6654.264892578125,57.15384615384615,95.0,3596.1640625,20475.0,32.21153846153846,65.96153846153847,69.0,79.07746153846155,112.953,2370.0,8551.0,4048.6357990001197,0.0,34.3193359375,2498.0,630.58544921875,20474.5,1,8.713461538461537,24,23788.74872295673,64860.765625,36.7,2188.83203125,-1,628221,4086.1300239991174,1.1350361177775325,0.0011350361177775326,457752.65868749167,127.15351630208102,0.12715351630208102,0.5391421559443279,0.0005391421559443279,60.39792024348846,0.06039792024348846,475.0,78.74904684317718,112.953,75.423,81.72260047998235,491,10.0,64,64,1,True,240,sgd,multistep,32,100,0.0,False,1.0.0
p7-msdnet-cifar100-jointexit-s1,112,88366,2026-09-01T11:36:06Z,1788262566.4145257,local,0,local-1c8d861c2a,CB-410-122,msdnet,msdnet,cifar100,1,p7,jointexit,49fd74a2ab0863226c5a3e8c535afbf6dfbef29c39d0bda5aca7334f5d2e5d69,1.4158899070358277,1.4229675859451294,0.67542,0.6021,NA,0.8742,0.6028140620313529,0.6021,0.6028140620313529,0.6508035202821945,0.6021,0.6508035202821946,0.6021,0.6021,0.6021,0.6021,0.5980808080808081,0.5987390510750993,0.9680535793304443,2.0299196243286133,0.1681137604271649,1.407133162021637,0.6247,19,False,0.017274731666594743,0.9354320243000984,1.42296302318573,0.5242840051651001,0.605945885181427,1.4652833938598633,1.4158899070358277,1.4158899070358277,NA,NA,NA,NA,NA,NA,NA,NA,NA,NA,NA,0.05,0.05,0.05,[0.05],0.9,0.0005,2.0099694309637064,4.192883491516113,1.5630549192428589,2.0101534128189087,2.257910680770874,2.3766343641281127,0.17401151596494943,NA,0.0,58.55527114868164,13.630463600158691,0.23277944637210649,65536.0,0,782,782,0,0,51.351816177368164,49.31495523452759,2.036860942840576,5830.335561513901,9.213752269744873,40.10020208358765,0.0,0.0,0.186838642136234,0.0,0.0,63.06132270247125,66.1172866821289,71.36714458465576,82.7164578437805,85.54339408874512,1013.8912174251104,4909.515318239716,50000,5650000,6521.680654525757,58.07843137254902,92.0,3596.1640625,20475.0,32.3921568627451,66.0,68.0,79.12172549019608,112.615,2370.0,8551.0,3980.0247095007076,0.0,33.9267578125,2498.0,629.78173828125,20474.5,1,8.607843137254902,24,23797.970128676472,64860.765625,36.7,2192.23828125,-1,628221,4044.697809500146,1.1235271693055962,0.001123527169305596,461797.3564969918,128.2770434713866,0.1282770434713866,0.5336754054201581,0.0005336754054201581,60.93159564890862,0.06093159564890862,475.0,78.98403278688524,112.615,75.248,80.89395619000292,488,10.0,64,64,1,True,240,sgd,multistep,32,100,0.0,False,1.0.0
p7-msdnet-cifar100-jointexit-s1,113,89148,2026-09-01T11:36:58Z,1788262618.182653,local,0,local-1c8d861c2a,CB-410-122,msdnet,msdnet,cifar100,1,p7,jointexit,49fd74a2ab0863226c5a3e8c535afbf6dfbef29c39d0bda5aca7334f5d2e5d69,1.4260584506225586,1.5663644918441773,0.67,0.5684,NA,0.8497,0.5635590200491513,0.5684,0.5635590200491514,0.6155990697836238,0.5684,0.6155990697836238,0.5684,0.5684,0.5684,0.5684,0.5640404040404041,0.5646658412047686,1.0006369352340698,1.9592795372009277,0.16242664564185771,1.4098546504974365,0.6247,20,False,0.027708419187739485,0.1406610019505024,1.5663597583770752,0.560523509979248,0.590556800365448,1.5370532274246216,1.4260584506225586,1.4260584506225586,NA,NA,NA,NA,NA,NA,NA,NA,NA,NA,NA,0.05,0.05,0.05,[0.05],0.9,0.0005,2.004116297530396,4.112194061279297,1.556246042251587,1.9926138520240784,2.2857580184936523,2.4286892151832578,0.1760119223224287,NA,0.0,58.49470520019531,13.543365478515625,0.23153147677493388,65536.0,0,782,782,0,0,51.71614408493042,49.66572666168213,2.050417423248291,5882.051705598831,8.916855096817017,40.729915380477905,0.0,0.0,0.17960594437648233,0.0,0.0,63.48691876891933,66.2907361984253,72.23410606384277,83.3310842514038,88.41323852539062,1006.7304630534233,4877.055709055527,50000,5700000,6516.234154701233,57.51923076923077,92.0,3596.1640625,20475.0,32.96153846153846,65.96153846153847,68.0,79.31651923076925,112.695,2370.0,8551.0,4067.0449274994444,0.0,34.3193359375,2498.0,630.58544921875,20474.5,1,9.007692307692308,24,23801.79649939904,64860.765625,36.7,2208.12109375,-1,628221,4070.3316195001826,1.130647672083384,0.001130647672083384,465867.688116492,129.40769114347,0.12940769114347,0.5370576442396073,0.0005370576442396074,61.46865329314823,0.061468653293148226,475.0,78.84550709939147,112.949,75.173,81.40663239000365,493,10.0,64,64,1,True,240,sgd,multistep,32,100,0.0,False,1.0.0
p7-msdnet-cifar100-jointexit-s1,114,89930,2026-09-01T11:37:49Z,1788262669.567637,local,0,local-1c8d861c2a,CB-410-122,msdnet,msdnet,cifar100,1,p7,jointexit,49fd74a2ab0863226c5a3e8c535afbf6dfbef29c39d0bda5aca7334f5d2e5d69,1.4188663738250733,1.7661482357025147,0.67366,0.5258,NA,0.8171,0.5250857054219126,0.5258,0.5250857054219127,0.609855401804513,0.5258,0.6098554018045129,0.5257999999999999,0.5258,0.5258,0.5257999999999999,0.521010101010101,0.5222173384613339,0.9834581017494202,2.1365838050842285,0.1617780859301618,1.4164292812347412,0.6247,21,False,0.03773285661414264,0.0975194982899964,1.7661484479904175,0.610135018825531,0.5612735748291016,1.6838583946228027,1.4188663738250733,1.4188663738250733,NA,NA,NA,NA,NA,NA,NA,NA,NA,NA,NA,0.05,0.05,0.05,[0.05],0.9,0.0005,2.0072947011884215,4.7172369956970215,1.5693305730819702,1.9938004612922668,2.2807483315467834,2.416094512939453,0.18774962863734093,NA,0.0,58.504486083984375,13.558988571166992,0.23175980986659364,65536.0,0,782,782,0,0,51.29411268234253,49.24410963058472,2.0500030517578125,5933.345818281174,9.105252027511597,40.13194823265076,0.0,0.0,0.184926274836927,0.0,0.0,62.96317168818716,66.12014770507812,70.55323123931885,82.49219179153441,84.42163467407227,1015.3498636707163,4878.041518731066,50000,5750000,6411.764085292816,57.92156862745098,92.0,3596.1640625,20475.0,32.529411764705884,65.56862745098039,68.0,79.17917647058823,112.695,2370.0,8551.0,3980.844413999602,0.0,33.9267578125,2498.0,629.78173828125,20474.5,1,8.21372549019608,24,23804.291896446077,64860.765625,36.7,2192.3046875,-1,628221,4044.067484500001,1.123352079027778,0.001123352079027778,469911.755600992,130.53104322249777,0.13053104322249778,0.5335922375381945,0.0005335922375381946,62.00224553068642,0.06200224553068642,475.0,78.95126380368099,112.695,75.675,80.88134969000002,489,10.0,64,64,1,True,240,sgd,multistep,32,100,0.0,False,1.0.0
p7-msdnet-cifar100-jointexit-s1,115,90712,2026-09-01T11:38:39Z,1788262719.405593,local,0,local-1c8d861c2a,CB-410-122,msdnet,msdnet,cifar100,1,p7,jointexit,49fd74a2ab0863226c5a3e8c535afbf6dfbef29c39d0bda5aca7334f5d2e5d69,1.429125091934204,1.5210873432159424,0.67106,0.5894,NA,0.8534,0.5850627509799615,0.5894,0.5850627509799614,0.6289178295119521,0.5894,0.6289178295119522,0.5893999999999999,0.5894,0.5894,0.5893999999999999,0.5852525252525252,0.5858179052513156,1.0063527822494507,2.091578722000122,0.16737510082415943,1.4256147742271423,0.6247,22,False,0.012567180869728314,0.05966281518340111,1.5210932493209839,0.5373688340187073,0.5971265435218811,1.5104711055755615,1.429125091934204,1.429125091934204,NA,NA,NA,NA,NA,NA,NA,NA,NA,NA,NA,0.05,0.05,0.05,[0.05],0.9,0.0005,2.0064585746174126,3.492459774017334,1.5492711067199707,2.000140428543091,2.2793822288513184,2.4157956600189228,0.16834651093271605,NA,0.0,58.506568908691406,13.56704330444336,0.23188923154281768,65536.0,1,782,782,0,0,49.78404688835144,47.71890997886658,2.0651369094848633,5983.129865169525,9.105592489242554,38.59467792510986,0.0,0.0,0.19089184212471036,0.0,0.0,60.99778825364759,63.85350227355957,69.92616653442383,81.72797441482543,87.59164810180664,1047.8026430642203,4842.29396805195,50000,5800000,6173.221814155579,58.94,91.0,3596.1640625,20475.0,33.64,66.12,68.0,80.51138,112.264,2370.0,8551.0,3972.0998770002107,0.0,34.3193359375,2498.0,630.58544921875,20474.5,1,8.52,24,23814.178359375,64860.765625,36.7,2192.85546875,-1,628221,3973.626666499268,1.1037851851386855,0.0011037851851386856,473885.38226749125,131.63482840763646,0.13163482840763646,0.5242979629408756,0.0005242979629408756,62.526543493627294,0.0625265434936273,475.0,80.00812025316456,112.264,76.784,79.47253332998535,474,10.0,64,64,1,True,240,sgd,multistep,32,100,0.0,False,1.0.0
p7-msdnet-cifar100-jointexit-s1,116,91494,2026-09-01T11:39:29Z,1788262769.406893,local,0,local-1c8d861c2a,CB-410-122,msdnet,msdnet,cifar100,1,p7,jointexit,49fd74a2ab0863226c5a3e8c535afbf6dfbef29c39d0bda5aca7334f5d2e5d69,1.4160081925201415,1.468230465888977,0.67476,0.5976,NA,0.8629,0.6012344163857103,0.5976,0.6012344163857102,0.6480899841436983,0.5976,0.6480899841436984,0.5976,0.5976,0.5976,0.5976,0.5935353535353536,0.5943138984123426,0.9755662083625793,1.9456713199615479,0.16461696365400025,1.4107555150985718,0.6247,23,False,0.02147690463587642,0.07460446022892159,1.4682247638702393,0.5275119543075562,0.6170107126235962,1.40226411819458,1.4160081925201415,1.4160081925201415,NA,NA,NA,NA,NA,NA,NA,NA,NA,NA,NA,0.05,0.05,0.05,[0.05],0.9,0.0005,2.0020549561056638,3.288358449935913,1.4891881942749023,2.0006814002990723,2.276168060302734,2.421045351028442,0.16878907301812948,NA,0.0,58.56100082397461,13.581729888916016,0.23192448383422637,65536.0,0,782,782,0,0,49.954994916915894,47.901763677597046,2.0532312393188477,6033.084860086441,9.377675533294678,38.50088977813721,0.0,0.0,0.19586375390107158,0.0,0.0,61.225786843263286,63.107848167419434,70.1768159866333,79.58707094192502,84.5947265625,1043.8029033027915,4870.372030437968,50000,5850000,6144.464374780655,58.08,95.0,3596.1640625,20475.0,33.18,66.1,68.0,80.39728,112.826,2370.0,8551.0,3951.1765110005904,0.0,33.9267578125,2498.0,629.78173828125,20474.5,1,8.655999999999999,24,23803.44203125,64860.765625,36.7,2192.30078125,-1,628220,3987.419180500271,1.1076164390278531,0.001107616439027853,477872.8014479915,132.7424448466643,0.1327424448466643,0.5261178085382302,0.0005261178085382302,63.052661302165525,0.06305266130216552,475.0,79.99404449152541,112.826,76.67,79.74838361000543,472,10.0,64,64,1,True,240,sgd,multistep,32,100,0.0,False,1.0.0
p7-msdnet-cifar100-jointexit-s1,117,92276,2026-09-01T11:40:19Z,1788262819.5648713,local,0,local-1c8d861c2a,CB-410-122,msdnet,msdnet,cifar100,1,p7,jointexit,49fd74a2ab0863226c5a3e8c535afbf6dfbef29c39d0bda5aca7334f5d2e5d69,1.4224229954528809,1.4649497230529784,0.67234,0.6028,NA,0.8628,0.5985257924753514,0.6028,0.5985257924753515,0.6377041253936517,0.6028,0.6377041253936517,0.6027999999999999,0.6028,0.6028,0.6027999999999999,0.5987878787878789,0.5993551978436068,0.9725350737571716,1.9805546998977661,0.1643255352625706,1.42136549949646,0.6247,24,False,0.02306975229829549,0.06090874969959259,1.464945673942566,0.5285100936889648,0.605028510093689,1.4702521562576294,1.4224229954528809,1.4224229954528809,NA,NA,NA,NA,NA,NA,NA,NA,NA,NA,NA,0.05,0.05,0.05,[0.05],0.9,0.0005,2.011572037402555,3.2089171409606934,1.5541718006134033,2.0031089782714844,2.2817792892456055,2.4330666065216064,0.16601059343215743,NA,0.0,58.545631408691406,13.600342750549316,0.23230328930281677,65536.0,1,782,782,0,0,50.12636470794678,48.051262855529785,2.075101852416992,6083.211224794388,9.398817300796509,38.63256597518921,0.0,0.0,0.19568075411843577,0.0,0.0,61.421206235275854,64.27478790283203,69.80769634246826,82.81517267227171,87.1744155883789,1040.5553783327039,4819.040563407727,50000,5900000,6115.416494369507,58.72,95.0,3596.1640625,20475.0,33.56,66.4,69.0,80.51336,112.826,2370.0,8551.0,3968.289623500911,0.0,34.3193359375,2498.0,630.58544921875,20474.5,1,8.996,24,23892.93640625,64860.765625,36.828,2192.3046875,-1,628220,3994.93051300082,1.1097029202780055,0.0011097029202780057,481867.7319609923,133.85214776694232,0.13385214776694232,0.5271088871320527,0.0005271088871320527,63.57977018929757,0.06357977018929757,475.0,79.8933655462185,112.826,76.118,79.89861026001641,476,10.0,64,64,1,True,240,sgd,multistep,32,100,0.0,False,1.0.0
p7-msdnet-cifar100-jointexit-s1,118,93058,2026-09-01T11:41:09Z,1788262869.6920624,local,0,local-1c8d861c2a,CB-410-122,msdnet,msdnet,cifar100,1,p7,jointexit,49fd74a2ab0863226c5a3e8c535afbf6dfbef29c39d0bda5aca7334f5d2e5d69,1.4228746343231202,1.4483677492141724,0.67098,0.6012,NA,0.8696,0.6017184645809994,0.6012,0.6017184645809993,0.6515077159550597,0.6012,0.6515077159550599,0.6012,0.6012,0.6012,0.6012,0.5971717171717172,0.5977813120663653,0.9354336261749268,1.9978338479995728,0.17219611931063442,1.4112735390663147,0.6247,25,False,0.019844932153820997,0.06326855719089508,1.448378086090088,0.5256890058517456,0.5980128645896912,1.5137687921524048,1.4228746343231202,1.4228746343231202,NA,NA,NA,NA,NA,NA,NA,NA,NA,NA,NA,0.05,0.05,0.05,[0.05],0.9,0.0005,2.0022872384165376,2.555406332015991,1.531860589981079,2.002990961074829,2.257861614227295,2.354556512832642,0.1570218172687481,NA,0.0,58.49919509887695,13.530472755432129,0.2312933149347192,32768.0,1,782,782,0,0,50.06838917732239,48.00145936012268,2.066929817199707,6133.27961397171,9.147908449172974,38.83664870262146,0.0,0.0,0.19064276075810108,0.0,0.0,61.36132628106705,64.43190574645996,70.06125450134277,79.2145299911499,83.6637020111084,1041.634997487964,4838.093638587148,50000,5950000,6058.275090456009,59.96,94.0,3596.1640625,20475.0,34.5,66.54,69.0,80.29696000000001,113.041,2370.0,8551.0,3962.0657520000473,0.0,33.9267578125,2498.0,629.78173828125,20474.5,1,8.595999999999998,24,23870.7284375,64860.765625,36.8,2189.69140625,-1,628220,4000.206765498987,1.1111685459719407,0.0011111685459719409,485867.9387264913,134.96331631291426,0.13496331631291425,0.5278050593366719,0.0005278050593366719,64.10757524863423,0.06410757524863424,475.0,79.99712578616352,113.257,76.063,80.00413530997974,477,10.0,64,64,1,True,240,sgd,multistep,32,100,0.0,False,1.0.0
p7-msdnet-cifar100-jointexit-s1,119,93840,2026-09-01T11:42:01Z,1788262921.727029,local,0,local-1c8d861c2a,CB-410-122,msdnet,msdnet,cifar100,1,p7,jointexit,49fd74a2ab0863226c5a3e8c535afbf6dfbef29c39d0bda5aca7334f5d2e5d69,1.4153666833496095,1.5791624904632569,0.67356,0.5687,NA,0.8513,0.5791081449120999,0.5687,0.5791081449120998,0.6515306575413399,0.5687,0.6515306575413399,0.5687,0.5687,0.5687,0.5687,0.5643434343434344,0.5656771764288394,1.0047268867492676,1.989424467086792,0.16039208607761202,1.4064390063285828,0.6247,26,False,0.028461886577308176,0.10242057840029398,1.5791587829589844,0.5644208788871765,0.5905430316925049,1.512190341949463,1.4153666833496095,1.4153666833496095,NA,NA,NA,NA,NA,NA,NA,NA,NA,NA,NA,0.05,0.05,0.05,[0.05],0.9,0.0005,2.00155571202183,4.609125137329102,1.5494766235351562,1.990890383720398,2.2628974676132203,2.3791525554656983,0.17689897942666974,NA,0.0,58.47336959838867,13.598250389099121,0.23255458822530117,32768.0,0,782,782,0,0,51.968295097351074,49.91834235191345,2.049952745437622,6185.247909069061,9.263291835784912,40.646095275878906,0.0,0.0,0.18560219573644257,0.0,0.0,63.822745667089286,66.34438037872314,70.97773551940917,82.8050112724304,84.01942253112793,1001.6358245133798,4878.161227011703,50000,6000000,6236.195411682129,56.86538461538461,94.0,3596.1640625,20475.0,32.59615384615385,66.0,68.0,79.08146153846155,113.257,2370.0,8551.0,4051.0361995002736,0.0,34.3193359375,2498.0,630.58544921875,20474.5,1,8.886538461538462,24,23883.161658653848,64860.765625,36.8,2189.6875,-1,628219,4087.0298419993933,1.1352860672220537,0.0011352860672220538,489954.9685684907,136.0986023801363,0.1360986023801363,0.5392608819304755,0.0005392608819304755,64.64683613056471,0.06464683613056471,475.0,78.71416161616162,113.257,75.378,81.74059683998787,495,10.0,64,64,1,True,240,sgd,multistep,32,100,0.0,False,1.0.0
p7-msdnet-cifar100-jointexit-s1,120,94622,2026-09-01T11:42:53Z,1788262973.980288,local,0,local-1c8d861c2a,CB-410-122,msdnet,msdnet,cifar100,1,p7,jointexit,49fd74a2ab0863226c5a3e8c535afbf6dfbef29c39d0bda5aca7334f5d2e5d69,1.4193597608947754,1.4806576814651489,0.674,0.5979,NA,0.8604,0.5970323449130553,0.5979,0.5970323449130553,0.6412657955932625,0.5979,0.6412657955932625,0.5979000000000001,0.5979,0.5979,0.5979000000000001,0.5938383838383838,0.5943132617683136,0.9154493808746338,1.9149956703186035,0.15909117218428456,1.4165335893630981,0.6247,27,False,0.02045869833827019,0.061463985592126846,1.4806609153747559,0.5296685695648193,0.5800411701202393,1.5842113494873047,1.4193597608947754,1.4193597608947754,NA,NA,NA,NA,NA,NA,NA,NA,NA,NA,NA,0.05,0.05,0.05,[0.05],0.9,0.0005,2.01600057679369,3.010256052017212,1.5452613830566406,2.0097150802612305,2.2914949297904967,2.464908766746521,0.16555379129994266,NA,0.0,58.559722900390625,13.587882995605469,0.23203461906263273,32768.0,0,782,782,0,0,52.15338158607483,50.085009813308716,2.0683717727661133,6237.401290655136,9.586323499679565,40.47521615028381,0.0,0.0,0.1914907844766332,0.0,0.0,64.01731413038796,65.65558910369873,71.20211124420166,83.6540651321411,88.26446533203125,998.3026894948091,4834.720784565056,50000,6050000,6206.252408742905,57.25,92.0,3596.1640625,20475.0,32.30769230769231,65.75,68.0,78.51521153846153,112.125,2370.0,8551.0,4015.11119750015,0.0,33.9267578125,2498.0,629.78173828125,20474.5,1,8.773076923076925,24,23842.22355769231,64860.765625,36.79807692307692,2189.25390625,-1,628219,4077.78465749959,1.132717960416553,0.0011327179604165528,494032.7532259903,137.23132034055286,0.13723132034055285,0.5380410311978626,0.0005380410311978626,65.18487716176257,0.06518487716176258,475.0,78.32267617107942,112.513,75.199,81.55569314999181,491,10.0,64,64,1,True,240,sgd,multistep,32,100,0.0,False,1.0.0
p7-msdnet-cifar100-jointexit-s1,121,95404,2026-09-01T11:43:45Z,1788263025.7311609,local,0,local-1c8d861c2a,CB-410-122,msdnet,msdnet,cifar100,1,p7,jointexit,49fd74a2ab0863226c5a3e8c535afbf6dfbef29c39d0bda5aca7334f5d2e5d69,1.4209683149719239,1.5259632839202881,0.67356,0.5823,NA,0.854,0.5802168397265363,0.5823,0.5802168397265364,0.6358691212571588,0.5823,0.6358691212571588,0.5823,0.5823,0.5823,0.5823,0.5780808080808081,0.5788908924014007,0.9079618453979492,1.9118876457214355,0.1595178494755115,1.4166082739830017,0.6247,28,False,0.01850139443874358,0.06343892216682434,1.5259591341018677,0.5443207025527954,0.5916715860366821,1.5376102924346924,1.4209683149719239,1.4209683149719239,NA,NA,NA,NA,NA,NA,NA,NA,NA,NA,NA,0.05,0.05,0.05,[0.05],0.9,0.0005,2.0065978552069503,4.0092644691467285,1.4880955219268799,1.9976445436477661,2.279650294780731,2.367215082645416,0.17017238033174267,NA,0.0,58.528839111328125,13.563471794128418,0.23173997639572588,65536.0,0,782,782,0,0,51.66690373420715,49.61740183830261,2.049501895904541,6289.068194389343,8.679915189743042,40.93642067909241,0.0,0.0,0.17494067302126173,0.0,0.0,63.4479998322704,65.83833694458008,71.71599864959717,82.67374515533444,87.98766136169434,1007.7109672720113,4879.234325170767,50000,6100000,6096.694640636444,56.11764705882353,93.0,3596.1640625,20475.0,31.41176470588235,65.90196078431373,68.0,78.52856862745098,112.074,2370.0,8551.0,3949.746311000222,0.0,34.3193359375,2498.0,630.58544921875,20474.5,1,8.505882352941178,24,23848.78125,64860.765625,36.8,2191.66015625,-1,628219,4052.8614415009715,1.125794844861381,0.001125794844861381,498085.61466749123,138.35711518541424,0.13835711518541424,0.534752551309156,0.000534752551309156,65.71962971307173,0.06571962971307173,475.0,78.64138900203666,112.413,75.451,81.05722883001944,491,10.0,64,64,1,True,240,sgd,multistep,32,100,0.0,False,1.0.0
p7-msdnet-cifar100-jointexit-s1,122,96186,2026-09-01T11:44:36Z,1788263076.1664732,local,0,local-1c8d861c2a,CB-410-122,msdnet,msdnet,cifar100,1,p7,jointexit,49fd74a2ab0863226c5a3e8c535afbf6dfbef29c39d0bda5aca7334f5d2e5d69,1.4220412859344482,1.4841720180511475,0.67038,0.5973,NA,0.8607,0.5984893084195891,0.5973,0.5984893084195891,0.6509931029564463,0.5973,0.6509931029564462,0.5972999999999999,0.5973,0.5973,0.5972999999999999,0.5932323232323232,0.5938524490145595,0.9491366147994995,2.0569732189178467,0.16346501583879047,1.4069935083389282,0.6247,29,False,0.017018168657273063,0.06553781777620316,1.4841638803482056,0.5341017842292786,0.5954618453979492,1.5117460489273071,1.4220412859344482,1.4220412859344482,NA,NA,NA,NA,NA,NA,NA,NA,NA,NA,NA,0.05,0.05,0.05,[0.05],0.9,0.0005,2.0140715747538125,4.0065741539001465,1.5500001907348633,2.0074387788772583,2.273642361164093,2.4113957071304304,0.1683025895874268,NA,0.0,58.58879089355469,13.649237632751465,0.23296670616653753,65536.0,0,782,782,0,0,50.40210580825806,48.35145854949951,2.050647258758545,6339.470300197601,8.492234706878662,39.826908588409424,0.0,0.0,0.17575300652540327,0.0,0.0,61.78918579960113,64.92865085601807,70.22311687469482,82.00110673904418,84.14220809936523,1034.094968382656,4876.509091112026,50000,6150000,5897.046379566193,59.08,92.0,3596.1640625,20475.0,33.42,66.08,68.0,79.77186,112.413,2370.0,8551.0,3928.14421549983,0.0,33.9267578125,2498.0,629.78173828125,20474.5,1,8.854000000000001,24,23855.37015625,64860.765625,36.8,2191.7421875,-1,628219,4009.4753150002016,1.1137431430556115,0.0011137431430556116,502095.08998249145,139.47085832846986,0.13947085832846984,0.5290279929514154,0.0005290279929514155,66.24865770602314,0.06624865770602315,475.0,79.62450416666665,112.413,76.265,80.18950630000403,480,10.0,64,64,1,True,240,sgd,multistep,32,100,0.0,False,1.0.0
p7-msdnet-cifar100-jointexit-s1,123,96968,2026-09-01T11:45:26Z,1788263126.0846555,local,0,local-1c8d861c2a,CB-410-122,msdnet,msdnet,cifar100,1,p7,jointexit,49fd74a2ab0863226c5a3e8c535afbf6dfbef29c39d0bda5aca7334f5d2e5d69,1.4129890871429442,1.4493045761108398,0.67326,0.6001,NA,0.8719,0.603401437719622,0.6001,0.603401437719622,0.6514572287094503,0.6001,0.6514572287094503,0.6001,0.6001,0.6001,0.6001,0.5960606060606062,0.5967326220943555,0.8791553974151611,2.330754518508911,0.16448954158859203,1.4100372791290283,0.6247,30,False,0.016317574512213474,0.10346700499455133,1.4493052959442139,0.5269689559936523,0.5957148671150208,1.5134239196777344,1.4129890871429442,1.4129890871429442,NA,NA,NA,NA,NA,NA,NA,NA,NA,NA,NA,0.05,0.05,0.05,[0.05],0.9,0.0005,2.006560031562815,4.781485080718994,1.5210238695144653,1.9969390034675598,2.2574285626411434,2.3864594984054563,0.18374518949817722,NA,0.0,58.583946228027344,13.653312683105469,0.23305553077565713,65536.0,0,782,782,0,0,49.84741234779358,47.684624671936035,2.162787675857544,6389.317712545395,8.953019380569458,38.701130628585815,0.0,0.0,0.1878749149622732,0.0,0.0,60.93881075339549,64.10253047943115,70.26486396789551,79.87021207809447,83.41026306152344,1048.5560145223633,4623.6623740862615,50000,6200000,5782.299832344055,59.58,91.0,3596.1640625,20475.0,33.32,66.14,68.0,80.4641,112.145,2370.0,8551.0,3965.805402500382,0.0,34.3193359375,2498.0,630.58544921875,20474.5,1,8.708,24,23856.732265625,64860.765625,36.8,2192.375,-1,628219,3981.4400470002547,1.105955568611182,0.0011059555686111818,506076.5300294917,140.57681389708102,0.14057681389708102,0.5253288950903113,0.0005253288950903114,66.77398660111346,0.06677398660111346,475.0,80.01668287526428,112.145,76.919,79.62880094000509,473,10.0,64,64,1,True,240,sgd,multistep,32,100,0.0,False,1.0.0
p7-msdnet-cifar100-jointexit-s1,124,97750,2026-09-01T11:46:15Z,1788263175.1194992,local,0,local-1c8d861c2a,CB-410-122,msdnet,msdnet,cifar100,1,p7,jointexit,49fd74a2ab0863226c5a3e8c535afbf6dfbef29c39d0bda5aca7334f5d2e5d69,1.4171493991470336,1.4570370393753052,0.67386,0.5972,NA,0.8667,0.6008422602982114,0.5972,0.6008422602982114,0.6537884764712238,0.5972,0.6537884764712241,0.5972000000000001,0.5972,0.5972,0.5972000000000001,0.5931313131313132,0.59385063797548,0.9264916181564331,1.9828163385391235,0.16524578281284066,1.4118759632110596,0.6247,31,False,0.025333011201024054,0.2287466696330479,1.457039475440979,0.5326756834983826,0.5797268748283386,1.6033673286437988,1.4171493991470336,1.4171493991470336,NA,NA,NA,NA,NA,NA,NA,NA,NA,NA,NA,0.05,0.05,0.05,[0.05],0.9,0.0005,2.0062111738244033,4.017689228057861,1.5548831224441528,2.0012640953063965,2.2692134380340576,2.426285362243653,0.17267100749126058,NA,0.0,58.546817779541016,13.585212707519531,0.2320401556011954,65536.0,1,782,782,0,0,49.001293420791626,46.93474888801575,2.066544532775879,6438.3190059661865,8.818069219589233,38.10056495666504,0.0,0.0,0.18794386014015935,0.0,0.0,59.99825342232004,62.42525577545166,69.87645626068115,79.31838512420654,83.59098434448242,1065.3087783488052,4838.995647757725,50000,6250000,5635.148743391037,60.265306122448976,92.0,3596.1640625,20475.0,33.755102040816325,66.6734693877551,69.0,81.05918367346939,112.811,2370.0,8551.0,3913.863338000248,0.0,33.9267578125,2498.0,629.78173828125,20474.5,1,8.495918367346938,24,23851.926658163266,64860.765625,36.800000000000004,2189.421875,-1,628219,3949.904550499369,1.097195708472047,0.001097195708472047,510026.43457999104,141.67400960555307,0.14167400960555307,0.5211679615242222,0.0005211679615242222,67.29515456263768,0.06729515456263768,475.0,80.7713790149893,112.811,77.033,78.99809100998738,467,10.0,64,64,1,True,240,sgd,multistep,32,100,0.0,False,1.0.0
p7-msdnet-cifar100-jointexit-s1,125,98532,2026-09-01T11:47:04Z,1788263224.870315,local,0,local-1c8d861c2a,CB-410-122,msdnet,msdnet,cifar100,1,p7,jointexit,49fd74a2ab0863226c5a3e8c535afbf6dfbef29c39d0bda5aca7334f5d2e5d69,1.4121022116851807,1.6557592525482179,0.67574,0.5628,NA,0.8362,0.5671172329972284,0.5628,0.5671172329972285,0.6326398090422543,0.5628,0.6326398090422543,0.5628000000000001,0.5628,0.5628,0.5628000000000001,0.5583838383838383,0.5594069517478726,0.8541615009307861,2.3328895568847656,0.16901052568729275,1.4039486646652222,0.6247,32,False,0.04281124111413955,0.09467186798920502,1.6557599306106567,0.5732453465461731,0.6053382754325867,1.4537770748138428,1.4121022116851807,1.4121022116851807,NA,NA,NA,NA,NA,NA,NA,NA,NA,NA,NA,0.05,0.05,0.05,[0.05],0.9,0.0005,2.0052168439416325,5.4197282791137695,1.5510519742965698,1.9995272755622864,2.2732669234275815,2.4294639754295346,0.20133582051518492,NA,0.0,58.561031341552734,13.607666969299316,0.23236726979642214,65536.0,0,782,782,0,0,49.67768597602844,47.61369514465332,2.063990831375122,6487.996691942215,8.924034118652344,38.6868941783905,0.0,0.0,0.18743667552490512,0.0,0.0,60.88354002179392,64.93866443634033,67.53191947937012,80.06798267364498,85.97636222839355,1050.1180353277969,4844.982762514288,50000,6300000,5663.256201267242,59.755102040816325,92.0,3596.1640625,20475.0,33.714285714285715,66.63265306122449,69.0,80.2374081632653,112.021,2370.0,8551.0,3882.952478000744,0.0,34.3193359375,2498.0,630.58544921875,20474.5,1,9.053061224489797,24,23846.480947066328,64860.765625,36.79795918367347,2191.25,-1,628219,3981.0627040001236,1.1058507511111455,0.0011058507511111455,514007.49728399114,142.77986035666422,0.1427798603566642,0.5252791067777941,0.0005252791067777941,67.82043366941548,0.06782043366941548,475.0,80.31335381355933,112.466,76.881,79.62125408000247,472,10.0,64,64,1,True,240,sgd,multistep,32,100,0.0,False,1.0.0
p7-msdnet-cifar100-jointexit-s1,126,99314,2026-09-01T11:47:55Z,1788263275.5127337,local,0,local-1c8d861c2a,CB-410-122,msdnet,msdnet,cifar100,1,p7,jointexit,49fd74a2ab0863226c5a3e8c535afbf6dfbef29c39d0bda5aca7334f5d2e5d69,1.4175154596710204,1.3929987726211548,0.6719,0.6174,NA,0.8761,0.6143482295230765,0.6174,0.6143482295230767,0.6417608530409461,0.6174,0.6417608530409461,0.6174000000000001,0.6174,0.6174,0.6174000000000001,0.6135353535353536,0.6138657890736386,0.8488890528678894,1.913212537765503,0.1602457952722484,1.4153180122375488,0.6247,33,False,0.022808820122480398,0.10309736678997675,1.3929980993270874,0.5041101574897766,0.5967304706573486,1.538834810256958,1.4175154596710204,1.4175154596710204,NA,NA,NA,NA,NA,NA,NA,NA,NA,NA,NA,0.05,0.05,0.05,[0.05],0.9,0.0005,2.014454905873835,2.548748731613159,1.5458728075027466,2.015336751937866,2.2812135219573975,2.395490884780884,0.15847584810355325,NA,0.0,58.57890319824219,13.635310173034668,0.2327682737058114,65536.0,1,782,782,0,0,50.56823110580444,48.50238084793091,2.0654783248901367,6538.564923048019,9.542364597320557,38.96001625061035,0.0,0.0,0.1967401276081405,0.0,0.0,62.023504920627765,63.69209289550781,70.26526927947998,80.5622673034668,83.43076705932617,1030.8772296511497,4841.493555993575,50000,6350000,5714.210114955902,56.06,96.0,3596.1640625,20475.0,31.14,66.1,69.0,79.55467999999999,112.466,2370.0,8551.0,3915.144865999946,0.0,33.9267578125,2498.0,629.78173828125,20474.5,1,8.675999999999998,24,23864.925078125,64860.765625,36.8,2191.24609375,-1,628219,3998.4495340014646,1.110680426111518,0.001110680426111518,518005.9468179926,143.89054078277573,0.14389054078277572,0.527573202402971,0.000527573202402971,68.34800687181846,0.06834800687181845,475.0,79.28735146443515,112.466,75.407,79.9689906800293,478,10.0,64,64,1,True,240,sgd,multistep,32,100,0.0,False,1.0.0
p7-msdnet-cifar100-jointexit-s1,127,100096,2026-09-01T11:48:47Z,1788263327.227612,local,0,local-1c8d861c2a,CB-410-122,msdnet,msdnet,cifar100,1,p7,jointexit,49fd74a2ab0863226c5a3e8c535afbf6dfbef29c39d0bda5aca7334f5d2e5d69,1.4128829385757447,1.4924126846313477,0.67574,0.5909,NA,0.8604,0.5902164060009544,0.5909,0.5902164060009544,0.6435169929668852,0.5909,0.6435169929668852,0.5909,0.5909,0.5909,0.5909,0.5867676767676768,0.5874304586133021,0.980665385723114,2.0160279273986816,0.16795530656384433,1.4093160033226013,0.6247,34,False,0.02106927921809257,0.0795050805563447,1.4924119710922241,0.5367856025695801,0.6035035252571106,1.4689197540283203,1.4128829385757447,1.4128829385757447,NA,NA,NA,NA,NA,NA,NA,NA,NA,NA,NA,0.05,0.05,0.05,[0.05],0.9,0.0005,2.007546409469126,3.9297595024108887,1.5632776021957397,1.9998652338981628,2.2855886340141294,2.387078547477722,0.17422355636746018,NA,0.0,58.55150604248047,13.608250617980957,0.23241503998390506,65536.0,0,782,782,0,0,51.665977478027344,49.60184574127197,2.064131736755371,6590.230900526047,9.224578619003296,40.366353034973145,0.0,0.0,0.18601341639169677,0.0,0.0,63.41551362401079,66.17510318756104,71.33104801177979,83.07570695877075,88.35196495056152,1008.027004898262,4844.652025804854,50000,6400000,5786.5894775390625,56.431372549019606,92.0,3596.1640625,20475.0,31.745098039215687,65.56862745098039,67.0,78.62672549019608,112.405,2370.0,8551.0,3954.484475500281,0.0,34.3193359375,2498.0,630.58544921875,20474.5,1,8.498039215686275,24,23850.597809436276,64860.765625,36.8,2191.30078125,-1,628219,4057.1163825000035,1.1269767729166675,0.0011269767729166675,522063.0632004926,145.0175175556924,0.1450175175556924,0.535313967135417,0.000535313967135417,68.88332083895388,0.06888332083895388,475.0,78.65662601626018,112.405,74.861,81.14232765000007,492,10.0,64,64,1,True,240,sgd,multistep,32,100,0.0,False,1.0.0
p7-msdnet-cifar100-jointexit-s1,128,100878,2026-09-01T11:49:39Z,1788263379.043305,local,0,local-1c8d861c2a,CB-410-122,msdnet,msdnet,cifar100,1,p7,jointexit,49fd74a2ab0863226c5a3e8c535afbf6dfbef29c39d0bda5aca7334f5d2e5d69,1.412553272857666,1.4838684993743896,0.67514,0.598,NA,0.861,0.5908133677514958,0.598,0.5908133677514956,0.624935008399395,0.598,0.624935008399395,0.598,0.598,0.598,0.598,0.593939393939394,0.5944443877982676,0.9378384947776794,1.9423644542694092,0.1633622003220643,1.4133970737457275,0.6247,35,False,0.01824552837610245,0.44423308223485947,1.4838707447052002,0.5313831567764282,0.6039836406707764,1.4841257333755493,1.412553272857666,1.412553272857666,NA,NA,NA,NA,NA,NA,NA,NA,NA,NA,NA,0.05,0.05,0.05,[0.05],0.9,0.0005,2.0105031288188435,4.854830741882324,1.5142675638198853,2.0050007104873657,2.26909339427948,2.3732440543174738,0.18607228580984372,NA,0.0,58.552982330322266,13.588968276977539,0.23207986572428355,65536.0,0,782,782,0,0,51.78502058982849,49.721853733062744,2.063166856765747,6642.015921115875,9.391000747680664,40.30911946296692,0.0,0.0,0.1889532803518002,0.0,0.0,63.55514093433194,66.21181964874268,70.86338996887207,82.80513525009155,87.39352226257324,1005.5940445911473,4846.917721272509,50000,6450000,5748.1372854709625,56.25,91.0,3604.0078125,20475.0,31.115384615384617,65.78846153846153,68.0,78.98001923076923,112.167,2370.0,8551.0,4042.0164039999413,0.0,33.9267578125,2498.0,629.78173828125,20474.5,1,8.828846153846154,24,23867.376201923078,64860.765625,36.80384615384615,2192.37109375,-1,628219,4065.1662189991025,1.1292128386108617,0.0011292128386108618,526128.2294194917,146.14673039430326,0.14614673039430326,0.5363760983401593,0.0005363760983401593,69.41969693729403,0.06941969693729404,475.0,78.53276064908722,112.612,75.377,81.30332437998206,493,10.0,64,64,1,True,240,sgd,multistep,32,100,0.0,False,1.0.0
p7-msdnet-cifar100-jointexit-s1,129,101660,2026-09-01T11:50:31Z,1788263431.3953474,local,0,local-1c8d861c2a,CB-410-122,msdnet,msdnet,cifar100,1,p7,jointexit,49fd74a2ab0863226c5a3e8c535afbf6dfbef29c39d0bda5aca7334f5d2e5d69,1.407699489250183,1.3941640546798706,0.67662,0.6161,NA,0.8742,0.6098584937239907,0.6161,0.6098584937239907,0.6376429144802598,0.6161,0.6376429144802599,0.6161000000000001,0.6161,0.6161,0.6161000000000001,0.6122222222222222,0.6125941054686999,0.9340375661849976,2.113877534866333,0.16565932229789967,1.4053083062171936,0.6247,36,False,0.02910283876657487,0.08527747603587749,1.3941669464111328,0.5059069395065308,0.5890911817550659,1.5865896940231323,1.407699489250183,1.407699489250183,NA,NA,NA,NA,NA,NA,NA,NA,NA,NA,NA,0.05,0.05,0.05,[0.05],0.9,0.0005,2.0076972768187678,2.498372793197632,1.5143742561340332,1.9964874982833862,2.2762858867645264,2.423036861419678,0.15851131724017814,NA,0.0,58.600589752197266,13.617085456848145,0.23237113336965287,65536.0,1,782,782,0,0,52.26804327964783,50.21788573265076,2.0501575469970703,6694.283964395523,9.626108407974243,40.591777324676514,0.0,0.0,0.1916868515576617,0.0,0.0,64.21724518241786,66.34771823883057,70.47631740570068,83.34847927093506,87.50224113464355,995.6611926314315,4877.673920546892,50000,6500000,5749.484760761261,56.28846153846154,92.0,3623.7109375,20475.0,31.365384615384617,65.48076923076923,68.0,78.45059615384616,112.612,2370.0,8551.0,4010.8359439996507,0.0,34.3193359375,2498.0,630.58544921875,20474.5,1,8.48846153846154,24,23972.34795673077,64860.765625,36.96538461538462,2191.25,-1,628219,4085.755981999978,1.134932217222216,0.001134932217222216,530213.9854014918,147.2816626115255,0.14728166261152548,0.5390928031805525,0.0005390928031805526,69.95878974047459,0.06995878974047459,475.0,78.23067004048583,112.612,75.077,81.71511963999956,494,10.0,64,64,1,True,240,sgd,multistep,32,100,0.0,False,1.0.0
p7-msdnet-cifar100-jointexit-s1,130,102442,2026-09-01T11:51:21Z,1788263481.8970613,local,0,local-1c8d861c2a,CB-410-122,msdnet,msdnet,cifar100,1,p7,jointexit,49fd74a2ab0863226c5a3e8c535afbf6dfbef29c39d0bda5aca7334f5d2e5d69,1.4123942628479005,1.361658960914612,0.67662,0.6313,NA,0.8776,0.6304057794042642,0.6313,0.6304057794042641,0.6591947073597627,0.6313,0.6591947073597629,0.6313000000000001,0.6313,0.6313,0.6313000000000001,0.6275757575757576,0.6278917046474999,0.9690353274345398,1.9596034288406372,0.16623138775065208,1.4039762020111084,0.6313,0,True,0.030722162890061726,0.07954391521566057,1.3616528511047363,0.49643731117248535,0.602226734161377,1.4924745559692383,1.4123942628479005,1.4123942628479005,NA,NA,NA,NA,NA,NA,NA,NA,NA,NA,NA,0.05,0.05,0.05,[0.05],0.9,0.0005,2.0101357768563664,3.7531208992004395,1.4213534593582153,2.002436637878418,2.302222180366516,2.4158497524261473,0.1784129121403912,NA,0.0,58.563621520996094,13.586100578308105,0.23198873678666282,65536.0,0,782,782,0,0,50.41728758811951,48.367003440856934,2.0502841472625732,6744.701251983643,9.04024887084961,39.311229944229126,0.0,0.0,0.18696943904082508,0.0,0.0,61.8305355691544,63.73798847198486,70.74835300445557,79.79129552841175,84.01036262512207,1033.76261589453,4877.372735555436,50000,6550000,5495.484347105026,57.18,91.0,3597.5390625,20475.0,32.04,65.66,68.0,79.68978000000001,112.179,2370.0,8551.0,3919.4569794996455,0.0,33.9267578125,2498.0,629.78173828125,20474.5,1,8.462,24,23945.09109375,64860.765625,36.900000000000006,2191.19140625,-1,628218,3990.2616224997982,1.108406006249944,0.0011084060062499439,534204.2470239915,148.39006861777543,0.14839006861777543,0.5264928529687233,0.0005264928529687233,70.48528259344332,0.07048528259344332,475.0,79.30805427974947,112.22,74.82,79.80523244999596,479,10.0,64,64,1,True,240,sgd,multistep,32,100,0.0,False,1.0.0
p7-msdnet-cifar100-jointexit-s1,131,103224,2026-09-01T11:52:11Z,1788263531.8997226,local,0,local-1c8d861c2a,CB-410-122,msdnet,msdnet,cifar100,1,p7,jointexit,49fd74a2ab0863226c5a3e8c535afbf6dfbef29c39d0bda5aca7334f5d2e5d69,1.4167070142745972,1.4092485473632812,0.67476,0.6087,NA,0.8765,0.610903736457781,0.6087,0.610903736457781,0.6518809349301057,0.6087,0.6518809349301056,0.6087,0.6087,0.6087,0.6087,0.6047474747474748,0.605222877574818,0.9655511379241943,1.9118543863296509,0.15577018785937924,1.4130761623382568,0.6313,1,False,0.014719239890947927,0.06075846776366234,1.409248948097229,0.5149705410003662,0.617837131023407,1.4028685092926025,1.4167070142745972,1.4167070142745972,NA,NA,NA,NA,NA,NA,NA,NA,NA,NA,NA,0.05,0.05,0.05,[0.05],0.9,0.0005,2.008875893052582,4.338311672210693,1.5176208019256592,2.0021185874938965,2.272597050666809,2.3867364621162412,0.17629506898659217,NA,0.0,58.59291076660156,13.622410774230957,0.23249247385053692,65536.0,0,782,782,0,0,49.93561363220215,47.88376450538635,2.051849126815796,6794.636865615845,9.24200701713562,38.617361068725586,0.0,0.0,0.19310758555263768,0.0,0.0,61.20123796145934,63.916802406311035,70.17548084259033,81.6036200523376,89.01619911193848,1044.1952615144867,4873.652682016979,50000,6600000,5393.046272277832,60.52,96.0,3597.5390625,20475.0,34.72,66.0,68.0,80.6323,112.825,2370.0,8551.0,3976.7363104995957,0.0,34.3193359375,2498.0,630.58544921875,20474.5,1,8.903999999999998,24,23919.396328125,64860.765625,36.90200000000001,2192.2734375,-1,628218,3983.915943500176,1.1066433176389379,0.0011066433176389378,538188.1629674917,149.49671193541434,0.14949671193541436,0.5256555758784953,0.0005256555758784954,71.01093816932182,0.07101093816932182,475.0,79.89803563941301,112.825,74.931,79.67831887000352,477,10.0,64,64,1,True,240,sgd,multistep,32,100,0.0,False,1.0.0
p7-msdnet-cifar100-jointexit-s1,132,104006,2026-09-01T11:53:01Z,1788263581.7510803,local,0,local-1c8d861c2a,CB-410-122,msdnet,msdnet,cifar100,1,p7,jointexit,49fd74a2ab0863226c5a3e8c535afbf6dfbef29c39d0bda5aca7334f5d2e5d69,1.412267088394165,1.3709078163146973,0.67412,0.6142,NA,0.8778,0.6160207296751383,0.6142,0.6160207296751382,0.6500449285242634,0.6142,0.6500449285242633,0.6142,0.6142,0.6142,0.6142,0.6103030303030303,0.610749515677324,0.8334998488426208,1.999152421951294,0.1633974436441514,1.4156423211097717,0.6313,2,False,0.017032151417434208,0.06036883592605591,1.3709076642990112,0.5089625120162964,0.6054799556732178,1.4692957401275635,1.412267088394165,1.412267088394165,NA,NA,NA,NA,NA,NA,NA,NA,NA,NA,NA,0.05,0.05,0.05,[0.05],0.9,0.0005,1.9991978585491108,2.6886143684387207,1.5406043529510498,1.9923499822616577,2.2503015995025635,2.3937040328979498,0.15499898890105027,NA,0.0,58.547828674316406,13.526493072509766,0.23103321470303353,65536.0,1,782,782,0,0,49.76784801483154,47.71858334541321,2.049264669418335,6844.404713630676,8.88414478302002,38.82050919532776,0.0,0.0,0.18623224449028308,0.0,0.0,61.00339383420432,64.05699253082275,70.01409530639647,82.6174211502075,84.24043655395508,1047.8098152678308,4879.799153926959,50000,6650000,5325.159737586975,58.06,96.0,3597.5390625,20475.0,32.98,66.22,69.0,80.70585999999999,112.825,2370.0,8551.0,3973.9981109999294,0.0,33.9267578125,2498.0,629.78173828125,20474.5,1,8.744,24,23902.2303125,64860.765625,36.85,2189.7734375,-1,628218,3975.3405439997855,1.1042612622221626,0.0011042612622221626,542163.5035114915,150.6009731976365,0.15060097319763652,0.5245240995555271,0.0005245240995555272,71.53546226887734,0.07153546226887735,475.0,80.01369831223629,112.825,76.129,79.50681087999571,474,10.0,64,64,1,True,240,sgd,multistep,32,100,0.0,False,1.0.0
p7-msdnet-cifar100-jointexit-s1,133,104788,2026-09-01T11:53:51Z,1788263631.0024023,local,0,local-1c8d861c2a,CB-410-122,msdnet,msdnet,cifar100,1,p7,jointexit,49fd74a2ab0863226c5a3e8c535afbf6dfbef29c39d0bda5aca7334f5d2e5d69,1.411590966720581,1.5110874631881714,0.67552,0.59,NA,0.8574,0.590538956851486,0.59,0.5905389568514862,0.6425960062558722,0.59,0.6425960062558723,0.59,0.59,0.59,0.59,0.5858585858585859,0.5865173956969019,0.9331929087638855,1.9973738193511963,0.16877064213115506,1.4140543341636658,0.6313,3,False,0.02575777485370636,0.0660780519247055,1.5110784769058228,0.5399418473243713,0.6128736734390259,1.4285390377044678,1.411590966720581,1.411590966720581,NA,NA,NA,NA,NA,NA,NA,NA,NA,NA,NA,0.05,0.05,0.05,[0.05],0.9,0.0005,2.0062501328375637,3.9747471809387207,1.566702961921692,1.9999428987503052,2.275591588020325,2.3833785772323606,0.17090246350073696,NA,0.0,58.534629821777344,13.550018310546875,0.23148721281407503,65536.0,0,782,782,0,0,49.169898986816406,47.119401931762695,2.050497055053711,6893.574612617493,8.33234190940857,38.77834510803223,0.0,0.0,0.17686734023479347,0.0,0.0,60.243845290845,62.3321533203125,69.81205940246582,79.07892942428587,83.62483978271484,1061.134011683954,4876.86630680777,50000,6700000,5212.009292602539,57.673469387755105,91.0,3597.5390625,20475.0,32.57142857142857,66.51020408163265,69.0,80.74506122448979,112.196,2370.0,8551.0,3900.9430695007886,0.0,34.3193359375,2498.0,630.58544921875,20474.5,1,8.820408163265306,24,23913.924984056124,64860.765625,36.900000000000006,2191.1640625,-1,628218,3957.2030615007143,1.0992230726390873,0.0010992230726390873,546120.7065729921,151.7001962702756,0.1517001962702756,0.5221309595035665,0.0005221309595035664,72.05759322838091,0.07205759322838091,475.0,80.55537393162393,112.893,77.487,79.14406123001429,468,10.0,64,64,1,True,240,sgd,multistep,32,100,0.0,False,1.0.0
p7-msdnet-cifar100-jointexit-s1,134,105570,2026-09-01T11:54:41Z,1788263681.2409961,local,0,local-1c8d861c2a,CB-410-122,msdnet,msdnet,cifar100,1,p7,jointexit,49fd74a2ab0863226c5a3e8c535afbf6dfbef29c39d0bda5aca7334f5d2e5d69,1.4096158317947387,1.4609633443832397,0.6756,0.5963,NA,0.8739,0.5983272988401948,0.5963,0.5983272988401948,0.650180583999902,0.5963,0.6501805839999021,0.5963,0.5963,0.5963,0.5963,0.5922222222222222,0.5929550103954203,0.8778902888298035,1.869599461555481,0.15698596357424913,1.4051710367202759,0.6313,4,False,0.049390183798223734,0.12819532929805288,1.460970401763916,0.5377150774002075,0.6455385684967041,1.2816931009292603,1.4096158317947387,1.4096158317947387,NA,NA,NA,NA,NA,NA,NA,NA,NA,NA,NA,0.05,0.05,0.05,[0.05],0.9,0.0005,1.996387274826274,3.4544150829315186,1.5742846727371216,1.9851974844932556,2.261301815509796,2.3620045971870414,0.160635855624564,NA,0.0,58.571842193603516,13.53152084350586,0.23102433416348314,65536.0,0,782,782,0,0,50.20494842529297,48.15403747558594,2.0509109497070312,6943.779561042786,9.207282066345215,38.92586088180542,0.0,0.0,0.19128778015313408,0.0,0.0,61.551333693287255,65.83118438720703,69.29347515106201,83.23561906814575,86.80057525634766,1038.3345327035136,4875.8821056704,50000,6750000,5271.519584655762,58.46,95.0,3597.5390625,20475.0,33.36,66.28,68.0,80.40298,112.893,2370.0,8551.0,3960.10634249872,0.0,33.9267578125,2498.0,629.78173828125,20474.5,1,8.422,24,23913.163828125,64860.765625,36.900000000000006,2188.90625,-1,628218,4004.543894499324,1.11237330402759,0.00111237330402759,550125.2504674915,152.81256957430318,0.15281256957430317,0.5283773194131053,0.0005283773194131052,72.58597054779402,0.07258597054779402,475.0,79.83612184873951,112.893,75.756,80.09087788998647,476,10.0,64,64,1,True,240,sgd,multistep,32,100,0.0,False,1.0.0
p7-msdnet-cifar100-jointexit-s1,135,106352,2026-09-01T11:55:33Z,1788263733.0768008,local,0,local-1c8d861c2a,CB-410-122,msdnet,msdnet,cifar100,1,p7,jointexit,49fd74a2ab0863226c5a3e8c535afbf6dfbef29c39d0bda5aca7334f5d2e5d69,1.4115351772308349,1.9704334297180175,0.67508,0.5195,NA,0.8259,0.5442275414808571,0.5195,0.5442275414808572,0.6367350934793695,0.5195,0.6367350934793696,0.5195,0.5195,0.5195,0.5195,0.5146464646464646,0.5202324421593474,0.9371236562728882,1.9583823680877686,0.16194108693473516,1.4048429727554321,0.6313,5,False,0.12648548455685377,0.1962764957576122,1.9704185724258423,0.660707950592041,0.6459855437278748,1.2789466381072998,1.4115351772308349,1.4115351772308349,NA,NA,NA,NA,NA,NA,NA,NA,NA,NA,NA,0.05,0.05,0.05,[0.05],0.9,0.0005,2.0042998752581784,3.8495209217071533,1.5642961263656616,1.9891341924667358,2.2972357273101807,2.4367289543151855,0.17434655165549912,NA,0.0,58.532711029052734,13.5632905960083,0.23172155120708754,65536.0,1,782,782,0,0,51.78536343574524,49.714210987091064,2.071152448654175,6995.564924478531,9.216988325119019,40.48720741271973,0.0,0.0,0.18543682657563498,0.0,0.0,63.560352605931904,64.82243537902832,70.69807052612305,83.79623651504517,167.74702072143555,1005.7486382109764,4828.229813067576,50000,6800000,5385.677797317505,57.76923076923077,91.0,3597.5390625,20475.0,32.76923076923077,65.63461538461539,68.0,78.96936538461539,112.832,2370.0,8551.0,4046.8097979991535,0.0,34.3193359375,2498.0,630.58544921875,20474.5,1,8.734615384615383,24,23912.190955528848,64860.765625,36.89615384615385,2189.80859375,-1,628218,4059.407844499868,1.1276132901388523,0.0011276132901388524,554184.6583119914,153.94018286444205,0.15394018286444205,0.5356163128159548,0.0005356163128159548,73.12158686060998,0.07312158686060997,475.0,78.54278163265307,112.832,70.409,81.18815688999736,490,10.0,64,64,1,True,240,sgd,multistep,32,100,0.0,False,1.0.0
p7-msdnet-cifar100-jointexit-s1,136,107134,2026-09-01T11:56:24Z,1788263784.6249278,local,0,local-1c8d861c2a,CB-410-122,msdnet,msdnet,cifar100,1,p7,jointexit,49fd74a2ab0863226c5a3e8c535afbf6dfbef29c39d0bda5aca7334f5d2e5d69,1.414991520690918,1.5852154769897462,0.67486,0.5707,NA,0.8479,0.5721198085168799,0.5707,0.5721198085168799,0.6299014755444825,0.5707,0.6299014755444824,0.5707000000000001,0.5707,0.5707,0.5707000000000001,0.5663636363636363,0.5670385044917186,0.7841121554374695,2.3291923999786377,0.17790681170846975,1.4116767644882202,0.6313,6,False,0.028153497268259525,0.06698350732976743,1.5852161645889282,0.5618249773979187,0.595844030380249,1.5058529376983643,1.414991520690918,1.414991520690918,NA,NA,NA,NA,NA,NA,NA,NA,NA,NA,NA,0.05,0.05,0.05,[0.05],0.9,0.0005,2.0127646944407003,4.471678733825684,1.5425022840499878,2.00545871257782,2.2940275549888605,2.4336496448516844,0.18674186670583404,NA,0.0,58.56374740600586,13.547874450683594,0.23133551131487576,65536.0,0,782,782,0,0,51.47945737838745,49.41792440414429,2.060502767562866,7047.044381856918,9.44458293914795,39.95981407165527,0.0,0.0,0.19116887383693215,0.0,0.0,63.17697827468442,66.21277332305908,70.94526290893555,82.80269145965575,85.2813720703125,1011.7786330137106,4853.184454504693,50000,6850000,5302.3841099739075,57.07843137254902,93.0,3597.5390625,20475.0,31.784313725490197,65.56862745098039,68.0,78.7053137254902,112.11,2370.0,8551.0,3952.058505500171,0.0,33.9267578125,2498.0,629.78173828125,20474.5,1,8.470588235294116,24,23899.557061887255,64860.765625,36.80980392156863,2188.5078125,-1,628218,4043.836064499613,1.1232877956943368,0.001123287795694337,558228.4943764909,155.06347066013637,0.15506347066013637,0.53356170295481,0.00053356170295481,73.65514856356478,0.07365514856356478,475.0,78.64226476578413,113.274,75.161,80.87672128999225,491,10.0,64,64,1,True,240,sgd,multistep,32,100,0.0,False,1.0.0
p7-msdnet-cifar100-jointexit-s1,137,107916,2026-09-01T11:57:16Z,1788263836.7437885,local,0,local-1c8d861c2a,CB-410-122,msdnet,msdnet,cifar100,1,p7,jointexit,49fd74a2ab0863226c5a3e8c535afbf6dfbef29c39d0bda5aca7334f5d2e5d69,1.4096247410583496,1.3569966384887695,0.67694,0.6208,NA,0.8819,0.6197368412860897,0.6208,0.6197368412860897,0.6462552168103618,0.6208,0.6462552168103616,0.6208,0.6208,0.6208,0.6208,0.616969696969697,0.6172437080051311,0.8856176733970642,2.0081050395965576,0.1630828776110562,1.4012766480445862,0.6313,7,False,0.01677920938171446,0.06594254995045595,1.3569927215576172,0.501419186592102,0.6085160374641418,1.464297890663147,1.4096247410583496,1.4096247410583496,NA,NA,NA,NA,NA,NA,NA,NA,NA,NA,NA,0.05,0.05,0.05,[0.05],0.9,0.0005,1.9993853807144066,2.6203715801239014,1.5795607566833496,1.9910213947296143,2.267489194869995,2.474774789810181,0.16397330368614504,NA,0.0,58.56818771362305,13.56100845336914,0.23154222424770077,32768.0,1,782,782,0,0,52.069504499435425,50.01833915710449,2.0511653423309326,7099.113886356354,9.414686918258667,40.583733320236206,0.0,0.0,0.18829968773713562,0.0,0.0,63.9365987704538,66.37394428253174,73.69756698608398,83.10153245925902,84.37776565551758,999.6333513384583,4875.277381898456,50000,6900000,5311.089458942413,57.40384615384615,95.0,3597.5390625,20475.0,33.01923076923077,65.53846153846153,68.0,78.54090384615384,113.274,2370.0,8551.0,4027.328678499633,0.0,34.3193359375,2498.0,630.58544921875,20474.5,1,8.530769230769232,24,23913.54139122596,64860.765625,36.89807692307693,2189.40625,-1,628218,4071.4909344987877,1.1309697040274411,0.001130969704027441,562299.9853109898,156.19444036416382,0.15619444036416383,0.5372106094130344,0.0005372106094130345,74.19235917297782,0.07419235917297781,475.0,78.3068303030303,113.274,75.078,81.42981868997576,495,10.0,64,64,1,True,240,sgd,multistep,32,100,0.0,False,1.0.0
p7-msdnet-cifar100-jointexit-s1,138,108698,2026-09-01T11:58:06Z,1788263886.7130954,local,0,local-1c8d861c2a,CB-410-122,msdnet,msdnet,cifar100,1,p7,jointexit,49fd74a2ab0863226c5a3e8c535afbf6dfbef29c39d0bda5aca7334f5d2e5d69,1.4043154204559327,1.483088306427002,0.67594,0.5937,NA,0.8669,0.5873014056157091,0.5937,0.587301405615709,0.6385080943315623,0.5937,0.6385080943315624,0.5937000000000001,0.5937,0.5937,0.5937000000000001,0.5895959595959597,0.5901567915735935,0.9460377097129822,2.070568084716797,0.16484755943189683,1.4072761535644531,0.6313,8,False,0.02683612871840596,0.18842964619398117,1.4830873012542725,0.5360378623008728,0.6146353483200073,1.436216950416565,1.4043154204559327,1.4043154204559327,NA,NA,NA,NA,NA,NA,NA,NA,NA,NA,NA,0.05,0.05,0.05,[0.05],0.9,0.0005,2.0020233539059338,4.20168924331665,1.5803523063659668,1.9925934672355652,2.2755462169647216,2.3847700214385985,0.17866203943100434,NA,0.0,58.5263786315918,13.544159889221191,0.23141974962227077,32768.0,0,782,782,0,0,49.915802001953125,47.84772849082947,2.0522501468658447,7149.029688358307,9.302390813827515,38.529815435409546,0.0,0.0,0.19447965175087217,0.0,0.0,61.16650415503461,63.36355209350586,69.69876289367676,80.18454551696775,83.06455612182617,1044.9816862169964,4872.700345653185,50000,6950000,5041.496002197266,56.7,92.0,3597.5390625,20475.0,32.16,65.8,68.0,80.17774,112.711,2370.0,8551.0,3946.3878604998013,0.0,33.9267578125,2498.0,629.78173828125,20474.5,1,8.808,24,23918.80765625,64860.765625,36.900000000000006,2192.15625,-1,628218,3977.9259654999987,1.1049794348611108,0.0011049794348611107,566277.9112764897,157.29941979902492,0.15729941979902493,0.5248652315590276,0.0005248652315590276,74.71722440453684,0.07471722440453683,475.0,79.82624683544304,112.787,75.0,79.55851930999998,474,10.0,64,64,1,True,240,sgd,multistep,32,100,0.0,False,1.0.0
p7-msdnet-cifar100-jointexit-s1,139,109480,2026-09-01T11:58:56Z,1788263936.0638895,local,0,local-1c8d861c2a,CB-410-122,msdnet,msdnet,cifar100,1,p7,jointexit,49fd74a2ab0863226c5a3e8c535afbf6dfbef29c39d0bda5aca7334f5d2e5d69,1.4083557197570802,1.5682372747421265,0.67614,0.5701,NA,0.851,0.5726151963243384,0.5701,0.5726151963243383,0.6469739959842127,0.5701,0.6469739959842128,0.5701,0.5701,0.5701,0.5701,0.5657575757575757,0.5670070897780453,0.979354739189148,2.4186978340148926,0.17432802847552487,1.4031304121017456,0.6313,9,False,0.04993121237009764,0.09996773472315146,1.5682414770126343,0.5622746348381042,0.6200312376022339,1.4014281034469604,1.4083557197570802,1.4083557197570802,NA,NA,NA,NA,NA,NA,NA,NA,NA,NA,NA,0.05,0.05,0.05,[0.05],0.9,0.0005,2.0118741449492665,4.769958972930908,1.5182158946990967,1.9951940178871155,2.2904574155807493,2.4610560011863707,0.18879734768462897,NA,0.0,58.56412887573242,13.604063987731934,0.232293457597542,32768.0,0,782,782,0,0,49.30236792564392,47.23489856719971,2.067469358444214,7198.332056283951,9.262533903121948,37.97236466407776,0.0,0.0,0.19609513694507913,0.0,0.0,60.402683589769445,62.58249282836914,69.88534927368163,79.80569362640378,84.13887023925781,1058.5393748409656,4836.831055878417,50000,7000000,4930.236792564392,58.95918367346939,92.0,3597.5390625,20475.0,33.42857142857143,66.10204081632654,68.0,80.75618367346938,112.787,2370.0,8551.0,3894.183219499755,0.0,34.3193359375,2498.0,630.58544921875,20474.5,1,8.691836734693878,24,23920.873166454083,64860.765625,36.900000000000006,2191.26953125,-1,628217,3970.7379764990887,1.1029827712497469,0.001102982771249747,570248.6492529889,158.4024025702747,0.1584024025702747,0.5239168163436297,0.0005239168163436298,75.24114122088046,0.07524114122088046,475.0,80.60296382978724,112.787,77.335,79.41475952998177,470,10.0,64,64,1,True,240,sgd,multistep,32,100,0.0,False,1.0.0
p7-msdnet-cifar100-jointexit-s1,140,110262,2026-09-01T11:59:46Z,1788263986.0990949,local,0,local-1c8d861c2a,CB-410-122,msdnet,msdnet,cifar100,1,p7,jointexit,49fd74a2ab0863226c5a3e8c535afbf6dfbef29c39d0bda5aca7334f5d2e5d69,1.4052063838577271,1.4839052215576172,0.67576,0.5889,NA,0.8637,0.5919900642699615,0.5889,0.5919900642699616,0.6404942202680347,0.5889,0.6404942202680348,0.5889000000000001,0.5889,0.5889,0.5889000000000001,0.5847474747474748,0.5854799128870188,0.9811882376670837,1.9639921188354492,0.1701615193183264,1.4014325737953186,0.6313,10,False,0.012983628202229739,0.06310873478651047,1.483900547027588,0.5349965691566467,0.5898268818855286,1.5292788743972778,1.4052063838577271,1.4052063838577271,NA,NA,NA,NA,NA,NA,NA,NA,NA,NA,NA,0.05,0.05,0.05,[0.05],0.9,0.0005,2.011837692211961,4.239108085632324,1.5320016145706177,2.0027767419815063,2.287822926044464,2.441510355472565,0.18737026318655706,NA,0.0,58.59574508666992,13.631489753723145,0.23263617065642883,65536.0,0,782,782,0,0,49.93836498260498,47.87103343009949,2.067331552505493,7248.270421266556,8.957428216934204,38.90531897544861,0.0,0.0,0.18714822575749993,0.0,0.0,61.20555906954324,64.58163261413574,70.02110481262207,80.12230873107906,83.7099552154541,1044.4729603134472,4837.153473462225,50000,7050000,4943.898133277893,59.02,91.0,3597.5390625,20475.0,33.02,66.5,69.0,80.33724000000001,112.917,2370.0,8551.0,3956.546486498686,0.0,33.9267578125,2498.0,629.78173828125,20474.5,1,8.782,24,23905.83828125,64860.765625,36.898,2191.58984375,-1,628217,3985.3277019985126,1.1070354727773646,0.0011070354727773647,574233.9769549874,159.50943804305206,0.15950943804305207,0.5258418495692482,0.0005258418495692482,75.76698307044971,0.07576698307044971,475.0,79.92501680672268,112.917,75.266,79.70655403997024,476,10.0,64,64,1,True,240,sgd,multistep,32,100,0.0,False,1.0.0
p7-msdnet-cifar100-jointexit-s1,141,111044,2026-09-01T12:00:35Z,1788264035.9844677,local,0,local-1c8d861c2a,CB-410-122,msdnet,msdnet,cifar100,1,p7,jointexit,49fd74a2ab0863226c5a3e8c535afbf6dfbef29c39d0bda5aca7334f5d2e5d69,1.4030960821533203,1.6431219802856445,0.67874,0.5623,NA,0.8519,0.5706066374677785,0.5623,0.5706066374677785,0.6430479995613707,0.5623,0.6430479995613706,0.5623,0.5623,0.5623,0.5623,0.557878787878788,0.5598410142261696,0.9550791382789612,2.073194742202759,0.16552868994576964,1.3997116088867188,0.6313,11,False,0.05615500624328852,0.10479030684756119,1.6431233882904053,0.5836005806922913,0.6117504835128784,1.432431936264038,1.4030960821533203,1.4030960821533203,NA,NA,NA,NA,NA,NA,NA,NA,NA,NA,NA,0.05,0.05,0.05,[0.05],0.9,0.0005,2.0084833225325855,4.330861568450928,1.5261772871017456,1.9980310797691345,2.284815275669098,2.420853326320647,0.18093369883951124,NA,0.0,58.615814208984375,13.639209747314453,0.23268822469455513,65536.0,0,782,782,0,0,49.836068868637085,47.78566646575928,2.0504024028778076,7298.106490135193,8.60157060623169,39.176506996154785,0.0,0.0,0.18003174338270253,0.0,0.0,61.09728593655559,63.09247016906738,69.50483322143553,82.85770416259763,85.02507209777832,1046.338864726882,4877.091436278395,50000,7100000,4883.934749126434,59.24,92.0,3597.5390625,20475.0,33.68,66.2,69.0,80.56034000000001,112.698,2370.0,8551.0,3964.227776500189,0.0,34.3193359375,2498.0,630.58544921875,20474.5,1,8.868000000000002,24,23902.184765625,64860.765625,36.854000000000006,2193.05078125,-1,628217,3984.8901014998487,1.1069139170832913,0.0011069139170832912,578218.8670564872,160.61635196013535,0.16061635196013535,0.5257841106145632,0.0005257841106145633,76.29276718106428,0.07629276718106427,475.0,80.16697040169133,112.92,75.868,79.69780202999698,473,10.0,64,64,1,True,240,sgd,multistep,32,100,0.0,False,1.0.0
p7-msdnet-cifar100-jointexit-s1,142,111826,2026-09-01T12:01:27Z,1788264087.1528955,local,0,local-1c8d861c2a,CB-410-122,msdnet,msdnet,cifar100,1,p7,jointexit,49fd74a2ab0863226c5a3e8c535afbf6dfbef29c39d0bda5aca7334f5d2e5d69,1.4030019728851317,1.5634321025848388,0.67954,0.5745,NA,0.8501,0.5699723221312493,0.5745,0.5699723221312493,0.6364697311968542,0.5745,0.6364697311968542,0.5745,0.5745,0.5745,0.5745,0.5702020202020202,0.5709216042262943,0.8289288878440857,2.0948636531829834,0.16069128968596189,1.4007837772369385,0.6313,12,False,0.0225890984799713,0.06221989683524343,1.563431978225708,0.5573723912239075,0.5880431532859802,1.5508188009262085,1.4030019728851317,1.4030019728851317,NA,NA,NA,NA,NA,NA,NA,NA,NA,NA,NA,0.05,0.05,0.05,[0.05],0.9,0.0005,1.9973909659763736,4.434961795806885,1.4053653478622437,1.9893579483032227,2.2556569099426267,2.349776737689971,0.17751053140071957,NA,0.0,58.588993072509766,13.584237098693848,0.23185646972771812,65536.0,0,782,782,0,0,51.102322816848755,49.038525342941284,2.0637974739074707,7349.208812952042,9.020643711090088,40.00708079338074,0.0,0.0,0.18399066655168747,0.0,0.0,62.695299877839936,65.92035293579102,71.32346630096436,82.555718421936,88.76538276672363,1019.6065165160419,4845.4366896120855,50000,7150000,4956.925313234329,56.35294117647059,95.0,3597.5390625,20475.0,31.607843137254903,66.01960784313725,69.0,79.62717647058824,112.762,2370.0,8551.0,3995.5528060006673,0.0,33.9267578125,2498.0,629.78173828125,20474.5,1,8.943137254901961,24,23905.892386642157,64860.765625,36.892156862745104,2191.9375,-1,628217,4030.6803310006917,1.1196334252779698,0.0011196334252779698,582249.547387488,161.73598538541333,0.1617359853854133,0.5318258770070357,0.0005318258770070357,76.82459305807131,0.07682459305807131,475.0,79.01638603696101,112.762,75.649,80.61360662001384,487,10.0,64,64,1,True,240,sgd,multistep,32,100,0.0,False,1.0.0
p7-msdnet-cifar100-jointexit-s1,143,112608,2026-09-01T12:02:18Z,1788264138.721152,local,0,local-1c8d861c2a,CB-410-122,msdnet,msdnet,cifar100,1,p7,jointexit,49fd74a2ab0863226c5a3e8c535afbf6dfbef29c39d0bda5aca7334f5d2e5d69,1.4140345402908325,1.438707495880127,0.67546,0.61,NA,0.8686,0.6123824354680711,0.61,0.612382435468071,0.6605544193909723,0.61,0.6605544193909723,0.61,0.61,0.61,0.61,0.6060606060606061,0.6066237100490288,0.8813725113868713,1.9491902589797974,0.16892951980606738,1.4087101817131042,0.6313,13,False,0.016631366171687846,0.06529993563890457,1.4387102127075195,0.5198965072631836,0.6133600473403931,1.4228631258010864,1.4140345402908325,1.4140345402908325,NA,NA,NA,NA,NA,NA,NA,NA,NA,NA,NA,0.05,0.05,0.05,[0.05],0.9,0.0005,2.003731831393077,3.599156141281128,1.4129968881607056,2.0032455921173096,2.251944065093994,2.402262926101685,0.1655321529237117,NA,0.0,58.541656494140625,13.59187126159668,0.23217435370926132,65536.0,1,782,782,0,0,51.50341439247131,49.452322483062744,2.0510919094085693,7400.712227344513,9.27371859550476,40.168084383010864,0.0,0.0,0.18756837406464627,0.0,0.0,63.22481199298672,66.38872623443604,70.13442516326904,82.98042297363281,89.61677551269531,1011.0748593683306,4875.451925937094,50000,7200000,4944.327781677246,57.666666666666664,91.0,3597.5390625,20475.0,32.490196078431374,65.54901960784314,68.0,78.68678431372548,112.386,2370.0,8551.0,3951.67946849973,0.0,34.3193359375,2498.0,630.58544921875,20474.5,1,8.327450980392157,24,23906.206878063724,64860.765625,36.858823529411765,2192.671875,-1,628217,4046.2537894997004,1.123959385972139,0.001123959385972139,586295.8011769877,162.85994477138547,0.16285994477138546,0.533880708336766,0.000533880708336766,77.35847376640807,0.07735847376640807,475.0,78.6708394308943,112.816,75.812,80.92507578999401,492,10.0,64,64,1,True,240,sgd,multistep,32,100,0.0,False,1.0.0
p7-msdnet-cifar100-jointexit-s1,144,113390,2026-09-01T12:03:19Z,1788264199.823419,local,0,local-1c8d861c2a,CB-410-122,msdnet,msdnet,cifar100,1,p7,jointexit,49fd74a2ab0863226c5a3e8c535afbf6dfbef29c39d0bda5aca7334f5d2e5d69,1.4092239408874512,1.4701526399612426,0.67704,0.5973,NA,0.8628,0.5929305433984209,0.5973,0.5929305433984208,0.6380917818849415,0.5973,0.6380917818849416,0.5973,0.5973,0.5973,0.5973,0.5932323232323231,0.5938187659169198,0.9651311039924622,1.9354532957077026,0.16489912042200405,1.4041610956192017,0.6313,14,False,0.018581739988923072,0.06436851620674133,1.4701480865478516,0.5295241475105286,0.5952000021934509,1.5274968147277832,1.4092239408874512,1.4092239408874512,NA,NA,NA,NA,NA,NA,NA,NA,NA,NA,NA,0.05,0.05,0.05,[0.05],0.9,0.0005,2.0020212159132407,4.027996063232422,1.5185362100601196,1.9927774667739868,2.2724445343017576,2.358530509471893,0.16744675619206034,NA,0.0,58.53596496582031,13.581209182739258,0.23201478254726732,65536.0,0,782,782,0,0,61.058788537979126,58.86180663108826,2.195817470550537,7461.771015882492,14.2206449508667,44.61842751502991,0.0,0.0,0.24168710271748506,0.0,0.0,75.2417806469266,70.42872905731201,98.28324317932129,103.93754482269287,129.72593307495117,849.4472538597238,4554.1125954757945,50000,7250000,5800.584911108017,49.36065573770492,92.0,3597.5390625,20475.0,28.0,64.27868852459017,68.0,72.7455573770492,112.816,2369.2622950819673,8551.0,4389.47039149985,1.0,33.9267578125,2498.0,629.78173828125,20474.5,1,13.044262295081968,24,23922.370709528688,64860.765625,36.900000000000006,2195.08984375,-1,628217,4413.448005999871,1.2259577794444088,0.0012259577794444087,590709.2491829876,164.0859025508299,0.1640859025508299,0.582329945236094,0.0005823299452360941,77.94080371164416,0.07794080371164416,475.0,72.39893414211438,112.816,65.832,88.26896011999742,577,10.0,64,64,1,True,240,sgd,multistep,32,100,0.0,False,1.0.0
p7-msdnet-cifar100-jointexit-s1,145,114172,2026-09-01T12:04:24Z,1788264264.1419556,local,0,local-1c8d861c2a,CB-410-122,msdnet,msdnet,cifar100,1,p7,jointexit,49fd74a2ab0863226c5a3e8c535afbf6dfbef29c39d0bda5aca7334f5d2e5d69,1.4055965313720704,1.4262588403701781,0.67554,0.612,NA,0.8655,0.6154593594294078,0.612,0.6154593594294078,0.6690918993382832,0.612,0.6690918993382831,0.612,0.612,0.612,0.612,0.608080808080808,0.6087951779158538,0.9786751866340637,2.0474700927734375,0.15531766530212804,1.4074044823646545,0.6313,15,False,0.02410663655921815,0.06233407184481621,1.4262627363204956,0.5167603492736816,0.6160445213317871,1.418565034866333,1.4055965313720704,1.4055965313720704,NA,NA,NA,NA,NA,NA,NA,NA,NA,NA,NA,0.05,0.05,0.05,[0.05],0.9,0.0005,2.0057968675098103,2.695075750350952,1.510169506072998,2.001682758331299,2.2525148391723633,2.3872384071350097,0.15278169434189268,NA,0.0,58.57832336425781,13.528008460998535,0.2309388129270493,65536.0,1,782,782,0,0,64.18588089942932,61.91911959648132,2.266761302947998,7525.956896781921,14.771845579147339,47.12892937660217,0.0,0.0,0.2386374902367081,0.0,0.0,79.15700122218608,80.98900318145752,99.61974620819092,103.20480823516843,119.81201171875,807.5050214835637,4411.580516658137,50000,7300000,6033.472804546356,47.171875,96.0,3597.5390625,20475.0,26.96875,63.046875,66.0,70.50664062499999,107.809,2370.0,8551.0,4473.959984001009,0.0,34.3193359375,2498.0,630.58544921875,20474.5,1,13.9625,24,23919.709838867188,64860.765625,36.9,2191.171875,-1,628217,4485.199920000054,1.2458888666666816,0.0012458888666666817,595194.4491029877,165.33179141749656,0.16533179141749657,0.5917972116666738,0.0005917972116666738,78.53260092331084,0.07853260092331084,475.0,70.02340916530278,107.809,65.026,89.70399840000107,611,10.0,64,64,1,True,240,sgd,multistep,32,100,0.0,False,1.0.0
p7-msdnet-cifar100-jointexit-s1,146,114954,2026-09-01T12:05:27Z,1788264327.130689,local,0,local-1c8d861c2a,CB-410-122,msdnet,msdnet,cifar100,1,p7,jointexit,49fd74a2ab0863226c5a3e8c535afbf6dfbef29c39d0bda5aca7334f5d2e5d69,1.40261321723938,1.4267531236648558,0.67896,0.6091,NA,0.8686,0.6026652216065264,0.6091,0.6026652216065264,0.6429341689087021,0.6091,0.6429341689087023,0.6091,0.6091,0.6091,0.6091,0.6051515151515152,0.605665208617914,0.8243542313575745,1.8677512407302856,0.16028793541149647,1.4020480513572693,0.6313,16,False,0.01703592140935362,0.06084877625107765,1.426755428314209,0.5179399847984314,0.6063352823257446,1.480703592300415,1.40261321723938,1.40261321723938,NA,NA,NA,NA,NA,NA,NA,NA,NA,NA,NA,0.05,0.05,0.05,[0.05],0.9,0.0005,2.004674451582877,3.781536817550659,1.452803611755371,1.991529941558838,2.281796383857727,2.407570991516113,0.17785254129519412,NA,0.0,58.56865692138672,13.528474807739258,0.23098489053450103,65536.0,0,782,782,0,0,62.87307572364807,60.719120264053345,2.1539554595947266,7588.8299725055695,14.412524700164795,46.28233742713928,0.0,0.0,0.23745872706548588,0.0,0.0,77.6149132062712,79.90467548370361,99.2089033126831,103.30727338790892,116.66679382324219,823.4638410859976,4642.621534004018,50000,7350000,5847.196042299271,48.95161290322581,91.0,3597.5390625,20475.0,27.741935483870968,62.74193548387097,66.0,70.56985483870966,107.23,2369.7580645161293,8551.0,4339.5856945000105,1.0,33.9267578125,2498.0,629.78173828125,20474.5,1,14.145161290322582,24,23938.188130040322,64860.765625,36.90000000000001,2190.10546875,-1,628217,4425.359633999287,1.229266564999802,0.001229266564999802,599619.808736987,166.56105798249638,0.16656105798249637,0.583901618374906,0.0005839016183749059,79.11650254168575,0.07911650254168574,475.0,70.4746906354515,108.931,65.673,88.50719267998575,598,10.0,64,64,1,True,240,sgd,multistep,32,100,0.0,False,1.0.0
p7-msdnet-cifar100-jointexit-s1,147,115736,2026-09-01T12:06:28Z,1788264388.7798476,local,0,local-1c8d861c2a,CB-410-122,msdnet,msdnet,cifar100,1,p7,jointexit,49fd74a2ab0863226c5a3e8c535afbf6dfbef29c39d0bda5aca7334f5d2e5d69,1.4073191104888916,1.30215437335968,0.67528,0.6394,NA,0.8874,0.636131051989743,0.6394,0.6361310519897428,0.66155254003283,0.6394,0.66155254003283,0.6393999999999999,0.6394,0.6394,0.6393999999999999,0.6357575757575757,0.6360355840659065,0.9694046378135681,1.9756922721862793,0.1652745110402873,1.400435745716095,0.6394,0,True,0.02367066117376088,0.0631263256072998,1.302162528038025,0.4801955223083496,0.6164160370826721,1.4405033588409424,1.4073191104888916,1.4073191104888916,NA,NA,NA,NA,NA,NA,NA,NA,NA,NA,NA,0.05,0.05,0.05,[0.05],0.9,0.0005,2.011266896727754,2.631185531616211,1.5648610591888428,2.0070533752441406,2.284653425216675,2.455417680740358,0.16670799641684778,NA,0.0,58.58821105957031,13.587760925292969,0.23191971011843046,32768.0,1,782,782,0,0,61.588945150375366,59.436147689819336,2.1527974605560303,7650.418917655945,15.18807053565979,44.23222517967224,0.0,0.0,0.25560408868414397,0.0,0.0,75.98503288405631,71.30217552185059,98.43587875366211,103.45345735549925,129.8363208770752,841.2389083649238,4645.118820150026,50000,7400000,5666.182953834534,48.14754098360656,88.0,3597.5390625,20475.0,26.65573770491803,63.08196721311475,65.0,71.19986885245902,108.035,2369.0163934426228,8551.0,4301.164927000016,1.0,34.3193359375,2498.0,630.58544921875,20474.5,1,14.237704918032788,24,23932.52151639344,64860.765625,36.900000000000006,2192.8359375,-1,628216,4380.984820001258,1.2169402277781274,0.0012169402277781274,604000.7935569882,167.77799821027452,0.1677779982102745,0.5780466081946105,0.0005780466081946105,79.69454914988034,0.07969454914988035,475.0,71.31774137931033,108.798,65.14,87.61969640002516,580,10.0,64,64,1,True,240,sgd,multistep,32,100,0.0,False,1.0.0
p7-msdnet-cifar100-jointexit-s1,148,116518,2026-09-01T12:07:30Z,1788264450.8189266,local,0,local-1c8d861c2a,CB-410-122,msdnet,msdnet,cifar100,1,p7,jointexit,49fd74a2ab0863226c5a3e8c535afbf6dfbef29c39d0bda5aca7334f5d2e5d69,1.4027784280395508,1.4410538831710815,0.67536,0.6099,NA,0.8661,0.605369608019597,0.6099,0.6053696080195972,0.6503788796405157,0.6099,0.6503788796405157,0.6099,0.6099,0.6099,0.6099,0.605959595959596,0.6065036961710897,0.9121303558349609,2.325029134750366,0.16361508135098748,1.3933436870574951,0.6394,1,False,0.041163640760630386,0.07609808787353356,1.441051721572876,0.5189312696456909,0.5695748329162598,1.670966386795044,1.4027784280395508,1.4027784280395508,NA,NA,NA,NA,NA,NA,NA,NA,NA,NA,NA,0.05,0.05,0.05,[0.05],0.9,0.0005,2.0065577950928826,5.340821743011475,1.5218451023101807,1.994494616985321,2.270423865318298,2.385296628475189,0.19424589901464792,NA,0.0,58.58924865722656,13.577515602111816,0.23174073594195388,32768.0,0,782,782,0,0,61.83557367324829,59.71810746192932,2.1174662113189697,7712.254491329193,15.04453730583191,44.65535116195679,0.0,0.0,0.25200277072459265,0.0,0.0,76.34256837313133,74.37670230865479,99.77889060974121,103.07244777679443,116.41669273376465,837.2669886076902,4722.625535436998,50000,7450000,5627.0372042655945,46.950819672131146,85.0,3597.5390625,20475.0,25.721311475409838,63.40983606557377,66.0,71.18500000000002,108.798,2368.7704918032787,8551.0,4306.240700499814,0.0,33.9267578125,2498.0,629.78173828125,20474.5,1,14.340983606557375,24,23908.433913934427,64860.765625,36.86721311475411,2189.6875,-1,628215,4383.4844160002285,1.2176345600000635,0.0012176345600000635,608384.2779729884,168.99563277027457,0.16899563277027457,0.5783764160000301,0.0005783764160000301,80.27292556588039,0.08027292556588038,475.0,71.00614406779661,109.43,67.129,87.66968832000457,590,10.0,64,64,1,True,240,sgd,multistep,32,100,0.0,False,1.0.0
p7-msdnet-cifar100-jointexit-s1,149,117300,2026-09-01T12:08:28Z,1788264508.777964,local,0,local-1c8d861c2a,CB-410-122,msdnet,msdnet,cifar100,1,p7,jointexit,49fd74a2ab0863226c5a3e8c535afbf6dfbef29c39d0bda5aca7334f5d2e5d69,1.405674820022583,1.6304163404464722,0.67886,0.5678,NA,0.8387,0.5744871272365727,0.5678,0.5744871272365727,0.6514147639937249,0.5678,0.651414763993725,0.5678,0.5678,0.5678,0.5678,0.5634343434343434,0.5646951064991618,0.8273558616638184,2.064852714538574,0.16851805005438414,1.3937186002731323,0.6394,2,False,0.04137066666111351,0.09038667103339881,1.6304148435592651,0.5661774277687073,0.6074316501617432,1.4353324174880981,1.405674820022583,1.405674820022583,NA,NA,NA,NA,NA,NA,NA,NA,NA,NA,NA,0.005000000000000001,0.005000000000000001,0.005000000000000001,[0.005],0.9,0.0005,2.0101244858158824,3.5460915565490723,1.348447322845459,2.00214946269989,2.266305482387543,2.4607060480117786,0.1684774442250319,NA,0.0,58.62059020996094,13.630441665649414,0.23251969345292092,32768.0,0,782,782,0,0,57.84037113189697,55.68512201309204,2.154256820678711,7770.09486246109,12.953935623168945,42.727258920669556,0.0,0.0,0.23264471477834675,0.0,0.0,71.20357358547123,67.07513332366943,94.21637058258057,101.40187978744505,108.38937759399414,897.9059072232001,4641.972073157667,50000,7500000,5205.6334018707275,52.10344827586207,92.0,3597.5390625,20475.0,29.79310344827586,63.94827586206897,67.0,74.2658103448276,109.43,2369.7413793103447,8551.0,4260.695870500609,1.0,34.3193359375,2498.0,630.58544921875,20474.5,1,12.336206896551724,24,23917.762796336207,64860.765625,36.89827586206897,2210.87109375,-1,628215,4248.849564500353,1.180235990138987,0.001180235990138987,612633.1275374888,170.17586876041355,0.17017586876041357,0.5606120953160187,0.0005606120953160188,80.8335376611964,0.0808335376611964,475.0,73.55364000000002,109.43,66.786,84.97699129000706,550,10.0,64,64,1,True,240,sgd,multistep,32,100,0.0,False,1.0.0
p7-msdnet-cifar100-jointexit-s1,150,118082,2026-09-01T12:09:19Z,1788264559.436097,local,0,local-1c8d861c2a,CB-410-122,msdnet,msdnet,cifar100,1,p7,jointexit,49fd74a2ab0863226c5a3e8c535afbf6dfbef29c39d0bda5aca7334f5d2e5d69,1.1598859671783448,1.0242485897064209,0.7578,0.7134,NA,0.9241,0.7118079007268596,0.7134,0.7118079007268596,0.7144246278899385,0.7134,0.7144246278899384,0.7133999999999999,0.7134,0.7134,0.7133999999999999,0.7105050505050505,0.7105521494721381,0.7346031069755554,1.8149080276489258,0.14897930740322096,1.1513417959213257,0.7134,0,True,0.03198617921359838,0.0926353520638234,1.024248719215393,0.39336150884628296,0.6814243197441101,1.1837812662124634,1.1598859671783448,1.1598859671783448,NA,NA,NA,NA,NA,NA,NA,NA,NA,NA,NA,0.005000000000000001,0.005000000000000001,0.005000000000000001,[0.005],0.9,0.0005,1.8013999387431328,4.1458821296691895,1.3783676624298096,1.7941158413887024,2.0451700568199156,2.142781181335449,0.16497181310050624,NA,0.0,58.186607360839844,2.945385694503784,0.05061964991768978,65536.0,0,782,782,0,0,50.60024881362915,48.548181772232056,2.0520670413970947,7820.695111274719,9.106113910675049,39.425145626068115,0.0,0.0,0.1876339909080823,0.0,0.0,62.06043419020865,65.0794506072998,70.603346824646,82.78576135635375,84.26046371459961,1029.9046879773846,4873.135135581033,50000,7550000,4503.422144412994,58.18,91.0,3597.5390625,20475.0,32.96,65.72,68.0,78.97058,105.836,2370.0,8551.0,3897.788934500269,0.0,33.9267578125,2498.0,629.78173828125,20474.5,1,8.94,24,23904.281640625,64860.765625,36.87200000000001,2192.8515625,-1,628215,3994.0535660001788,1.1094593238889385,0.0011094593238889386,616627.181103489,171.2853280843025,0.1712853280843025,0.5269931788472458,0.0005269931788472458,81.36053084004365,0.08136053084004365,475.0,79.10651759834367,112.518,76.124,79.88107132000357,483,10.0,64,64,1,True,240,sgd,multistep,32,100,0.0,False,1.0.0
p7-msdnet-cifar100-jointexit-s1,151,118864,2026-09-01T12:10:11Z,1788264611.355677,local,0,local-1c8d861c2a,CB-410-122,msdnet,msdnet,cifar100,1,p7,jointexit,49fd74a2ab0863226c5a3e8c535afbf6dfbef29c39d0bda5aca7334f5d2e5d69,1.0798234091949463,1.00695014629364,0.78432,0.7151,NA,0.9253,0.7141887018012426,0.7151,0.7141887018012426,0.7182816202734057,0.7151,0.7182816202734057,0.7151000000000001,0.7151,0.7151,0.7151000000000001,0.7122222222222222,0.7122766954856358,0.6560227870941162,1.5403454303741455,0.14165168436954473,1.0721297860145569,0.7151,0,True,0.02910392699614167,0.08787353615811533,1.0069540739059448,0.3887050151824951,0.6875351667404175,1.1586025953292847,1.0798234091949463,1.0798234091949463,NA,NA,NA,NA,NA,NA,NA,NA,NA,NA,NA,0.005000000000000001,0.005000000000000001,0.005000000000000001,[0.005],0.9,0.0005,1.8631422223947238,3.9675426483154297,1.3698132038116455,1.860572636127472,2.1312450528144837,2.2184060525894167,0.1779255796402021,NA,0.0,57.76922607421875,2.131636381149292,0.03689916805204698,65536.0,0,782,782,0,0,51.81318926811218,49.75129413604736,2.061279296875,7872.508300542831,9.43213701248169,40.29881715774536,0.0,0.0,0.18966330266247988,0.0,0.0,63.59457055016247,66.33317470550537,70.40324211120605,83.27929496765137,84.87868309020996,1004.9989828058048,4851.356153026176,50000,7600000,4559.560655593872,57.28846153846154,91.0,3597.5390625,20475.0,32.96153846153846,66.07692307692308,69.0,79.29796153846154,112.165,2370.0,8551.0,4067.065460999264,0.0,34.3193359375,2498.0,630.58544921875,20474.5,1,8.521153846153847,24,23925.83488581731,64860.765625,36.900000000000006,2192.90625,-1,628215,4056.3478924993688,1.1267633034720468,0.0011267633034720468,620683.5289959884,172.41209138777455,0.17241209138777455,0.5352125691492222,0.0005352125691492222,81.89574340919286,0.08189574340919287,475.0,78.5122769857434,112.27,74.842,81.12695784998738,491,10.0,64,64,1,True,240,sgd,multistep,32,100,0.0,False,1.0.0
p7-msdnet-cifar100-jointexit-s1,152,119646,2026-09-01T12:11:03Z,1788264663.0231342,local,0,local-1c8d861c2a,CB-410-122,msdnet,msdnet,cifar100,1,p7,jointexit,49fd74a2ab0863226c5a3e8c535afbf6dfbef29c39d0bda5aca7334f5d2e5d69,1.0517474559402467,0.9805612087249755,0.79602,0.7188,NA,0.9293,0.718358077011494,0.7188,0.7183580770114943,0.7219373557165085,0.7188,0.7219373557165085,0.7188000000000001,0.7188,0.7188,0.7188000000000001,0.7159595959595959,0.7160026080344467,0.7036312222480774,1.455120325088501,0.13149815197087145,1.0451096296310425,0.7188,0,True,0.02249453530013559,0.06234231296816978,0.9805607199668884,0.3810274004936218,0.6963780522346497,1.118484616279602,1.0517474559402467,1.0517474559402467,NA,NA,NA,NA,NA,NA,NA,NA,NA,NA,NA,0.005000000000000001,0.005000000000000001,0.005000000000000001,[0.005],0.9,0.0005,1.9443853294757931,4.144800662994385,1.4335397481918335,1.9404563903808594,2.2026312470436094,2.3050560355186462,0.17915237373261864,NA,0.0,57.363155364990234,2.054651975631714,0.035818322101676174,65536.0,0,782,782,0,0,51.60243892669678,49.539854288101196,2.062584638595581,7924.110739469528,8.624717473983765,40.89854049682617,0.0,0.0,0.17415488857916733,0.0,0.0,63.32897438722498,64.02003765106201,71.15635871887207,84.5651054382324,87.69750595092773,1009.2883945363021,4848.285889886693,50000,7650000,4489.41218662262,59.26923076923077,96.0,3597.5390625,20475.0,33.69230769230769,66.0,69.0,79.27646153846152,112.189,2370.0,8551.0,4055.9932140007613,0.0,33.9267578125,2498.0,629.78173828125,20474.5,1,8.571153846153846,24,23924.52043269231,64860.765625,36.900000000000006,2196.3671875,-1,628215,4058.788943500987,1.1274413731947186,0.0011274413731947187,624742.3179394894,173.53953276096928,0.17353953276096928,0.5355346522674914,0.0005355346522674914,82.43127806146036,0.08243127806146036,475.0,78.77901229508197,112.255,75.554,81.17577887001974,488,10.0,64,64,1,True,240,sgd,multistep,32,100,0.0,False,1.0.0
p7-msdnet-cifar100-jointexit-s1,153,120428,2026-09-01T12:11:54Z,1788264714.657878,local,0,local-1c8d861c2a,CB-410-122,msdnet,msdnet,cifar100,1,p7,jointexit,49fd74a2ab0863226c5a3e8c535afbf6dfbef29c39d0bda5aca7334f5d2e5d69,1.0298837686538695,0.9820724847793579,0.80092,0.722,NA,0.928,0.7210475868296023,0.722,0.7210475868296027,0.7240966802983386,0.722,0.7240966802983386,0.722,0.722,0.722,0.722,0.7191919191919193,0.7192348493491488,0.5835667848587036,1.5013978481292725,0.137401318918895,1.0277140140533447,0.722,0,True,0.02634670587927102,0.07169311887431978,0.9820671677589417,0.379923552274704,0.6956782937049866,1.1328444480895996,1.0298837686538695,1.0298837686538695,NA,NA,NA,NA,NA,NA,NA,NA,NA,NA,NA,0.005000000000000001,0.005000000000000001,0.005000000000000001,[0.005],0.9,0.0005,2.0165567660606474,2.645758628845215,1.4751086235046387,2.01731014251709,2.318635940551758,2.437265205383301,0.1817154294738351,NA,0.0,56.97610092163086,2.0310633182525635,0.03564763620884199,65536.0,1,782,782,0,0,51.48558259010315,49.43571448326111,2.049868106842041,7975.596322059631,9.406587600708008,40.0143461227417,0.0,0.0,0.19033609630577825,0.0,0.0,63.19812496604822,66.21897220611572,72.33331203460692,82.92589902877808,86.72809600830078,1011.4145314301052,4878.362645197534,50000,7700000,4427.760102748871,55.19607843137255,91.0,3597.5390625,20475.0,30.901960784313726,65.96078431372548,68.0,78.86735294117646,112.189,2370.0,8551.0,3967.571388999604,0.0,34.3193359375,2498.0,630.58544921875,20474.5,1,8.590196078431372,24,23938.97602634804,64860.765625,36.90196078431374,2190.18359375,-1,628215,4027.6221185000513,1.1187839218055697,0.0011187839218055697,628769.9400579894,174.65831668277485,0.17465831668277484,0.5314223628576455,0.0005314223628576456,82.96270042431802,0.08296270042431801,475.0,78.46713673469387,112.658,73.256,80.55244237000103,490,10.0,64,64,1,True,240,sgd,multistep,32,100,0.0,False,1.0.0
p7-msdnet-cifar100-jointexit-s1,154,121210,2026-09-01T12:12:45Z,1788264765.8944273,local,0,local-1c8d861c2a,CB-410-122,msdnet,msdnet,cifar100,1,p7,jointexit,49fd74a2ab0863226c5a3e8c535afbf6dfbef29c39d0bda5aca7334f5d2e5d69,1.012913034248352,0.9799889589309693,0.80744,0.7201,NA,0.9274,0.719734441417724,0.7201,0.719734441417724,0.724647309662996,0.7201,0.724647309662996,0.7201,0.7201,0.7201,0.7201,0.7172727272727273,0.717330376866845,0.6271406412124634,1.3836655616760254,0.13167014391193282,1.002502679824829,0.722,1,False,0.01770828201100231,0.042818308127730076,0.9799960255622864,0.37998488545417786,0.7026910781860352,1.1000418663024902,1.012913034248352,1.012913034248352,NA,NA,NA,NA,NA,NA,NA,NA,NA,NA,NA,0.005000000000000001,0.005000000000000001,0.005000000000000001,[0.005],0.9,0.0005,2.10088027895564,4.344910621643066,1.6497372388839722,2.09123432636261,2.414760291576385,2.5522007632255552,0.2027168028918233,NA,0.0,56.59946060180664,2.0585055351257324,0.03636970234765851,65536.0,0,782,782,0,0,51.15081763267517,49.08303713798523,2.0677804946899414,8026.7471396923065,9.09313154220581,39.97540640830994,0.0,0.0,0.1853149069038083,0.0,0.0,62.74749098531425,66.1243200302124,72.31507301330565,82.14770555496214,88.0582332611084,1018.681868838657,4836.103264190755,50000,7750000,4347.8194987773895,57.09803921568628,96.0,3597.5390625,20475.0,32.568627450980394,66.01960784313725,69.0,79.08462745098039,112.113,2370.0,8551.0,3978.234624499892,0.0,33.9267578125,2498.0,629.78173828125,20474.5,1,9.529411764705884,24,23886.61083026961,64860.765625,36.82352941176471,2192.890625,-1,628215,4027.971298499682,1.1188809162499116,0.0011188809162499117,632797.9113564892,175.77719759902476,0.17577719759902477,0.5314684352187081,0.0005314684352187081,83.49416885953671,0.08349416885953671,475.0,78.85900821355236,112.113,75.311,80.55942596999363,487,10.0,64,64,1,True,240,sgd,multistep,32,100,0.0,False,1.0.0
p7-msdnet-cifar100-jointexit-s1,155,121992,2026-09-01T12:13:35Z,1788264815.9131227,local,0,local-1c8d861c2a,CB-410-122,msdnet,msdnet,cifar100,1,p7,jointexit,49fd74a2ab0863226c5a3e8c535afbf6dfbef29c39d0bda5aca7334f5d2e5d69,0.9962531203079223,0.9713129340171814,0.81066,0.7256,NA,0.9309,0.7244369601723939,0.7256,0.7244369601723938,0.7273808836344534,0.7256,0.7273808836344535,0.7256,0.7256,0.7256,0.7256,0.7228282828282828,0.722871415442899,0.6474736332893372,1.4213306903839111,0.1340586826601505,0.9909748733043671,0.7256,0,True,0.020970518923550834,0.0930501635997526,0.9713147282600403,0.3771187365055084,0.7046525478363037,1.093005895614624,0.9962531203079223,0.9962531203079223,NA,NA,NA,NA,NA,NA,NA,NA,NA,NA,NA,0.005000000000000001,0.005000000000000001,0.005000000000000001,[0.005],0.9,0.0005,2.1754326829520028,4.494223594665527,1.5909531116485596,2.181626558303833,2.5073930621147156,2.6684462141990655,0.21800023894476772,NA,0.0,56.244319915771484,2.0774083137512207,0.03693543306883677,65536.0,0,782,782,0,0,49.9300537109375,47.87972640991211,2.0503273010253906,8076.677193403244,9.337754249572754,38.53363585472107,0.0,0.0,0.19505918314110549,0.0,0.0,61.21661138656499,63.13455104827881,70.30272483825684,79.89779233932491,86.90953254699707,1044.2833271839445,4877.270080244697,50000,7800000,4194.12451171875,58.84,92.0,3597.5390625,20475.0,33.66,66.1,68.0,80.2578,112.138,2370.0,8551.0,3949.3944059998116,0.0,34.3193359375,2498.0,630.58544921875,20474.5,1,8.63,24,23812.892734375,64860.765625,36.7,2192.90625,-1,628215,3980.556668500346,1.1057101856945406,0.0011057101856945405,636778.4680249895,176.8829077847193,0.1768829077847193,0.5252123382049068,0.0005252123382049067,84.01938119774162,0.08401938119774162,475.0,79.83264042553192,112.232,76.918,79.61113337000691,470,10.0,64,64,1,True,240,sgd,multistep,32,100,0.0,False,1.0.0
p7-msdnet-cifar100-jointexit-s1,156,122774,2026-09-01T12:14:25Z,1788264865.5468378,local,0,local-1c8d861c2a,CB-410-122,msdnet,msdnet,cifar100,1,p7,jointexit,49fd74a2ab0863226c5a3e8c535afbf6dfbef29c39d0bda5aca7334f5d2e5d69,0.9825789784622192,0.9740378086090088,0.81574,0.7221,NA,0.9302,0.7215937999949418,0.7221,0.7215937999949418,0.7257279526828531,0.7221,0.7257279526828531,0.7221,0.7221,0.7221,0.7221,0.7192929292929293,0.7193416354568354,0.6096909642219543,1.4108705520629883,0.13420577173610254,0.9738072752952576,0.7256,1,False,0.020933291029185046,0.058666043124108946,0.9740406274795532,0.3758642077445984,0.7023041248321533,1.1063344478607178,0.9825789784622192,0.9825789784622192,NA,NA,NA,NA,NA,NA,NA,NA,NA,NA,NA,0.005000000000000001,0.005000000000000001,0.005000000000000001,[0.005],0.9,0.0005,2.2391400352482913,2.865483045578003,1.6295125484466553,2.2326278686523438,2.584336996078491,2.7238111495971693,0.20240510712381468,NA,0.0,55.906211853027344,2.1011850833892822,0.03758410762856046,65536.0,1,782,782,0,0,49.53895378112793,47.48040699958801,2.058546781539917,8126.216147184372,8.939896583557129,38.540510416030884,0.0,0.0,0.18828601413704604,0.0,0.0,60.71663299180053,62.84654140472412,70.24784088134766,80.72455406188948,84.23972129821777,1053.065952034359,4857.795843978536,50000,7850000,4111.733163833618,59.795918367346935,92.0,3597.5390625,20475.0,33.38775510204081,66.0,68.0,80.13869387755102,112.232,2370.0,8551.0,3873.563221500371,0.0,33.9267578125,2498.0,629.78173828125,20474.5,1,8.995918367346938,24,23811.473294005104,64860.765625,36.699999999999996,2192.8828125,-1,628215,3968.8681255007605,1.1024633681946556,0.0011024633681946557,640747.3361504902,177.98537115291396,0.17798537115291393,0.5236700998924615,0.0005236700998924614,84.54305129763408,0.08454305129763408,475.0,80.17282377919321,112.707,77.264,79.3773625100152,471,10.0,64,64,1,True,240,sgd,multistep,32,100,0.0,False,1.0.0
p7-msdnet-cifar100-jointexit-s1,157,123556,2026-09-01T12:15:15Z,1788264915.0585806,local,0,local-1c8d861c2a,CB-410-122,msdnet,msdnet,cifar100,1,p7,jointexit,49fd74a2ab0863226c5a3e8c535afbf6dfbef29c39d0bda5aca7334f5d2e5d69,0.9731710221862793,0.9746728155136108,0.81904,0.7248,NA,0.9297,0.7247820705577195,0.7248,0.7247820705577195,0.7303313002906312,0.7248,0.7303313002906311,0.7247999999999999,0.7248,0.7248,0.7247999999999999,0.722020202020202,0.7220812678788603,0.6057177186012268,1.555004596710205,0.13029588822800142,0.9674137830734253,0.7256,2,False,0.020941199201345437,0.07105070583580075,0.9746756553649902,0.37745797634124756,0.7080289721488953,1.081179141998291,0.9731710221862793,0.9731710221862793,NA,NA,NA,NA,NA,NA,NA,NA,NA,NA,NA,0.005000000000000001,0.005000000000000001,0.005000000000000001,[0.005],0.9,0.0005,2.3265897244443674,6.043588161468506,1.6838948726654053,2.3168294429779053,2.678678488731384,2.834605474472046,0.25014642649769797,NA,0.0,55.5797004699707,2.1539008617401123,0.038753372967597205,65536.0,0,782,782,0,0,49.45462775230408,47.38439106941223,2.0702366828918457,8175.670774936676,8.758288145065308,38.60933327674866,0.0,0.0,0.18490031549339944,0.0,0.0,60.57240591024804,62.648892402648926,69.80001926422119,78.42628955841063,84.23376083374023,1055.1998004312481,4830.3655725157605,50000,7900000,4055.2794756889343,59.69387755102041,94.0,3597.5390625,20475.0,34.48979591836735,66.14285714285714,68.0,80.63389795918367,112.615,2370.0,8551.0,3892.365519000185,0.0,34.3193359375,2498.0,630.58544921875,20474.5,1,8.548979591836734,24,23823.654974489797,64860.765625,36.699999999999996,2190.1796875,-1,628214,3952.603328499359,1.0979453690275998,0.0010979453690275998,644699.9394789896,179.08331652194155,0.17908331652194154,0.5215240502881099,0.0005215240502881099,85.0645753479222,0.0850645753479222,475.0,80.18205307855627,112.615,75.277,79.05206656998719,471,10.0,64,64,1,True,240,sgd,multistep,32,100,0.0,False,1.0.0
p7-msdnet-cifar100-jointexit-s1,158,124338,2026-09-01T12:16:05Z,1788264965.8843849,local,0,local-1c8d861c2a,CB-410-122,msdnet,msdnet,cifar100,1,p7,jointexit,49fd74a2ab0863226c5a3e8c535afbf6dfbef29c39d0bda5aca7334f5d2e5d69,0.9620147488021851,0.9741853268623352,0.82246,0.7244,NA,0.9284,0.723964503560544,0.7244,0.7239645035605439,0.7278134326745409,0.7244,0.7278134326745409,0.7243999999999999,0.7244,0.7244,0.7243999999999999,0.7216161616161616,0.7216596155806759,0.6207422614097595,1.5930064916610718,0.12680377658266068,0.9542646110057831,0.7256,3,False,0.015907851205766186,0.0794718455087598,0.9741867184638977,0.37820732593536377,0.7115744352340698,1.0648735761642456,0.9620147488021851,0.9620147488021851,NA,NA,NA,NA,NA,NA,NA,NA,NA,NA,NA,0.005000000000000001,0.005000000000000001,0.005000000000000001,[0.005],0.9,0.0005,2.4098365476064365,6.2041850090026855,1.761960506439209,2.3988382816314697,2.774148249626159,2.911930055618286,0.2496717586365184,NA,0.0,55.26922607421875,2.198453187942505,0.039777166139259724,65536.0,0,782,782,0,0,50.768959760665894,48.70233130455017,2.0666284561157227,8226.439734697342,8.735336780548096,39.966994524002075,0.0,0.0,0.17936177892436883,0.0,0.0,62.27919604162426,65.559983253479,71.54419422149658,81.52512073516846,83.56261253356934,1026.6448989337928,4838.799141861831,50000,7950000,4112.285740613937,60.431372549019606,95.0,3597.5390625,20475.0,35.1764705882353,65.94117647058823,69.0,80.1267843137255,112.693,2370.0,8551.0,4025.195766500416,0.0,33.9267578125,2498.0,629.78173828125,20474.5,1,8.86078431372549,24,23824.55269607843,64860.765625,36.70196078431373,2192.92578125,-1,628214,4017.270359999699,1.1159084333332496,0.0011159084333332498,648717.2098389893,180.19922495527481,0.1801992249552748,0.5300565058332937,0.0005300565058332936,85.59463185375549,0.08559463185375549,475.0,79.24693995859212,112.693,76.081,80.34540719999397,483,10.0,64,64,1,True,240,sgd,multistep,32,100,0.0,False,1.0.0
p7-msdnet-cifar100-jointexit-s1,159,125120,2026-09-01T12:16:57Z,1788265017.3708725,local,0,local-1c8d861c2a,CB-410-122,msdnet,msdnet,cifar100,1,p7,jointexit,49fd74a2ab0863226c5a3e8c535afbf6dfbef29c39d0bda5aca7334f5d2e5d69,0.951995983543396,0.9720055438995361,0.82822,0.7216,NA,0.9291,0.7217285893136054,0.7216,0.7217285893136054,0.7268296366518021,0.7216,0.726829636651802,0.7216,0.7216,0.7216,0.7216,0.7187878787878788,0.7188435949562371,0.6139823198318481,1.326332449913025,0.1254559974550664,0.9467021524906158,0.7256,4,False,0.01449110681265594,0.09650706343444776,0.9719994068145752,0.3775547742843628,0.708321213722229,1.0734987258911133,0.951995983543396,0.951995983543396,NA,NA,NA,NA,NA,NA,NA,NA,NA,NA,NA,0.005000000000000001,0.005000000000000001,0.005000000000000001,[0.005],0.9,0.0005,2.471567097527292,4.153923988342285,1.7917083501815796,2.452484130859375,2.8742575764656064,3.0212777566909788,0.236480127292016,NA,0.0,54.97541046142578,2.238003969192505,0.040709181621532954,131072.0,0,782,782,0,0,51.40510177612305,49.35195326805115,2.0531485080718994,8277.844836473465,8.728962421417236,40.610541582107544,0.0,0.0,0.17691629856663427,0.0,0.0,63.09399488941787,66.15889072418213,71.9590663909912,82.72864103317261,89.16068077087402,1013.1311263088015,4870.568281196057,50000,8000000,4112.408142089844,57.98039215686274,95.0,3597.5390625,20475.0,32.8235294117647,65.56862745098039,68.0,78.84845098039216,112.693,2370.0,8551.0,3972.1872155000874,0.0,34.3193359375,2498.0,630.58544921875,20474.5,1,9.064705882352943,24,23825.184666053923,64860.765625,36.7,2192.91015625,-1,628214,4041.095756499599,1.1225265990276663,0.0011225265990276664,652758.3055954889,181.32175155430247,0.18132175155430247,0.5332001345381415,0.0005332001345381415,86.12783198829364,0.08612783198829363,475.0,78.7669100204499,112.693,75.406,80.82191512999196,489,10.0,64,64,1,True,240,sgd,multistep,32,100,0.0,False,1.0.0
p7-msdnet-cifar100-jointexit-s1,160,125902,2026-09-01T12:17:48Z,1788265068.774343,local,0,local-1c8d861c2a,CB-410-122,msdnet,msdnet,cifar100,1,p7,jointexit,49fd74a2ab0863226c5a3e8c535afbf6dfbef29c39d0bda5aca7334f5d2e5d69,0.9479433868789673,0.9766875212669373,0.82812,0.7229,NA,0.9296,0.7220466932011044,0.7229,0.7220466932011043,0.7257243376235989,0.7229,0.7257243376235989,0.7229000000000002,0.7229,0.7229,0.7229000000000002,0.7201010101010101,0.7201508113427273,0.6026509404182434,1.4169725179672241,0.12859185541438367,0.9457787871360779,0.7256,5,False,0.016959820136427887,0.05494521334319413,0.9766850471496582,0.37731635570526123,0.7077730298042297,1.0868581533432007,0.9479433868789673,0.9479433868789673,NA,NA,NA,NA,NA,NA,NA,NA,NA,NA,NA,0.005000000000000001,0.005000000000000001,0.005000000000000001,[0.005],0.9,0.0005,2.5387870128267704,3.285952091217041,1.7826428413391113,2.535837173461914,2.910552978515625,3.0959679126739506,0.23344641452103232,NA,0.0,54.69044494628906,2.2703282833099365,0.0415123388654015,65536.0,1,782,782,0,0,51.33218765258789,49.26311779022217,2.0690698623657227,8329.177024126053,9.303369045257568,39.952394247055054,0.0,0.0,0.18887879150396905,0.0,0.0,62.98690958096244,66.13600254058838,70.52681446075438,83.05129766464232,86.7757797241211,1014.9580912218287,4833.0895838220995,50000,8050000,4055.2428245544434,56.86274509803921,92.0,3597.5390625,20475.0,31.823529411764707,65.62745098039215,68.0,78.76570588235295,112.58,2370.0,8551.0,3958.139021000388,0.0,33.9267578125,2498.0,629.78173828125,20474.5,1,8.705882352941176,24,23838.855392156864,64860.765625,36.75098039215686,2192.94140625,-1,628214,4029.555878500491,1.1193210773612474,0.0011193210773612476,656787.8614739893,182.4410726316637,0.1824410726316637,0.5316775117465925,0.0005316775117465925,86.65950950004023,0.08665950950004023,475.0,78.653672801636,112.58,75.215,80.59111757000981,489,10.0,64,64,1,True,240,sgd,multistep,32,100,0.0,False,1.0.0
p7-msdnet-cifar100-jointexit-s1,161,126684,2026-09-01T12:18:40Z,1788265120.7296164,local,0,local-1c8d861c2a,CB-410-122,msdnet,msdnet,cifar100,1,p7,jointexit,49fd74a2ab0863226c5a3e8c535afbf6dfbef29c39d0bda5aca7334f5d2e5d69,0.9359515104293823,0.9714415126800537,0.83214,0.7259,NA,0.9317,0.7254407098564168,0.7259,0.7254407098564166,0.7307994212480361,0.7259,0.7307994212480362,0.7258999999999999,0.7259,0.7259,0.7258999999999999,0.7231313131313131,0.7231940072727538,0.5511224865913391,1.3223191499710083,0.12595491494264996,0.9348435997962952,0.7259,0,True,0.016399452417343863,0.07482496950515483,0.9714440703392029,0.37521088123321533,0.7114469408988953,1.0765883922576904,0.9359515104293823,0.9359515104293823,NA,NA,NA,NA,NA,NA,NA,NA,NA,NA,NA,0.005000000000000001,0.005000000000000001,0.005000000000000001,[0.005],0.9,0.0005,2.6218607971430434,6.846114158630371,1.867993712425232,2.613964080810547,3.030102777481079,3.2318046951293944,0.2923677702982159,NA,0.0,54.42341232299805,2.3052937984466553,0.042358494259142454,65536.0,0,782,782,0,0,51.89084315299988,49.837302446365356,2.0535407066345215,8381.067867279053,9.338939189910889,40.48260951042175,0.0,0.0,0.18744778983252552,0.0,0.0,63.710420332906196,64.65423107147217,70.99883556365967,82.86293506622313,85.39390563964844,1003.2645738362291,4869.638068382224,50000,8100000,4047.4857659339905,57.0,92.0,3597.5390625,20475.0,32.96153846153846,65.61538461538461,68.0,78.70255769230769,112.321,2370.0,8551.0,4028.3684599998815,0.0,34.3193359375,2498.0,630.58544921875,20474.5,1,8.38269230769231,24,23806.574444110578,64860.765625,36.70384615384616,2192.9609375,-1,628214,4062.232816000338,1.1283980044445383,0.0011283980044445383,660850.0942899897,183.56947063610824,0.18356947063610823,0.5359890521111558,0.0005359890521111557,87.19549855215138,0.08719549855215138,475.0,78.32275967413443,112.321,75.169,81.24465632000675,491,10.0,64,64,1,True,240,sgd,multistep,32,100,0.0,False,1.0.0
p7-msdnet-cifar100-jointexit-s1,162,127466,2026-09-01T12:19:32Z,1788265172.0914688,local,0,local-1c8d861c2a,CB-410-122,msdnet,msdnet,cifar100,1,p7,jointexit,49fd74a2ab0863226c5a3e8c535afbf6dfbef29c39d0bda5aca7334f5d2e5d69,0.9331979217147827,0.9798452121734619,0.83266,0.7241,NA,0.9297,0.7233869261923325,0.7241,0.7233869261923325,0.7288260174517747,0.7241,0.7288260174517747,0.7241,0.7241,0.7241,0.7241,0.7213131313131314,0.7213771035395001,0.5132342576980591,1.4504873752593994,0.12656861444127554,0.9250355064868927,0.7259,1,False,0.01483721198067069,0.0652155801653862,0.9798435568809509,0.3766636252403259,0.7153498530387878,1.0533229112625122,0.9331979217147827,0.9331979217147827,NA,NA,NA,NA,NA,NA,NA,NA,NA,NA,NA,0.005000000000000001,0.005000000000000001,0.005000000000000001,[0.005],0.9,0.0005,2.6993959033885577,6.194701671600342,1.9060035943984985,2.684089422225952,3.1159754872322076,3.3038356947898855,0.27591644956861794,NA,0.0,54.16802978515625,2.3608105182647705,0.04358309740317908,65536.0,0,782,782,0,0,51.264827489852905,49.21516561508179,2.049661874771118,8432.332694768906,8.869308948516846,40.34585666656494,0.0,0.0,0.18021495686685005,0.0,0.0,62.93499439268771,66.02418422698975,71.12574577331543,82.50340461730956,84.3958854675293,1015.9470028213764,4878.8534943680315,50000,8150000,3947.3917167186737,58.88235294117647,92.0,3597.5390625,20475.0,33.8235294117647,65.68627450980392,68.0,78.95354901960785,112.637,2370.0,8551.0,3965.5959260005634,0.0,33.9267578125,2498.0,629.78173828125,20474.5,1,8.711764705882354,24,23824.267693014706,64860.765625,36.7078431372549,2193.04296875,-1,628214,4024.9583000006123,1.1180439722223923,0.0011180439722223922,664875.0525899903,184.68751460833064,0.18468751460833063,0.5310708868056363,0.0005310708868056363,87.72656943895701,0.08772656943895701,475.0,78.72153798767967,112.637,75.64,80.49916600001225,487,10.0,64,64,1,True,240,sgd,multistep,32,100,0.0,False,1.0.0
p7-msdnet-cifar100-jointexit-s1,163,128248,2026-09-01T12:20:22Z,1788265222.0435874,local,0,local-1c8d861c2a,CB-410-122,msdnet,msdnet,cifar100,1,p7,jointexit,49fd74a2ab0863226c5a3e8c535afbf6dfbef29c39d0bda5aca7334f5d2e5d69,0.9272829489898682,0.9837821957588195,0.83578,0.7255,NA,0.9295,0.7254157944910908,0.7255,0.725415794491091,0.7320880738467559,0.7255,0.7320880738467561,0.7254999999999999,0.7255,0.7255,0.7254999999999999,0.7227272727272727,0.7227990451251761,0.5199885964393616,1.2794959545135498,0.12311219725155063,0.9260077178478241,0.7259,2,False,0.023154282020777475,0.07833263278007507,0.9837803840637207,0.3790796399116516,0.7062304019927979,1.0968308448791504,0.9272829489898682,0.9272829489898682,NA,NA,NA,NA,NA,NA,NA,NA,NA,NA,NA,0.005000000000000001,0.005000000000000001,0.005000000000000001,[0.005],0.9,0.0005,2.7621759336522844,3.606680393218994,1.8474948406219482,2.7641029357910156,3.159839630126953,3.3645281314849864,0.24470933171235126,NA,0.0,53.92992401123047,2.388158082962036,0.044282615389272965,65536.0,1,782,782,0,0,49.90133571624756,47.835599184036255,2.049675226211548,8482.234030485153,8.816780090332031,38.98398303985596,0.0,0.0,0.18444852159198902,0.0,0.0,61.12629556290024,64.03934955596924,70.08967399597168,79.11105632781981,85.9220027923584,1045.2466542257937,4878.821713859118,50000,8200000,3792.5015144348145,57.34,92.0,3597.5390625,20475.0,33.1,65.9,68.0,80.52402000000001,112.209,2370.0,8551.0,3969.4044279995205,0.0,34.3193359375,2498.0,630.58544921875,20474.5,1,8.758000000000001,24,23837.139140625,64860.765625,36.751999999999995,2195.76953125,-1,628214,3965.8432339989145,1.101623120555254,0.001101623120555254,668840.8958239892,185.7891377288859,0.1857891377288859,0.5232709822637457,0.0005232709822637457,88.24984042122077,0.08824984042122076,475.0,79.68832842105265,112.209,76.479,79.31686467997828,475,10.0,64,64,1,True,240,sgd,multistep,32,100,0.0,False,1.0.0
p7-msdnet-cifar100-jointexit-s1,164,129030,2026-09-01T12:21:12Z,1788265272.2780263,local,0,local-1c8d861c2a,CB-410-122,msdnet,msdnet,cifar100,1,p7,jointexit,49fd74a2ab0863226c5a3e8c535afbf6dfbef29c39d0bda5aca7334f5d2e5d69,0.9241119849967957,0.9914600096702576,0.83694,0.7243,NA,0.928,0.7245931133060126,0.7243,0.7245931133060127,0.7314151037638572,0.7243,0.7314151037638574,0.7242999999999999,0.7243,0.7243,0.7242999999999999,0.7215151515151514,0.7215838728961786,0.6266763210296631,1.3721834421157837,0.11840361652950072,0.9184787571430206,0.7259,3,False,0.019732375369966044,0.07178943839512372,0.9914621114730835,0.38053980469703674,0.7129750847816467,1.0653042793273926,0.9241119849967957,0.9241119849967957,NA,NA,NA,NA,NA,NA,NA,NA,NA,NA,NA,0.005000000000000001,0.005000000000000001,0.005000000000000001,[0.005],0.9,0.0005,2.841550219699245,6.744042873382568,2.1564548015594482,2.8324347734451294,3.2475336670875548,3.452546272277832,0.28662030064678407,NA,0.0,53.699703216552734,2.436904191970825,0.04538021713348424,65536.0,0,782,782,0,0,50.178282022476196,48.11565065383911,2.062631368637085,8532.41231250763,9.581695079803467,38.51604914665222,0.0,0.0,0.19921298251931638,0.0,0.0,61.50606678574896,63.23122978210449,70.02549171447754,81.67804002761838,89.08867835998535,1039.1629193527394,4848.176049318814,50000,8250000,3763.3711516857147,59.42,91.0,3597.5390625,20475.0,33.28,65.92,68.0,79.93016,112.209,2370.0,8551.0,3928.4971735002655,0.0,33.9267578125,2498.0,629.78173828125,20474.5,1,8.684,24,23839.31375,64860.765625,36.778,2193.0390625,-1,628214,3986.687039999266,1.1074130666664628,0.0011074130666664627,672827.5828639885,186.89655079555234,0.18689655079555234,0.5260212066665698,0.0005260212066665698,88.77586162788734,0.08877586162788734,475.0,79.66499156118144,112.209,76.079,79.73374079998531,474,10.0,64,64,1,True,240,sgd,multistep,32,100,0.0,False,1.0.0
p7-msdnet-cifar100-jointexit-s1,165,129812,2026-09-01T12:22:01Z,1788265321.5504434,local,0,local-1c8d861c2a,CB-410-122,msdnet,msdnet,cifar100,1,p7,jointexit,49fd74a2ab0863226c5a3e8c535afbf6dfbef29c39d0bda5aca7334f5d2e5d69,0.9200487031936645,0.981093914604187,0.83886,0.7225,NA,0.9286,0.7213759063546438,0.7225,0.7213759063546437,0.7258708552729015,0.7225,0.7258708552729015,0.7225,0.7225,0.7225,0.7225,0.7196969696969697,0.7197576354628136,0.586818277835846,1.5302537679672241,0.12328280118381334,0.9234286248683929,0.7259,4,False,0.013879867969453345,0.041485474420630386,0.9810897707939148,0.3780815303325653,0.7188208699226379,1.0429736375808716,0.9200487031936645,0.9200487031936645,NA,NA,NA,NA,NA,NA,NA,NA,NA,NA,NA,0.005000000000000001,0.005000000000000001,0.005000000000000001,[0.005],0.9,0.0005,2.9206608152755384,7.794767379760742,2.2235913276672363,2.910914659500122,3.361230409145355,3.6479255747795105,0.3189036850199866,NA,0.0,53.489013671875,2.4943411350250244,0.04663277491573136,65536.0,0,782,782,0,0,49.19979906082153,47.1495156288147,2.050283432006836,8581.612111568451,9.00347089767456,38.12702918052673,0.0,0.0,0.19103278944071353,0.0,0.0,60.269181685679406,62.575578689575195,69.44906711578369,76.08527183532708,83.62865447998047,1060.4562811127432,4877.374437061079,50000,8300000,3640.7851305007935,60.734693877551024,95.0,3597.5390625,20475.0,34.244897959183675,66.51020408163265,69.0,80.72530612244898,111.99,2370.0,8551.0,3889.69954600074,0.0,34.3193359375,2498.0,630.58544921875,20474.5,1,9.102040816326532,24,23843.654416454083,64860.765625,36.79387755102041,2193.04296875,-1,628214,3951.0242400000984,1.0975067333333606,0.0010975067333333607,676778.6071039885,187.9940575288857,0.1879940575288857,0.5213156983333462,0.0005213156983333463,89.29717732622068,0.08929717732622068,475.0,80.48973333333332,112.264,77.699,79.02048480000197,465,10.0,64,64,1,True,240,sgd,multistep,32,100,0.0,False,1.0.0
p7-msdnet-cifar100-jointexit-s1,166,130594,2026-09-01T12:22:52Z,1788265372.3155482,local,0,local-1c8d861c2a,CB-410-122,msdnet,msdnet,cifar100,1,p7,jointexit,49fd74a2ab0863226c5a3e8c535afbf6dfbef29c39d0bda5aca7334f5d2e5d69,0.9157733322906494,0.9822488654136657,0.84106,0.7236,NA,0.9276,0.7229335313047507,0.7236,0.7229335313047508,0.7278567307296286,0.7236,0.7278567307296288,0.7235999999999998,0.7236,0.7236,0.7235999999999998,0.7208080808080808,0.7208663277042746,0.4894571006298065,1.290520191192627,0.1238190055043302,0.9078477025032043,0.7259,5,False,0.014487602159380922,0.06435410678386688,0.9822502732276917,0.37784016132354736,0.7164400219917297,1.0525741577148438,0.9157733322906494,0.9157733322906494,NA,NA,NA,NA,NA,NA,NA,NA,NA,NA,NA,0.005000000000000001,0.005000000000000001,0.005000000000000001,[0.005],0.9,0.0005,2.973910327452246,3.7558162212371826,1.9664068222045898,2.972626209259033,3.4303741455078125,3.564894008636475,0.2733240829105783,NA,0.0,53.290565490722656,2.535776376724243,0.047583964504292905,65536.0,1,782,782,0,0,50.73538541793823,48.67791223526001,2.0574731826782227,8632.34749698639,8.63232970237732,40.023247718811035,0.0,0.0,0.17741706418672865,0.0,0.0,62.21940846699278,65.53936004638672,70.99387645721436,81.85555219650269,89.19286727905273,1027.1599110157056,4860.330663937477,50000,8350000,3703.683135509491,58.01960784313726,92.0,3597.5390625,20475.0,32.254901960784316,66.43137254901961,69.0,79.89476470588235,112.264,2370.0,8551.0,4014.8731230003636,0.0,33.9267578125,2498.0,629.78173828125,20474.5,1,8.8,24,23844.338005514706,64860.765625,36.78627450980392,2193.12890625,-1,628213,4026.8691084996394,1.118574752361011,0.001118574752361011,680805.4762124881,189.1126322812467,0.1891126322812467,0.5313230073714802,0.0005313230073714802,89.82850033359216,0.08982850033359216,475.0,79.44215702479339,112.292,76.453,80.53738216999278,484,10.0,64,64,1,True,240,sgd,multistep,32,100,0.0,False,1.0.0
p7-msdnet-cifar100-jointexit-s1,167,131376,2026-09-01T12:23:43Z,1788265423.9339428,local,0,local-1c8d861c2a,CB-410-122,msdnet,msdnet,cifar100,1,p7,jointexit,49fd74a2ab0863226c5a3e8c535afbf6dfbef29c39d0bda5aca7334f5d2e5d69,0.9093196753692627,0.9957692329406739,0.84308,0.7201,NA,0.9272,0.7199083629898233,0.7201,0.7199083629898232,0.7268323517733399,0.7201,0.72683235177334,0.7201000000000001,0.7201,0.7201,0.7201000000000001,0.7172727272727273,0.717348690550562,0.5869235396385193,1.4740325212478638,0.12602309750807597,0.9045875072479248,0.7259,6,False,0.013073803956806674,0.07587031666005012,0.9957654476165771,0.3826788663864136,0.7164137363433838,1.0569343566894531,0.9093196753692627,0.9093196753692627,NA,NA,NA,NA,NA,NA,NA,NA,NA,NA,NA,0.005000000000000001,0.005000000000000001,0.005000000000000001,[0.005],0.9,0.0005,3.0417235065299226,6.006396293640137,2.152052402496338,3.030299425125122,3.507261598110199,3.726797273159027,0.3024555634801275,NA,0.0,53.110267639160156,2.5675048828125,0.048342909891860235,65536.0,0,782,782,0,0,51.54854702949524,49.4980673789978,2.0504796504974365,8683.896044015884,9.059468030929565,40.429420948028564,0.0,0.0,0.18306064690160057,0.0,0.0,63.285024269767426,66.23077392578125,72.85864353179932,82.93949842453003,86.06433868408203,1010.1404488615483,4876.907701851149,50000,8400000,3711.495386123657,57.529411764705884,92.0,3597.5390625,20475.0,32.3921568627451,65.84313725490196,69.0,78.76976470588235,112.292,2370.0,8551.0,3963.6923834995414,0.0,34.3193359375,2498.0,630.58544921875,20474.5,1,8.680392156862744,24,23826.827359068626,64860.765625,36.70980392156863,2193.0859375,-1,628213,4052.6214174996744,1.1257281715276872,0.0011257281715276873,684858.0976299879,190.2383604527744,0.1902383604527744,0.5347208814756516,0.0005347208814756515,90.36322121506781,0.0903632212150678,475.0,78.79093075356414,112.846,75.355,81.05242834999349,491,10.0,64,64,1,True,240,sgd,multistep,32,100,0.0,False,1.0.0
p7-msdnet-cifar100-jointexit-s1,168,132158,2026-09-01T12:24:35Z,1788265475.4188938,local,0,local-1c8d861c2a,CB-410-122,msdnet,msdnet,cifar100,1,p7,jointexit,49fd74a2ab0863226c5a3e8c535afbf6dfbef29c39d0bda5aca7334f5d2e5d69,0.9054556808853149,0.9902536846160889,0.84512,0.7213,NA,0.9262,0.7209351494563383,0.7213,0.720935149456338,0.7263359922358681,0.7213,0.7263359922358682,0.7213,0.7213,0.7213,0.7213,0.7184848484848485,0.7185450418548925,0.5675560832023621,1.3173426389694214,0.12567735124950197,0.8998132944107056,0.7259,7,False,0.013805742279440161,0.06650907546281815,0.9902510046958923,0.3808082640171051,0.7223832011222839,1.02870512008667,0.9054556808853149,0.9054556808853149,NA,NA,NA,NA,NA,NA,NA,NA,NA,NA,NA,0.005000000000000001,0.005000000000000001,0.005000000000000001,[0.005],0.9,0.0005,3.093151989422748,4.131033897399902,2.2489888668060303,3.0893349647521973,3.5686309337615967,3.813145494461061,0.29365494226137984,NA,0.0,52.938377380371094,2.6096112728118896,0.049295263699931646,32768.0,1,782,782,0,0,51.41831016540527,49.36823034286499,2.050079822540283,8735.31435418129,8.930403232574463,40.425708055496216,0.0,0.0,0.18093814523699991,0.0,0.0,63.11523182617734,66.24674797058105,70.93961238861084,79.82675552368164,83.44388008117676,1012.7970893983304,4877.858847275936,50000,8450000,3650.7000217437744,57.13725490196079,92.0,3597.5390625,20475.0,31.901960784313726,65.76470588235294,68.0,78.83525490196078,112.846,2370.0,8551.0,3969.17308350015,0.0,33.9267578125,2498.0,629.78173828125,20474.5,1,8.768627450980391,24,23816.22234987745,64860.765625,36.70196078431373,2193.08984375,-1,628213,4048.984292500375,1.124717859027882,0.001124717859027882,688907.0819224883,191.3630783118023,0.1913630783118023,0.5342409830382439,0.0005342409830382439,90.89746219810604,0.09089746219810604,475.0,78.83823265306121,112.846,75.263,80.9796858500075,490,10.0,64,64,1,True,240,sgd,multistep,32,100,0.0,False,1.0.0
p7-msdnet-cifar100-jointexit-s1,169,132940,2026-09-01T12:25:27Z,1788265527.0054326,local,0,local-1c8d861c2a,CB-410-122,msdnet,msdnet,cifar100,1,p7,jointexit,49fd74a2ab0863226c5a3e8c535afbf6dfbef29c39d0bda5aca7334f5d2e5d69,0.905610299987793,1.028092753791809,0.84616,0.712,NA,0.9221,0.7130478098535395,0.712,0.7130478098535394,0.7200223937040329,0.712,0.7200223937040331,0.7120000000000001,0.712,0.712,0.7120000000000001,0.7090909090909091,0.7091557747397266,0.5696397423744202,1.2799203395843506,0.11921338568223377,0.895357221364975,0.7259,8,False,0.020017125424742696,0.04710860018219268,1.0280946493148804,0.39168423414230347,0.7215161323547363,1.0249301195144653,0.905610299987793,0.905610299987793,NA,NA,NA,NA,NA,NA,NA,NA,NA,NA,NA,0.005000000000000001,0.005000000000000001,0.005000000000000001,[0.005],0.9,0.0005,3.1820190126633707,7.805558681488037,2.23004150390625,3.1770145893096924,3.6328224778175353,3.842524914741516,0.3318415174006861,NA,0.0,52.778236389160156,2.6681535243988037,0.050554048542379895,32768.0,0,782,782,0,0,51.54444169998169,49.46851062774658,2.0759310722351074,8786.858795881271,9.225234746932983,40.224244832992554,0.0,0.0,0.18655878333405254,0.0,0.0,63.23462861883061,66.41221046447754,70.12557983398438,82.78713703155518,90.53969383239746,1010.7439938156398,4817.115622838685,50000,8500000,3608.1109189987183,56.35294117647059,92.0,3597.5390625,20475.0,31.470588235294116,65.74509803921569,68.0,78.73423529411765,112.109,2370.0,8551.0,3958.654460000361,0.0,34.3193359375,2498.0,630.58544921875,20474.5,1,8.892156862745098,24,23824.569240196077,64860.765625,36.70196078431373,2193.20703125,-1,628213,4055.8558020003347,1.1266266116667596,0.0011266266116667597,692962.9377244887,192.48970492346908,0.19248970492346906,0.5351476405417108,0.0005351476405417108,91.43260983864776,0.09143260983864776,475.0,78.78028716904277,112.109,75.203,81.11711604000669,491,10.0,64,64,1,True,240,sgd,multistep,32,100,0.0,False,1.0.0
p7-msdnet-cifar100-jointexit-s1,170,133722,2026-09-01T12:26:17Z,1788265577.5094903,local,0,local-1c8d861c2a,CB-410-122,msdnet,msdnet,cifar100,1,p7,jointexit,49fd74a2ab0863226c5a3e8c535afbf6dfbef29c39d0bda5aca7334f5d2e5d69,0.9052793516540527,1.0050766788482666,0.84716,0.7169,NA,0.927,0.7164532485977455,0.7169,0.7164532485977454,0.7225402209995124,0.7169,0.7225402209995128,0.7168999999999996,0.7169,0.7169,0.7168999999999996,0.714040404040404,0.7141117755050417,0.566779375076294,1.3334819078445435,0.12200004608693943,0.9074968993663788,0.7259,9,False,0.016292805624008186,0.03619515927514416,1.0050699710845947,0.38594290614128113,0.7229089140892029,1.023707628250122,0.9052793516540527,0.9052793516540527,NA,NA,NA,NA,NA,NA,NA,NA,NA,NA,NA,0.005000000000000001,0.005000000000000001,0.005000000000000001,[0.005],0.9,0.0005,3.237736226042823,7.281446933746338,2.4239461421966553,3.2340521812438965,3.7555951952934263,3.957910571098327,0.3377050266521919,NA,0.0,52.6279182434082,2.7057032585144043,0.05141193778557451,32768.0,0,782,782,0,0,50.43052959442139,48.36501693725586,2.0655126571655273,8837.289325475693,8.417612075805664,39.930044174194336,0.0,0.0,0.17410589734234871,0.0,0.0,61.82564737851663,65.95611572265625,69.41368579864502,82.76429176330566,84.01966094970703,1033.805075781638,4841.413082272201,50000,8550000,3479.7065420150757,57.92,92.0,3597.5390625,20475.0,32.38,65.84,68.0,79.82158,112.113,2370.0,8551.0,3933.451369000497,0.0,33.9267578125,2498.0,629.78173828125,20474.5,1,8.863999999999999,24,23822.97609375,64860.765625,36.70399999999999,2193.15625,-1,628213,4002.6956249999353,1.1118598958333155,0.0011118598958333153,696965.6333494886,193.60156481930238,0.19360156481930238,0.5281334505208247,0.0005281334505208247,91.96074328916859,0.09196074328916859,475.0,79.49830271398747,112.418,75.641,80.0539124999987,479,10.0,64,64,1,True,240,sgd,multistep,32,100,0.0,False,1.0.0
p7-msdnet-cifar100-jointexit-s1,171,134504,2026-09-01T12:27:13Z,1788265633.9579172,local,0,local-1c8d861c2a,CB-410-122,msdnet,msdnet,cifar100,1,p7,jointexit,49fd74a2ab0863226c5a3e8c535afbf6dfbef29c39d0bda5aca7334f5d2e5d69,0.9007875576019287,1.016167786026001,0.84772,0.7155,NA,0.924,0.7146901553851638,0.7155,0.7146901553851637,0.7212200096041321,0.7155,0.7212200096041321,0.7155000000000001,0.7155,0.7155,0.7155000000000001,0.7126262626262625,0.7126986592095507,0.5670209527015686,1.5975141525268555,0.12625123685766493,0.8895827829837799,0.7259,10,False,0.01517850758582352,0.05935012857268626,1.0161765813827515,0.38970816135406494,0.7174217104911804,1.0527973175048828,0.9007875576019287,0.9007875576019287,NA,NA,NA,NA,NA,NA,NA,NA,NA,NA,NA,0.005000000000000001,0.005000000000000001,0.005000000000000001,[0.005],0.9,0.0005,3.2847756704508724,4.609364032745361,2.3309662342071533,3.26760196685791,3.814382314682007,4.016803455352783,0.3139928184700146,NA,0.0,52.490516662597656,2.7488434314727783,0.05236838206684063,32768.0,1,782,782,0,0,56.37432861328125,54.25471520423889,2.118607521057129,8893.663654088974,11.889422178268433,42.36529302597046,0.0,0.0,0.219140808932668,0.0,0.0,69.37943120746662,66.6496753692627,91.68226718902588,101.03463411331177,116.7452335357666,921.5788860337345,4720.081421692616,50000,8600000,3833.454345703125,53.107142857142854,94.0,3597.5390625,20475.0,30.357142857142858,65.33928571428571,68.0,75.69083928571429,112.418,2370.0,8551.0,4186.469428500626,0.0,34.3193359375,2498.0,630.58544921875,20474.5,1,11.883928571428571,24,23836.635672433036,64860.765625,36.75178571428571,2190.45703125,-1,628213,4230.368969000675,1.1751024913890764,0.0011751024913890765,701196.0023184892,194.77666731069147,0.19477666731069146,0.5581736834098113,0.0005581736834098113,92.5189169725784,0.0925189169725784,475.0,75.20139925373134,112.418,67.351,84.6073793800135,536,10.0,64,64,1,True,240,sgd,multistep,32,100,0.0,False,1.0.0
p7-msdnet-cifar100-jointexit-s1,172,135286,2026-09-01T12:28:16Z,1788265696.7397697,local,0,local-1c8d861c2a,CB-410-122,msdnet,msdnet,cifar100,1,p7,jointexit,49fd74a2ab0863226c5a3e8c535afbf6dfbef29c39d0bda5aca7334f5d2e5d69,0.9006899413299561,1.0015201597213745,0.84986,0.7202,NA,0.9238,0.7191438877947227,0.7202,0.7191438877947228,0.7241270326146421,0.7202,0.7241270326146422,0.7202,0.7202,0.7202,0.7202,0.7173737373737374,0.7174367876195243,0.5477393865585327,1.3650190830230713,0.12430375973981014,0.8954376578330994,0.7259,11,False,0.012954463911056504,0.04313538616062493,1.0015153884887695,0.3823457360267639,0.7233620882034302,1.0283087491989136,0.9006899413299561,0.9006899413299561,NA,NA,NA,NA,NA,NA,NA,NA,NA,NA,NA,0.005000000000000001,0.005000000000000001,0.005000000000000001,[0.005],0.9,0.0005,3.355464516393364,8.925758361816406,2.4886558055877686,3.339908003807068,3.8676655411720273,4.106255879402161,0.37744602235104946,NA,0.0,52.365909576416016,2.785066604614258,0.05318472699400156,32768.0,0,782,782,0,0,62.6788911819458,60.49818778038025,2.1807034015655518,8956.34254527092,14.89728593826294,45.578805923461914,0.0,0.0,0.24633347624917193,0.0,0.0,77.33515583340774,78.90033721923828,99.66166019439697,102.03155279159546,115.63968658447266,826.4710371409697,4585.676343156472,50000,8650000,4199.485709190369,47.903225806451616,94.0,3597.5390625,20475.0,26.451612903225808,63.596774193548384,66.0,71.39474193548388,110.593,2369.2741935483873,8551.0,4379.951839999857,1.0,33.9267578125,2498.0,629.78173828125,20474.5,1,14.38709677419355,24,23828.932396673386,64860.765625,36.706451612903216,2190.48046875,-1,628213,4451.987986501448,1.2366633295837357,0.0012366633295837356,705647.9903049907,196.0133306402752,0.19601333064027518,0.5874150815522744,0.0005874150815522744,93.10633205413068,0.09310633205413067,475.0,71.17320735785954,110.593,66.045,89.03975973002896,598,10.0,64,64,1,True,240,sgd,multistep,32,100,0.0,False,1.0.0
p7-msdnet-cifar100-jointexit-s1,173,136068,2026-09-01T12:29:19Z,1788265759.5012467,local,0,local-1c8d861c2a,CB-410-122,msdnet,msdnet,cifar100,1,p7,jointexit,49fd74a2ab0863226c5a3e8c535afbf6dfbef29c39d0bda5aca7334f5d2e5d69,0.8975327657699586,1.031513381576538,0.8494,0.7131,NA,0.9218,0.7142695027139601,0.7131,0.7142695027139601,0.7246516805414533,0.7131,0.7246516805414536,0.7130999999999998,0.7131,0.7131,0.7130999999999998,0.7102020202020203,0.7103098735186061,0.5858021974563599,1.3607752323150635,0.12154409238252258,0.8931869566440582,0.7259,12,False,0.018588899090513603,0.062014225870370865,1.03151273727417,0.3938102126121521,0.7223175168037415,1.0270824432373047,0.8975327657699586,0.8975327657699586,NA,NA,NA,NA,NA,NA,NA,NA,NA,NA,NA,0.005000000000000001,0.005000000000000001,0.005000000000000001,[0.005],0.9,0.0005,3.3913963615436993,6.783918857574463,2.5203235149383545,3.3694242238998413,3.949114120006561,4.214883756637573,0.34158848600764036,NA,0.0,52.25215148925781,2.81596302986145,0.0538918101858517,32768.0,0,782,782,0,0,62.6540949344635,60.51754570007324,2.1353869438171387,9018.996640205383,14.872499942779541,45.624886989593506,0.0,0.0,0.24583706333307837,0.0,0.0,77.36238738155122,78.73833179473877,98.37312698364258,103.16645383834839,113.53516578674316,826.2066714965853,4682.992011801089,50000,8700000,4135.170265674591,48.564516129032256,91.0,3597.5390625,20475.0,27.080645161290324,63.12903225806452,66.0,70.7976612903226,103.624,2369.516129032258,8551.0,4343.211457000126,1.0,34.3193359375,2498.0,630.58544921875,20474.5,1,14.248387096774193,24,23811.103452620966,64860.765625,36.70322580645159,2193.2265625,-1,628213,4432.933940000549,1.2313705388890415,0.0012313705388890415,710080.9242449913,197.24470117916425,0.19724470117916423,0.5849010059722947,0.0005849010059722947,93.69123306010296,0.09369123306010296,475.0,70.9416570458404,109.676,62.875,88.65867880001097,589,10.0,64,64,1,True,240,sgd,multistep,32,100,0.0,False,1.0.0
p7-msdnet-cifar100-jointexit-s1,174,136850,2026-09-01T12:30:21Z,1788265821.7314854,local,0,local-1c8d861c2a,CB-410-122,msdnet,msdnet,cifar100,1,p7,jointexit,49fd74a2ab0863226c5a3e8c535afbf6dfbef29c39d0bda5aca7334f5d2e5d69,0.8936244064712524,1.043287354850769,0.85118,0.709,NA,0.9208,0.7082403806911983,0.709,0.7082403806911983,0.7187963493761852,0.709,0.7187963493761852,0.7089999999999997,0.709,0.709,0.7089999999999997,0.706060606060606,0.7061905142645227,0.5862400531768799,1.5046354532241821,0.12904661409269866,0.8872659504413605,0.7259,13,False,0.01660935362949969,0.0382067505051108,1.0432888269424438,0.39749500155448914,0.7164512872695923,1.0553885698318481,0.8936244064712524,0.8936244064712524,NA,NA,NA,NA,NA,NA,NA,NA,NA,NA,NA,0.005000000000000001,0.005000000000000001,0.005000000000000001,[0.005],0.9,0.0005,3.45071931659718,9.260586738586426,2.37567138671875,3.4398272037506104,3.9857809662818906,4.337677402496338,0.3939981741272293,NA,0.0,52.1428337097168,2.8524467945098877,0.05470448365713456,65536.0,0,782,782,0,0,62.17055535316467,59.986899614334106,2.1836557388305664,9081.167195558548,14.783131837844849,45.17243933677673,0.0,0.0,0.24656810948875352,0.0,0.0,76.66952835629358,75.51193237304688,99.64849948883057,104.93790388107286,118.66211891174316,833.5153228698005,4579.476435857693,50000,8750000,4041.0860979557037,48.82258064516129,92.0,3597.5390625,20475.0,27.612903225806452,63.274193548387096,66.0,71.64295161290323,109.664,2369.032258064516,8551.0,4395.134988999661,1.0,33.9267578125,2498.0,629.78173828125,20474.5,1,14.246774193548386,24,23823.55720766129,64860.765625,36.69999999999998,2191.0,-1,628213,4416.240570000937,1.2267334916669268,0.0012267334916669268,714497.1648149922,198.47143467083117,0.19847143467083117,0.5826984085417902,0.0005826984085417902,94.27393146864475,0.09427393146864475,475.0,71.1927627118644,109.664,67.111,88.32481140001873,590,10.0,64,64,1,True,240,sgd,multistep,32,100,0.0,False,1.0.0
p7-msdnet-cifar100-jointexit-s1,175,137632,2026-09-01T12:31:23Z,1788265883.5331562,local,0,local-1c8d861c2a,CB-410-122,msdnet,msdnet,cifar100,1,p7,jointexit,49fd74a2ab0863226c5a3e8c535afbf6dfbef29c39d0bda5aca7334f5d2e5d69,0.8932423848342895,1.0293328813552856,0.85252,0.7098,NA,0.9226,0.7092287895306341,0.7098,0.7092287895306341,0.7190681278894943,0.7098,0.7190681278894941,0.7098,0.7098,0.7098,0.7098,0.7068686868686869,0.706984556135831,0.5855302810668945,1.371200680732727,0.12152686407837837,0.8864583373069763,0.7259,14,False,0.01914234258756042,0.06390362232923508,1.029335379600525,0.3944060206413269,0.7196120023727417,1.0390385389328003,0.8932423848342895,0.8932423848342895,NA,NA,NA,NA,NA,NA,NA,NA,NA,NA,NA,0.005000000000000001,0.005000000000000001,0.005000000000000001,[0.005],0.9,0.0005,3.497849651004957,7.925026893615723,2.5278549194335938,3.4951616525650024,4.057168650627136,4.29014712810516,0.36979215176590796,NA,0.0,52.047298431396484,2.8829421997070312,0.05539081348299059,65536.0,0,782,782,0,0,61.73915457725525,59.45878791809082,2.2793993949890137,9142.906350135803,14.842971801757812,44.58793115615845,0.0,0.0,0.24975174636448483,0.0,0.0,75.99859713288525,76.18749141693115,94.10393238067627,101.09317779541014,119.1866397857666,840.9185883317863,4387.120581844411,50000,8800000,3951.305892944336,46.19672131147541,91.0,3597.5390625,20475.0,25.442622950819672,63.39344262295082,66.0,71.21134426229509,108.213,2369.5081967213114,8551.0,4305.996054499388,1.0,34.3193359375,2498.0,630.58544921875,20474.5,1,14.18032786885246,24,23825.860015368853,64860.765625,36.70327868852457,2190.58984375,-1,628212,4400.46013849932,1.2223500384720334,0.0012223500384720334,718897.6249534915,199.6937847093032,0.19969378470930318,0.5806162682742159,0.0005806162682742158,94.85454773691897,0.09485454773691897,475.0,71.3813537414966,108.213,65.222,88.0092027699864,588,10.0,64,64,1,True,240,sgd,multistep,32,100,0.0,False,1.0.0
p7-msdnet-cifar100-jointexit-s1,176,138414,2026-09-01T12:32:26Z,1788265946.0021772,local,0,local-1c8d861c2a,CB-410-122,msdnet,msdnet,cifar100,1,p7,jointexit,49fd74a2ab0863226c5a3e8c535afbf6dfbef29c39d0bda5aca7334f5d2e5d69,0.8918994636154175,1.0197664569854736,0.85112,0.7159,NA,0.9232,0.7162836412424782,0.7159,0.7162836412424782,0.7231113248674422,0.7159,0.7231113248674422,0.7159,0.7159,0.7159,0.7159,0.713030303030303,0.7131043112514521,0.5198111534118652,1.3471938371658325,0.12212570178048753,0.8858850598335266,0.7259,15,False,0.016654472445696577,0.061725322157144547,1.0197601318359375,0.39117684960365295,0.7209920883178711,1.0305670499801636,0.8918994636154175,0.8918994636154175,NA,NA,NA,NA,NA,NA,NA,NA,NA,NA,NA,0.005000000000000001,0.005000000000000001,0.005000000000000001,[0.005],0.9,0.0005,3.548452818134225,4.514754772186279,2.3868203163146973,3.523916006088257,4.123342990875244,4.361217021942139,0.34055883764248807,NA,0.0,51.96055603027344,2.910813093185425,0.05601966790904849,32768.0,1,782,782,0,0,62.18575859069824,60.03523850440979,2.150520086288452,9205.092108726501,14.803550481796265,45.20389366149902,0.0,0.0,0.24669523411872032,0.0,0.0,76.73586207582518,76.15327835083008,98.96516799926758,102.82502651214598,108.8411808013916,832.8441969348941,4650.037943732411,50000,8850000,3917.7027912139893,47.854838709677416,83.0,3597.5390625,20475.0,26.967741935483872,63.41935483870968,66.0,71.0859516129032,107.012,2369.516129032258,8551.0,4376.754354500925,1.0,33.9267578125,2498.0,629.78173828125,20474.5,1,14.269354838709676,24,23839.461000504034,64860.765625,36.775806451612915,2193.37890625,-1,628213,4404.294836999905,1.2234152324999736,0.0012234152324999735,723301.9197904913,200.91719994180315,0.20091719994180315,0.5811222354374874,0.0005811222354374874,95.43566997235646,0.09543566997235646,475.0,70.93215878378379,108.996,64.984,88.0858967399981,592,10.0,64,64,1,True,240,sgd,multistep,32,100,0.0,False,1.0.0
p7-msdnet-cifar100-jointexit-s1,177,139196,2026-09-01T12:33:28Z,1788266008.523819,local,0,local-1c8d861c2a,CB-410-122,msdnet,msdnet,cifar100,1,p7,jointexit,49fd74a2ab0863226c5a3e8c535afbf6dfbef29c39d0bda5aca7334f5d2e5d69,0.8909725548171997,1.0427107709884644,0.85272,0.7136,NA,0.9231,0.7123173136156262,0.7136,0.7123173136156262,0.7208834836485322,0.7136,0.720883483648532,0.7135999999999999,0.7136,0.7136,0.7135999999999999,0.7107070707070707,0.7108168321724064,0.5597149729728699,1.332179307937622,0.11967211304686537,0.8881193995475769,0.7259,16,False,0.022318252015113844,0.09089574541734613,1.0427143573760986,0.39555203914642334,0.7212494015693665,1.0338621139526367,0.8909725548171997,0.8909725548171997,NA,NA,NA,NA,NA,NA,NA,NA,NA,NA,NA,0.005000000000000001,0.005000000000000001,0.005000000000000001,[0.005],0.9,0.0005,3.5895138503340505,6.330898284912109,2.5639472007751465,3.5630388259887695,4.210781669616699,4.477759127616881,0.3658063596644118,NA,0.0,51.88188934326172,2.9273462295532227,0.056423277305598325,32768.0,0,782,782,0,0,62.453314781188965,60.28592586517334,2.167388916015625,9267.54542350769,15.254082679748535,45.00822401046753,0.0,0.0,0.2531280914645958,0.0,0.0,77.06177326114587,79.32066917419434,99.25425052642822,100.82480192184448,116.23597145080566,829.3809754505996,4613.846608749524,50000,8900000,3872.105516433716,46.37096774193548,83.0,3597.5390625,20475.0,25.483870967741936,63.53225806451613,66.0,71.37520967741935,108.996,2369.032258064516,8551.0,4382.583630000522,1.0,34.3193359375,2498.0,630.58544921875,20474.5,1,14.14516129032258,24,23844.692855342742,64860.765625,36.777419354838706,2193.3984375,-1,628212,4423.597295501243,1.228777026528123,0.0012287770265281231,727725.5170859926,202.14597696833127,0.20214597696833128,0.5836690876008584,0.0005836690876008584,96.01933905995732,0.09601933905995731,475.0,70.98763682432433,108.996,67.18,88.47194591002486,592,10.0,64,64,1,True,240,sgd,multistep,32,100,0.0,False,1.0.0
p7-msdnet-cifar100-jointexit-s1,178,139978,2026-09-01T12:34:30Z,1788266070.1237311,local,0,local-1c8d861c2a,CB-410-122,msdnet,msdnet,cifar100,1,p7,jointexit,49fd74a2ab0863226c5a3e8c535afbf6dfbef29c39d0bda5aca7334f5d2e5d69,0.8903871506881714,1.0592829486846924,0.85192,0.7061,NA,0.9195,0.7063484598573421,0.7061,0.7063484598573421,0.7179230123195701,0.7061,0.7179230123195705,0.7061,0.7061,0.7061,0.7061,0.703131313131313,0.7032679379753436,0.5960178375244141,1.492508053779602,0.12479918374007806,0.8847981691360474,0.7259,17,False,0.02818817813247444,0.07255634255274812,1.0592881441116333,0.4017043113708496,0.7328001856803894,0.9743942618370056,0.8903871506881714,0.8903871506881714,NA,NA,NA,NA,NA,NA,NA,NA,NA,NA,NA,0.005000000000000001,0.005000000000000001,0.005000000000000001,[0.005],0.9,0.0005,3.627744011257006,8.083795547485352,2.616136312484741,3.60052752494812,4.221950507164001,4.523312215805051,0.3890773306718456,NA,0.0,51.808799743652344,2.9564943313598633,0.05706548590178632,32768.0,0,782,782,0,0,61.554158210754395,59.31974720954895,2.2344110012054443,9329.099581718445,15.020243883132935,44.28370118141174,0.0,0.0,0.25327562722488933,0.0,0.0,75.836246885607,75.04558563232422,96.33126258850098,102.46783494949341,117.73848533630371,842.889633756755,4475.452365122214,50000,8950000,3754.803650856018,44.967213114754095,81.0,3597.5390625,20475.0,24.39344262295082,63.83606557377049,66.0,71.55098360655737,105.991,2367.7868852459014,8551.0,4316.100451500086,1.0,33.9267578125,2498.0,629.78173828125,20474.5,1,14.319672131147541,24,23856.086321721312,64860.765625,36.80000000000002,2190.69921875,-1,628212,4398.89601800004,1.2219155605555667,0.0012219155605555669,732124.4131039927,203.36789252888687,0.20336789252888687,0.5804098912638942,0.0005804098912638942,96.59974895122122,0.09659974895122121,475.0,71.58521342512908,106.799,66.67,87.97792036000081,581,10.0,64,64,1,True,240,sgd,multistep,32,100,0.0,False,1.0.0
p7-msdnet-cifar100-jointexit-s1,179,140760,2026-09-01T12:35:22Z,1788266122.9627173,local,0,local-1c8d861c2a,CB-410-122,msdnet,msdnet,cifar100,1,p7,jointexit,49fd74a2ab0863226c5a3e8c535afbf6dfbef29c39d0bda5aca7334f5d2e5d69,0.8902737698364258,1.037602907562256,0.85008,0.711,NA,0.9213,0.7101180827072269,0.711,0.710118082707227,0.7201303032971255,0.711,0.7201303032971252,0.711,0.711,0.711,0.711,0.7080808080808081,0.7081976631824726,0.5371986627578735,1.9057002067565918,0.1274209782993338,0.8854640126228333,0.7259,18,False,0.015244592367112633,0.04949078900473458,1.0376023054122925,0.3926753103733063,0.7205663919448853,1.0409728288650513,0.8902737698364258,0.8902737698364258,NA,NA,NA,NA,NA,NA,NA,NA,NA,NA,NA,0.0005000000000000001,0.0005000000000000001,0.0005000000000000001,[0.0005],0.9,0.0005,3.6708391648729135,11.054558753967285,2.6426782608032227,3.647964119911194,4.285811519622802,4.517404975891113,0.44595989605579395,NA,0.0,51.740196228027344,3.0069355964660645,0.05811604546712612,65536.0,0,782,782,0,0,52.7874960899353,50.71962904930115,2.0668418407440186,9381.88707780838,10.474774599075317,40.22826933860779,0.0,0.0,0.20659064595706333,0.0,0.0,64.83765209422391,66.0163164138794,83.24487209320068,100.21296262741089,116.455078125,985.8116263310671,4838.299575162566,50000,9000000,3167.249765396118,56.39622641509434,96.0,3597.5390625,20475.0,32.15094339622642,64.9245283018868,68.0,77.70396226415095,112.67,2370.0,8551.0,4060.7544515005425,0.0,34.3193359375,2498.0,630.58544921875,20474.5,1,10.299999999999999,24,23835.46911851415,64860.765625,36.739622641509435,2191.1328125,-1,628212,4069.449844499741,1.1304027345832615,0.0011304027345832614,736193.8629484924,204.4982952634701,0.2044982952634701,0.5369412989270491,0.0005369412989270491,97.13669025014826,0.09713669025014826,475.0,77.20320436507937,112.67,67.44,81.38899688999481,504,10.0,64,64,1,True,240,sgd,multistep,32,100,0.0,False,1.0.0
p7-msdnet-cifar100-jointexit-s1,180,141542,2026-09-01T12:36:13Z,1788266173.095903,local,0,local-1c8d861c2a,CB-410-122,msdnet,msdnet,cifar100,1,p7,jointexit,49fd74a2ab0863226c5a3e8c535afbf6dfbef29c39d0bda5aca7334f5d2e5d69,0.8096828945922852,0.9462125109672547,0.88654,0.7352,NA,0.9337,0.7349373984264237,0.7352,0.7349373984264237,0.7379917126334596,0.7352,0.7379917126334596,0.7352000000000001,0.7352,0.7352,0.7352000000000001,0.7325252525252526,0.732560697481148,0.49007648229599,1.198183298110962,0.120245494886115,0.8055875897407532,0.7352,0,True,0.014891892737150181,0.05824799217559673,0.9462081789970398,0.3637978136539459,0.7349186539649963,0.9894442558288574,0.8096828945922852,0.8096828945922852,NA,NA,NA,NA,NA,NA,NA,NA,NA,NA,NA,0.0005000000000000001,0.0005000000000000001,0.0005000000000000001,[0.0005],0.9,0.0005,3.4068185965627165,4.448744297027588,2.3124372959136963,3.402531623840332,4.023513317108154,4.216942024230957,0.3601848115506876,NA,0.0,51.71433639526367,0.5447933077812195,0.010534666898115996,32768.0,1,782,782,0,0,50.054643869400024,47.98565125465393,2.0533318519592285,9431.94172167778,8.837058544158936,39.13242745399475,0.0,0.0,0.18422249812097358,0.0,0.0,61.342053706078886,64.60165977478027,70.30408382415771,82.57020711898804,83.80532264709473,1041.9781474811327,4870.133383679942,50000,9050000,2953.2239882946014,59.28,96.0,3597.5390625,20475.0,33.74,66.18,69.0,80.0977,112.67,2370.0,8551.0,3942.175267999858,0.0,33.9267578125,2498.0,629.78173828125,20474.5,1,8.728,24,23832.742109375,64860.765625,36.726000000000006,2193.40234375,-1,628212,3987.2331250000043,1.1075647569444456,0.0011075647569444456,740181.0960734924,205.60586002041455,0.20560586002041456,0.5260932595486116,0.0005260932595486116,97.66278350969687,0.09766278350969687,475.0,79.78364075630253,112.67,76.562,79.74466250000009,476,10.0,64,64,1,True,240,sgd,multistep,32,100,0.0,False,1.0.0
p7-msdnet-cifar100-jointexit-s1,181,142324,2026-09-01T12:37:03Z,1788266223.5299158,local,0,local-1c8d861c2a,CB-410-122,msdnet,msdnet,cifar100,1,p7,jointexit,49fd74a2ab0863226c5a3e8c535afbf6dfbef29c39d0bda5aca7334f5d2e5d69,0.7827101680374146,0.9508077345848084,0.89932,0.7336,NA,0.9324,0.7336649361558115,0.7336,0.7336649361558115,0.7368700140531347,0.7336,0.7368700140531347,0.7336,0.7336,0.7336,0.7336,0.730909090909091,0.7309420431098272,0.503787100315094,1.1725876331329346,0.10944977775507458,0.7802553772926331,0.7352,1,False,0.016847879388928434,0.06356021761894226,0.9508051872253418,0.3646845817565918,0.7410984635353088,0.9588279128074646,0.7827101680374146,0.7827101680374146,NA,NA,NA,NA,NA,NA,NA,NA,NA,NA,NA,0.0005000000000000001,0.0005000000000000001,0.0005000000000000001,[0.0005],0.9,0.0005,3.374032585212337,7.858819007873535,2.425325870513916,3.3663774728775024,3.9555300951004027,4.1873560857772825,0.3805552052911199,NA,0.0,51.689117431640625,0.39670318365097046,0.007674791200983735,32768.0,0,782,782,0,0,50.353527545928955,48.28223776817322,2.0712897777557373,9482.29524922371,9.216064691543579,39.06617307662964,0.0,0.0,0.1908789881652636,0.0,0.0,61.741992030912044,63.185811042785645,70.13039588928223,82.16824531555176,85.6022834777832,1035.5775190055317,4827.909695395251,50000,9100000,2920.5045976638794,59.16,91.0,3597.5390625,20475.0,33.18,66.3,69.0,79.83728,112.495,2370.0,8551.0,3931.2070465006395,0.0,34.3193359375,2498.0,630.58544921875,20474.5,1,8.819999999999999,24,23825.228359375,64860.765625,36.704,2190.69921875,-1,628212,4010.741452000449,1.1140948477779025,0.0011140948477779025,744191.8375254929,206.71995486819247,0.20671995486819247,0.5291950526945037,0.0005291950526945037,98.19197856239137,0.09819197856239137,475.0,79.7870611814346,112.741,75.806,80.21482904000898,474,10.0,64,64,1,True,240,sgd,multistep,32,100,0.0,False,1.0.0
p7-msdnet-cifar100-jointexit-s1,182,143106,2026-09-01T12:37:53Z,1788266273.0141332,local,0,local-1c8d861c2a,CB-410-122,msdnet,msdnet,cifar100,1,p7,jointexit,49fd74a2ab0863226c5a3e8c535afbf6dfbef29c39d0bda5aca7334f5d2e5d69,0.7740416051101685,0.9400909680366516,0.90166,0.7376,NA,0.9332,0.7373640625650303,0.7376,0.7373640625650304,0.7402534457960418,0.7376,0.7402534457960417,0.7375999999999999,0.7376,0.7376,0.7375999999999999,0.734949494949495,0.7349832604106341,0.47715410590171814,1.1190303564071655,0.10793703698339602,0.772553950548172,0.7376,0,True,0.014753445103019461,0.06117580085992813,0.940086841583252,0.36126279830932617,0.7373092770576477,0.9836341738700867,0.7740416051101685,0.7740416051101685,NA,NA,NA,NA,NA,NA,NA,NA,NA,NA,NA,0.0005000000000000001,0.0005000000000000001,0.0005000000000000001,[0.0005],0.9,0.0005,3.403662099252881,7.3719401359558105,2.404778480529785,3.38270103931427,4.010624027252197,4.205226697921753,0.3686056895931462,NA,0.0,51.66437911987305,0.3727110028266907,0.0072140807491737555,32768.0,0,782,782,0,0,49.420934438705444,47.37099862098694,2.049935817718506,9531.716183662415,9.101474523544312,38.25517010688782,0.0,0.0,0.19219002094788531,0.0,0.0,60.558369092624204,63.169240951538086,70.06163597106934,81.97892189025875,89.8294448852539,1055.4981202749718,4878.201509318272,50000,9150000,2816.9932630062103,60.04081632653061,91.0,3597.5390625,20475.0,33.83673469387755,66.24489795918367,69.0,80.29757142857143,112.741,2370.0,8551.0,3879.119161500241,0.0,33.9267578125,2498.0,629.78173828125,20474.5,1,8.983673469387755,24,23844.720663265307,64860.765625,36.79795918367347,2193.3984375,-1,628212,3956.143255999252,1.0989286822220143,0.0010989286822220144,748147.9807814921,207.81888355041445,0.20781888355041447,0.5219911240554569,0.0005219911240554568,98.71396968644683,0.09871396968644683,475.0,80.23997446808511,112.741,76.84,79.12286511998504,470,10.0,64,64,1,True,240,sgd,multistep,32,100,0.0,False,1.0.0
p7-msdnet-cifar100-jointexit-s1,183,143888,2026-09-01T12:38:44Z,1788266324.962773,local,0,local-1c8d861c2a,CB-410-122,msdnet,msdnet,cifar100,1,p7,jointexit,49fd74a2ab0863226c5a3e8c535afbf6dfbef29c39d0bda5aca7334f5d2e5d69,0.7701092255783081,0.9448518732070923,0.9023,0.7365,NA,0.9321,0.7367263517800275,0.7365,0.7367263517800275,0.740011628244997,0.7365,0.7400116282449971,0.7365,0.7365,0.7365,0.7365,0.7338383838383838,0.7338731732165366,0.4685654640197754,1.1786736249923706,0.10498747664191505,0.7606661915779114,0.7376,1,False,0.014248125459998843,0.046445932834660086,0.94484943151474,0.36314496397972107,0.7386801838874817,0.9740366339683533,0.7701092255783081,0.7701092255783081,NA,NA,NA,NA,NA,NA,NA,NA,NA,NA,NA,0.0005000000000000001,0.0005000000000000001,0.0005000000000000001,[0.0005],0.9,0.0005,3.4172108118491407,6.500011444091797,2.407241106033325,3.4032710790634155,3.9970701098442074,4.201293821334838,0.3584252314125401,NA,0.0,51.63924789428711,0.3657429814338684,0.00708265508015524,65536.0,0,782,782,0,0,51.842426776885986,49.76899313926697,2.0734336376190186,9583.5586104393,9.321367979049683,40.447625160217285,0.0,0.0,0.18729267745011435,0.0,0.0,63.643213733077964,66.25807285308838,73.08735847473145,82.5686168670654,87.30244636535645,1004.6415819602099,4822.917800968677,50000,9200000,2903.1758995056152,56.71153846153846,93.0,3597.5390625,20475.0,32.69230769230769,65.76923076923077,68.0,78.83738461538461,112.69,2370.0,8551.0,4044.423914500103,0.0,34.3193359375,2498.0,630.58544921875,20474.5,1,8.503846153846155,24,23851.547025240383,64860.765625,36.8,2193.40234375,-1,628212,4052.328218500056,1.1256467273611268,0.0011256467273611267,752200.3089999921,208.94453027777558,0.20894453027777557,0.5346821954965352,0.0005346821954965352,99.24865188194336,0.09924865188194336,475.0,78.3639878296146,112.69,75.64,81.04656437000114,493,10.0,64,64,1,True,240,sgd,multistep,32,100,0.0,False,1.0.0
p7-msdnet-cifar100-jointexit-s1,184,144670,2026-09-01T12:39:36Z,1788266376.7173595,local,0,local-1c8d861c2a,CB-410-122,msdnet,msdnet,cifar100,1,p7,jointexit,49fd74a2ab0863226c5a3e8c535afbf6dfbef29c39d0bda5aca7334f5d2e5d69,0.7646213974380494,0.94142808303833,0.90668,0.7364,NA,0.9333,0.7355426671322252,0.7364,0.7355426671322252,0.7380599087490586,0.7364,0.7380599087490586,0.7363999999999998,0.7364,0.7364,0.7363999999999998,0.7337373737373738,0.7337737075532406,0.4628501832485199,1.1006371974945068,0.10618888326605064,0.7547255754470825,0.7376,2,False,0.013144556932151302,0.027368898539580133,0.9414264559745789,0.36088043451309204,0.741141140460968,0.9682969450950623,0.7646213974380494,0.7646213974380494,NA,NA,NA,NA,NA,NA,NA,NA,NA,NA,NA,0.0005000000000000001,0.0005000000000000001,0.0005000000000000001,[0.0005],0.9,0.0005,3.4476895402549323,4.603004455566406,2.379884958267212,3.4478325843811035,4.004055500030518,4.272151756286623,0.33916444419032865,NA,0.0,51.61525344848633,0.3635822534561157,0.007044085404307516,32768.0,1,782,782,0,0,51.71813249588013,49.67129611968994,2.0468363761901855,9635.27674293518,9.34280276298523,40.30908274650574,0.0,0.0,0.1881661223358648,0.0,0.0,63.49345973080686,66.30349159240723,73.56956005096436,83.01928758621216,84.02228355407715,1006.6175821045217,4885.588372536737,50000,9250000,2844.497287273407,55.75,91.0,3597.5390625,20475.0,31.557692307692307,65.65384615384616,68.0,78.98188461538462,112.258,2370.0,8551.0,4038.9061479992915,0.0,33.9267578125,2498.0,629.78173828125,20474.5,1,8.548076923076923,24,23847.909630408652,64860.765625,36.8,2191.1328125,-1,628212,4050.855002999033,1.1252375008330646,0.0011252375008330648,756251.1640029912,210.06976777860865,0.21006976777860867,0.5344878128957058,0.0005344878128957058,99.78313969483906,0.09978313969483907,475.0,78.43265517241379,112.581,74.914,81.01710005998065,493,10.0,64,64,1,True,240,sgd,multistep,32,100,0.0,False,1.0.0
p7-msdnet-cifar100-jointexit-s1,185,145452,2026-09-01T12:40:28Z,1788266428.3813937,local,0,local-1c8d861c2a,CB-410-122,msdnet,msdnet,cifar100,1,p7,jointexit,49fd74a2ab0863226c5a3e8c535afbf6dfbef29c39d0bda5aca7334f5d2e5d69,0.7600483555603027,0.94399131565094,0.90796,0.7375,NA,0.9339,0.7370187343912252,0.7375,0.7370187343912254,0.7396378503058042,0.7375,0.7396378503058043,0.7375,0.7375,0.7375,0.7375,0.7348484848484849,0.7348821937028213,0.41197967529296875,1.1052680015563965,0.10218339848837452,0.7526335120201111,0.7376,3,False,0.015749626892805076,0.04177000729934033,0.943992555141449,0.3623741567134857,0.740947961807251,0.9634001851081848,0.7600483555603027,0.7600483555603027,NA,NA,NA,NA,NA,NA,NA,NA,NA,NA,NA,0.0005000000000000001,0.0005000000000000001,0.0005000000000000001,[0.0005],0.9,0.0005,3.46587933908643,7.620787620544434,2.2490463256835938,3.4569698572158813,4.034337449073791,4.269706053733825,0.36895454331216343,NA,0.0,51.59075927734375,0.35933396220207214,0.006965083810268224,32768.0,0,782,782,0,0,51.60098743438721,49.52898192405701,2.0720055103302,9686.877730369568,8.643228769302368,40.87772345542908,0.0,0.0,0.17453680474637198,0.0,0.0,63.32602586282794,66.18082523345947,72.33097553253174,82.62269973754883,84.82599258422852,1009.509948673389,4826.241991222491,50000,9300000,2786.453321456909,56.31372549019608,91.0,3597.5390625,20475.0,31.764705882352942,65.50980392156863,68.0,78.74731372549019,112.258,2370.0,8551.0,3958.653688999243,0.0,34.3193359375,2498.0,630.58544921875,20474.5,1,9.254901960784313,24,23933.894607843136,64860.765625,36.89607843137255,2193.41015625,-1,628211,4040.379301998891,1.122327583888581,0.001122327583888581,760291.54330499,211.19209536249724,0.21119209536249722,0.5331056023470759,0.0005331056023470759,100.31624529718614,0.10031624529718615,475.0,78.45608163265305,112.511,75.329,80.80758603997782,490,10.0,64,64,1,True,240,sgd,multistep,32,100,0.0,False,1.0.0
p7-msdnet-cifar100-jointexit-s1,186,146234,2026-09-01T12:41:20Z,1788266480.2571576,local,0,local-1c8d861c2a,CB-410-122,msdnet,msdnet,cifar100,1,p7,jointexit,49fd74a2ab0863226c5a3e8c535afbf6dfbef29c39d0bda5aca7334f5d2e5d69,0.7552004726409912,0.9433329157829284,0.90886,0.7367,NA,0.9325,0.736360198323501,0.7367,0.7363601983235011,0.73850432182908,0.7367,0.73850432182908,0.7366999999999999,0.7367,0.7367,0.7366999999999999,0.734040404040404,0.7340666677843557,0.46658381819725037,1.1162861585617065,0.1033222536100889,0.7496456503868103,0.7376,4,False,0.015432632943242805,0.06111594168672263,0.94333416223526,0.36171138286590576,0.7409642934799194,0.9628593921661377,0.7552004726409912,0.7552004726409912,NA,NA,NA,NA,NA,NA,NA,NA,NA,NA,NA,0.0005000000000000001,0.0005000000000000001,0.0005000000000000001,[0.0005],0.9,0.0005,3.4689494764713373,8.037084579467773,2.3898322582244873,3.4691489934921265,4.0259452819824215,4.336423058509826,0.3847910541458306,NA,0.0,51.56668472290039,0.35790181159973145,0.006940562759133318,32768.0,0,782,782,0,0,51.821025133132935,49.7519314289093,2.069093704223633,9738.6987555027,9.386572360992432,40.35195541381836,0.0,0.0,0.18871833930207516,0.0,0.0,63.60425546650997,66.4592981338501,69.92182731628418,82.96105861663817,87.1279239654541,1004.9861093623101,4833.033892852238,50000,9350000,2746.5143320560455,57.17307692307692,92.0,3597.5390625,20475.0,32.44230769230769,65.36538461538461,68.0,78.8276923076923,112.653,2370.0,8551.0,4042.587914501004,0.0,33.9267578125,2498.0,629.78173828125,20474.5,1,8.898076923076921,24,23892.82842548077,64860.765625,36.80769230769231,2196.15625,-1,628211,4060.683115001044,1.1279675319447344,0.0011279675319447345,764352.2264199911,212.32006289444197,0.21232006289444197,0.5357845776737489,0.0005357845776737489,100.85202987485991,0.1008520298748599,475.0,78.45250709939147,112.653,75.009,81.21366230002087,493,10.0,64,64,1,True,240,sgd,multistep,32,100,0.0,False,1.0.0
p7-msdnet-cifar100-jointexit-s1,187,147016,2026-09-01T12:42:09Z,1788266529.8398287,local,0,local-1c8d861c2a,CB-410-122,msdnet,msdnet,cifar100,1,p7,jointexit,49fd74a2ab0863226c5a3e8c535afbf6dfbef29c39d0bda5aca7334f5d2e5d69,0.7498187649536133,0.942765713596344,0.9105,0.7379,NA,0.9331,0.7371668345267411,0.7379,0.737166834526741,0.7391095048825325,0.7379,0.7391095048825325,0.7378999999999999,0.7379,0.7379,0.7378999999999999,0.7352525252525253,0.7352814914575949,0.506047785282135,1.1353778839111328,0.10230218519472987,0.7399263083934784,0.7379,0,True,0.018135572599619603,0.0503471871130331,0.9427573084831238,0.3614095151424408,0.7446258068084717,0.9495907425880432,0.7498187649536133,0.7498187649536133,NA,NA,NA,NA,NA,NA,NA,NA,NA,NA,NA,0.0005000000000000001,0.0005000000000000001,0.0005000000000000001,[0.0005],0.9,0.0005,3.4723567117038976,4.6422882080078125,2.339763879776001,3.466597080230713,4.061070919036865,4.2737773895263675,0.34931202629730274,NA,0.0,51.542625427246094,0.3566490411758423,0.00691949698370066,32768.0,1,782,782,0,0,49.53482437133789,47.483190059661865,2.0516343116760254,9788.233579874039,9.167106628417969,38.286887645721436,0.0,0.0,0.1931788202160611,0.0,0.0,60.6828571280555,63.020944595336914,69.60844993591309,81.78723573684687,86.64369583129883,1053.0042302797222,4874.162974897207,50000,9400000,2575.8108673095703,57.816326530612244,92.0,3597.5390625,20475.0,32.48979591836735,65.6734693877551,68.0,80.33071428571428,112.276,2370.0,8551.0,3880.1417295004303,0.0,34.3193359375,2498.0,630.58544921875,20474.5,1,8.895918367346939,24,23902.507573341838,64860.765625,36.8530612244898,2193.42578125,-1,628211,3953.370814501066,1.0981585595836294,0.0010981585595836293,768305.5972344922,213.4182214540256,0.21341822145402561,0.5216253158022239,0.000521625315802224,101.37365519066213,0.10137365519066213,475.0,79.9963134328358,112.747,76.666,79.06741629002131,469,10.0,64,64,1,True,240,sgd,multistep,32,100,0.0,False,1.0.0
p7-msdnet-cifar100-jointexit-s1,188,147798,2026-09-01T12:42:59Z,1788266579.204811,local,0,local-1c8d861c2a,CB-410-122,msdnet,msdnet,cifar100,1,p7,jointexit,49fd74a2ab0863226c5a3e8c535afbf6dfbef29c39d0bda5aca7334f5d2e5d69,0.747692000837326,0.9440257157325744,0.91036,0.7372,NA,0.9326,0.7375151684803285,0.7372,0.7375151684803286,0.741224561654763,0.7372,0.7412245616547634,0.7372,0.7372,0.7372,0.7372,0.7345454545454546,0.7345811530889136,0.474568635225296,1.0798816680908203,0.10264508313281182,0.7415246367454529,0.7379,1,False,0.014641478289663792,0.046152263030015295,0.9440272450447083,0.3623538315296173,0.7396952509880066,0.9729278087615967,0.747692000837326,0.747692000837326,NA,NA,NA,NA,NA,NA,NA,NA,NA,NA,NA,0.0005000000000000001,0.0005000000000000001,0.0005000000000000001,[0.0005],0.9,0.0005,3.501527481066906,4.743091583251953,2.59853196144104,3.5009056329727173,4.118075156211852,4.345946559906006,0.3477098872666552,NA,0.0,51.51869583129883,0.3553053140640259,0.006896628657439141,32768.0,0,782,782,0,0,49.241907835006714,47.165181159973145,2.0767266750335693,9837.475487709045,8.537878036499023,38.609721422195435,0.0,0.0,0.18108828730461607,0.0,0.0,60.291047901143806,62.63303756713867,70.39275169372559,81.25422239303582,83.49919319152832,1060.1040591874719,4815.270165409877,50000,9450000,2511.3372995853424,59.87755102040816,95.0,3597.5390625,20475.0,34.40816326530612,65.83673469387755,68.0,80.55204081632652,111.727,2370.0,8551.0,3883.2537354998203,0.0,33.9267578125,2498.0,629.78173828125,20474.5,1,8.673469387755102,24,23903.54759247449,64860.765625,36.85918367346939,2193.421875,-1,628210,3950.641653500613,1.0974004593057258,0.0010974004593057257,772256.2388879928,214.51562191333133,0.21451562191333134,0.5212652181702196,0.0005212652181702197,101.89492040883236,0.10189492040883236,475.0,80.38454700854699,111.727,76.197,79.01283307001225,468,10.0,64,64,1,True,240,sgd,multistep,32,100,0.0,False,1.0.0
p7-msdnet-cifar100-jointexit-s1,189,148580,2026-09-01T12:43:49Z,1788266629.0805624,local,0,local-1c8d861c2a,CB-410-122,msdnet,msdnet,cifar100,1,p7,jointexit,49fd74a2ab0863226c5a3e8c535afbf6dfbef29c39d0bda5aca7334f5d2e5d69,0.7452227419471741,0.9466688886642456,0.91348,0.7373,NA,0.9335,0.7371408431603703,0.7373,0.7371408431603705,0.7402167356543962,0.7373,0.7402167356543962,0.7372999999999998,0.7373,0.7373,0.7372999999999998,0.7346464646464647,0.7346803349327515,0.5056087970733643,1.1800496578216553,0.10595397022102594,0.7414268553256989,0.7379,2,False,0.017337939068675035,0.06664703570065961,0.9466702938079834,0.362895131111145,0.7416947484016418,0.9621480703353882,0.7452227419471741,0.7452227419471741,NA,NA,NA,NA,NA,NA,NA,NA,NA,NA,NA,0.0005000000000000001,0.0005000000000000001,0.0005000000000000001,[0.0005],0.9,0.0005,3.5074278564404344,6.780167579650879,2.500117301940918,3.4826897382736206,4.161223888397216,4.435198278427124,0.37763436056504546,NA,0.0,51.495033264160156,0.3552403450012207,0.006898536081701362,32768.0,0,782,782,0,0,49.811596155166626,47.76273155212402,2.0488646030426025,9887.287083864212,9.08812928199768,38.66377234458923,0.0,0.0,0.19031973539118002,0.0,0.0,61.063812821722394,64.11409378051758,70.24896144866943,82.43536472320555,87.28694915771484,1046.8413002182344,4880.751995592979,50000,9500000,2490.5798077583313,56.64,92.0,3597.5390625,20475.0,32.14,65.58,68.0,80.53914,111.905,2370.0,8551.0,3967.964922500268,0.0,34.3193359375,2498.0,630.58544921875,20474.5,1,8.783999999999999,24,23918.278203125,64860.765625,36.900000000000006,2191.15625,-1,628210,3967.0980910000517,1.1019716919444589,0.0011019716919444587,776223.3369789929,215.6175936052758,0.2156175936052758,0.5234365536736179,0.0005234365536736179,102.41835696250598,0.10241835696250598,475.0,79.77285894736842,111.93,76.102,79.34196182000103,475,10.0,64,64,1,True,240,sgd,multistep,32,100,0.0,False,1.0.0
p7-msdnet-cifar100-jointexit-s1,190,149362,2026-09-01T12:44:39Z,1788266679.5501058,local,0,local-1c8d861c2a,CB-410-122,msdnet,msdnet,cifar100,1,p7,jointexit,49fd74a2ab0863226c5a3e8c535afbf6dfbef29c39d0bda5aca7334f5d2e5d69,0.7475874957847595,0.9428270909309387,0.91262,0.7359,NA,0.9337,0.7358246574980053,0.7359,0.7358246574980052,0.7380473206118409,0.7359,0.7380473206118409,0.7358999999999999,0.7359,0.7359,0.7358999999999999,0.7332323232323232,0.7332568618245665,0.4682205319404602,1.0623165369033813,0.1031560718014333,0.7434239983558655,0.7379,3,False,0.01616392623335125,0.03653164524020569,0.9428247809410095,0.36149224638938904,0.7405277490615845,0.966701090335846,0.7475874957847595,0.7475874957847595,NA,NA,NA,NA,NA,NA,NA,NA,NA,NA,NA,0.0005000000000000001,0.0005000000000000001,0.0005000000000000001,[0.0005],0.9,0.0005,3.5394297917480664,8.337747573852539,2.533698081970215,3.5312752723693848,4.145187163352966,4.469595937728882,0.40093206856970603,NA,0.0,51.47117233276367,0.359782338142395,0.006989977531818868,65536.0,0,782,782,0,0,50.38885283470154,48.31820344924927,2.0706493854522705,9937.675936698914,9.437821388244629,38.86480665206909,0.0,0.0,0.19538939745406306,0.0,0.0,61.768066547715755,63.57467174530029,69.89822387695312,79.3896961212158,85.42513847351074,1034.8066863147592,4829.402829014341,50000,9550000,2469.0537889003754,58.18,92.0,3597.5390625,20475.0,32.62,65.6,68.0,79.3955,111.905,2370.0,8551.0,3915.1533304988357,0.0,33.9267578125,2498.0,629.78173828125,20474.5,1,8.692,24,23905.2378125,64860.765625,36.876000000000005,2190.74609375,-1,628210,3997.222902998671,1.1103396952774087,0.0011103396952774087,780220.5598819916,216.72793330055322,0.21672793330055323,0.5274113552567691,0.0005274113552567691,102.94576831776276,0.10294576831776275,475.0,79.36743487394956,112.131,75.905,79.94445805997343,476,10.0,64,64,1,True,240,sgd,multistep,32,100,0.0,False,1.0.0
p7-msdnet-cifar100-jointexit-s1,191,150144,2026-09-01T12:45:31Z,1788266731.4139667,local,0,local-1c8d861c2a,CB-410-122,msdnet,msdnet,cifar100,1,p7,jointexit,49fd74a2ab0863226c5a3e8c535afbf6dfbef29c39d0bda5aca7334f5d2e5d69,0.7448864003944397,0.9523514098167419,0.91392,0.7367,NA,0.9316,0.736381887661656,0.7367,0.7363818876616559,0.7399434707428513,0.7367,0.7399434707428514,0.7367,0.7367,0.7367,0.7367,0.734040404040404,0.7340815656668517,0.46614164113998413,1.0992120504379272,0.10616925017047418,0.7382852435112,0.7379,4,False,0.01685301698818805,0.0864688351750374,0.952355682849884,0.3644789457321167,0.7431689500808716,0.9570027589797974,0.7448864003944397,0.7448864003944397,NA,NA,NA,NA,NA,NA,NA,NA,NA,NA,NA,0.0005000000000000001,0.0005000000000000001,0.0005000000000000001,[0.0005],0.9,0.0005,3.559178369124527,7.8867692947387695,2.4077932834625244,3.54240620136261,4.191340351104736,4.504098424911499,0.3963900380266536,NA,0.0,51.44754409790039,0.35928645730018616,0.006983549236412412,65536.0,0,782,782,0,0,51.82077622413635,49.75568962097168,2.065086603164673,9989.49671292305,8.842700958251953,40.898380756378174,0.0,0.0,0.17777460106282908,0.0,0.0,63.607521374207316,66.23578071594238,71.19736671447752,82.85034179687499,83.69183540344238,1004.9101998362282,4842.411928233591,50000,9600000,2487.397258758545,54.98076923076923,90.0,3597.5390625,20475.0,30.634615384615383,65.48076923076923,68.0,78.83853846153846,111.772,2370.0,8551.0,4035.677104999821,0.0,34.3193359375,2498.0,630.58544921875,20474.5,1,8.338461538461539,24,23878.988055889422,64860.765625,36.80384615384615,2193.7265625,-1,628210,4052.243560499989,1.125623211249997,0.001125623211249997,784272.8034424916,217.85355651180322,0.21785355651180321,0.5346710253437484,0.0005346710253437485,103.48043934310651,0.10348043934310651,475.0,78.36525609756099,111.772,75.413,81.04487120999978,492,10.0,64,64,1,True,240,sgd,multistep,32,100,0.0,False,1.0.0
p7-msdnet-cifar100-jointexit-s1,192,150926,2026-09-01T12:46:23Z,1788266783.2984166,local,0,local-1c8d861c2a,CB-410-122,msdnet,msdnet,cifar100,1,p7,jointexit,49fd74a2ab0863226c5a3e8c535afbf6dfbef29c39d0bda5aca7334f5d2e5d69,0.738628415851593,0.9535943829536438,0.91632,0.7353,NA,0.9313,0.7347671512957901,0.7353,0.7347671512957901,0.7377163765212019,0.7353,0.7377163765212018,0.7353000000000002,0.7353,0.7353,0.7353000000000002,0.7326262626262626,0.7326634887977258,0.41786250472068787,1.0734648704528809,0.10412015057314987,0.7346985042095184,0.7379,5,False,0.021054818323254558,0.05526046817020702,0.9535988569259644,0.3641161322593689,0.7450317144393921,0.9514822363853455,0.738628415851593,0.738628415851593,NA,NA,NA,NA,NA,NA,NA,NA,NA,NA,NA,0.0005000000000000001,0.0005000000000000001,0.0005000000000000001,[0.0005],0.9,0.0005,3.5627567585167066,6.901927947998047,2.263546943664551,3.5380882024765015,4.187254858016967,4.486244416236875,0.39111133150339306,NA,0.0,51.42436981201172,0.3602140545845032,0.0070047344459700945,65536.0,0,782,782,0,0,51.80233836174011,49.75190353393555,2.0504348278045654,10041.29905128479,9.137211799621582,40.60374069213867,0.0,0.0,0.18369595558378563,0.0,0.0,63.607356127570654,66.1853551864624,71.41454219818115,82.55379676818848,84.34176445007324,1004.9866728394669,4877.014311499559,50000,9650000,2434.7099030017853,57.26923076923077,95.0,3597.5390625,20475.0,32.98076923076923,65.34615384615384,68.0,78.71951923076924,112.297,2370.0,8551.0,4036.378944000824,0.0,33.9267578125,2498.0,629.78173828125,20474.5,1,8.703846153846154,24,23876.54552283654,64860.765625,36.8,2191.30078125,-1,628210,4045.9539049997193,1.1238760847221443,0.0011238760847221442,788318.7573474913,218.97743259652538,0.21897743259652538,0.5338411402430184,0.0005338411402430184,104.01428048334952,0.10401428048334953,475.0,78.27609330628803,112.297,75.467,80.91907809999438,493,10.0,64,64,1,True,240,sgd,multistep,32,100,0.0,False,1.0.0
p7-msdnet-cifar100-jointexit-s1,193,151708,2026-09-01T12:47:15Z,1788266835.1510801,local,0,local-1c8d861c2a,CB-410-122,msdnet,msdnet,cifar100,1,p7,jointexit,49fd74a2ab0863226c5a3e8c535afbf6dfbef29c39d0bda5aca7334f5d2e5d69,0.7385343404769897,0.9541042564392089,0.91708,0.7357,NA,0.9314,0.7347373880532051,0.7357,0.7347373880532052,0.737045477255279,0.7357,0.737045477255279,0.7356999999999999,0.7357,0.7357,0.7356999999999999,0.733030303030303,0.7330654465859309,0.4362807273864746,1.1231310367584229,0.10317914369819066,0.7341048121452332,0.7379,6,False,0.015456159109622237,0.03800048258569505,0.9541027545928955,0.36373552680015564,0.7425441741943359,0.9604797959327698,0.7385343404769897,0.7385343404769897,NA,NA,NA,NA,NA,NA,NA,NA,NA,NA,NA,0.0005000000000000001,0.0005000000000000001,0.0005000000000000001,[0.0005],0.9,0.0005,3.5985688543502867,4.845033168792725,2.556701421737671,3.5871968269348145,4.236526012420654,4.44980869293213,0.37770779382643094,NA,0.0,51.401485443115234,0.35969215631484985,0.006997699642608818,65536.0,1,782,782,0,0,51.79218649864197,49.72514367103577,2.067042827606201,10093.091237783432,9.041894435882568,40.675129413604736,0.0,0.0,0.18186717015193601,0.0,0.0,63.576756840776596,66.09761714935303,73.23451042175293,82.49822139739987,87.86296844482422,1005.5275120124858,4837.829127895134,50000,9700000,2382.4405789375305,56.07692307692308,95.0,3597.5390625,20475.0,32.32692307692308,65.38461538461539,68.0,79.03584615384612,112.42,2370.0,8551.0,4057.25947900037,0.0,34.3193359375,2498.0,630.58544921875,20474.5,1,8.882692307692308,24,23889.385291466348,64860.765625,36.830769230769235,2198.49609375,-1,628210,4047.3423040003245,1.1242617511112012,0.0011242617511112013,792366.0996514916,220.10169434763657,0.22010169434763657,0.5340243317778206,0.0005340243317778206,104.54830481512735,0.10454830481512735,475.0,78.24037854251013,112.42,73.522,80.9468460800065,494,10.0,64,64,1,True,240,sgd,multistep,32,100,0.0,False,1.0.0
p7-msdnet-cifar100-jointexit-s1,194,152490,2026-09-01T12:48:06Z,1788266886.3859897,local,0,local-1c8d861c2a,CB-410-122,msdnet,msdnet,cifar100,1,p7,jointexit,49fd74a2ab0863226c5a3e8c535afbf6dfbef29c39d0bda5aca7334f5d2e5d69,0.7388546297454834,0.952148296546936,0.91572,0.7357,NA,0.9321,0.7358376471622222,0.7357,0.7358376471622222,0.7391385845288262,0.7357,0.7391385845288262,0.7357,0.7357,0.7357,0.7357,0.733030303030303,0.7330654539913424,0.49461111426353455,1.081459641456604,0.10216444745491719,0.7330664992332458,0.7379,7,False,0.017435316273570055,0.07541047803301743,0.952151358127594,0.36343225836753845,0.741897463798523,0.9662970900535583,0.7388546297454834,0.7388546297454834,NA,NA,NA,NA,NA,NA,NA,NA,NA,NA,NA,0.0005000000000000001,0.0005000000000000001,0.0005000000000000001,[0.0005],0.9,0.0005,3.616180202872439,4.812553882598877,2.607271671295166,3.6073293685913086,4.260458469390869,4.514120292663574,0.37277288090057875,NA,0.0,51.3785514831543,0.36049842834472656,0.007016515996230931,32768.0,1,782,782,0,0,51.18580079078674,49.13535165786743,2.0504491329193115,10144.277038574219,9.30448055267334,39.83033728599548,0.0,0.0,0.1893663386160102,0.0,0.0,62.83224787553558,66.10596179962158,72.59795665740965,82.99476623535155,87.54777908325195,1017.597275952214,4876.980286637287,50000,9750000,2303.3610355854034,55.98039215686274,91.0,3597.5390625,20475.0,31.15686274509804,65.23529411764706,68.0,78.69405882352942,112.42,2370.0,8551.0,3954.549177000277,0.0,33.9267578125,2498.0,629.78173828125,20474.5,1,8.964705882352941,24,23910.154105392157,64860.765625,36.88235294117647,2190.86328125,-1,628210,4008.4360594994705,1.1134544609720751,0.0011134544609720752,796374.5357109911,221.21514880860866,0.22121514880860865,0.5288908689617358,0.0005288908689617358,105.07719568408909,0.10507719568408909,475.0,78.51456352459017,112.42,75.476,80.16872118998941,488,10.0,64,64,1,True,240,sgd,multistep,32,100,0.0,False,1.0.0
p7-msdnet-cifar100-jointexit-s1,195,153272,2026-09-01T12:48:56Z,1788266936.614568,local,0,local-1c8d861c2a,CB-410-122,msdnet,msdnet,cifar100,1,p7,jointexit,49fd74a2ab0863226c5a3e8c535afbf6dfbef29c39d0bda5aca7334f5d2e5d69,0.7342994260787964,0.9561036248207092,0.91774,0.7355,NA,0.9321,0.7355814231831279,0.7355,0.7355814231831278,0.7387221666736152,0.7355,0.7387221666736156,0.7354999999999999,0.7355,0.7355,0.7354999999999999,0.7328282828282828,0.7328605071911685,0.3741907775402069,1.196962594985962,0.10523764288420098,0.7275645732879639,0.7379,8,False,0.01908639304190873,0.046110543524987224,0.956108808517456,0.36497992277145386,0.7443558573722839,0.9550158977508545,0.7342994260787964,0.7342994260787964,NA,NA,NA,NA,NA,NA,NA,NA,NA,NA,NA,0.0005000000000000001,0.0005000000000000001,0.0005000000000000001,[0.0005],0.9,0.0005,3.619390616026681,8.646777153015137,2.3087403774261475,3.6077260971069336,4.255787467956543,4.559603934288017,0.4225247717743051,NA,0.0,51.35588836669922,0.3622831702232361,0.007054364781627494,32768.0,0,782,782,0,0,50.152705669403076,48.0961127281189,2.0565929412841797,10194.429744243622,9.430671453475952,38.64911770820618,0.0,0.0,0.19614627305794968,0.0,0.0,61.48310634486206,66.02692604064941,69.31211948394775,82.10240364074707,83.82916450500488,1039.585055088413,4862.410931818034,50000,9800000,2206.7190494537354,58.86,93.0,3597.5390625,20475.0,33.3,65.56,68.0,79.69232000000001,111.876,2370.0,8551.0,3929.3744225009987,0.0,34.3193359375,2498.0,630.58544921875,20474.5,1,9.112,24,23895.517578125,64860.765625,36.814,2193.62890625,-1,628210,3979.8624990000035,1.1055173608333344,0.0011055173608333342,800354.3982099912,222.32066616944198,0.222320666169442,0.5251207463958337,0.0005251207463958337,105.60231643048493,0.10560231643048493,475.0,79.45699371069183,111.876,76.36,79.59724998000007,477,10.0,64,64,1,True,240,sgd,multistep,32,100,0.0,False,1.0.0
p7-msdnet-cifar100-jointexit-s1,196,154054,2026-09-01T12:49:46Z,1788266986.4147809,local,0,local-1c8d861c2a,CB-410-122,msdnet,msdnet,cifar100,1,p7,jointexit,49fd74a2ab0863226c5a3e8c535afbf6dfbef29c39d0bda5aca7334f5d2e5d69,0.7337644875717163,0.9527765232086182,0.91808,0.7366,NA,0.9315,0.7365840781854378,0.7366,0.7365840781854377,0.7392851963776813,0.7366,0.7392851963776814,0.7366000000000003,0.7366,0.7366,0.7366000000000003,0.7339393939393939,0.7339689757093929,0.43850332498550415,1.1304446458816528,0.10037557389646508,0.7246826589107513,0.7379,9,False,0.01763629701882603,0.065205879509449,0.9527740478515625,0.3640064597129822,0.7440144419670105,0.9563586711883545,0.7337644875717163,0.7337644875717163,NA,NA,NA,NA,NA,NA,NA,NA,NA,NA,NA,0.0005000000000000001,0.0005000000000000001,0.0005000000000000001,[0.0005],0.9,0.0005,3.6420480894005816,7.118856430053711,2.293189764022827,3.637012243270874,4.244583153724671,4.494590764045715,0.3858331706235582,NA,0.0,51.33314895629883,0.3621184527873993,0.00705428091106742,32768.0,0,782,782,0,0,49.73828077316284,47.667174339294434,2.070329189300537,10244.168025016785,8.972402095794678,38.68562436103821,0.0,0.0,0.1882663375480223,0.0,0.0,60.943767847612385,62.94810771942139,69.90272998809814,80.13219594955443,84.54370498657227,1048.9398772434158,4830.149742214913,50000,9850000,2138.746073246002,60.42,91.0,3597.5390625,20475.0,34.0,65.72,68.0,80.39372,112.153,2370.0,8551.0,3950.223240500293,0.0,33.9267578125,2498.0,629.78173828125,20474.5,1,8.94,24,23909.582578125,64860.765625,36.900000000000006,2193.875,-1,628210,3964.4451135006625,1.101234753750184,0.001101234753750184,804318.8433234919,223.4219009231922,0.2234219009231922,0.5230865080313374,0.0005230865080313373,106.12540293851626,0.10612540293851626,475.0,79.88634680851064,112.153,76.561,79.28890227001325,470,10.0,64,64,1,True,240,sgd,multistep,32,100,0.0,False,1.0.0
p7-msdnet-cifar100-jointexit-s1,197,154836,2026-09-01T12:50:35Z,1788267035.69173,local,0,local-1c8d861c2a,CB-410-122,msdnet,msdnet,cifar100,1,p7,jointexit,49fd74a2ab0863226c5a3e8c535afbf6dfbef29c39d0bda5aca7334f5d2e5d69,0.7309918374633789,0.9532614003181458,0.91794,0.7368,NA,0.9315,0.7361438508339669,0.7368,0.7361438508339672,0.738347092453954,0.7368,0.738347092453954,0.7367999999999999,0.7368,0.7368,0.7367999999999999,0.7341414141414142,0.734172086860442,0.4485902488231659,1.1820423603057861,0.10430041876740996,0.7267705798149109,0.7379,10,False,0.01782976089566945,0.05486506163404231,0.953260064125061,0.36307865381240845,0.7421079874038696,0.9658560752868652,0.7309918374633789,0.7309918374633789,NA,NA,NA,NA,NA,NA,NA,NA,NA,NA,NA,0.0005000000000000001,0.0005000000000000001,0.0005000000000000001,[0.0005],0.9,0.0005,3.65696759016352,4.691565990447998,2.568800687789917,3.6463911533355713,4.262659549713135,4.535283088684082,0.3645743093106827,NA,0.0,51.31047439575195,0.3665072023868561,0.007142931471652883,32768.0,1,782,782,0,0,49.21890711784363,47.168564796447754,2.050342321395874,10293.386932134628,8.8322913646698,38.326385259628296,0.0,0.0,0.18728878749152683,0.0,0.0,60.30521307455,62.601327896118164,70.19715309143066,80.51116943359364,84.47742462158203,1060.0280126344967,4877.23435040447,50000,9900000,2067.1940989494324,60.02040816326531,91.0,3617.7109375,20475.0,33.63265306122449,66.06122448979592,68.0,80.51685714285715,112.244,2370.0,8551.0,3884.66977150033,0.0,34.3193359375,2498.0,630.58544921875,20474.5,1,8.779591836734694,24,23967.246492346938,64860.765625,36.96734693877551,2193.62890625,-1,628209,3945.355448500415,1.095932069027893,0.0010959320690278932,808264.1987719922,224.51783299222006,0.22451783299222006,0.5205677327882492,0.0005205677327882492,106.64597067130451,0.1066459706713045,475.0,80.34558635394457,112.615,76.923,78.9071089700083,469,10.0,64,64,1,True,240,sgd,multistep,32,100,0.0,False,1.0.0
p7-msdnet-cifar100-jointexit-s1,198,155618,2026-09-01T12:51:25Z,1788267085.3762238,local,0,local-1c8d861c2a,CB-410-122,msdnet,msdnet,cifar100,1,p7,jointexit,49fd74a2ab0863226c5a3e8c535afbf6dfbef29c39d0bda5aca7334f5d2e5d69,0.7296114083480835,0.9534535555839538,0.91744,0.7335,NA,0.9336,0.7343204145463929,0.7335,0.734320414546393,0.7382897844789322,0.7335,0.7382897844789323,0.7335,0.7335,0.7335,0.7335,0.7308080808080808,0.7308423647631432,0.48754242062568665,1.3961398601531982,0.10423900853371929,0.7226434350013733,0.7379,11,False,0.019307099258154648,0.06441358181068602,0.9534621238708496,0.3649565279483795,0.7474649548530579,0.9416375756263733,0.7296114083480835,0.7296114083480835,NA,NA,NA,NA,NA,NA,NA,NA,NA,NA,NA,0.0005000000000000001,0.0005000000000000001,0.0005000000000000001,[0.0005],0.9,0.0005,3.685261627597272,11.601517677307129,2.5371878147125244,3.6545450687408447,4.28362853527069,4.623897123336789,0.4689701829117835,NA,0.0,51.28746795654297,0.36669161915779114,0.0071497313821087295,32768.0,0,782,782,0,0,49.61576247215271,47.55105495452881,2.0647075176239014,10343.002694606781,9.076773166656494,38.45524740219116,0.0,0.0,0.1909612311454183,0.0,0.0,60.78263499852642,63.30692768096924,70.42851448059082,82.02542304992674,87.27669715881348,1051.5013819948479,4843.301007354378,50000,9950000,2034.246261358261,58.0,93.0,3597.5390625,20475.0,32.10204081632653,66.16326530612245,68.0,79.9814081632653,112.615,2370.0,8551.0,3864.3983489997427,0.0,33.9267578125,2498.0,629.78173828125,20474.5,1,8.816326530612244,24,23972.247927295917,64860.765625,36.98367346938775,2193.62890625,-1,628209,3962.4509839994826,1.100680828888745,0.0011006808288887451,812226.6497559918,225.61851382110882,0.2256185138211088,0.5228233937221539,0.0005228233937221539,107.16879406502666,0.10716879406502666,475.0,79.97024576271188,112.615,76.397,79.24901967998966,472,10.0,64,64,1,True,240,sgd,multistep,32,100,0.0,False,1.0.0
p7-msdnet-cifar100-jointexit-s1,199,156400,2026-09-01T12:52:17Z,1788267137.605984,local,0,local-1c8d861c2a,CB-410-122,msdnet,msdnet,cifar100,1,p7,jointexit,49fd74a2ab0863226c5a3e8c535afbf6dfbef29c39d0bda5aca7334f5d2e5d69,0.7301403666687012,0.9601399136543274,0.9205,0.7341,NA,0.9316,0.7339550449218344,0.7341,0.7339550449218344,0.7371781002115718,0.7341,0.7371781002115719,0.7341000000000001,0.7341,0.7341,0.7341000000000001,0.7314141414141414,0.7314509439273804,0.49053066968917847,1.122849941253662,0.10437821654376046,0.7233957946300507,0.7379,12,False,0.019174853118509045,0.0471153511005698,0.9601384997367859,0.36622700095176697,0.743093729019165,0.961266279220581,0.7301403666687012,0.7301403666687012,NA,NA,NA,NA,NA,NA,NA,NA,NA,NA,NA,0.0005000000000000001,0.0005000000000000001,0.0005000000000000001,[0.0005],0.9,0.0005,3.691253564241902,7.907318115234375,2.647434711456299,3.6687017679214478,4.301641869544983,4.61639585971832,0.4140778329107248,NA,0.0,51.26457595825195,0.3692235052585602,0.007202312676091238,32768.0,0,782,782,0,0,52.18618297576904,50.122631311416626,2.063551664352417,10395.18887758255,9.889030933380127,40.216999530792236,0.0,0.0,0.19736209078568187,0.0,0.0,64.07420775469612,65.5677318572998,71.01225852966309,82.89806842803952,87.6462459564209,997.5533744297121,4846.013876341786,50000,10000000,2087.4473190307617,55.53846153846154,92.0,3597.5390625,20475.0,31.365384615384617,65.75,68.0,78.75982692307691,112.357,2370.0,8551.0,4027.3422179993127,0.0,34.3193359375,2498.0,630.58544921875,20474.5,1,8.348076923076924,24,23954.55378605769,64860.765625,36.90384615384616,2193.64453125,-1,628209,4080.580729999414,1.1334946472220595,0.0011334946472220594,816307.2304859912,226.7520084683309,0.2267520084683309,0.5384099574304783,0.0005384099574304782,107.70720402245713,0.10770720402245713,475.0,78.27589068825911,112.357,75.109,81.61161459998829,494,10.0,64,64,1,True,240,sgd,multistep,32,100,0.0,False,1.0.0
p7-msdnet-cifar100-jointexit-s1,200,157182,2026-09-01T12:53:09Z,1788267189.9489205,local,0,local-1c8d861c2a,CB-410-122,msdnet,msdnet,cifar100,1,p7,jointexit,49fd74a2ab0863226c5a3e8c535afbf6dfbef29c39d0bda5aca7334f5d2e5d69,0.7266233284187317,0.951393499469757,0.92216,0.7357,NA,0.933,0.7350468922583423,0.7357,0.7350468922583424,0.7370252349798657,0.7357,0.7370252349798656,0.7356999999999998,0.7357,0.7357,0.7356999999999998,0.7330303030303031,0.7330590187732902,0.4261910915374756,1.009582757949829,0.09828071898206041,0.7288911640644073,0.7379,13,False,0.01719338529109953,0.06028044174423375,0.9514005780220032,0.36253130435943604,0.7445744276046753,0.9554317593574524,0.7266233284187317,0.7266233284187317,NA,NA,NA,NA,NA,NA,NA,NA,NA,NA,NA,0.0005000000000000001,0.0005000000000000001,0.0005000000000000001,[0.0005],0.9,0.0005,3.6928751865513956,5.092269420623779,2.378537893295288,3.685347318649292,4.28931188583374,4.490699577331544,0.37537025257649426,NA,0.0,51.24197769165039,0.36804622411727905,0.007182514038236472,32768.0,1,782,782,0,0,52.237311124801636,50.18962860107422,2.047682523727417,10447.426188707352,9.313453197479248,40.86557602882385,0.0,0.0,0.1856044913797829,0.0,0.0,64.1675565553748,66.11526012420654,72.1668004989624,83.13717126846313,97.96762466430664,996.2217572363115,4883.5695397726495,50000,10050000,2037.2551338672638,56.07692307692308,92.0,3597.5390625,20475.0,31.096153846153847,65.61538461538461,69.0,78.2315,112.018,2370.0,8551.0,4010.3788520008275,0.0,33.9267578125,2498.0,629.78173828125,20474.5,1,8.715384615384615,24,23967.510892427883,64860.765625,36.94807692307693,2190.95703125,-1,628209,4071.0317805009354,1.13084216125026,0.0011308421612502598,820378.2622664921,227.88285062958116,0.22788285062958114,0.5371500265938733,0.0005371500265938734,108.24435404905101,0.10824435404905101,475.0,78.07928340080971,112.018,75.077,81.4206356100187,494,10.0,64,64,1,True,240,sgd,multistep,32,100,0.0,False,1.0.0
p7-msdnet-cifar100-jointexit-s1,201,157964,2026-09-01T12:54:01Z,1788267241.6840866,local,0,local-1c8d861c2a,CB-410-122,msdnet,msdnet,cifar100,1,p7,jointexit,49fd74a2ab0863226c5a3e8c535afbf6dfbef29c39d0bda5aca7334f5d2e5d69,0.7252650555992126,0.9532181615829468,0.92036,0.7394,NA,0.9327,0.7395503176466615,0.7394,0.7395503176466613,0.7426374451032021,0.7394,0.7426374451032022,0.7394,0.7394,0.7394,0.7394,0.7367676767676767,0.7367995458978669,0.4249567985534668,1.0755540132522583,0.10364712203225526,0.7225133776664734,0.7394,0,True,0.021915376508235926,0.07825214076042175,0.9532226324081421,0.3637256622314453,0.7431175708770752,0.9623655080795288,0.7252650555992126,0.7252650555992126,NA,NA,NA,NA,NA,NA,NA,NA,NA,NA,NA,0.0005000000000000001,0.0005000000000000001,0.0005000000000000001,[0.0005],0.9,0.0005,3.724124589844433,7.075728416442871,2.5191001892089844,3.716517925262451,4.3734050512313845,4.67862639904022,0.4046947610792799,NA,0.0,51.21961212158203,0.3704402446746826,0.007232390666984238,32768.0,0,782,782,0,0,51.66866493225098,49.61831045150757,2.050354480743408,10499.094853639603,9.216525316238403,40.38271903991699,0.0,0.0,0.18581987358633234,0.0,0.0,63.426143677948076,66.25282764434814,71.89092636108397,82.2102642059326,89.8444652557373,1007.692514013863,4877.205426631519,50000,10100000,1963.409267425537,55.86274509803921,92.0,3597.5390625,20475.0,31.333333333333332,65.52941176470588,68.0,78.31703921568628,110.06,2370.0,8551.0,3942.3919849995805,0.0,34.3193359375,2498.0,630.58544921875,20474.5,1,8.515686274509804,24,23957.08509497549,64860.765625,36.905882352941184,2193.68359375,-1,628209,4043.3367494992563,1.1231490970831268,0.0011231490970831268,824421.5990159914,229.0059997266643,0.2290059997266643,0.5334958211144852,0.0005334958211144853,108.77784987016551,0.1087778498701655,475.0,78.46882077393074,112.709,75.47,80.86673498998513,491,10.0,64,64,1,True,240,sgd,multistep,32,100,0.0,False,1.0.0
p7-msdnet-cifar100-jointexit-s1,202,158746,2026-09-01T12:54:52Z,1788267292.3506951,local,0,local-1c8d861c2a,CB-410-122,msdnet,msdnet,cifar100,1,p7,jointexit,49fd74a2ab0863226c5a3e8c535afbf6dfbef29c39d0bda5aca7334f5d2e5d69,0.7236226506423951,0.9593131413459778,0.92278,0.736,NA,0.9306,0.7359107011624002,0.736,0.7359107011624002,0.7389933779756308,0.736,0.7389933779756306,0.7359999999999998,0.736,0.736,0.7359999999999998,0.7333333333333334,0.7333678024300904,0.43908247351646423,1.0669543743133545,0.09624244048998636,0.7223290205001831,0.7394,1,False,0.01891179287433625,0.06975715857926412,0.9593149423599243,0.36431241035461426,0.7421154975891113,0.9703742265701294,0.7236226506423951,0.7236226506423951,NA,NA,NA,NA,NA,NA,NA,NA,NA,NA,NA,0.0005000000000000001,0.0005000000000000001,0.0005000000000000001,[0.0005],0.9,0.0005,3.749295297486093,9.423497200012207,2.517570734024048,3.7306958436965942,4.367259979248047,4.66030349254608,0.42533869302340277,NA,0.0,51.19723892211914,0.3719116747379303,0.007264291640876954,32768.0,0,782,782,0,0,50.4681339263916,48.41961097717285,2.04852294921875,10549.562987565994,8.963929891586304,39.438944578170776,0.0,0.0,0.185194164391768,0.0,0.0,61.89625891273283,64.60142135620117,71.85723781585693,82.9922318458557,83.89973640441895,1032.6394407334708,4881.566010189792,50000,10150000,1867.3209552764893,58.4,92.0,3597.5390625,20475.0,33.4,65.72,68.0,79.56197999999999,112.551,2370.0,8551.0,3921.266319999582,0.0,33.9267578125,2498.0,629.78173828125,20474.5,1,8.814,24,23975.32890625,64860.765625,36.994,2190.984375,-1,628209,3985.441817500303,1.107067171527862,0.001107067171527862,828407.0408334917,230.11306689819213,0.23011306689819214,0.5258569064757345,0.0005258569064757344,109.30370677664123,0.10930370677664124,475.0,79.12175259875261,112.622,74.62,79.70883635000605,481,10.0,64,64,1,True,240,sgd,multistep,32,100,0.0,False,1.0.0
p7-msdnet-cifar100-jointexit-s1,203,159528,2026-09-01T12:55:41Z,1788267341.879385,local,0,local-1c8d861c2a,CB-410-122,msdnet,msdnet,cifar100,1,p7,jointexit,49fd74a2ab0863226c5a3e8c535afbf6dfbef29c39d0bda5aca7334f5d2e5d69,0.7248186436843872,0.9526027039527893,0.92194,0.7369,NA,0.9324,0.7364437067706163,0.7369,0.7364437067706164,0.7384040803815891,0.7369,0.7384040803815892,0.7369,0.7369,0.7369,0.7369,0.7342424242424243,0.7342672562458928,0.45604565739631653,1.2252501249313354,0.10281942947360968,0.7220369875431061,0.7394,2,False,0.016961627846211188,0.04622432323006109,0.9526036977767944,0.3627778887748718,0.747312605381012,0.9446493983268738,0.7248186436843872,0.7248186436843872,NA,NA,NA,NA,NA,NA,NA,NA,NA,NA,NA,0.0005000000000000001,0.0005000000000000001,0.0005000000000000001,[0.0005],0.9,0.0005,3.7542155228564744,4.855316162109375,2.511883497238159,3.7666666507720947,4.420262336730957,4.669508647918702,0.39593166081815007,NA,0.0,51.17518615722656,0.3689330816268921,0.007209218164706065,32768.0,1,782,782,0,0,49.455464363098145,47.39588451385498,2.059579849243164,10599.018451929092,8.872257947921753,38.5169939994812,0.0,0.0,0.1872208904620191,0.0,0.0,60.60006642890403,62.993645668029785,69.94400024414061,80.20159482955928,83.17446708679199,1054.943915760951,4855.359214975186,50000,10200000,1780.3967170715332,59.02040816326531,92.0,3597.5390625,20475.0,33.16326530612245,66.28571428571429,69.0,80.61332653061226,112.622,2370.0,8551.0,3894.056298500758,0.0,34.3193359375,2498.0,630.58544921875,20474.5,1,8.67142857142857,24,23940.967394770407,64860.765625,36.906122448979595,2190.98828125,-1,628209,3959.707606998788,1.0999187797218855,0.0010999187797218854,832366.7484404905,231.21298567791402,0.231212985677914,0.5224614203678956,0.0005224614203678955,109.82616819700914,0.10982616819700913,475.0,80.23852866242038,112.622,76.818,79.19415213997576,471,10.0,64,64,1,True,240,sgd,multistep,32,100,0.0,False,1.0.0
p7-msdnet-cifar100-jointexit-s1,204,160310,2026-09-01T12:56:32Z,1788267392.2049196,local,0,local-1c8d861c2a,CB-410-122,msdnet,msdnet,cifar100,1,p7,jointexit,49fd74a2ab0863226c5a3e8c535afbf6dfbef29c39d0bda5aca7334f5d2e5d69,0.7190750804519653,0.9580710846900939,0.9236,0.7345,NA,0.9317,0.7347358899445734,0.7345,0.7347358899445736,0.7378636613124376,0.7345,0.7378636613124376,0.7345,0.7345,0.7345,0.7345,0.7318181818181818,0.7318505170189907,0.41165077686309814,1.0962553024291992,0.09882950469480106,0.7128408253192902,0.7394,3,False,0.01900022212713956,0.04705751005137504,0.9580665230751038,0.3652663826942444,0.747245728969574,0.9454231262207031,0.7190750804519653,0.7190750804519653,NA,NA,NA,NA,NA,NA,NA,NA,NA,NA,NA,0.0005000000000000001,0.0005000000000000001,0.0005000000000000001,[0.0005],0.9,0.0005,3.7554880679415925,9.642523765563965,2.664885997772217,3.7422958612442017,4.417830085754394,4.697943139076229,0.4386770605343895,NA,0.0,51.153072357177734,0.37225624918937683,0.007277299916417284,32768.0,0,782,782,0,0,50.26920533180237,48.20177173614502,2.0674335956573486,10649.287657260895,9.00059723854065,39.20117449760437,0.0,0.0,0.18672751881008928,0.0,0.0,61.63909429174555,65.91928005218506,69.18680667877197,82.45763063430786,87.07404136657715,1037.306269024683,4836.914724131907,50000,10250000,1759.4221866130829,58.98,94.0,3597.5390625,20475.0,33.6,66.3,69.0,80.11520000000002,112.206,2370.0,8551.0,3944.4739660003347,0.0,33.9267578125,2498.0,629.78173828125,20474.5,1,9.202,24,23935.354609375,64860.765625,36.900000000000006,2193.6953125,-1,628209,3997.430640999983,1.110397400277773,0.0011103974002777731,836364.1790814904,232.32338307819177,0.23232338307819178,0.5274387651319421,0.0005274387651319422,110.35360696214109,0.11035360696214108,475.0,79.61124267782427,112.732,76.501,79.94861281999967,478,10.0,64,64,1,True,240,sgd,multistep,32,100,0.0,False,1.0.0
p7-msdnet-cifar100-jointexit-s1,205,161092,2026-09-01T12:57:22Z,1788267442.0397182,local,0,local-1c8d861c2a,CB-410-122,msdnet,msdnet,cifar100,1,p7,jointexit,49fd74a2ab0863226c5a3e8c535afbf6dfbef29c39d0bda5aca7334f5d2e5d69,0.7192394394302368,0.9670968042373658,0.92184,0.7335,NA,0.9297,0.7329520928075145,0.7335,0.7329520928075145,0.7357231480160688,0.7335,0.7357231480160686,0.7334999999999998,0.7335,0.7335,0.7334999999999998,0.7308080808080808,0.7308433688448841,0.41302689909935,1.1421973705291748,0.09979879918941982,0.7152500748634338,0.7394,4,False,0.02122051234655084,0.06818925799256531,0.9670944213867188,0.36840516328811646,0.7432019114494324,0.9646289944648743,0.7192394394302368,0.7192394394302368,NA,NA,NA,NA,NA,NA,NA,NA,NA,NA,NA,0.0005000000000000001,0.0005000000000000001,0.0005000000000000001,[0.0005],0.9,0.0005,3.7857307436521097,10.932463645935059,2.4309496879577637,3.7684974670410156,4.401289224624634,4.675449361801143,0.4594201198839976,NA,0.0,51.131046295166016,0.37737560272216797,0.007380557020947281,32768.0,0,782,782,0,0,49.76983833312988,47.71869874000549,2.0511395931243896,10699.057495594025,9.374166488647461,38.3307991027832,0.0,0.0,0.19650295042517252,0.0,0.0,61.0037923164075,63.0955696105957,69.96235847473145,79.2078161239624,83.45675468444824,1047.8072814270174,4875.338584229435,50000,10300000,1692.174503326416,59.6,94.0,3597.5390625,20475.0,34.18,66.32,69.0,80.55641999999999,112.732,2370.0,8551.0,3959.1728209990615,0.0,34.3193359375,2498.0,630.58544921875,20474.5,1,9.018,24,23947.791484375,64860.765625,36.900000000000006,2193.94921875,-1,628208,3982.912344000031,1.1063645400000086,0.0011063645400000088,840347.0914254904,233.42974761819178,0.2334297476181918,0.5255231565000041,0.0005255231565000041,110.87913011864109,0.11087913011864109,475.0,80.08451380042462,112.732,75.88,79.65824688000063,471,10.0,64,64,1,True,240,sgd,multistep,32,100,0.0,False,1.0.0
p7-msdnet-cifar100-jointexit-s1,206,161874,2026-09-01T12:58:13Z,1788267493.1741772,local,0,local-1c8d861c2a,CB-410-122,msdnet,msdnet,cifar100,1,p7,jointexit,49fd74a2ab0863226c5a3e8c535afbf6dfbef29c39d0bda5aca7334f5d2e5d69,0.7181281025123596,0.958753265953064,0.92482,0.7345,NA,0.9311,0.7345105012624475,0.7345,0.7345105012624474,0.7380280670419755,0.7345,0.7380280670419757,0.7345,0.7345,0.7345,0.7345,0.7318181818181818,0.7318549455157503,0.4513506591320038,1.0615743398666382,0.09775512601803313,0.7138216197490692,0.7394,5,False,0.019116907473653546,0.03987632685295811,0.9587559700012207,0.365435391664505,0.7462636828422546,0.9505927562713623,0.7181281025123596,0.7181281025123596,NA,NA,NA,NA,NA,NA,NA,NA,NA,NA,NA,0.0005000000000000001,0.0005000000000000001,0.0005000000000000001,[0.0005],0.9,0.0005,3.7998923609018935,6.751248359680176,2.7120306491851807,3.7843363285064697,4.442351770401001,4.748826656341552,0.39582968025847204,NA,0.0,51.108943939208984,0.373988538980484,0.007317477336751878,65536.0,0,782,782,0,0,51.085665225982666,49.04393792152405,2.041727304458618,10750.143160820007,9.599140405654907,39.426711082458496,0.0,0.0,0.19579752547454016,0.0,0.0,62.692904716257544,64.73076343536377,74.9267578125,92.64336109161331,103.81817817687988,1019.4939908782562,4897.813717905677,50000,10350000,1685.826952457428,57.588235294117645,95.0,3597.5390625,20475.0,32.76470588235294,66.45098039215686,69.0,79.23505882352941,112.909,2370.0,8551.0,3987.4876760000902,0.0,33.9267578125,2498.0,629.78173828125,20474.5,1,11.549019607843137,24,23943.641390931374,64860.765625,36.90196078431374,2190.98828125,-1,628208,4029.2413465010454,1.1192337073614016,0.0011192337073614015,844376.3327719915,234.5489813255532,0.23454898132555319,0.5316360109966657,0.0005316360109966656,111.41076612963775,0.11141076612963775,475.0,78.93127983539094,112.909,69.999,80.58482693002091,486,10.0,64,64,1,True,240,sgd,multistep,32,100,0.0,False,1.0.0
p7-msdnet-cifar100-jointexit-s1,207,162656,2026-09-01T12:59:05Z,1788267545.080096,local,0,local-1c8d861c2a,CB-410-122,msdnet,msdnet,cifar100,1,p7,jointexit,49fd74a2ab0863226c5a3e8c535afbf6dfbef29c39d0bda5aca7334f5d2e5d69,0.7181012511444091,0.9572794642448426,0.9248,0.7354,NA,0.9319,0.7347398729637524,0.7354,0.7347398729637525,0.736997572287211,0.7354,0.736997572287211,0.7353999999999999,0.7354,0.7354,0.7353999999999999,0.7327272727272727,0.7327589152727292,0.4773879051208496,1.2034741640090942,0.0973728924417123,0.7098111808300018,0.7394,6,False,0.01939921834319829,0.06656777858734131,0.9572793245315552,0.3643501102924347,0.7468833923339844,0.9479941129684448,0.7181012511444091,0.7181012511444091,NA,NA,NA,NA,NA,NA,NA,NA,NA,NA,NA,0.0005000000000000001,0.0005000000000000001,0.0005000000000000001,[0.0005],0.9,0.0005,3.8022855796520902,4.988526344299316,2.633945941925049,3.7988905906677246,4.459323883056641,4.788007354736329,0.38707253139401154,NA,0.0,51.087154388427734,0.3735281825065613,0.007311587168596983,32768.0,1,782,782,0,0,51.84765601158142,49.79225754737854,2.055398464202881,10801.990816831589,8.79847502708435,40.98585295677185,0.0,0.0,0.1767318227121088,0.0,0.0,63.662823508767524,66.22707843780518,73.24707508087158,82.58739471435545,86.1208438873291,1004.1721838465305,4865.236679972987,50000,10400000,1659.1249923706055,57.42307692307692,95.0,3597.5390625,20475.0,33.0,66.11538461538461,69.0,78.96998076923076,112.872,2370.0,8551.0,4053.6384089999437,0.0,34.3193359375,2498.0,630.58544921875,20474.5,1,8.742307692307692,24,23951.90857872596,64860.765625,36.90576923076924,2193.70703125,-1,628208,4064.907097499182,1.1291408604164395,0.0011291408604164393,848441.2398694907,235.67812218596964,0.23567812218596965,0.5363419086978087,0.0005363419086978087,111.94710803833556,0.11194710803833556,475.0,78.47488484848483,112.872,75.338,81.29814194998363,495,10.0,64,64,1,True,240,sgd,multistep,32,100,0.0,False,1.0.0
p7-msdnet-cifar100-jointexit-s1,208,163438,2026-09-01T12:59:57Z,1788267597.096753,local,0,local-1c8d861c2a,CB-410-122,msdnet,msdnet,cifar100,1,p7,jointexit,49fd74a2ab0863226c5a3e8c535afbf6dfbef29c39d0bda5aca7334f5d2e5d69,0.7146049316978454,0.9631847401618957,0.9251,0.7338,NA,0.9301,0.7343911057434239,0.7338,0.7343911057434238,0.7385393357565446,0.7338,0.7385393357565446,0.7338,0.7338,0.7338,0.7338,0.731111111111111,0.7311502767047244,0.4540107846260071,1.0827275514602661,0.10127810459173744,0.7060864269733429,0.7394,7,False,0.017719833489507453,0.04182445802310908,0.9631881713867188,0.3670377731323242,0.7441105246543884,0.9600763916969299,0.7146049316978454,0.7146049316978454,NA,NA,NA,NA,NA,NA,NA,NA,NA,NA,NA,0.0005000000000000001,0.0005000000000000001,0.0005000000000000001,[0.0005],0.9,0.0005,3.821240349193973,7.679079532623291,2.6086196899414062,3.79890775680542,4.482054042816162,4.819635686874389,0.42062007675438107,NA,0.0,51.06511688232422,0.37653228640556335,0.0073735714200606674,32768.0,0,782,782,0,0,51.93822455406189,49.867512941360474,2.070711612701416,10853.92904138565,8.934355020523071,40.92206311225891,0.0,0.0,0.17920170271214259,0.0,0.0,63.75501039997695,64.73779678344727,71.08457088470459,82.65756607055661,86.0130786895752,1002.6567809546732,4829.257699943145,50000,10450000,1610.0849611759186,58.28846153846154,91.0,3597.5390625,20475.0,33.48076923076923,65.90384615384616,68.0,78.71796153846154,112.031,2370.0,8551.0,4034.0412679993656,0.0,33.9267578125,2498.0,629.78173828125,20474.5,1,8.561538461538461,24,23955.5048828125,64860.765625,36.90192307692309,2193.95703125,-1,628208,4055.140978499713,1.1264280495832537,0.0011264280495832536,852496.3808479904,236.80455023555288,0.23680455023555289,0.5350533235520455,0.0005350533235520455,112.4821613618876,0.1124821613618876,475.0,78.29488211382113,112.031,75.111,81.10281956999427,492,10.0,64,64,1,True,240,sgd,multistep,32,100,0.0,False,1.0.0
p7-msdnet-cifar100-jointexit-s1,209,164220,2026-09-01T13:00:49Z,1788267649.0637655,local,0,local-1c8d861c2a,CB-410-122,msdnet,msdnet,cifar100,1,p7,jointexit,49fd74a2ab0863226c5a3e8c535afbf6dfbef29c39d0bda5aca7334f5d2e5d69,0.7153381370544434,0.9620595643043518,0.92416,0.7347,NA,0.9311,0.7345639064695568,0.7347,0.7345639064695567,0.7377695723583945,0.7347,0.7377695723583945,0.7347000000000001,0.7347,0.7347,0.7347000000000001,0.732020202020202,0.732057205119581,0.47301116585731506,1.0147689580917358,0.09836048558332716,0.713352769613266,0.7394,8,False,0.018698135532438754,0.05042308427599579,0.9620596766471863,0.3660767078399658,0.7451246976852417,0.9540573954582214,0.7153381370544434,0.7153381370544434,NA,NA,NA,NA,NA,NA,NA,NA,NA,NA,NA,5.0000000000000016e-05,5.0000000000000016e-05,5.0000000000000016e-05,[5e-05],0.9,0.0005,3.848580795480772,7.575160980224609,2.625688076019287,3.829995274543762,4.499060082435608,4.815143756866454,0.41625563875345606,NA,0.0,51.04347229003906,0.3791024088859558,0.007427049765184885,32768.0,0,782,782,0,0,51.91601204872131,49.851866483688354,2.064145565032959,10905.845053434372,9.406358480453491,40.42405557632446,0.0,0.0,0.18876741561359822,0.0,0.0,63.72175710585416,65.92392921447754,71.20845317840576,81.8092107772827,85.39748191833496,1002.9714738235551,4844.6195701514525,50000,10500000,1557.4803614616394,56.98076923076923,92.0,3597.5390625,20475.0,32.71153846153846,65.6923076923077,68.0,78.74688461538462,112.645,2370.0,8551.0,4032.8306695003644,0.0,34.3193359375,2498.0,630.58544921875,20474.5,1,8.359615384615385,24,23972.38762019231,64860.765625,36.99423076923077,2193.72265625,-1,628208,4058.295647500241,1.1273043465278447,0.0011273043465278448,856554.6764954906,237.93185458208072,0.23793185458208072,0.5354695646007264,0.0005354695646007263,113.01763092648832,0.11301763092648832,475.0,78.3222987804878,112.645,75.547,81.16591295000482,492,10.0,64,64,1,True,240,sgd,multistep,32,100,0.0,False,1.0.0
p7-msdnet-cifar100-jointexit-s1,210,165002,2026-09-01T13:01:39Z,1788267699.1820736,local,0,local-1c8d861c2a,CB-410-122,msdnet,msdnet,cifar100,1,p7,jointexit,49fd74a2ab0863226c5a3e8c535afbf6dfbef29c39d0bda5aca7334f5d2e5d69,0.7056014991950988,0.9545611107826233,0.9301,0.7355,NA,0.9316,0.7354917760224237,0.7355,0.7354917760224237,0.7382761780035202,0.7355,0.73827617800352,0.7354999999999999,0.7355,0.7355,0.7354999999999999,0.7328282828282828,0.7328579382656741,0.4986252188682556,1.1030664443969727,0.09849580778377885,0.6980876326560974,0.7394,9,False,0.01898219075687232,0.0599270723760128,0.9545658230781555,0.3639167547225952,0.7452576160430908,0.9550076127052307,0.7056014991950988,0.7056014991950988,NA,NA,NA,NA,NA,NA,NA,NA,NA,NA,NA,5.0000000000000016e-05,5.0000000000000016e-05,5.0000000000000016e-05,[5e-05],0.9,0.0005,3.7822864869671404,7.065404415130615,2.732395887374878,3.7836719751358032,4.407798409461974,4.714174799919128,0.3897005126285039,NA,0.0,51.04106903076172,0.05432993173599243,0.0010644356156264785,65536.0,0,782,782,0,0,50.047446966171265,47.99704122543335,2.050405740737915,10955.892500400543,8.913824319839478,39.067036151885986,0.0,0.0,0.18577875078110126,0.0,0.0,61.356599068702636,63.92085552215576,70.71444988250731,80.87654829025266,87.02445030212402,1041.7308801423637,4877.0834968502995,50000,10550000,1451.3759620189667,60.0,92.0,3597.5390625,20475.0,34.24,66.22,69.0,80.04571999999999,112.36,2370.0,8551.0,3944.349956999267,0.0,33.9267578125,2498.0,629.78173828125,20474.5,1,8.588,24,23933.899140625,64860.765625,36.90200000000001,2191.0234375,-1,628208,3980.4637664996176,1.1056843795832272,0.001105684379583227,860535.1402619903,239.03753896166396,0.23903753896166396,0.5252000803020328,0.0005252000803020328,113.54283100679035,0.11354283100679036,475.0,79.70596234309625,112.854,75.474,79.60927532999234,478,10.0,64,64,1,True,240,sgd,multistep,32,100,0.0,False,1.0.0
p7-msdnet-cifar100-jointexit-s1,211,165784,2026-09-01T13:02:28Z,1788267748.5175273,local,0,local-1c8d861c2a,CB-410-122,msdnet,msdnet,cifar100,1,p7,jointexit,49fd74a2ab0863226c5a3e8c535afbf6dfbef29c39d0bda5aca7334f5d2e5d69,0.7055763455200196,0.9594583714485169,0.9293,0.7333,NA,0.9318,0.7333026685184598,0.7333,0.7333026685184598,0.7366864119005827,0.7333,0.7366864119005825,0.7332999999999998,0.7333,0.7333,0.7332999999999998,0.7306060606060606,0.7306429036498745,0.45232927799224854,1.123314380645752,0.09854633077403777,0.6962180435657501,0.7394,10,False,0.018749899780005207,0.06299487501382828,0.9594619274139404,0.36490973830223083,0.745691180229187,0.9562105536460876,0.7055763455200196,0.7055763455200196,NA,NA,NA,NA,NA,NA,NA,NA,NA,NA,NA,5.0000000000000016e-05,5.0000000000000016e-05,5.0000000000000016e-05,[5e-05],0.9,0.0005,3.807018459910322,8.049315452575684,2.7198984622955322,3.7957125902175903,4.482123565673827,4.819711222648619,0.4230843942659451,NA,0.0,51.03863525390625,0.04674752056598663,0.0009159241882826169,65536.0,0,782,782,0,0,49.281489610672,47.21423673629761,2.0672528743743896,11005.173990011215,8.823233127593994,38.38035273551941,0.0,0.0,0.1869187047183377,0.0,0.0,60.36264176868722,62.479376792907715,70.51596641540527,82.0487189292907,85.30807495117188,1059.002611421244,4837.3375719824735,50000,10600000,1379.881709098816,59.83673469387755,92.0,3597.5390625,20475.0,33.816326530612244,66.55102040816327,69.0,80.55879591836734,112.854,2370.0,8551.0,3886.6082970000507,0.0,34.3193359375,2498.0,630.58544921875,20474.5,1,8.716326530612244,24,23952.78874362245,64860.765625,36.900000000000006,2193.73046875,-1,628208,3961.7385110002156,1.100482919722282,0.0011004829197222821,864496.8787729904,240.13802188138624,0.24013802188138622,0.522729386868084,0.000522729386868084,114.06556039365843,0.11406556039365844,475.0,80.48000425531913,112.982,77.607,79.23477022000432,470,10.0,64,64,1,True,240,sgd,multistep,32,100,0.0,False,1.0.0
p7-msdnet-cifar100-jointexit-s1,212,166566,2026-09-01T13:03:18Z,1788267798.097906,local,0,local-1c8d861c2a,CB-410-122,msdnet,msdnet,cifar100,1,p7,jointexit,49fd74a2ab0863226c5a3e8c535afbf6dfbef29c39d0bda5aca7334f5d2e5d69,0.7017442110824585,0.9559109804153443,0.93074,0.7357,NA,0.9308,0.7350891550228592,0.7357,0.7350891550228591,0.7378199537244065,0.7357,0.7378199537244063,0.7357,0.7357,0.7357,0.7357,0.733030303030303,0.7330656613429588,0.45337605476379395,1.0904541015625,0.09328656379648954,0.7001055181026459,0.7394,11,False,0.01824837448075413,0.06603602319955826,0.9559119343757629,0.3644143044948578,0.7478535771369934,0.9445480704307556,0.7017442110824585,0.7017442110824585,NA,NA,NA,NA,NA,NA,NA,NA,NA,NA,NA,5.0000000000000016e-05,5.0000000000000016e-05,5.0000000000000016e-05,[5e-05],0.9,0.0005,3.7873742476753565,9.484360694885254,2.7088427543640137,3.77291476726532,4.432724428176879,4.746120657920833,0.43174711171191293,NA,0.0,51.036251068115234,0.04370340332388878,0.0008563207996128142,65536.0,0,782,782,0,0,49.51836156845093,47.45594072341919,2.0624208450317383,11054.692351579666,8.763936996459961,38.682690143585205,0.0,0.0,0.18471148582578928,0.0,0.0,60.67343624046696,63.06612491607666,70.41935920715332,79.92546796798699,84.19466018676758,1053.6088683060357,4848.670931584825,50000,10650000,1336.995762348175,58.55102040816327,94.0,3597.5390625,20475.0,32.46938775510204,66.57142857142857,69.0,80.11722448979592,112.469,2370.0,8551.0,3866.096574000064,0.0,33.9267578125,2498.0,629.78173828125,20474.5,1,8.759183673469387,24,23954.195471938776,64860.765625,36.900000000000006,2193.7421875,-1,628208,3961.9947680014166,1.1005541022226157,0.0011005541022226157,868458.8735409918,241.23857598360883,0.24123857598360884,0.5227631985557425,0.0005227631985557425,114.58832359221417,0.11458832359221417,475.0,80.1538266384778,112.751,76.666,79.23989536002833,473,10.0,64,64,1,True,240,sgd,multistep,32,100,0.0,False,1.0.0
p7-msdnet-cifar100-jointexit-s1,213,167348,2026-09-01T13:04:07Z,1788267847.8186407,local,0,local-1c8d861c2a,CB-410-122,msdnet,msdnet,cifar100,1,p7,jointexit,49fd74a2ab0863226c5a3e8c535afbf6dfbef29c39d0bda5aca7334f5d2e5d69,0.701973071269989,0.9550631228446961,0.9299,0.7364,NA,0.931,0.7359766162610175,0.7364,0.7359766162610175,0.7384241097282639,0.7364,0.7384241097282638,0.7364,0.7364,0.7364,0.7364,0.7337373737373738,0.7337688152929641,0.444824755191803,1.072601556777954,0.09405141364321412,0.6971660256385803,0.7394,12,False,0.021524034934118405,0.06020389515090274,0.9550666809082031,0.3637036979198456,0.7484599351882935,0.9411585927009583,0.701973071269989,0.701973071269989,NA,NA,NA,NA,NA,NA,NA,NA,NA,NA,NA,5.0000000000000016e-05,5.0000000000000016e-05,5.0000000000000016e-05,[5e-05],0.9,0.0005,3.7845951939972355,5.292795181274414,2.7789547443389893,3.790482521057129,4.442156791687012,4.703181934356691,0.38504602794113896,NA,0.0,51.03384780883789,0.043170761317014694,0.0008459240909821915,65536.0,1,782,782,0,0,49.68298673629761,47.625693559646606,2.057293176651001,11104.375338315964,8.500244379043579,39.12544918060303,0.0,0.0,0.17848022241183406,0.0,0.0,60.902421431773156,63.76063823699951,69.54164505004883,82.41859197616577,84.4120979309082,1049.8534774591744,4860.755926036107,50000,10700000,1291.7576551437378,59.62,92.0,3597.5390625,20475.0,34.16,66.4,69.0,80.66680000000001,112.751,2370.0,8551.0,3973.3557425002696,0.0,34.3193359375,2498.0,630.58544921875,20474.5,1,8.76,24,23953.192109375,64860.765625,36.900000000000006,2194.9140625,-1,628207,3971.811852499889,1.103281070138858,0.001103281070138858,872430.6853934916,242.34185705374767,0.24234185705374767,0.5240585083159576,0.0005240585083159576,115.11238210053013,0.11511238210053013,475.0,80.08729598308669,112.751,76.473,79.43623704999777,473,10.0,64,64,1,True,240,sgd,multistep,32,100,0.0,False,1.0.0
p7-msdnet-cifar100-jointexit-s1,214,168130,2026-09-01T13:04:59Z,1788267899.2913544,local,0,local-1c8d861c2a,CB-410-122,msdnet,msdnet,cifar100,1,p7,jointexit,49fd74a2ab0863226c5a3e8c535afbf6dfbef29c39d0bda5aca7334f5d2e5d69,0.699494003200531,0.9552055171966553,0.9345,0.7343,NA,0.9311,0.7340271027584042,0.7343,0.7340271027584042,0.7364957754954594,0.7343,0.7364957754954595,0.7343000000000001,0.7343,0.7343,0.7343000000000001,0.7316161616161616,0.7316467140471622,0.40535447001457214,1.0913692712783813,0.09965213179374569,0.6922816336154938,0.7394,13,False,0.020551515719294533,0.05913108414497925,0.9552021622657776,0.3639677166938782,0.7473694086074829,0.9492529034614563,0.699494003200531,0.699494003200531,NA,NA,NA,NA,NA,NA,NA,NA,NA,NA,NA,5.0000000000000016e-05,5.0000000000000016e-05,5.0000000000000016e-05,[5e-05],0.9,0.0005,3.773608814724876,8.352472305297852,2.2375218868255615,3.7543182373046875,4.423820066452026,4.772055315971374,0.4308272364106479,NA,0.0,51.03147888183594,0.04260949790477753,0.0008349649831516814,65536.0,0,782,782,0,0,51.38630747795105,49.33116936683655,2.055138111114502,11155.761645793915,9.60821008682251,39.7115159034729,0.0,0.0,0.1948147499585279,0.0,0.0,63.06870331239822,63.60483169555664,71.01609706878662,81.41486167907712,85.55364608764648,1013.5579724086792,4865.853027550054,50000,10750000,1284.6576869487762,57.01960784313726,92.0,3597.5390625,20475.0,32.01960784313726,66.15686274509804,69.0,78.75201960784314,112.158,2370.0,8551.0,3950.924153000218,0.0,33.9267578125,2498.0,629.78173828125,20474.5,1,9.468627450980392,24,23982.16046262255,64860.765625,36.99411764705882,2193.86328125,-1,628207,4039.298416500028,1.1220273379166745,0.0011220273379166745,876469.9838099916,243.46388439166435,0.24346388439166433,0.5329629855104203,0.0005329629855104203,115.64534508604055,0.11564534508604055,475.0,78.71182716049384,112.516,74.836,80.78596833000056,486,10.0,64,64,1,True,240,sgd,multistep,32,100,0.0,False,1.0.0
p7-msdnet-cifar100-jointexit-s1,215,168912,2026-09-01T13:05:50Z,1788267950.8414452,local,0,local-1c8d861c2a,CB-410-122,msdnet,msdnet,cifar100,1,p7,jointexit,49fd74a2ab0863226c5a3e8c535afbf6dfbef29c39d0bda5aca7334f5d2e5d69,0.7000634930229187,0.9562819120407104,0.93196,0.735,NA,0.9323,0.7347977097804542,0.735,0.7347977097804542,0.7374997501004806,0.735,0.7374997501004805,0.735,0.735,0.735,0.735,0.7323232323232323,0.7323551311525345,0.46291348338127136,1.0237098932266235,0.09335894127645633,0.6973158717155457,0.7394,14,False,0.019277254197746514,0.0629081279039383,0.9562810659408569,0.3645353615283966,0.7460151314735413,0.9575287103652954,0.7000634930229187,0.7000634930229187,NA,NA,NA,NA,NA,NA,NA,NA,NA,NA,NA,5.0000000000000016e-05,5.0000000000000016e-05,5.0000000000000016e-05,[5e-05],0.9,0.0005,3.789582838932775,5.331112384796143,2.6670734882354736,3.778611421585083,4.457508563995361,4.7710065841674805,0.3893113432483632,NA,0.0,51.02910614013672,0.04228971153497696,0.0008287370627037923,32768.0,1,782,782,0,0,51.4911572933197,49.439767599105835,2.051389694213867,11207.252803087234,9.112847089767456,40.30431079864502,0.0,0.0,0.18440653973554944,0.0,0.0,63.19329653249677,66.04182720184326,71.32644653320312,82.88486957550047,88.08016777038574,1011.3316147728877,4874.744193268552,50000,10800000,1235.7877750396729,57.07843137254902,92.0,3597.5390625,20475.0,32.05882352941177,65.82352941176471,68.0,78.94317647058824,112.058,2370.0,8551.0,3970.7548904996597,0.0,34.3193359375,2498.0,630.58544921875,20474.5,1,8.749019607843136,24,23974.517769607843,64860.765625,36.9921568627451,2191.796875,-1,628207,4040.024495500549,1.1222290265279302,0.0011222290265279302,880510.0083054922,244.5861134181923,0.24458611341819228,0.5330587876007669,0.0005330587876007668,116.17840387364132,0.11617840387364131,475.0,78.61188957055215,112.544,75.617,80.80048991001098,489,10.0,64,64,1,True,240,sgd,multistep,32,100,0.0,False,1.0.0
p7-msdnet-cifar100-jointexit-s1,216,169694,2026-09-01T13:06:42Z,1788268002.0765634,local,0,local-1c8d861c2a,CB-410-122,msdnet,msdnet,cifar100,1,p7,jointexit,49fd74a2ab0863226c5a3e8c535afbf6dfbef29c39d0bda5aca7334f5d2e5d69,0.6999157789039612,0.9562456329345703,0.93158,0.7334,NA,0.9323,0.7335591281827657,0.7334,0.7335591281827657,0.7369096553058166,0.7334,0.7369096553058168,0.7333999999999999,0.7334,0.7334,0.7333999999999999,0.7307070707070706,0.7307429148952177,0.43864816427230835,1.008164644241333,0.09662467916833513,0.6926194131374359,0.7394,15,False,0.01893641360551119,0.06469924747943878,0.9562410116195679,0.36504507064819336,0.7459446787834167,0.9524173736572266,0.6999157789039612,0.6999157789039612,NA,NA,NA,NA,NA,NA,NA,NA,NA,NA,NA,5.0000000000000016e-05,5.0000000000000016e-05,5.0000000000000016e-05,[5e-05],0.9,0.0005,3.7930072664909655,8.524361610412598,2.6111812591552734,3.770470380783081,4.436277866363525,4.738113374710083,0.4296408105901913,NA,0.0,51.02671432495117,0.04219536855816841,0.0008269270149251137,32768.0,0,782,782,0,0,51.20185661315918,49.14347243309021,2.0583841800689697,11258.454659700394,8.787779569625854,40.339221715927124,0.0,0.0,0.17887881083045304,0.0,0.0,62.82225228331583,65.72818756103516,72.63987064361572,82.4344754219055,84.26547050476074,1017.4291218040396,4858.179584175065,50000,10850000,1177.6427021026611,58.450980392156865,92.0,3597.5390625,20475.0,33.529411764705884,65.66666666666667,68.0,79.37625490196079,112.544,2370.0,8551.0,3992.809866499916,0.0,33.9267578125,2498.0,629.78173828125,20474.5,1,8.601960784313727,24,23971.339920343136,64860.765625,36.9843137254902,2194.5078125,-1,628207,4033.1144814993004,1.12030957819425,0.0011203095781942502,884543.1227869915,245.70642299638655,0.24570642299638654,0.5321470496422688,0.0005321470496422688,116.71055092328359,0.11671055092328358,475.0,78.8341683778234,112.544,75.585,80.662289629986,487,10.0,64,64,1,True,240,sgd,multistep,32,100,0.0,False,1.0.0
p7-msdnet-cifar100-jointexit-s1,217,170476,2026-09-01T13:07:33Z,1788268053.9925027,local,0,local-1c8d861c2a,CB-410-122,msdnet,msdnet,cifar100,1,p7,jointexit,49fd74a2ab0863226c5a3e8c535afbf6dfbef29c39d0bda5aca7334f5d2e5d69,0.7000445369148255,0.9553655519485473,0.93286,0.735,NA,0.9301,0.7349577661960934,0.735,0.7349577661960931,0.7378255714220542,0.735,0.7378255714220542,0.7350000000000001,0.735,0.735,0.7350000000000001,0.7323232323232323,0.7323545540958752,0.45658931136131287,1.1096906661987305,0.09741610808445086,0.6982353329658508,0.7394,16,False,0.02039898619502785,0.048701629304815974,0.9553655385971069,0.3644920885562897,0.748406171798706,0.9422686696052551,0.7000445369148255,0.7000445369148255,NA,NA,NA,NA,NA,NA,NA,NA,NA,NA,NA,5.0000000000000016e-05,5.0000000000000016e-05,5.0000000000000016e-05,[5e-05],0.9,0.0005,3.8005185465678535,8.53101921081543,2.637362003326416,3.797325849533081,4.471630048751831,4.712268128395078,0.43083708243963004,NA,0.0,51.02433776855469,0.04183441773056984,0.0008198914392643344,32768.0,0,782,782,0,0,51.84568405151367,49.79717755317688,2.048506498336792,11310.300343751907,9.574945449829102,40.20176815986633,0.0,0.0,0.1923579271405356,0.0,0.0,63.653086457411035,66.46406650543213,69.79212760925292,83.25181245803833,86.85541152954102,1004.0729707342657,4881.60521244093,50000,10900000,1140.6050491333008,57.26923076923077,92.0,3597.5390625,20475.0,32.94230769230769,65.59615384615384,68.0,78.80082692307693,111.818,2370.0,8551.0,4043.2737979997396,0.0,34.3193359375,2498.0,630.58544921875,20474.5,1,8.673076923076923,24,23949.547626201922,64860.765625,36.90384615384616,2192.28515625,-1,628207,4049.083847499837,1.124745513194399,0.0011247455131943992,888592.2066344913,246.83116850958092,0.24683116850958092,0.5342541187673395,0.0005342541187673396,117.24480504205093,0.11724480504205093,475.0,78.25417073170732,111.818,74.869,80.98167694999674,492,10.0,64,64,1,True,240,sgd,multistep,32,100,0.0,False,1.0.0
p7-msdnet-cifar100-jointexit-s1,218,171258,2026-09-01T13:08:24Z,1788268104.5569153,local,0,local-1c8d861c2a,CB-410-122,msdnet,msdnet,cifar100,1,p7,jointexit,49fd74a2ab0863226c5a3e8c535afbf6dfbef29c39d0bda5aca7334f5d2e5d69,0.6970496582984924,0.9569493105888367,0.93312,0.7349,NA,0.9315,0.7352532578617894,0.7349,0.7352532578617894,0.7381011736393002,0.7349,0.7381011736393001,0.7349000000000001,0.7349,0.7349,0.7349000000000001,0.7322222222222222,0.7322483395454332,0.44962626695632935,1.0701276063919067,0.09528913641763104,0.6899042725563049,0.7394,17,False,0.023120626938343058,0.058817591980425965,0.9569491147994995,0.36515477299690247,0.7486597895622253,0.9369168877601624,0.6970496582984924,0.6970496582984924,NA,NA,NA,NA,NA,NA,NA,NA,NA,NA,NA,5.0000000000000016e-05,5.0000000000000016e-05,5.0000000000000016e-05,[5e-05],0.9,0.0005,3.7707240199920613,5.203445911407471,2.5100247859954834,3.7483761310577393,4.4718098640441895,4.734720897674562,0.405324545761464,NA,0.0,51.021968841552734,0.041813015937805176,0.0008195100441469497,32768.0,1,782,782,0,0,50.50388979911804,48.43871521949768,2.0651745796203613,11360.804233551025,9.197107315063477,39.227030992507935,0.0,0.0,0.18992815642163843,0.0,0.0,61.92345052119106,63.428282737731934,70.80562114715576,81.28408908843994,86.13395690917969,1032.2321674600046,4842.205641441843,50000,10950000,1060.5816857814789,57.94,92.0,3597.5390625,20475.0,32.42,65.64,68.0,79.1652,109.436,2370.0,8551.0,3897.464002500925,0.0,33.9267578125,2498.0,629.78173828125,20474.5,1,11.074000000000002,24,23940.725625,64860.765625,36.900000000000006,2194.62890625,-1,628207,3996.1566850012664,1.110043523611463,0.0011100435236114628,892588.3633194925,247.9412120331924,0.2479412120331924,0.5272706737154448,0.0005272706737154448,117.77207571576636,0.11777207571576637,475.0,79.20384873949578,111.854,75.368,79.92313370002532,476,10.0,64,64,1,True,240,sgd,multistep,32,100,0.0,False,1.0.0
p7-msdnet-cifar100-jointexit-s1,219,172040,2026-09-01T13:09:14Z,1788268154.2320378,local,0,local-1c8d861c2a,CB-410-122,msdnet,msdnet,cifar100,1,p7,jointexit,49fd74a2ab0863226c5a3e8c535afbf6dfbef29c39d0bda5aca7334f5d2e5d69,0.6997693468093872,0.9627825410842895,0.93212,0.7346,NA,0.9305,0.7342708811681062,0.7346,0.7342708811681061,0.7368644456547121,0.7346,0.7368644456547121,0.7345999999999999,0.7346,0.7346,0.7345999999999999,0.7319191919191919,0.7319507921739086,0.4390975534915924,1.5690327882766724,0.10055753220315117,0.6955878734588623,0.7394,18,False,0.019740720398724085,0.0492621791313298,0.962782621383667,0.3663319945335388,0.7474095821380615,0.9451978802680969,0.6997693468093872,0.6997693468093872,NA,NA,NA,NA,NA,NA,NA,NA,NA,NA,NA,5.0000000000000016e-05,5.0000000000000016e-05,5.0000000000000016e-05,[5e-05],0.9,0.0005,3.795717374443093,10.805931091308594,2.6644070148468018,3.785889983177185,4.423870944976807,4.690545573234558,0.46341953264217983,NA,0.0,51.01958084106445,0.04148692637681961,0.000813156942744378,32768.0,0,782,782,0,0,49.61406683921814,47.54696798324585,2.06709885597229,11410.418300390244,8.78291368484497,38.75573945045471,0.0,0.0,0.1847531031190121,0.0,0.0,60.79111654130394,63.083529472351074,70.39835453033447,80.31133413314812,83.57977867126465,1051.5917653806764,4837.697999352022,50000,11000000,992.2813367843628,62.1,95.0,3597.5390625,20475.0,35.9,65.9,68.0,80.61884,112.092,2370.0,8551.0,3967.767080500222,0.0,34.3193359375,2498.0,630.58544921875,20474.5,1,8.684,24,23960.67984375,64860.765625,36.928000000000004,2199.51953125,-1,628207,3965.9051624992308,1.101640322916453,0.001101640322916453,896554.2684819918,249.04285235610885,0.24904285235610885,0.5232791533853152,0.0005232791533853152,118.29535486915168,0.11829535486915169,475.0,80.0618287526427,112.092,76.585,79.31810324998462,473,10.0,64,64,1,True,240,sgd,multistep,32,100,0.0,False,1.0.0
p7-msdnet-cifar100-jointexit-s1,220,172822,2026-09-01T13:10:03Z,1788268203.5339575,local,0,local-1c8d861c2a,CB-410-122,msdnet,msdnet,cifar100,1,p7,jointexit,49fd74a2ab0863226c5a3e8c535afbf6dfbef29c39d0bda5aca7334f5d2e5d69,0.6998430457878113,0.960082398223877,0.93216,0.7358,NA,0.9321,0.7354572687292688,0.7358,0.7354572687292689,0.7379987870435226,0.7358,0.7379987870435226,0.7358,0.7358,0.7358,0.7358,0.7331313131313131,0.7331619066164484,0.474661260843277,1.0037286281585693,0.09426541604777239,0.6963673233985901,0.7394,19,False,0.020420136488974103,0.06618215143680573,0.9600787162780762,0.3651261627674103,0.744775116443634,0.9602072238922119,0.6998430457878113,0.6998430457878113,NA,NA,NA,NA,NA,NA,NA,NA,NA,NA,NA,5.0000000000000016e-05,5.0000000000000016e-05,5.0000000000000016e-05,[5e-05],0.9,0.0005,3.809740201896414,8.592209815979004,2.775042772293091,3.8037976026535034,4.45759859085083,4.813765587806701,0.4199764173103181,NA,0.0,51.017189025878906,0.042181942611932755,0.000826818243367654,32768.0,0,782,782,0,0,49.219043254852295,47.16841435432434,2.050628900527954,11459.637343645096,8.51696228981018,38.641706466674805,0.0,0.0,0.1806022628371794,0.0,0.0,60.30520301340791,62.55137920379639,69.4495677947998,77.70335912704458,83.59360694885254,1060.0313935593654,4876.552748001066,50000,11050000,935.1618218421936,59.97959183673469,92.0,3597.5390625,20475.0,34.285714285714285,66.0204081632653,68.0,80.45655102040817,111.9,2370.0,8551.0,3888.5817950010805,0.0,33.9267578125,2498.0,629.78173828125,20474.5,1,8.76530612244898,24,23959.54759247449,64860.765625,36.90816326530613,2193.76953125,-1,628207,3939.7133120006174,1.0943648088890603,0.0010943648088890603,900493.9817939925,250.1372171649979,0.2501372171649979,0.5198232842223036,0.0005198232842223037,118.81517815337399,0.11881517815337399,475.0,80.19438675213675,111.9,76.706,78.79426624001235,468,10.0,64,64,1,True,240,sgd,multistep,32,100,0.0,False,1.0.0
p7-msdnet-cifar100-jointexit-s1,221,173604,2026-09-01T13:10:52Z,1788268252.7521465,local,0,local-1c8d861c2a,CB-410-122,msdnet,msdnet,cifar100,1,p7,jointexit,49fd74a2ab0863226c5a3e8c535afbf6dfbef29c39d0bda5aca7334f5d2e5d69,0.696353278427124,0.9562221128463745,0.93226,0.7354,NA,0.9307,0.7352977668184509,0.7354,0.7352977668184508,0.738078084868265,0.7354,0.7380780848682649,0.7354,0.7354,0.7354,0.7354,0.7327272727272727,0.7327592483739584,0.4065302312374115,1.010961890220642,0.09741460742775473,0.6929527521133423,0.7394,20,False,0.0188938314396888,0.05443379655480385,0.956221878528595,0.36458951234817505,0.7469204068183899,0.9514589905738831,0.696353278427124,0.696353278427124,NA,NA,NA,NA,NA,NA,NA,NA,NA,NA,NA,5.0000000000000016e-05,5.0000000000000016e-05,5.0000000000000016e-05,[5e-05],0.9,0.0005,3.7774681697416184,8.3701753616333,2.5655908584594727,3.761140465736389,4.438148355484008,4.703186178207397,0.42711257382464796,NA,0.0,51.014801025390625,0.04117903485894203,0.0008071977941940178,65536.0,0,782,782,0,0,49.168272256851196,47.10150647163391,2.066765785217285,11508.805615901947,8.688818216323853,38.41268825531006,0.0,0.0,0.18447007043302419,0.0,0.0,60.23210546244746,62.43908405303955,70.11497020721436,78.76409292221068,89.74361419677734,1061.5371724917472,4838.477621182737,50000,11100000,885.0289006233215,59.06122448979592,90.0,3597.5390625,20475.0,33.183673469387756,66.3061224489796,68.0,80.54997959183673,112.26,2370.0,8551.0,3888.408179000274,0.0,34.3193359375,2498.0,630.58544921875,20474.5,1,9.136734693877552,24,23962.538424744896,64860.765625,36.93265306122449,2191.91796875,-1,628207,3942.6632384996547,1.0951842329165706,0.0010951842329165707,904436.6450324921,251.2324013979145,0.2512324013979145,0.520212510635371,0.000520212510635371,119.33539066400937,0.11933539066400936,475.0,80.34138592750533,112.416,76.768,78.85326476999309,469,10.0,64,64,1,True,240,sgd,multistep,32,100,0.0,False,1.0.0
p7-msdnet-cifar100-jointexit-s1,222,174386,2026-09-01T13:11:44Z,1788268304.4863565,local,0,local-1c8d861c2a,CB-410-122,msdnet,msdnet,cifar100,1,p7,jointexit,49fd74a2ab0863226c5a3e8c535afbf6dfbef29c39d0bda5aca7334f5d2e5d69,0.6979085530662537,0.9566349213600158,0.93312,0.7359,NA,0.9301,0.7349709028326259,0.7359,0.7349709028326261,0.736775929266034,0.7359,0.736775929266034,0.7358999999999999,0.7359,0.7359,0.7358999999999999,0.7332323232323232,0.7332614246596805,0.3887328505516052,1.0679445266723633,0.09826218182703136,0.6924586594104767,0.7394,21,False,0.018979160942137245,0.04561786533069878,0.9566282033920288,0.36357805132865906,0.7485737800598145,0.9430549740791321,0.6979085530662537,0.6979085530662537,NA,NA,NA,NA,NA,NA,NA,NA,NA,NA,NA,5.0000000000000016e-05,5.0000000000000016e-05,5.0000000000000016e-05,[5e-05],0.9,0.0005,3.7932174941489087,5.136780738830566,2.3341498374938965,3.784510850906372,4.421863079071045,4.803482341766357,0.38986542520175566,NA,0.0,51.012413024902344,0.041693832725286484,0.0008173272004390994,32768.0,1,782,782,0,0,51.66777849197388,49.60205149650574,2.0657269954681396,11560.47339439392,8.439138889312744,41.14600086212158,0.0,0.0,0.17019491992192337,0.0,0.0,63.40810709902088,66.20478630065918,70.94526290893555,83.21112632751465,85.29424667358398,1008.0228234818533,4840.910740837648,50000,11150000,878.3522343635559,55.333333333333336,96.0,3597.5390625,20475.0,30.470588235294116,65.82352941176471,68.0,78.25598039215686,112.416,2370.0,8551.0,3940.8269310008336,0.0,33.9267578125,2498.0,629.78173828125,20474.5,1,8.807843137254903,24,23969.437346813724,64860.765625,36.97254901960785,2194.65234375,-1,628206,4042.5048424998986,1.1229180118055273,0.0011229180118055274,908479.149874992,252.35531940971998,0.25235531940972,0.5333860556076254,0.0005333860556076254,119.86877671961699,0.11986877671961699,475.0,78.35690650406504,112.416,75.23,80.85009684999797,492,10.0,64,64,1,True,240,sgd,multistep,32,100,0.0,False,1.0.0
p7-msdnet-cifar100-jointexit-s1,223,175168,2026-09-01T13:12:35Z,1788268355.8562155,local,0,local-1c8d861c2a,CB-410-122,msdnet,msdnet,cifar100,1,p7,jointexit,49fd74a2ab0863226c5a3e8c535afbf6dfbef29c39d0bda5aca7334f5d2e5d69,0.6977321247863769,0.9615881384849548,0.93352,0.7336,NA,0.931,0.7332551277361911,0.7336,0.7332551277361913,0.7357055018776424,0.7336,0.7357055018776425,0.7336,0.7336,0.7336,0.7336,0.730909090909091,0.7309389123484101,0.4409416913986206,1.1063721179962158,0.09812194312727619,0.6963073015213013,0.7394,22,False,0.019094374842196695,0.05856018513441086,0.961586594581604,0.36574169993400574,0.7475035786628723,0.9460383057594299,0.6977321247863769,0.6977321247863769,NA,NA,NA,NA,NA,NA,NA,NA,NA,NA,NA,5.0000000000000016e-05,5.0000000000000016e-05,5.0000000000000016e-05,[5e-05],0.9,0.0005,3.8021638390353267,8.382285118103027,2.3053810596466064,3.773352265357971,4.498705315589905,4.765975980758665,0.44261591692826996,NA,0.0,51.0100212097168,0.04142119735479355,0.0008120207828281261,32768.0,0,782,782,0,0,51.28260278701782,49.23249363899231,2.0501091480255127,11611.755997180939,9.517541408538818,39.70269179344177,0.0,0.0,0.19336644280986134,0.0,0.0,62.941474682839626,63.59219551086426,70.85561752319336,82.471444606781,84.63144302368164,1015.5894269064572,4877.7890726604155,50000,11200000,820.5216445922852,55.8235294117647,96.0,3597.5390625,20475.0,31.529411764705884,65.6078431372549,68.0,79.05721568627452,112.05,2370.0,8551.0,3965.78771800072,0.0,34.3193359375,2498.0,630.58544921875,20474.5,1,8.952941176470588,24,23943.332490808825,64860.765625,36.90392156862746,2191.9765625,-1,628206,4021.8785090011793,1.1171884747225498,0.0011171884747225498,912501.0283839932,253.47250788444256,0.25347250788444253,0.5306645254932112,0.0005306645254932111,120.3994412451102,0.12039944124511019,475.0,78.57600826446281,112.05,75.427,80.43757018002358,484,10.0,64,64,1,True,240,sgd,multistep,32,100,0.0,False,1.0.0
p7-msdnet-cifar100-jointexit-s1,224,175950,2026-09-01T13:13:27Z,1788268407.924503,local,0,local-1c8d861c2a,CB-410-122,msdnet,msdnet,cifar100,1,p7,jointexit,49fd74a2ab0863226c5a3e8c535afbf6dfbef29c39d0bda5aca7334f5d2e5d69,0.69916019115448,0.9549123720169067,0.9323,0.7334,NA,0.9306,0.733280603343929,0.7334,0.7332806033439289,0.7353032220021111,0.7334,0.7353032220021111,0.7334,0.7334,0.7334,0.7334,0.7307070707070706,0.7307299082188506,0.4628511071205139,0.9915165305137634,0.09209726684365052,0.6913631856441498,0.7394,23,False,0.020816905339807276,0.0664941743016243,0.9549144506454468,0.3640783727169037,0.7477045655250549,0.9431277513504028,0.69916019115448,0.69916019115448,NA,NA,NA,NA,NA,NA,NA,NA,NA,NA,NA,5.0000000000000016e-05,5.0000000000000016e-05,5.0000000000000016e-05,[5e-05],0.9,0.0005,3.814319238943212,7.966271877288818,2.777369260787964,3.7908130884170532,4.469677352905273,4.7287730216979975,0.40421890626930945,NA,0.0,51.00767135620117,0.042469821870326996,0.0008326163641885957,32768.0,0,782,782,0,0,52.01091003417969,49.94758677482605,2.0633232593536377,11663.766907215118,9.03113865852356,40.9006724357605,0.0,0.0,0.18086943895286423,0.0,0.0,63.85142083668038,66.1466121673584,73.39463233947754,83.03514957427979,87.432861328125,1001.0493645150514,4846.550318602344,50000,11250000,780.1636505126953,54.67307692307692,92.0,3597.5390625,20475.0,30.25,65.17307692307692,68.0,78.25042307692307,112.182,2370.0,8551.0,4004.764845999493,0.0,33.9267578125,2498.0,629.78173828125,20474.5,1,8.690384615384616,24,23857.632361778848,64860.765625,36.815384615384616,2194.75,-1,628206,4038.543597498893,1.1218176659719148,0.0011218176659719148,916539.5719814921,254.59432555041448,0.25459432555041445,0.5328633913366595,0.0005328633913366595,120.93230463644686,0.12093230463644686,475.0,77.89027789046654,112.272,74.824,80.77087194997787,493,10.0,64,64,1,True,240,sgd,multistep,32,100,0.0,False,1.0.0
p7-msdnet-cifar100-jointexit-s1,225,176732,2026-09-01T13:14:19Z,1788268459.3428009,local,0,local-1c8d861c2a,CB-410-122,msdnet,msdnet,cifar100,1,p7,jointexit,49fd74a2ab0863226c5a3e8c535afbf6dfbef29c39d0bda5aca7334f5d2e5d69,0.6981119521713257,0.9621162295341492,0.93112,0.7333,NA,0.9327,0.733272178500054,0.7333,0.7332721785000541,0.7368145150408981,0.7333,0.7368145150408981,0.7333000000000002,0.7333,0.7333,0.7333000000000002,0.7306060606060606,0.7306466975009386,0.3921118974685669,1.0187360048294067,0.09978144580390723,0.6930199563503265,0.7394,24,False,0.02013181710541249,0.07272410531376683,0.9621175527572632,0.36604785919189453,0.744743287563324,0.9597882032394409,0.6981119521713257,0.6981119521713257,NA,NA,NA,NA,NA,NA,NA,NA,NA,NA,NA,5.0000000000000016e-05,5.0000000000000016e-05,5.0000000000000016e-05,[5e-05],0.9,0.0005,3.806438694524643,8.31942367553711,2.526214122772217,3.790066361427307,4.442628741264343,4.680536656379699,0.4234350450676134,NA,0.0,51.005306243896484,0.04190756753087044,0.0008216315245805485,65536.0,0,782,782,0,0,51.36895275115967,49.301563024520874,2.067389726638794,11715.135859966278,8.579449892044067,40.706034898757935,0.0,0.0,0.174076605484567,0.0,0.0,63.02491661227877,66.20621681213379,72.07667827606201,82.48015403747557,87.58687973022461,1014.1666294663264,4837.017361142745,50000,11300000,719.1653385162354,57.411764705882355,91.0,3597.5390625,20475.0,32.90196078431372,65.43137254901961,68.0,79.07723529411764,112.537,2370.0,8551.0,3977.4351224996585,0.0,34.3193359375,2498.0,630.58544921875,20474.5,1,8.790196078431372,24,23851.390471813724,64860.765625,36.8,2194.75390625,-1,628206,4028.9687805005497,1.119157994583486,0.001119157994583486,920568.5407619927,255.71348354499796,0.25571348354499795,0.5316000474271558,0.0005316000474271559,121.463904683874,0.12146390468387401,475.0,78.58627198364009,112.537,75.463,80.579375610011,489,10.0,64,64,1,True,240,sgd,multistep,32,100,0.0,False,1.0.0
p7-msdnet-cifar100-jointexit-s1,226,177514,2026-09-01T13:15:09Z,1788268509.6649234,local,0,local-1c8d861c2a,CB-410-122,msdnet,msdnet,cifar100,1,p7,jointexit,49fd74a2ab0863226c5a3e8c535afbf6dfbef29c39d0bda5aca7334f5d2e5d69,0.6952500649642944,0.9585048429489136,0.93352,0.7361,NA,0.932,0.736040654781242,0.7361,0.7360406547812419,0.7389799620698099,0.7361,0.7389799620698101,0.7361,0.7361,0.7361,0.7361,0.7334343434343434,0.7334665129438458,0.4490736722946167,1.0899485349655151,0.09586075131485737,0.6868678033351898,0.7394,25,False,0.021523673752695337,0.05493191240255724,0.9585031270980835,0.36528080701828003,0.7511296272277832,0.9298675656318665,0.6952500649642944,0.6952500649642944,NA,NA,NA,NA,NA,NA,NA,NA,NA,NA,NA,5.0000000000000016e-05,5.0000000000000016e-05,5.0000000000000016e-05,[5e-05],0.9,0.0005,3.792302310619208,8.909357070922852,2.664235830307007,3.7792145013809204,4.437564992904663,4.7184327745437615,0.4333218907049106,NA,0.0,51.002952575683594,0.04129936546087265,0.0008097446005618649,65536.0,0,782,782,0,0,50.26497769355774,48.1978816986084,2.067095994949341,11765.400837659836,8.805602788925171,39.37698817253113,0.0,0.0,0.1827548625595751,0.0,0.0,61.61456644687506,65.91522693634033,69.26815509796143,81.9184374809265,83.83584022521973,1037.389989723213,4837.704695105403,50000,11350000,653.4447100162506,58.82,91.0,3597.5390625,20475.0,32.88,65.54,68.0,79.69648,112.077,2370.0,8551.0,3929.8426819997953,0.0,33.9267578125,2498.0,629.78173828125,20474.5,1,8.659999999999998,24,23857.4440625,64860.765625,36.8,2192.046875,-1,628206,3988.3054550004435,1.1078626263890121,0.001107862626389012,924556.8462169932,256.821346171387,0.25682134617138697,0.5262347475347807,0.0005262347475347807,121.99013943140879,0.1219901394314088,475.0,79.40823799582463,112.531,75.529,79.76610910000886,479,10.0,64,64,1,True,240,sgd,multistep,32,100,0.0,False,1.0.0
p7-msdnet-cifar100-jointexit-s1,227,178296,2026-09-01T13:15:59Z,1788268559.5800374,local,0,local-1c8d861c2a,CB-410-122,msdnet,msdnet,cifar100,1,p7,jointexit,49fd74a2ab0863226c5a3e8c535afbf6dfbef29c39d0bda5aca7334f5d2e5d69,0.6959566685295105,0.9548753142356873,0.93254,0.7335,NA,0.9332,0.7334445793672706,0.7335,0.7334445793672705,0.7356715520670659,0.7335,0.7356715520670659,0.7334999999999999,0.7335,0.7335,0.7334999999999999,0.7308080808080808,0.730833416805695,0.39270439743995667,1.0199759006500244,0.10138968243927297,0.68883416056633,0.7394,26,False,0.020264868116378787,0.07864288102209038,0.9548767805099487,0.36446142196655273,0.746606171131134,0.9503689408302307,0.6959566685295105,0.6959566685295105,NA,NA,NA,NA,NA,NA,NA,NA,NA,NA,NA,5.0000000000000016e-05,5.0000000000000016e-05,5.0000000000000016e-05,[5e-05],0.9,0.0005,3.803617521376372,5.094024181365967,2.4785358905792236,3.804647207260132,4.4526848793029785,4.745311927795415,0.4032502487197624,NA,0.0,51.00058364868164,0.04179476201534271,0.0008194957591710443,32768.0,1,782,782,0,0,49.854493618011475,47.79244613647461,2.0620474815368652,11815.255331277847,9.449423789978027,38.32898020744324,0.0,0.0,0.19777604522930567,0.0,0.0,61.09770332151057,62.981605529785156,69.70527172088623,79.31593418121338,84.30743217468262,1046.1904347231268,4849.548853524409,50000,11400000,598.2539234161377,57.56,94.0,3597.5390625,20475.0,32.22,65.92,68.0,80.19656,112.531,2370.0,8551.0,3939.7803630002686,0.0,34.3193359375,2498.0,630.58544921875,20474.5,1,8.65,24,23862.48109375,64860.765625,36.8,2194.8125,-1,628206,3973.550050999559,1.1037639030554331,0.0011037639030554332,928530.3962679927,257.9251100744424,0.2579251100744424,0.5242878539513308,0.0005242878539513308,122.51442728536011,0.12251442728536012,475.0,79.75704680851065,112.531,76.509,79.47100101999118,470,10.0,64,64,1,True,240,sgd,multistep,32,100,0.0,False,1.0.0
p7-msdnet-cifar100-jointexit-s1,228,179078,2026-09-01T13:16:49Z,1788268609.4979336,local,0,local-1c8d861c2a,CB-410-122,msdnet,msdnet,cifar100,1,p7,jointexit,49fd74a2ab0863226c5a3e8c535afbf6dfbef29c39d0bda5aca7334f5d2e5d69,0.6944560373687744,0.9606915948867798,0.93194,0.7338,NA,0.9323,0.7337475814433799,0.7338,0.7337475814433799,0.7364611189162639,0.7338,0.7364611189162638,0.7338,0.7338,0.7338,0.7338,0.731111111111111,0.7311406453585425,0.4174441993236542,1.1244409084320068,0.09879476363530298,0.6845538318157196,0.7394,27,False,0.021560573278367523,0.04833885892428491,0.9606996178627014,0.36594754457473755,0.7487918138504028,0.9422174096107483,0.6944560373687744,0.6944560373687744,NA,NA,NA,NA,NA,NA,NA,NA,NA,NA,NA,5.0000000000000016e-05,5.0000000000000016e-05,5.0000000000000016e-05,[5e-05],0.9,0.0005,3.800521059109427,8.95681095123291,2.7612292766571045,3.792121648788452,4.4458354949951175,4.752885255813597,0.4342732935334839,NA,0.0,50.99822235107422,0.041946008801460266,0.0008224994297389804,32768.0,0,782,782,0,0,49.83480978012085,47.78456997871399,2.0502398014068604,11865.090141057968,8.765608787536621,39.010743618011475,0.0,0.0,0.1834717040164561,0.0,0.0,61.09507980249118,63.063979148864746,70.64008712768555,82.26777791976927,87.12983131408691,1046.3628745068313,4877.47823115036,50000,11450000,548.1829075813293,58.66,92.0,3597.5390625,20475.0,33.38,65.78,68.0,80.1557,111.92,2370.0,8551.0,3948.4241924991534,0.0,33.9267578125,2498.0,629.78173828125,20474.5,1,8.388,24,23874.292109375,64860.765625,36.8,2195.0625,-1,628206,3971.2578264995664,1.1031271740276574,0.0011031271740276573,932501.6540944922,259.0282372484701,0.2590282372484701,0.5239854076631372,0.0005239854076631372,123.03841269302326,0.12303841269302326,475.0,79.76406315789474,112.069,76.469,79.42515652999133,475,10.0,64,64,1,True,240,sgd,multistep,32,100,0.0,False,1.0.0
p7-msdnet-cifar100-jointexit-s1,229,179860,2026-09-01T13:17:38Z,1788268658.8002613,local,0,local-1c8d861c2a,CB-410-122,msdnet,msdnet,cifar100,1,p7,jointexit,49fd74a2ab0863226c5a3e8c535afbf6dfbef29c39d0bda5aca7334f5d2e5d69,0.6955247387504577,0.9604805597305298,0.93264,0.7344,NA,0.9302,0.7346052573071548,0.7344,0.7346052573071549,0.7374650381949769,0.7344,0.7374650381949769,0.7343999999999998,0.7344,0.7344,0.7343999999999998,0.7317171717171718,0.7317449859466221,0.444796621799469,0.9863415360450745,0.09280415965076841,0.6890715658664703,0.7394,28,False,0.022221666171029213,0.06119336560368538,0.9604847431182861,0.36568519473075867,0.7481486797332764,0.9409477710723877,0.6955247387504577,0.6955247387504577,NA,NA,NA,NA,NA,NA,NA,NA,NA,NA,NA,5.0000000000000016e-05,5.0000000000000016e-05,5.0000000000000016e-05,[5e-05],0.9,0.0005,3.809487444360543,8.654779434204102,2.7344915866851807,3.7887542247772217,4.462162566184998,4.727483859062194,0.4255224999823389,NA,0.0,50.99586486816406,0.04148845002055168,0.0008135649846866757,32768.0,0,782,782,0,0,49.268295764923096,47.218042612075806,2.05025315284729,11914.358436822891,9.250977039337158,37.944799184799194,0.0,0.0,0.19601281681232577,0.0,0.0,60.35265501807718,62.11745738983154,70.64981460571289,82.70026922225951,88.13977241516113,1058.91725353335,4877.4464685556,50000,11500000,492.68295764923096,58.08163265306123,92.0,3597.5390625,20475.0,32.63265306122449,65.81632653061224,68.0,80.62973469387755,112.08,2370.0,8551.0,3891.577373998728,0.0,34.3193359375,2498.0,630.58544921875,20474.5,1,9.038775510204081,24,23853.949617346938,64860.765625,36.800000000000004,2194.80078125,-1,628206,3948.1135034986787,1.0966981954162995,0.0010966981954162996,936449.7675979909,260.1249354438864,0.2601249354438864,0.5209316428227423,0.0005209316428227423,123.559344335846,0.123559344335846,475.0,80.20695753715499,112.09,76.469,78.96227006997357,471,10.0,64,64,1,True,240,sgd,multistep,32,100,0.0,False,1.0.0
p7-msdnet-cifar100-jointexit-s1,230,180642,2026-09-01T13:18:30Z,1788268710.9376717,local,0,local-1c8d861c2a,CB-410-122,msdnet,msdnet,cifar100,1,p7,jointexit,49fd74a2ab0863226c5a3e8c535afbf6dfbef29c39d0bda5aca7334f5d2e5d69,0.6989569408035279,0.958266802406311,0.933,0.7332,NA,0.9322,0.7333467758974491,0.7332,0.733346775897449,0.7361502857690309,0.7332,0.7361502857690307,0.7332000000000001,0.7332,0.7332,0.7332000000000001,0.7305050505050505,0.730532781760625,0.4545236825942993,1.0002309083938599,0.09420630805549919,0.6960777342319489,0.7394,29,False,0.018167743889987473,0.04938835316690904,0.9582648277282715,0.36487454175949097,0.7464657425880432,0.9514210820198059,0.6989569408035279,0.6989569408035279,NA,NA,NA,NA,NA,NA,NA,NA,NA,NA,NA,5.0000000000000016e-05,5.0000000000000016e-05,5.0000000000000016e-05,[5e-05],0.9,0.0005,3.822914220183097,6.478688716888428,2.827597141265869,3.8141801357269287,4.421992397308349,4.817049984931946,0.39867292430280143,NA,0.0,50.99346160888672,0.042016513645648956,0.0008239588433495691,65536.0,0,782,782,0,0,52.06416606903076,49.91176104545593,2.152405023574829,11966.422602891922,9.422417640686035,40.48234939575195,0.0,0.0,0.18880796765980798,0.0,0.0,63.81683764250381,66.33985042572021,73.61752986907959,82.9283595085144,86.2879753112793,1001.7678990421457,4645.965740867611,50000,11550000,468.57749462127686,54.73076923076923,91.0,3597.5390625,20475.0,30.23076923076923,65.57692307692308,68.0,78.35317307692308,112.09,2370.0,8551.0,4016.2194020002785,0.0,33.9267578125,2498.0,629.78173828125,20474.5,1,9.046153846153846,24,23871.93426983173,64860.765625,36.8,2194.68359375,-1,628206,4056.479070999546,1.1267997419443183,0.0011267997419443182,940506.2466689905,261.2517351858307,0.26125173518583067,0.5352298774235511,0.0005352298774235512,124.09457421326955,0.12409457421326955,475.0,78.10683838383838,112.517,75.588,81.12958141999093,495,10.0,64,64,1,True,240,sgd,multistep,32,100,0.0,False,1.0.0
p7-msdnet-cifar100-jointexit-s1,231,181424,2026-09-01T13:19:22Z,1788268762.4727485,local,0,local-1c8d861c2a,CB-410-122,msdnet,msdnet,cifar100,1,p7,jointexit,49fd74a2ab0863226c5a3e8c535afbf6dfbef29c39d0bda5aca7334f5d2e5d69,0.6963464394569397,0.9604640901565552,0.9334,0.7321,NA,0.9324,0.732376366563559,0.7321,0.7323763665635591,0.7353321282883197,0.7321,0.7353321282883198,0.7321000000000001,0.7321,0.7321,0.7321000000000001,0.7293939393939394,0.7294229326897533,0.4217061400413513,1.0012882947921753,0.09490023611306429,0.6915339529514313,0.7394,30,False,0.024250000970810655,0.07718233136569752,0.9604655504226685,0.3659502863883972,0.7461717128753662,0.9551367163658142,0.6963464394569397,0.6963464394569397,NA,NA,NA,NA,NA,NA,NA,NA,NA,NA,NA,5.0000000000000016e-05,5.0000000000000016e-05,5.0000000000000016e-05,[5e-05],0.9,0.0005,3.8150742972858738,5.112254619598389,2.4935338497161865,3.8074991703033447,4.500672817230225,4.740233421325684,0.39709168888117263,NA,0.0,50.9910774230957,0.04197399318218231,0.0008231634886610726,32768.0,1,782,782,0,0,51.487114667892456,49.42420172691345,2.062912940979004,12017.909717559814,9.160792112350464,40.24781060218811,0.0,0.0,0.18540884803558477,0.0,0.0,63.182356412453416,66.22135639190674,71.46897315979004,82.95637369155884,86.4412784576416,1011.6501279326278,4847.514309185663,50000,11600000,411.89691734313965,57.21568627450981,92.0,3597.5390625,20475.0,32.78431372549019,65.6078431372549,68.0,78.94807843137256,112.517,2370.0,8551.0,3967.1091200005953,0.0,34.3193359375,2498.0,630.58544921875,20474.5,1,9.062745098039215,24,23874.801240808825,64860.765625,36.8,2194.69140625,-1,628206,4040.3403270001013,1.1223167575000281,0.0011223167575000281,944546.5869959906,262.3740519433307,0.26237405194333074,0.5331004598125134,0.0005331004598125134,124.62767467308207,0.12462767467308207,475.0,78.53832857142856,112.517,74.972,80.80680654000203,490,10.0,64,64,1,True,240,sgd,multistep,32,100,0.0,False,1.0.0
p7-msdnet-cifar100-jointexit-s1,232,182206,2026-09-01T13:20:14Z,1788268814.6228435,local,0,local-1c8d861c2a,CB-410-122,msdnet,msdnet,cifar100,1,p7,jointexit,49fd74a2ab0863226c5a3e8c535afbf6dfbef29c39d0bda5aca7334f5d2e5d69,0.696257364578247,0.9611832242012024,0.93346,0.7336,NA,0.9297,0.7336863820510864,0.7336,0.7336863820510865,0.7367220113776426,0.7336,0.7367220113776426,0.7336000000000001,0.7336,0.7336,0.7336000000000001,0.730909090909091,0.7309407435436007,0.4146288335323334,1.2413945198059082,0.10317499716875002,0.6920054256916046,0.7394,31,False,0.020881302200630336,0.0596454031765461,0.9611807465553284,0.36582621932029724,0.7494408488273621,0.9384272694587708,0.696257364578247,0.696257364578247,NA,NA,NA,NA,NA,NA,NA,NA,NA,NA,NA,5.0000000000000016e-05,5.0000000000000016e-05,5.0000000000000016e-05,[5e-05],0.9,0.0005,3.8261903597570748,10.405631065368652,2.5672032833099365,3.80588161945343,4.515726399421692,4.786062965393062,0.48475679283245293,NA,0.0,50.98870086669922,0.042261820286512375,0.0008288467752296395,32768.0,0,782,782,0,0,52.087127923965454,50.019455909729004,2.06767201423645,12069.99684548378,9.48490023612976,40.51185393333435,0.0,0.0,0.18971032007359256,0.0,0.0,63.93446824739656,66.39730930328369,71.28746509552002,83.2048201560974,85.4942798614502,999.6110331594947,4836.356990445024,50000,11650000,364.6098954677582,55.75,91.0,3597.5390625,20475.0,31.134615384615383,65.36538461538461,68.0,78.58563461538462,112.072,2370.0,8551.0,4025.7149019988124,0.0,33.9267578125,2498.0,629.78173828125,20474.5,1,9.036538461538461,24,23880.833158052883,64860.765625,36.8,2194.6875,-1,628205,4052.159844998737,1.1255999569440935,0.0011255999569440935,948598.7468409893,263.49965190027484,0.2634996519002748,0.5346599795484444,0.0005346599795484444,125.16233465263052,0.12516233465263052,475.0,77.92629494949496,112.072,74.292,81.04319689997473,495,10.0,64,64,1,True,240,sgd,multistep,32,100,0.0,False,1.0.0
p7-msdnet-cifar100-jointexit-s1,233,182988,2026-09-01T13:21:05Z,1788268865.9963453,local,0,local-1c8d861c2a,CB-410-122,msdnet,msdnet,cifar100,1,p7,jointexit,49fd74a2ab0863226c5a3e8c535afbf6dfbef29c39d0bda5aca7334f5d2e5d69,0.696218973274231,0.9614805936813354,0.93288,0.734,NA,0.9312,0.7339319167335102,0.734,0.7339319167335103,0.7367717036298873,0.734,0.7367717036298874,0.7339999999999999,0.734,0.734,0.7339999999999999,0.7313131313131314,0.731344136529362,0.4275471270084381,1.0688307285308838,0.09821961048184631,0.6895964741706848,0.7394,32,False,0.020032704707980166,0.0664533450128606,0.961470901966095,0.3658762574195862,0.7474101781845093,0.9471688270568848,0.696218973274231,0.696218973274231,NA,NA,NA,NA,NA,NA,NA,NA,NA,NA,NA,5.0000000000000016e-05,5.0000000000000016e-05,5.0000000000000016e-05,[5e-05],0.9,0.0005,3.828934794496697,9.479819297790527,2.6003165245056152,3.803260326385498,4.48905804157257,4.751353321075437,0.4479955959012793,NA,0.0,50.9863395690918,0.041945409029722214,0.000822679356553569,32768.0,0,782,782,0,0,51.30191707611084,49.21842837333679,2.083488702774048,12121.29876255989,9.011506080627441,40.19240689277649,0.0,0.0,0.18314612672163713,0.0,0.0,62.920604825324716,66.14601612091064,70.8371639251709,82.61173963546752,87.31865882873535,1015.8796542777585,4799.642055503139,50000,11700000,307.81150245666504,57.294117647058826,95.0,3597.5390625,20475.0,32.27450980392157,65.56862745098039,68.0,78.68341176470588,111.862,2370.0,8551.0,3955.810003000439,0.0,34.3193359375,2498.0,630.58544921875,20474.5,1,8.682352941176472,24,23878.46729473039,64860.765625,36.8,2194.68359375,-1,628205,4013.8313570008504,1.1149531547224585,0.0011149531547224585,952612.5781979902,264.6146050549973,0.2646146050549973,0.5296027484931677,0.0005296027484931677,125.6919374011237,0.1256919374011237,475.0,78.42990740740741,112.04,75.406,80.276627140017,486,10.0,64,64,1,True,240,sgd,multistep,32,100,0.0,False,1.0.0
p7-msdnet-cifar100-jointexit-s1,234,183770,2026-09-01T13:21:55Z,1788268915.6222093,local,0,local-1c8d861c2a,CB-410-122,msdnet,msdnet,cifar100,1,p7,jointexit,49fd74a2ab0863226c5a3e8c535afbf6dfbef29c39d0bda5aca7334f5d2e5d69,0.6953005733680725,0.9689474511146545,0.93432,0.732,NA,0.9298,0.7317838209708714,0.732,0.7317838209708715,0.7346750889870118,0.732,0.7346750889870118,0.7320000000000002,0.732,0.732,0.7320000000000002,0.7292929292929293,0.7293267001110891,0.3996342122554779,1.049478530883789,0.09969803402260877,0.6887117624282837,0.7394,33,False,0.020337388290464886,0.08010502122594865,0.9689447283744812,0.3676924407482147,0.7480918169021606,0.946402370929718,0.6953005733680725,0.6953005733680725,NA,NA,NA,NA,NA,NA,NA,NA,NA,NA,NA,5.0000000000000016e-05,5.0000000000000016e-05,5.0000000000000016e-05,[5e-05],0.9,0.0005,3.8060129042476643,7.025418758392334,2.6506471633911133,3.795595407485962,4.47441358566284,4.793847980499266,0.4187400281420519,NA,0.0,50.98396682739258,0.041577547788619995,0.0008155024094021904,65536.0,0,782,782,0,0,49.5570547580719,47.50069546699524,2.05635929107666,12170.855817317963,8.387093305587769,39.10259795188904,0.0,0.0,0.17660871409155138,0.0,0.0,60.728505444343746,62.64376640319824,71.03188037872314,81.89857244491576,83.80794525146484,1052.616167162044,4862.96341470767,50000,11750000,247.7852737903595,58.10204081632653,91.0,3597.5390625,20475.0,32.285714285714285,65.6734693877551,68.0,80.03322448979591,112.04,2370.0,8551.0,3864.705787500501,0.0,33.9267578125,2498.0,629.78173828125,20474.5,1,8.687755102040816,24,23882.86152742347,64860.765625,36.800000000000004,2194.7421875,-1,628205,3947.685463500692,1.096579295416859,0.0010965792954168588,956560.2636614909,265.71118435041416,0.26571118435041413,0.5208751653230079,0.000520875165323008,126.2128125664467,0.1262128125664467,475.0,79.75900845665961,112.04,74.429,78.95370927001385,473,10.0,64,64,1,True,240,sgd,multistep,32,100,0.0,False,1.0.0
p7-msdnet-cifar100-jointexit-s1,235,184552,2026-09-01T13:22:44Z,1788268964.8977902,local,0,local-1c8d861c2a,CB-410-122,msdnet,msdnet,cifar100,1,p7,jointexit,49fd74a2ab0863226c5a3e8c535afbf6dfbef29c39d0bda5aca7334f5d2e5d69,0.6942659095001221,0.9619951778411865,0.93456,0.7334,NA,0.9315,0.733619696742992,0.7334,0.7336196967429921,0.7368791403802816,0.7334,0.7368791403802813,0.7334,0.7334,0.7334,0.7334,0.7307070707070706,0.7307408184259688,0.4552270472049713,1.0579676628112793,0.09623386376914507,0.6888472139835358,0.7394,34,False,0.023204528906941434,0.07631584256887436,0.9619876742362976,0.36619338393211365,0.750923216342926,0.9287306666374207,0.6942659095001221,0.6942659095001221,NA,NA,NA,NA,NA,NA,NA,NA,NA,NA,NA,5.0000000000000016e-05,5.0000000000000016e-05,5.0000000000000016e-05,[5e-05],0.9,0.0005,3.8134004938465074,5.223438262939453,2.726839780807495,3.786647081375122,4.470056533813477,4.707507419586183,0.39352556590720633,NA,0.0,50.98164749145508,0.04155811667442322,0.0008151583701054125,32768.0,1,782,782,0,0,49.23859786987305,47.18518543243408,2.053412437438965,12220.094415187836,8.696610689163208,38.474483013153076,0.0,0.0,0.18436313442391458,0.0,0.0,60.32109169094154,63.858628273010254,68.51005554199219,79.96659040451048,89.1427993774414,1059.6546255306453,4869.942256935043,50000,11800000,196.9543914794922,59.30612244897959,93.0,3597.5390625,20475.0,33.53061224489796,65.81632653061224,68.0,80.47779591836735,111.964,2370.0,8551.0,3885.094854999221,0.0,34.3193359375,2498.0,630.58544921875,20474.5,1,8.873469387755103,24,23866.465322066328,64860.765625,36.80204081632653,2194.68359375,-1,628205,3950.1656354993233,1.0972682320831453,0.0010972682320831454,960510.4292969902,266.80845258249724,0.26680845258249725,0.5212024102394941,0.0005212024102394941,126.73401497668621,0.1267340149766862,475.0,80.3327078891258,111.964,76.72,79.00331270998646,469,10.0,64,64,1,True,240,sgd,multistep,32,100,0.0,False,1.0.0
p7-msdnet-cifar100-jointexit-s1,236,185334,2026-09-01T13:23:34Z,1788269014.829593,local,0,local-1c8d861c2a,CB-410-122,msdnet,msdnet,cifar100,1,p7,jointexit,49fd74a2ab0863226c5a3e8c535afbf6dfbef29c39d0bda5aca7334f5d2e5d69,0.6964997730445862,0.9604355749130249,0.93246,0.7333,NA,0.9306,0.733788706201369,0.7333,0.7337887062013692,0.737266313704433,0.7333,0.737266313704433,0.7333000000000002,0.7333,0.7333,0.7333000000000002,0.7306060606060606,0.7306393829499084,0.43019065260887146,1.0457444190979004,0.0948319123328073,0.6899877190589905,0.7394,35,False,0.020864951178431512,0.0531966495419679,0.960438072681427,0.36595746874809265,0.7506182789802551,0.9312436580657959,0.6964997730445862,0.6964997730445862,NA,NA,NA,NA,NA,NA,NA,NA,NA,NA,NA,5.0000000000000016e-05,5.0000000000000016e-05,5.0000000000000016e-05,[5e-05],0.9,0.0005,3.8255288186280625,8.28128719329834,2.6025607585906982,3.8087342977523804,4.531604075431823,4.74728874206543,0.42553573871129136,NA,0.0,50.97926712036133,0.041834261268377304,0.0008206132341919942,32768.0,0,782,782,0,0,49.85184836387634,47.80165123939514,2.050197124481201,12269.946263551712,9.683905363082886,38.09823250770569,0.0,0.0,0.20266789630195897,0.0,0.0,61.102478095637565,63.94851207733154,69.10707950592041,80.03560304641717,84.8548412322998,1045.9889711674462,4877.5797607903105,50000,11850000,149.55554509162903,58.36,92.0,3597.5390625,20475.0,32.44,65.88,68.0,80.12928,111.808,2370.0,8551.0,3942.0762264996,0.0,33.9267578125,2498.0,629.78173828125,20474.5,1,8.783999999999999,24,23872.12625,64860.765625,36.8,2194.92578125,-1,628205,3957.959172000281,1.0994331033334113,0.0010994331033334114,964468.3884689905,267.9078856858307,0.2679078856858307,0.5222307240833703,0.0005222307240833703,127.25624570076957,0.12725624570076957,475.0,79.58326694915253,111.969,76.569,79.15918344000562,472,10.0,64,64,1,True,240,sgd,multistep,32,100,0.0,False,1.0.0
p7-msdnet-cifar100-jointexit-s1,237,186116,2026-09-01T13:24:24Z,1788269064.647513,local,0,local-1c8d861c2a,CB-410-122,msdnet,msdnet,cifar100,1,p7,jointexit,49fd74a2ab0863226c5a3e8c535afbf6dfbef29c39d0bda5aca7334f5d2e5d69,0.6954337527275085,0.9574435885429382,0.93398,0.7327,NA,0.9312,0.7324197143106989,0.7327,0.7324197143106987,0.7351479355176193,0.7327,0.7351479355176191,0.7327000000000001,0.7327,0.7327,0.7327000000000001,0.73,0.7300323949845285,0.40890008211135864,1.0373042821884155,0.09298596371105346,0.6918114423751831,0.7394,36,False,0.017348998665809637,0.053982200145721415,0.9574442505836487,0.3640274703502655,0.747157633304596,0.948432445526123,0.6954337527275085,0.6954337527275085,NA,NA,NA,NA,NA,NA,NA,NA,NA,NA,NA,5.0000000000000016e-05,5.0000000000000016e-05,5.0000000000000016e-05,[5e-05],0.9,0.0005,3.8306943196469865,8.735034942626953,2.553203821182251,3.820673704147339,4.463462901115416,4.836077790260313,0.424059317881524,NA,0.0,50.97690963745117,0.04181988164782524,0.0008203691032910605,32768.0,0,782,782,0,0,49.73528575897217,47.68539047241211,2.0498952865600586,12319.681549310684,8.840209007263184,38.845181465148926,0.0,0.0,0.1853861092398435,0.0,0.0,60.978760194900396,62.96241283416748,70.79596519470215,81.89761877059935,83.86731147766113,1048.5391753041633,4878.297962614987,50000,11900000,99.47057151794434,58.9,93.0,3597.5390625,20475.0,33.32,65.92,68.0,80.27973999999999,112.584,2370.0,8551.0,3951.488152000027,0.0,34.3193359375,2498.0,630.58544921875,20474.5,1,8.822,24,23867.987109375,64860.765625,36.8,2192.78125,-1,628205,3963.2771819994714,1.1009103283331865,0.0011009103283331865,968431.66565099,269.00879601416386,0.2690087960141639,0.5229324059582636,0.0005229324059582636,127.77917810672784,0.12777917810672784,475.0,79.81845243128964,112.584,76.492,79.26554363998943,473,10.0,64,64,1,True,240,sgd,multistep,32,100,0.0,False,1.0.0
p7-msdnet-cifar100-jointexit-s1,238,186898,2026-09-01T13:25:22Z,1788269122.2330678,local,0,local-1c8d861c2a,CB-410-122,msdnet,msdnet,cifar100,1,p7,jointexit,49fd74a2ab0863226c5a3e8c535afbf6dfbef29c39d0bda5aca7334f5d2e5d69,0.6954561124610901,0.9587872003555298,0.93316,0.7339,NA,0.9312,0.7336499184321232,0.7339,0.7336499184321232,0.736029149388632,0.7339,0.7360291493886317,0.7339000000000001,0.7339,0.7339,0.7339000000000001,0.7312121212121212,0.731240566284776,0.4350920617580414,1.0130963325500488,0.09742837350215285,0.6880497336387634,0.7394,37,False,0.02137368964850901,0.06217721104621887,0.9587876200675964,0.36539292335510254,0.7466230392456055,0.9532817602157593,0.6954561124610901,0.6954561124610901,NA,NA,NA,NA,NA,NA,NA,NA,NA,NA,NA,5.0000000000000016e-05,5.0000000000000016e-05,5.0000000000000016e-05,[5e-05],0.9,0.0005,3.824994918784167,5.026656627655029,2.646069049835205,3.8139121532440186,4.485881328582764,4.760064411163332,0.4044571255685993,NA,0.0,50.97452163696289,0.04171404615044594,0.0008183312920036909,32768.0,1,782,782,0,0,57.52306532859802,55.367631912231445,2.155433416366577,12377.204614639282,12.085418224334717,43.24845743179321,0.0,0.0,0.21840903209888068,0.0,0.0,70.75943178532982,66.83087348937988,91.89352989196776,101.33782148361206,106.7969799041748,903.0546959143892,4639.438139943585,50000,11950000,57.52306532859802,50.333333333333336,93.0,3597.5390625,20475.0,27.92982456140351,64.57894736842105,68.0,74.12926315789474,111.972,2370.0,8551.0,4174.819311000498,0.0,33.9267578125,2498.0,629.78173828125,20474.5,1,11.717543859649124,24,23871.94599780702,64860.765625,36.800000000000004,2192.34765625,-1,628205,4263.681422000713,1.1843559505557535,0.0011843559505557535,972695.3470729907,270.1931519647196,0.27019315196471966,0.5625690765139828,0.0005625690765139828,128.3417471832418,0.12834174718324182,475.0,74.16143533697633,111.972,66.353,85.27362844001425,549,10.0,64,64,1,True,240,sgd,multistep,32,100,0.0,False,1.0.0
p7-msdnet-cifar100-jointexit-s1,239,187680,2026-09-01T13:26:24Z,1788269184.6527307,local,0,local-1c8d861c2a,CB-410-122,msdnet,msdnet,cifar100,1,p7,jointexit,49fd74a2ab0863226c5a3e8c535afbf6dfbef29c39d0bda5aca7334f5d2e5d69,0.6966531539344788,0.957553308391571,0.93328,0.7335,NA,0.9304,0.7334848697046052,0.7335,0.7334848697046051,0.7359996659443725,0.7335,0.7359996659443725,0.7334999999999999,0.7335,0.7335,0.7334999999999999,0.7308080808080808,0.7308359490738395,0.43625935912132263,0.9968940615653992,0.09444684985945948,0.695445716381073,0.7394,38,False,0.019707744824886325,0.06455230712890625,0.957545816898346,0.3649875521659851,0.7485845685005188,0.9425920844078064,0.6966531539344788,0.6966531539344788,NA,NA,NA,NA,NA,NA,NA,NA,NA,NA,NA,5.0000000000000016e-05,5.0000000000000016e-05,5.0000000000000016e-05,[5e-05],0.9,0.0005,3.8343289023470084,7.696121692657471,2.6622562408447266,3.818495512008667,4.505868220329284,4.742609205245971,0.41332302293531253,NA,0.0,50.97214126586914,0.0422014519572258,0.0008279317075793286,32768.0,0,782,782,0,0,62.35428023338318,60.174108028411865,2.1801722049713135,12439.558894872665,14.872791767120361,45.2856867313385,0.0,0.0,0.24722686042502506,0.0,0.0,76.92900063741543,76.72572135925293,99.15800094604492,102.6710820198059,141.15023612976074,830.9221630072515,4586.793638226197,50000,12000000,0.0,49.306451612903224,86.0,3597.5390625,20475.0,28.096774193548388,63.096774193548384,66.0,70.98806451612901,107.76,2369.2741935483873,8551.0,4350.989520499474,1.0,34.3193359375,2498.0,630.58544921875,20474.5,1,14.532258064516132,24,23865.236958165322,64860.765625,36.80000000000002,2194.8125,-1,628205,4409.408257498676,1.2248356270829655,0.0012248356270829655,977104.7553304894,271.4179875918026,0.2714179875918026,0.5817969228644085,0.0005817969228644086,128.92354410610625,0.12892354410610624,475.0,70.88510606060605,108.423,65.42,88.18816514997351,594,10.0,64,64,1,True,240,sgd,multistep,32,100,0.0,False,1.0.0
