arch,source,target,budget,oracle,oracle_cost,cross,cross_cost,legacy_oracle,legacy_cost,legacy_cross,legacy_cross_cost,confidence,confidence_cost,confidence_matched_cost,confidence_matched_realised_cost,matched_adv
convnext_femto,2,1,0.4,0.7070283245009782,0.4000000000000001,0.5254688444277401,0.4,0.6598,0.361721598503074,0.5015,0.3681905111661928,0.3874,0.3999887420718816,0.3874,0.3999887420718816,13.80688444277401
convnext_femto,2,1,0.5,0.7369,0.4242108946319652,0.5448,0.4256547277101406,0.7369,0.4242108946319652,0.5448,0.4256547277101407,0.4635,0.4999823035892202,0.4075,0.42565050059536824,13.729999999999997
convnext_femto,2,1,0.6,0.7369,0.4242108946319652,0.5448,0.4256547277101406,0.7369,0.4242108946319652,0.5448,0.4256547277101407,0.5231,0.5999674552258754,0.4075,0.42565050059536824,13.729999999999997
convnext_femto,2,1,0.7,0.7369,0.4242108946319652,0.5448,0.4256547277101406,0.7369,0.4242108946319652,0.5448,0.4256547277101407,0.5753,0.6999868526888776,0.4075,0.42565050059536824,13.729999999999997
convnext_femto,2,1,0.8,0.7369,0.4242108946319652,0.5448,0.4256547277101406,0.7369,0.4242108946319652,0.5448,0.4256547277101407,0.6118,0.7999875756360719,0.4075,0.42565050059536824,13.729999999999997
convnext_femto,2,1,0.9,0.7369,0.4242108946319652,0.5448,0.4256547277101406,0.7369,0.4242108946319652,0.5448,0.4256547277101407,0.6255,0.8999901515151514,0.4075,0.42565050059536824,13.729999999999997
convnext_femto,2,1,0.95,0.7369,0.4242108946319652,0.5448,0.4256547277101406,0.7369,0.4242108946319652,0.5448,0.4256547277101407,0.6262,0.9499895743724334,0.4075,0.42565050059536824,13.729999999999997
convnext_femto,3,1,0.4,0.7070283245009782,0.4000000000000001,0.5251216486177137,0.4,0.6598,0.361721598503074,0.4967,0.3645567319141698,0.3874,0.3999887420718816,0.3874,0.3999887420718816,13.772164861771369
convnext_femto,3,1,0.5,0.7369,0.4242108946319652,0.5433,0.4226693458239168,0.7369,0.4242108946319652,0.5433,0.4226693458239168,0.4635,0.4999823035892202,0.4051,0.42265281220383477,13.819999999999999
convnext_femto,3,1,0.6,0.7369,0.4242108946319652,0.5433,0.4226693458239168,0.7369,0.4242108946319652,0.5433,0.4226693458239168,0.5231,0.5999674552258754,0.4051,0.42265281220383477,13.819999999999999
convnext_femto,3,1,0.7,0.7369,0.4242108946319652,0.5433,0.4226693458239168,0.7369,0.4242108946319652,0.5433,0.4226693458239168,0.5753,0.6999868526888776,0.4051,0.42265281220383477,13.819999999999999
convnext_femto,3,1,0.8,0.7369,0.4242108946319652,0.5433,0.4226693458239168,0.7369,0.4242108946319652,0.5433,0.4226693458239168,0.6118,0.7999875756360719,0.4051,0.42265281220383477,13.819999999999999
convnext_femto,3,1,0.9,0.7369,0.4242108946319652,0.5433,0.4226693458239168,0.7369,0.4242108946319652,0.5433,0.4226693458239168,0.6255,0.8999901515151514,0.4051,0.42265281220383477,13.819999999999999
convnext_femto,3,1,0.95,0.7369,0.4242108946319652,0.5433,0.4226693458239168,0.7369,0.4242108946319652,0.5433,0.4226693458239168,0.6262,0.9499895743724334,0.4051,0.42265281220383477,13.819999999999999
convnext_femto,1,2,0.4,0.7055469069267152,0.4,0.5236740564059179,0.4000000000000001,0.6663,0.3681905111661928,0.4947,0.361721598503074,0.3821,0.3999793650215061,0.3821,0.39997936502150616,14.157405640591792
convnext_femto,1,2,0.5,0.7372,0.4256547277101406,0.542,0.4242108946319652,0.7372,0.4256547277101407,0.542,0.4242108946319652,0.4578,0.4999818601006052,0.4007,0.42420077883891033,14.130000000000004
convnext_femto,1,2,0.6,0.7372,0.4256547277101406,0.542,0.4242108946319652,0.7372,0.4256547277101407,0.542,0.4242108946319652,0.5179,0.5999900616023912,0.4007,0.42420077883891033,14.130000000000004
convnext_femto,1,2,0.7,0.7372,0.4256547277101406,0.542,0.4242108946319652,0.7372,0.4256547277101407,0.542,0.4242108946319652,0.5727,0.6999944162960803,0.4007,0.42420077883891033,14.130000000000004
convnext_femto,1,2,0.8,0.7372,0.4256547277101406,0.542,0.4242108946319652,0.7372,0.4256547277101407,0.542,0.4242108946319652,0.6093,0.799982886807125,0.4007,0.42420077883891033,14.130000000000004
convnext_femto,1,2,0.9,0.7372,0.4256547277101406,0.542,0.4242108946319652,0.7372,0.4256547277101407,0.542,0.4242108946319652,0.6232,0.8999863284002818,0.4007,0.42420077883891033,14.130000000000004
convnext_femto,1,2,0.95,0.7372,0.4256547277101406,0.542,0.4242108946319652,0.7372,0.4256547277101407,0.542,0.4242108946319652,0.6242,0.9499988694077908,0.4007,0.42420077883891033,14.130000000000004
convnext_femto,3,2,0.4,0.7055469069267152,0.4,0.5201776859686346,0.4,0.6663,0.3681905111661928,0.492,0.3645567319141698,0.3821,0.3999793650215061,0.3821,0.39997936502150616,13.807768596863458
convnext_femto,3,2,0.5,0.7372,0.4256547277101406,0.5382,0.4226693458239168,0.7372,0.4256547277101407,0.5382,0.4226693458239168,0.4578,0.4999818601006052,0.3998,0.42264380999246676,13.840000000000002
convnext_femto,3,2,0.6,0.7372,0.4256547277101406,0.5382,0.4226693458239168,0.7372,0.4256547277101407,0.5382,0.4226693458239168,0.5179,0.5999900616023912,0.3998,0.42264380999246676,13.840000000000002
convnext_femto,3,2,0.7,0.7372,0.4256547277101406,0.5382,0.4226693458239168,0.7372,0.4256547277101407,0.5382,0.4226693458239168,0.5727,0.6999944162960803,0.3998,0.42264380999246676,13.840000000000002
convnext_femto,3,2,0.8,0.7372,0.4256547277101406,0.5382,0.4226693458239168,0.7372,0.4256547277101407,0.5382,0.4226693458239168,0.6093,0.799982886807125,0.3998,0.42264380999246676,13.840000000000002
convnext_femto,3,2,0.9,0.7372,0.4256547277101406,0.5382,0.4226693458239168,0.7372,0.4256547277101407,0.5382,0.4226693458239168,0.6232,0.8999863284002818,0.3998,0.42264380999246676,13.840000000000002
convnext_femto,3,2,0.95,0.7372,0.4256547277101406,0.5382,0.4226693458239168,0.7372,0.4256547277101407,0.5382,0.4226693458239168,0.6242,0.9499988694077908,0.3998,0.42264380999246676,13.840000000000002
convnext_femto,1,3,0.4,0.7043303048474264,0.4,0.509338985207459,0.4000000000000001,0.6606,0.3645567319141698,0.4811,0.361721598503074,0.384,0.3999666776020024,0.384,0.39996667760200244,12.5338985207459
convnext_femto,1,3,0.5,0.7323,0.4226693458239168,0.5272,0.4242108946319652,0.7323,0.4226693458239168,0.5272,0.4242108946319652,0.4552,0.4999918076109936,0.403,0.4241925354183374,12.419999999999998
convnext_femto,1,3,0.6,0.7323,0.4226693458239168,0.5272,0.4242108946319652,0.7323,0.4226693458239168,0.5272,0.4242108946319652,0.5158,0.5999857263492989,0.403,0.4241925354183374,12.419999999999998
convnext_femto,1,3,0.7,0.7323,0.4226693458239168,0.5272,0.4242108946319652,0.7323,0.4226693458239168,0.5272,0.4242108946319652,0.5626,0.6999813996014678,0.403,0.4241925354183374,12.419999999999998
convnext_femto,1,3,0.8,0.7323,0.4226693458239168,0.5272,0.4242108946319652,0.7323,0.4226693458239168,0.5272,0.4242108946319652,0.602,0.7999962218415105,0.403,0.4241925354183374,12.419999999999998
convnext_femto,1,3,0.9,0.7323,0.4226693458239168,0.5272,0.4242108946319652,0.7323,0.4226693458239168,0.5272,0.4242108946319652,0.6178,0.8999843539646667,0.403,0.4241925354183374,12.419999999999998
convnext_femto,1,3,0.95,0.7323,0.4226693458239168,0.5272,0.4242108946319652,0.7323,0.4226693458239168,0.5272,0.4242108946319652,0.6169,0.9499966464970474,0.403,0.4241925354183374,12.419999999999998
convnext_femto,2,3,0.4,0.7043303048474264,0.4,0.5089134891288307,0.4,0.6606,0.3645567319141698,0.485,0.3681905111661928,0.384,0.3999666776020024,0.384,0.39996667760200244,12.49134891288307
convnext_femto,2,3,0.5,0.7323,0.4226693458239168,0.5282,0.4256547277101406,0.7323,0.4226693458239168,0.5282,0.4256547277101407,0.4552,0.4999918076109936,0.404,0.42563827124492726,12.419999999999998
convnext_femto,2,3,0.6,0.7323,0.4226693458239168,0.5282,0.4256547277101406,0.7323,0.4226693458239168,0.5282,0.4256547277101407,0.5158,0.5999857263492989,0.404,0.42563827124492726,12.419999999999998
convnext_femto,2,3,0.7,0.7323,0.4226693458239168,0.5282,0.4256547277101406,0.7323,0.4226693458239168,0.5282,0.4256547277101407,0.5626,0.6999813996014678,0.404,0.42563827124492726,12.419999999999998
convnext_femto,2,3,0.8,0.7323,0.4226693458239168,0.5282,0.4256547277101406,0.7323,0.4226693458239168,0.5282,0.4256547277101407,0.602,0.7999962218415105,0.404,0.42563827124492726,12.419999999999998
convnext_femto,2,3,0.9,0.7323,0.4226693458239168,0.5282,0.4256547277101406,0.7323,0.4226693458239168,0.5282,0.4256547277101407,0.6178,0.8999843539646667,0.404,0.42563827124492726,12.419999999999998
convnext_femto,2,3,0.95,0.7323,0.4226693458239168,0.5282,0.4256547277101406,0.7323,0.4226693458239168,0.5282,0.4256547277101407,0.6169,0.9499966464970474,0.404,0.42563827124492726,12.419999999999998
mixer_nano,2,1,0.4,0.5683817997685187,0.4000000000000001,0.3284079831787824,0.4,0.5128,0.3584625722484761,0.325,0.395454945332174,0.2844,0.399976235375737,0.2844,0.39997623537573707,4.400798317878241
mixer_nano,2,1,0.5,0.6883,0.4896173495452232,0.3626,0.4456001621789645,0.6883,0.4896173495452232,0.3626,0.4456001621789645,0.3517,0.4999926514909201,0.3151,0.4455752514900192,4.749999999999998
mixer_nano,2,1,0.6,0.6883,0.4896173495452232,0.3626,0.4456001621789645,0.6883,0.4896173495452232,0.3626,0.4456001621789645,0.4163,0.599984156917158,0.3151,0.4455752514900192,4.749999999999998
mixer_nano,2,1,0.7,0.6883,0.4896173495452232,0.3626,0.4456001621789645,0.6883,0.4896173495452232,0.3626,0.4456001621789645,0.4817,0.6999881176878685,0.3151,0.4455752514900192,4.749999999999998
mixer_nano,2,1,0.8,0.6883,0.4896173495452232,0.3626,0.4456001621789645,0.6883,0.4896173495452232,0.3626,0.4456001621789645,0.5389,0.799954712425161,0.3151,0.4455752514900192,4.749999999999998
mixer_nano,2,1,0.9,0.6883,0.4896173495452232,0.3626,0.4456001621789645,0.6883,0.4896173495452232,0.3626,0.4456001621789645,0.5817,0.8999960392292895,0.3151,0.4455752514900192,4.749999999999998
mixer_nano,2,1,0.95,0.6883,0.4896173495452232,0.3626,0.4456001621789645,0.6883,0.4896173495452232,0.3626,0.4456001621789645,0.5925,0.9499917919424083,0.3151,0.4455752514900192,4.749999999999998
mixer_nano,3,1,0.4,0.5683817997685187,0.4000000000000001,0.3119291747150398,0.4,0.5128,0.3584625722484761,0.2184,0.2773907350761564,0.2844,0.399976235375737,0.2844,0.39997623537573707,2.7529174715039795
mixer_nano,3,1,0.5,0.6883,0.4896173495452232,0.3618,0.4700250926897832,0.6883,0.4896173495452232,0.3618,0.4700250926897832,0.3517,0.4999926514909201,0.3297,0.4700126373453105,3.2100000000000017
mixer_nano,3,1,0.6,0.6883,0.4896173495452232,0.3618,0.4700250926897832,0.6883,0.4896173495452232,0.3618,0.4700250926897832,0.4163,0.599984156917158,0.3297,0.4700126373453105,3.2100000000000017
mixer_nano,3,1,0.7,0.6883,0.4896173495452232,0.3618,0.4700250926897832,0.6883,0.4896173495452232,0.3618,0.4700250926897832,0.4817,0.6999881176878685,0.3297,0.4700126373453105,3.2100000000000017
mixer_nano,3,1,0.8,0.6883,0.4896173495452232,0.3618,0.4700250926897832,0.6883,0.4896173495452232,0.3618,0.4700250926897832,0.5389,0.799954712425161,0.3297,0.4700126373453105,3.2100000000000017
mixer_nano,3,1,0.9,0.6883,0.4896173495452232,0.3618,0.4700250926897832,0.6883,0.4896173495452232,0.3618,0.4700250926897832,0.5817,0.8999960392292895,0.3297,0.4700126373453105,3.2100000000000017
mixer_nano,3,1,0.95,0.6883,0.4896173495452232,0.3618,0.4700250926897832,0.6883,0.4896173495452232,0.3618,0.4700250926897832,0.5925,0.9499917919424083,0.3297,0.4700126373453105,3.2100000000000017
mixer_nano,1,2,0.4,0.6444817997685185,0.4,0.4241128858849056,0.4000000000000001,0.6384,0.395454945332174,0.3869,0.3584625722484761,0.3614,0.3999886907202097,0.3614,0.3999886907202097,6.271288588490559
mixer_nano,1,2,0.5,0.7055,0.4456001621789645,0.5044,0.4896173495452232,0.7055,0.4456001621789645,0.5044,0.4896173495452232,0.4315,0.4999926514909202,0.4262,0.48961734954522307,7.819999999999993
mixer_nano,1,2,0.6,0.7055,0.4456001621789645,0.5044,0.4896173495452232,0.7055,0.4456001621789645,0.5044,0.4896173495452232,0.4974,0.5999966122616306,0.4262,0.48961734954522307,7.819999999999993
mixer_nano,1,2,0.7,0.7055,0.4456001621789645,0.5044,0.4896173495452232,0.7055,0.4456001621789645,0.5044,0.4896173495452232,0.5534,0.6999507516544506,0.4262,0.48961734954522307,7.819999999999993
mixer_nano,1,2,0.8,0.7055,0.4456001621789645,0.5044,0.4896173495452232,0.7055,0.4456001621789645,0.5044,0.4896173495452232,0.5835,0.7999920784585789,0.4262,0.48961734954522307,7.819999999999993
mixer_nano,1,2,0.9,0.7055,0.4456001621789645,0.5044,0.4896173495452232,0.7055,0.4456001621789645,0.5044,0.4896173495452232,0.5987,0.8999960392292895,0.4262,0.48961734954522307,7.819999999999993
mixer_nano,1,2,0.95,0.7055,0.4456001621789645,0.5044,0.4896173495452232,0.7055,0.4456001621789645,0.5044,0.4896173495452232,0.5999,0.9499793365979358,0.4262,0.48961734954522307,7.819999999999993
mixer_nano,3,2,0.4,0.6444817997685185,0.4,0.4156245626519363,0.4,0.6384,0.395454945332174,0.2739,0.2773907350761564,0.3614,0.3999886907202097,0.3614,0.3999886907202097,5.422456265193631
mixer_nano,3,2,0.5,0.7055,0.4456001621789645,0.48,0.4700250926897832,0.7055,0.4456001621789645,0.48,0.4700250926897832,0.4315,0.4999926514909202,0.4128,0.4700250926897832,6.719999999999998
mixer_nano,3,2,0.6,0.7055,0.4456001621789645,0.48,0.4700250926897832,0.7055,0.4456001621789645,0.48,0.4700250926897832,0.4974,0.5999966122616306,0.4128,0.4700250926897832,6.719999999999998
mixer_nano,3,2,0.7,0.7055,0.4456001621789645,0.48,0.4700250926897832,0.7055,0.4456001621789645,0.48,0.4700250926897832,0.5534,0.6999507516544506,0.4128,0.4700250926897832,6.719999999999998
mixer_nano,3,2,0.8,0.7055,0.4456001621789645,0.48,0.4700250926897832,0.7055,0.4456001621789645,0.48,0.4700250926897832,0.5835,0.7999920784585789,0.4128,0.4700250926897832,6.719999999999998
mixer_nano,3,2,0.9,0.7055,0.4456001621789645,0.48,0.4700250926897832,0.7055,0.4456001621789645,0.48,0.4700250926897832,0.5987,0.8999960392292895,0.4128,0.4700250926897832,6.719999999999998
mixer_nano,3,2,0.95,0.7055,0.4456001621789645,0.48,0.4700250926897832,0.7055,0.4456001621789645,0.48,0.4700250926897832,0.5999,0.9499793365979358,0.4128,0.4700250926897832,6.719999999999998
mixer_nano,1,3,0.4,0.5702976996527778,0.4,0.2925078975084415,0.4000000000000001,0.3242,0.2773907350761564,0.2552,0.3584625722484761,0.3161,0.399976235375737,0.3161,0.39997623537573707,-2.359210249155852
mixer_nano,1,3,0.5,0.6909,0.4700250926897832,0.373,0.4896173495452232,0.6909,0.4700250926897832,0.373,0.4896173495452232,0.4034,0.4999926514909202,0.393,0.48959243885627785,-2.0000000000000018
mixer_nano,1,3,0.6,0.6909,0.4700250926897832,0.373,0.4896173495452232,0.6909,0.4700250926897832,0.373,0.4896173495452232,0.4869,0.5999717015726854,0.393,0.48959243885627785,-2.0000000000000018
mixer_nano,1,3,0.7,0.6909,0.4700250926897832,0.373,0.4896173495452232,0.6909,0.4700250926897832,0.373,0.4896173495452232,0.5584,0.6999756623433959,0.393,0.48959243885627785,-2.0000000000000018
mixer_nano,1,3,0.8,0.6909,0.4700250926897832,0.373,0.4896173495452232,0.6909,0.4700250926897832,0.373,0.4896173495452232,0.5988,0.7999796231141064,0.393,0.48959243885627785,-2.0000000000000018
mixer_nano,1,3,0.9,0.6909,0.4700250926897832,0.373,0.4896173495452232,0.6909,0.4700250926897832,0.373,0.4896173495452232,0.6065,0.8999835838848168,0.393,0.48959243885627785,-2.0000000000000018
mixer_nano,1,3,0.95,0.6909,0.4700250926897832,0.373,0.4896173495452232,0.6909,0.4700250926897832,0.373,0.4896173495452232,0.6062,0.9499793365979358,0.393,0.48959243885627785,-2.0000000000000018
mixer_nano,2,3,0.4,0.5702976996527778,0.4,0.2946354728983827,0.4,0.3242,0.2773907350761564,0.2913,0.395454945332174,0.3161,0.399976235375737,0.3161,0.39997623537573707,-2.146452710161728
mixer_nano,2,3,0.5,0.6909,0.4700250926897832,0.3281,0.4456001621789645,0.6909,0.4700250926897832,0.3281,0.4456001621789645,0.4034,0.4999926514909202,0.355,0.4455752514900192,-2.6899999999999977
mixer_nano,2,3,0.6,0.6909,0.4700250926897832,0.3281,0.4456001621789645,0.6909,0.4700250926897832,0.3281,0.4456001621789645,0.4869,0.5999717015726854,0.355,0.4455752514900192,-2.6899999999999977
mixer_nano,2,3,0.7,0.6909,0.4700250926897832,0.3281,0.4456001621789645,0.6909,0.4700250926897832,0.3281,0.4456001621789645,0.5584,0.6999756623433959,0.355,0.4455752514900192,-2.6899999999999977
mixer_nano,2,3,0.8,0.6909,0.4700250926897832,0.3281,0.4456001621789645,0.6909,0.4700250926897832,0.3281,0.4456001621789645,0.5988,0.7999796231141064,0.355,0.4455752514900192,-2.6899999999999977
mixer_nano,2,3,0.9,0.6909,0.4700250926897832,0.3281,0.4456001621789645,0.6909,0.4700250926897832,0.3281,0.4456001621789645,0.6065,0.8999835838848168,0.355,0.4455752514900192,-2.6899999999999977
mixer_nano,2,3,0.95,0.6909,0.4700250926897832,0.3281,0.4456001621789645,0.6909,0.4700250926897832,0.3281,0.4456001621789645,0.6062,0.9499793365979358,0.355,0.4455752514900192,-2.6899999999999977
mobilenetv2,2,1,0.4,0.6848529465710254,0.4,0.4969411079346939,0.4,0.6128,0.3442888303962709,0.4396,0.3403183010857056,0.367,0.3999988924988666,0.367,0.3999988924988666,12.994110793469392
mobilenetv2,2,1,0.5,0.7685,0.4646757058830367,0.5621,0.4678185950341171,0.7685,0.4646757058830367,0.5621,0.467818595034117,0.4509,0.4999613199925605,0.4246,0.4678123119776349,13.750000000000007
mobilenetv2,2,1,0.6,0.7685,0.4646757058830367,0.5621,0.4678185950341171,0.7685,0.4646757058830367,0.5621,0.467818595034117,0.5247,0.5999988715752032,0.4246,0.4678123119776349,13.750000000000007
mobilenetv2,2,1,0.7,0.7685,0.4646757058830367,0.5621,0.4678185950341171,0.7685,0.4646757058830367,0.5621,0.467818595034117,0.5966,0.6999711084891953,0.4246,0.4678123119776349,13.750000000000007
mobilenetv2,2,1,0.8,0.7685,0.4646757058830367,0.5621,0.4678185950341171,0.7685,0.4646757058830367,0.5621,0.467818595034117,0.6514,0.7999776453904007,0.4246,0.4678123119776349,13.750000000000007
mobilenetv2,2,1,0.9,0.7685,0.4646757058830367,0.5621,0.4678185950341171,0.7685,0.4646757058830367,0.5621,0.467818595034117,0.6861,0.8999742575005523,0.4246,0.4678123119776349,13.750000000000007
mobilenetv2,2,1,0.95,0.7685,0.4646757058830367,0.5621,0.4678185950341171,0.7685,0.4646757058830367,0.5621,0.467818595034117,0.6923,0.9499759919850744,0.4246,0.4678123119776349,13.750000000000007
mobilenetv2,3,1,0.4,0.6848529465710254,0.4,0.4921283673602904,0.4,0.6128,0.3442888303962709,0.443,0.3471443520638869,0.367,0.3999988924988666,0.367,0.3999988924988666,12.512836736029042
mobilenetv2,3,1,0.5,0.7685,0.4646757058830367,0.56,0.4730209309286619,0.7685,0.4646757058830367,0.56,0.4730209309286619,0.4509,0.4999613199925605,0.4295,0.4730131570611552,13.050000000000006
mobilenetv2,3,1,0.6,0.7685,0.4646757058830367,0.56,0.4730209309286619,0.7685,0.4646757058830367,0.56,0.4730209309286619,0.5247,0.5999988715752032,0.4295,0.4730131570611552,13.050000000000006
mobilenetv2,3,1,0.7,0.7685,0.4646757058830367,0.56,0.4730209309286619,0.7685,0.4646757058830367,0.56,0.4730209309286619,0.5966,0.6999711084891953,0.4295,0.4730131570611552,13.050000000000006
mobilenetv2,3,1,0.8,0.7685,0.4646757058830367,0.56,0.4730209309286619,0.7685,0.4646757058830367,0.56,0.4730209309286619,0.6514,0.7999776453904007,0.4295,0.4730131570611552,13.050000000000006
mobilenetv2,3,1,0.9,0.7685,0.4646757058830367,0.56,0.4730209309286619,0.7685,0.4646757058830367,0.56,0.4730209309286619,0.6861,0.8999742575005523,0.4295,0.4730131570611552,13.050000000000006
mobilenetv2,3,1,0.95,0.7685,0.4646757058830367,0.56,0.4730209309286619,0.7685,0.4646757058830367,0.56,0.4730209309286619,0.6923,0.9499759919850744,0.4295,0.4730131570611552,13.050000000000006
mobilenetv2,1,2,0.4,0.6794881526402532,0.4,0.4838613775802206,0.4,0.6023,0.3403183010857056,0.4318,0.3442888303962709,0.3613,0.3999840753484371,0.3613,0.3999840753484371,12.256137758022057
mobilenetv2,1,2,0.5,0.7672,0.4678185950341171,0.5443,0.4646757058830367,0.7672,0.467818595034117,0.5443,0.4646757058830367,0.4435,0.4999860667290501,0.4148,0.4646481071349692,12.950000000000001
mobilenetv2,1,2,0.6,0.7672,0.4678185950341171,0.5443,0.4646757058830367,0.7672,0.467818595034117,0.5443,0.4646757058830367,0.5222,0.599974464702942,0.4148,0.4646481071349692,12.950000000000001
mobilenetv2,1,2,0.7,0.7672,0.4678185950341171,0.5443,0.4646757058830367,0.7672,0.467818595034117,0.5443,0.4646757058830367,0.594,0.6999820310774525,0.4148,0.4646481071349692,12.950000000000001
mobilenetv2,1,2,0.8,0.7672,0.4678185950341171,0.5443,0.4646757058830367,0.7672,0.467818595034117,0.5443,0.4646757058830367,0.6472,0.7999955451486161,0.4148,0.4646481071349692,12.950000000000001
mobilenetv2,1,2,0.9,0.7672,0.4678185950341171,0.5443,0.4646757058830367,0.7672,0.467818595034117,0.5443,0.4646757058830367,0.6824,0.8999747900368489,0.4148,0.4646481071349692,12.950000000000001
mobilenetv2,1,2,0.95,0.7672,0.4678185950341171,0.5443,0.4646757058830367,0.7672,0.467818595034117,0.5443,0.4646757058830367,0.6901,0.9499932323572832,0.4148,0.4646481071349692,12.950000000000001
mobilenetv2,3,2,0.4,0.6794881526402532,0.4,0.4756824966118427,0.4,0.6023,0.3403183010857056,0.4271,0.3471443520638869,0.3613,0.3999840753484371,0.3613,0.3999840753484371,11.438249661184269
mobilenetv2,3,2,0.5,0.7672,0.4678185950341171,0.5428,0.4730209309286619,0.7672,0.467818595034117,0.5428,0.4730209309286619,0.4435,0.4999860667290501,0.422,0.47299487631790016,12.079999999999997
mobilenetv2,3,2,0.6,0.7672,0.4678185950341171,0.5428,0.4730209309286619,0.7672,0.467818595034117,0.5428,0.4730209309286619,0.5222,0.599974464702942,0.422,0.47299487631790016,12.079999999999997
mobilenetv2,3,2,0.7,0.7672,0.4678185950341171,0.5428,0.4730209309286619,0.7672,0.467818595034117,0.5428,0.4730209309286619,0.594,0.6999820310774525,0.422,0.47299487631790016,12.079999999999997
mobilenetv2,3,2,0.8,0.7672,0.4678185950341171,0.5428,0.4730209309286619,0.7672,0.467818595034117,0.5428,0.4730209309286619,0.6472,0.7999955451486161,0.422,0.47299487631790016,12.079999999999997
mobilenetv2,3,2,0.9,0.7672,0.4678185950341171,0.5428,0.4730209309286619,0.7672,0.467818595034117,0.5428,0.4730209309286619,0.6824,0.8999747900368489,0.422,0.47299487631790016,12.079999999999997
mobilenetv2,3,2,0.95,0.7672,0.4678185950341171,0.5428,0.4730209309286619,0.7672,0.467818595034117,0.5428,0.4730209309286619,0.6901,0.9499932323572832,0.422,0.47299487631790016,12.079999999999997
mobilenetv2,1,3,0.4,0.6731598137286775,0.4,0.470572020301932,0.4,0.6048,0.3471443520638869,0.4174,0.3442888303962709,0.357,0.3999896887023841,0.357,0.3999896887023841,11.357202030193204
mobilenetv2,1,3,0.5,0.7676,0.4730209309286619,0.5323,0.4646757058830367,0.7676,0.4730209309286619,0.5323,0.4646757058830367,0.4428,0.499955297900659,0.4148,0.46467132179432047,11.75
mobilenetv2,1,3,0.6,0.7676,0.4730209309286619,0.5323,0.4646757058830367,0.7676,0.4730209309286619,0.5323,0.4646757058830367,0.5251,0.5999606577004893,0.4148,0.46467132179432047,11.75
mobilenetv2,1,3,0.7,0.7676,0.4730209309286619,0.5323,0.4646757058830367,0.7676,0.4730209309286619,0.5323,0.4646757058830367,0.593,0.6999716651458264,0.4148,0.46467132179432047,11.75
mobilenetv2,1,3,0.8,0.7676,0.4730209309286619,0.5323,0.4646757058830367,0.7676,0.4730209309286619,0.5323,0.4646757058830367,0.6516,0.7999923702732863,0.4148,0.46467132179432047,11.75
mobilenetv2,1,3,0.9,0.7676,0.4730209309286619,0.5323,0.4646757058830367,0.7676,0.4730209309286619,0.5323,0.4646757058830367,0.6906,0.8999867705778419,0.4148,0.46467132179432047,11.75
mobilenetv2,1,3,0.95,0.7676,0.4730209309286619,0.5323,0.4646757058830367,0.7676,0.4730209309286619,0.5323,0.4646757058830367,0.6984,0.9499826651806992,0.4148,0.46467132179432047,11.75
mobilenetv2,2,3,0.4,0.6731598137286775,0.4,0.4665070625961849,0.4,0.6048,0.3471443520638869,0.4094,0.3403183010857056,0.357,0.3999896887023841,0.357,0.3999896887023841,10.950706259618492
mobilenetv2,2,3,0.5,0.7676,0.4730209309286619,0.5314,0.4678185950341171,0.7676,0.4730209309286619,0.5314,0.467818595034117,0.4428,0.499955297900659,0.4169,0.46781358657746985,11.45
mobilenetv2,2,3,0.6,0.7676,0.4730209309286619,0.5314,0.4678185950341171,0.7676,0.4730209309286619,0.5314,0.467818595034117,0.5251,0.5999606577004893,0.4169,0.46781358657746985,11.45
mobilenetv2,2,3,0.7,0.7676,0.4730209309286619,0.5314,0.4678185950341171,0.7676,0.4730209309286619,0.5314,0.467818595034117,0.593,0.6999716651458264,0.4169,0.46781358657746985,11.45
mobilenetv2,2,3,0.8,0.7676,0.4730209309286619,0.5314,0.4678185950341171,0.7676,0.4730209309286619,0.5314,0.467818595034117,0.6516,0.7999923702732863,0.4169,0.46781358657746985,11.45
mobilenetv2,2,3,0.9,0.7676,0.4730209309286619,0.5314,0.4678185950341171,0.7676,0.4730209309286619,0.5314,0.467818595034117,0.6906,0.8999867705778419,0.4169,0.46781358657746985,11.45
mobilenetv2,2,3,0.95,0.7676,0.4730209309286619,0.5314,0.4678185950341171,0.7676,0.4730209309286619,0.5314,0.467818595034117,0.6984,0.9499826651806992,0.4169,0.46781358657746985,11.45
resnet110,2,1,0.4,0.5679709249063979,0.4,0.3807434930692738,0.4,0.3479,0.2705573441255792,0.2113,0.2620637041164376,0.2282,0.3999924694025315,0.2282,0.3999924694025315,15.25434930692738
resnet110,2,1,0.5,0.703766305829499,0.5,0.4768335981426153,0.5,0.6056,0.4221328983839439,0.3889,0.4066398439561973,0.316,0.4999926161834139,0.316,0.4999926161834139,16.083359814261527
resnet110,2,1,0.6,0.7917,0.5697504285364686,0.5505,0.5782125025912919,0.7917,0.5697504285364686,0.5505,0.5782125025912919,0.4169,0.5999957864583386,0.3931,0.5781801082072913,15.739999999999998
resnet110,2,1,0.7,0.7917,0.5697504285364686,0.5505,0.5782125025912919,0.7917,0.5697504285364686,0.5505,0.5782125025912919,0.5184,0.6999918999250674,0.3931,0.5781801082072913,15.739999999999998
resnet110,2,1,0.8,0.7917,0.5697504285364686,0.5505,0.5782125025912919,0.7917,0.5697504285364686,0.5505,0.5782125025912919,0.6239,0.7999873120491784,0.3931,0.5781801082072913,15.739999999999998
resnet110,2,1,0.9,0.7917,0.5697504285364686,0.5505,0.5782125025912919,0.7917,0.5697504285364686,0.5505,0.5782125025912919,0.7108,0.8999821526227917,0.3931,0.5781801082072913,15.739999999999998
resnet110,2,1,0.95,0.7917,0.5697504285364686,0.5505,0.5782125025912919,0.7917,0.5697504285364686,0.5505,0.5782125025912919,0.7278,0.949991138666726,0.3931,0.5781801082072913,15.739999999999998
resnet110,3,1,0.4,0.5679709249063979,0.4,0.3984367650484801,0.4,0.3479,0.2705573441255792,0.2373,0.2708435363574678,0.2282,0.3999924694025315,0.2282,0.3999924694025315,17.02367650484801
resnet110,3,1,0.5,0.703766305829499,0.5,0.5008847219448124,0.5,0.6056,0.4221328983839439,0.4358,0.429947872511475,0.316,0.4999926161834139,0.316,0.4999926161834139,18.488472194481236
resnet110,3,1,0.6,0.7917,0.5697504285364686,0.5885,0.5943022639548018,0.7917,0.5697504285364686,0.5885,0.5943022639548019,0.4169,0.5999957864583386,0.4103,0.5942787926147424,17.820000000000004
resnet110,3,1,0.7,0.7917,0.5697504285364686,0.5885,0.5943022639548018,0.7917,0.5697504285364686,0.5885,0.5943022639548019,0.5184,0.6999918999250674,0.4103,0.5942787926147424,17.820000000000004
resnet110,3,1,0.8,0.7917,0.5697504285364686,0.5885,0.5943022639548018,0.7917,0.5697504285364686,0.5885,0.5943022639548019,0.6239,0.7999873120491784,0.4103,0.5942787926147424,17.820000000000004
resnet110,3,1,0.9,0.7917,0.5697504285364686,0.5885,0.5943022639548018,0.7917,0.5697504285364686,0.5885,0.5943022639548019,0.7108,0.8999821526227917,0.4103,0.5942787926147424,17.820000000000004
resnet110,3,1,0.95,0.7917,0.5697504285364686,0.5885,0.5943022639548018,0.7917,0.5697504285364686,0.5885,0.5943022639548019,0.7278,0.949991138666726,0.4103,0.5942787926147424,17.820000000000004
resnet110,1,2,0.4,0.5752113209258305,0.4,0.37532501614958,0.4,0.3407,0.2620637041164376,0.2316,0.2705573441255792,0.2347,0.3999888829534962,0.2347,0.39998888295349627,14.062501614958004
resnet110,1,2,0.5,0.704198250484206,0.5,0.474170907365897,0.5,0.5865,0.4066398439561973,0.3999,0.4221328983839439,0.3142,0.4999962076886283,0.3142,0.49999620768862835,15.997090736589703
resnet110,1,2,0.6,0.8028,0.5782125025912919,0.5407,0.5697504285364686,0.8028,0.5782125025912919,0.5407,0.5697504285364686,0.4003,0.5999950313685358,0.373,0.5697473660340038,16.769999999999996
resnet110,1,2,0.7,0.8028,0.5782125025912919,0.5407,0.5697504285364686,0.8028,0.5782125025912919,0.5407,0.5697504285364686,0.5027,0.6999617181503687,0.373,0.5697473660340038,16.769999999999996
resnet110,1,2,0.8,0.8028,0.5782125025912919,0.5407,0.5697504285364686,0.8028,0.5782125025912919,0.5407,0.5697504285364686,0.6079,0.7999969762784296,0.373,0.5697473660340038,16.769999999999996
resnet110,1,2,0.9,0.8028,0.5782125025912919,0.5407,0.5697504285364686,0.8028,0.5782125025912919,0.5407,0.5697504285364686,0.7036,0.8999953698038909,0.373,0.5697473660340038,16.769999999999996
resnet110,1,2,0.95,0.8028,0.5782125025912919,0.5407,0.5697504285364686,0.8028,0.5782125025912919,0.5407,0.5697504285364686,0.7325,0.9499826279289182,0.373,0.5697473660340038,16.769999999999996
resnet110,3,2,0.4,0.5752113209258305,0.4,0.3805719554228945,0.4,0.3407,0.2620637041164376,0.2308,0.2708435363574678,0.2347,0.3999888829534962,0.2347,0.39998888295349627,14.587195542289452
resnet110,3,2,0.5,0.704198250484206,0.5,0.4832830592678295,0.5,0.5865,0.4066398439561973,0.4153,0.429947872511475,0.3142,0.4999962076886283,0.3142,0.49999620768862835,16.90830592678295
resnet110,3,2,0.6,0.8028,0.5782125025912919,0.5748,0.5943022639548018,0.8028,0.5782125025912919,0.5748,0.5943022639548019,0.4003,0.5999950313685358,0.3948,0.5942987470029497,18.0
resnet110,3,2,0.7,0.8028,0.5782125025912919,0.5748,0.5943022639548018,0.8028,0.5782125025912919,0.5748,0.5943022639548019,0.5027,0.6999617181503687,0.3948,0.5942987470029497,18.0
resnet110,3,2,0.8,0.8028,0.5782125025912919,0.5748,0.5943022639548018,0.8028,0.5782125025912919,0.5748,0.5943022639548019,0.6079,0.7999969762784296,0.3948,0.5942987470029497,18.0
resnet110,3,2,0.9,0.8028,0.5782125025912919,0.5748,0.5943022639548018,0.8028,0.5782125025912919,0.5748,0.5943022639548019,0.7036,0.8999953698038909,0.3948,0.5942987470029497,18.0
resnet110,3,2,0.95,0.8028,0.5782125025912919,0.5748,0.5943022639548018,0.8028,0.5782125025912919,0.5748,0.5943022639548019,0.7325,0.9499826279289182,0.3948,0.5942987470029497,18.0
resnet110,1,3,0.4,0.544284357408634,0.4,0.3555794288642612,0.4,0.3247,0.2708435363574678,0.2034,0.2705573441255792,0.1979,0.3999821830357097,0.1979,0.39998218303570976,15.76794288642612
resnet110,1,3,0.5,0.6835140431366412,0.5,0.455290665902101,0.5,0.5952,0.429947872511475,0.3816,0.4221328983839439,0.2834,0.4999957553628364,0.2834,0.49999575536283647,17.1890665902101
resnet110,1,3,0.6,0.8024,0.5943022639548018,0.5213,0.5697504285364686,0.8024,0.5943022639548019,0.5213,0.5697504285364686,0.379,0.5999905450965679,0.3501,0.5697401571106564,17.119999999999997
resnet110,1,3,0.7,0.8024,0.5943022639548018,0.5213,0.5697504285364686,0.8024,0.5943022639548019,0.5213,0.5697504285364686,0.4854,0.6999999031236064,0.3501,0.5697401571106564,17.119999999999997
resnet110,1,3,0.8,0.8024,0.5943022639548018,0.5213,0.5697504285364686,0.8024,0.5943022639548019,0.5213,0.5697504285364686,0.6049,0.7999903909589448,0.3501,0.5697401571106564,17.119999999999997
resnet110,1,3,0.9,0.8024,0.5943022639548018,0.5213,0.5697504285364686,0.8024,0.5943022639548019,0.5213,0.5697504285364686,0.7018,0.8999996401264448,0.3501,0.5697401571106564,17.119999999999997
resnet110,1,3,0.95,0.8024,0.5943022639548018,0.5213,0.5697504285364686,0.8024,0.5943022639548019,0.5213,0.5697504285364686,0.7296,0.949981451052646,0.3501,0.5697401571106564,17.119999999999997
resnet110,2,3,0.4,0.544284357408634,0.4,0.344168531830313,0.4,0.3247,0.2708435363574678,0.1794,0.2620637041164376,0.1979,0.3999821830357097,0.1979,0.39998218303570976,14.626853183031299
resnet110,2,3,0.5,0.6835140431366412,0.5,0.4416116144459172,0.5,0.5952,0.429947872511475,0.3521,0.4066398439561973,0.2834,0.4999957553628364,0.2834,0.49999575536283647,15.82116144459172
resnet110,2,3,0.6,0.8024,0.5943022639548018,0.5166,0.5782125025912919,0.8024,0.5943022639548019,0.5166,0.5782125025912919,0.379,0.5999905450965679,0.3578,0.5781957467673318,15.879999999999994
resnet110,2,3,0.7,0.8024,0.5943022639548018,0.5166,0.5782125025912919,0.8024,0.5943022639548019,0.5166,0.5782125025912919,0.4854,0.6999999031236064,0.3578,0.5781957467673318,15.879999999999994
resnet110,2,3,0.8,0.8024,0.5943022639548018,0.5166,0.5782125025912919,0.8024,0.5943022639548019,0.5166,0.5782125025912919,0.6049,0.7999903909589448,0.3578,0.5781957467673318,15.879999999999994
resnet110,2,3,0.9,0.8024,0.5943022639548018,0.5166,0.5782125025912919,0.8024,0.5943022639548019,0.5166,0.5782125025912919,0.7018,0.8999996401264448,0.3578,0.5781957467673318,15.879999999999994
resnet110,2,3,0.95,0.8024,0.5943022639548018,0.5166,0.5782125025912919,0.8024,0.5943022639548019,0.5166,0.5782125025912919,0.7296,0.949981451052646,0.3578,0.5781957467673318,15.879999999999994
resnet20,2,1,0.4,0.5392306801370454,0.4,0.358660332285166,0.4,0.3238,0.2865259570458265,0.2233,0.2904364782783209,0.2272,0.3999999586074544,0.2272,0.3999999586074544,13.146033228516597
resnet20,2,1,0.5,0.6757356584464721,0.4999999999999999,0.4551634496766401,0.5,0.5542,0.4078848065839233,0.3664,0.4062646510796555,0.3112,0.4999887170819509,0.3112,0.4999887170819509,14.39634496766401
resnet20,2,1,0.6,0.7638,0.5667463685880751,0.5065,0.5542120599690182,0.7638,0.5667463685880751,0.5065,0.5542120599690182,0.3998,0.5999929631104617,0.3566,0.5541385902388851,14.989999999999998
resnet20,2,1,0.7,0.7638,0.5667463685880751,0.5065,0.5542120599690182,0.7638,0.5667463685880751,0.5065,0.5542120599690182,0.4962,0.6999699515205489,0.3566,0.5541385902388851,14.989999999999998
resnet20,2,1,0.8,0.7638,0.5667463685880751,0.5065,0.5542120599690182,0.7638,0.5667463685880751,0.5065,0.5542120599690182,0.592,0.7999941580066353,0.3566,0.5541385902388851,14.989999999999998
resnet20,2,1,0.9,0.7638,0.5667463685880751,0.5065,0.5542120599690182,0.7638,0.5667463685880751,0.5065,0.5542120599690182,0.6672,0.899985040200942,0.3566,0.5541385902388851,14.989999999999998
resnet20,2,1,0.95,0.7638,0.5667463685880751,0.5065,0.5542120599690182,0.7638,0.5667463685880751,0.5065,0.5542120599690182,0.6881,0.9499996693300052,0.3566,0.5541385902388851,14.989999999999998
resnet20,3,1,0.4,0.5392306801370454,0.4,0.3806075445897467,0.4,0.3238,0.2865259570458265,0.2309,0.2870128396854166,0.2272,0.3999999586074544,0.2272,0.3999999586074544,15.34075445897467
resnet20,3,1,0.5,0.6757356584464721,0.4999999999999999,0.4800355628620082,0.5,0.5542,0.4078848065839233,0.385,0.4033150704927594,0.3112,0.4999887170819509,0.3112,0.4999887170819509,16.883556286200825
resnet20,3,1,0.6,0.7638,0.5667463685880751,0.5451,0.5661936471849933,0.7638,0.5667463685880751,0.5451,0.5661936471849933,0.3998,0.5999929631104617,0.3679,0.5661658339030035,17.720000000000002
resnet20,3,1,0.7,0.7638,0.5667463685880751,0.5451,0.5661936471849933,0.7638,0.5667463685880751,0.5451,0.5661936471849933,0.4962,0.6999699515205489,0.3679,0.5661658339030035,17.720000000000002
resnet20,3,1,0.8,0.7638,0.5667463685880751,0.5451,0.5661936471849933,0.7638,0.5667463685880751,0.5451,0.5661936471849933,0.592,0.7999941580066353,0.3679,0.5661658339030035,17.720000000000002
resnet20,3,1,0.9,0.7638,0.5667463685880751,0.5451,0.5661936471849933,0.7638,0.5667463685880751,0.5451,0.5661936471849933,0.6672,0.899985040200942,0.3679,0.5661658339030035,17.720000000000002
resnet20,3,1,0.95,0.7638,0.5667463685880751,0.5451,0.5661936471849933,0.7638,0.5667463685880751,0.5451,0.5661936471849933,0.6881,0.9499996693300052,0.3679,0.5661658339030035,17.720000000000002
resnet20,1,2,0.4,0.5551065483543536,0.4,0.3875681998707251,0.4,0.3471,0.2904364782783209,0.236,0.2865259570458265,0.2396,0.3999822589041009,0.2396,0.39998225890410094,14.79681998707251
resnet20,1,2,0.5,0.6906732717835843,0.5,0.488787867275898,0.4999999999999999,0.567,0.4062646510796555,0.3981,0.4078848065839233,0.3242,0.4999899975854349,0.3242,0.4999899975854349,16.458786727589803
resnet20,1,2,0.6,0.7622,0.5542120599690182,0.5545,0.5667463685880751,0.7622,0.5542120599690182,0.5545,0.5667463685880751,0.4176,0.5999974854028561,0.3842,0.5667461266611895,17.03
resnet20,1,2,0.7,0.7622,0.5542120599690182,0.5545,0.5667463685880751,0.7622,0.5542120599690182,0.5545,0.5667463685880751,0.5101,0.6999856534064184,0.3842,0.5667461266611895,17.03
resnet20,1,2,0.8,0.7622,0.5542120599690182,0.5545,0.5667463685880751,0.7622,0.5542120599690182,0.5545,0.5667463685880751,0.6058,0.7999808081267364,0.3842,0.5667461266611895,17.03
resnet20,1,2,0.9,0.7622,0.5542120599690182,0.5545,0.5667463685880751,0.7622,0.5542120599690182,0.5545,0.5667463685880751,0.6711,0.8999462919177919,0.3842,0.5667461266611895,17.03
resnet20,1,2,0.95,0.7622,0.5542120599690182,0.5545,0.5667463685880751,0.7622,0.5542120599690182,0.5545,0.5667463685880751,0.6903,0.9499870054061174,0.3842,0.5667461266611895,17.03
resnet20,3,2,0.4,0.5551065483543536,0.4,0.4034424580529827,0.4,0.3471,0.2904364782783209,0.2447,0.2870128396854166,0.2396,0.3999822589041009,0.2396,0.39998225890410094,16.384245805298267
resnet20,3,2,0.5,0.6906732717835843,0.5,0.5013547590607214,0.5,0.567,0.4062646510796555,0.4081,0.4033150704927594,0.3242,0.4999899975854349,0.3242,0.4999899975854349,17.715475906072136
resnet20,3,2,0.6,0.7622,0.5542120599690182,0.5652,0.5661936471849933,0.7622,0.5542120599690182,0.5652,0.5661936471849933,0.4176,0.5999974854028561,0.3838,0.5661731523872837,18.140000000000008
resnet20,3,2,0.7,0.7622,0.5542120599690182,0.5652,0.5661936471849933,0.7622,0.5542120599690182,0.5652,0.5661936471849933,0.5101,0.6999856534064184,0.3838,0.5661731523872837,18.140000000000008
resnet20,3,2,0.8,0.7622,0.5542120599690182,0.5652,0.5661936471849933,0.7622,0.5542120599690182,0.5652,0.5661936471849933,0.6058,0.7999808081267364,0.3838,0.5661731523872837,18.140000000000008
resnet20,3,2,0.9,0.7622,0.5542120599690182,0.5652,0.5661936471849933,0.7622,0.5542120599690182,0.5652,0.5661936471849933,0.6711,0.8999462919177919,0.3838,0.5661731523872837,18.140000000000008
resnet20,3,2,0.95,0.7622,0.5542120599690182,0.5652,0.5661936471849933,0.7622,0.5542120599690182,0.5652,0.5661936471849933,0.6903,0.9499870054061174,0.3838,0.5661731523872837,18.140000000000008
resnet20,1,3,0.4,0.5399063325465029,0.4,0.3782320375062831,0.4,0.3254,0.2870128396854166,0.2319,0.2865259570458265,0.2194,0.3999816003863304,0.2194,0.3999816003863304,15.883203750628308
resnet20,1,3,0.5,0.6737649122988479,0.5,0.4773483301798131,0.4999999999999999,0.5462,0.4033150704927594,0.3884,0.4078848065839233,0.2971,0.4999791146385364,0.2971,0.49997911463853645,18.02483301798131
resnet20,1,3,0.6,0.7611,0.5661936471849933,0.5418,0.5667463685880751,0.7611,0.5661936471849933,0.5418,0.5667463685880751,0.3892,0.5999906948303219,0.356,0.5667046645008749,18.58
resnet20,1,3,0.7,0.7611,0.5661936471849933,0.5418,0.5667463685880751,0.7611,0.5661936471849933,0.5418,0.5667463685880751,0.4921,0.6999955093791745,0.356,0.5667046645008749,18.58
resnet20,1,3,0.8,0.7611,0.5661936471849933,0.5418,0.5667463685880751,0.7611,0.5661936471849933,0.5418,0.5667463685880751,0.59,0.79999311143375,0.356,0.5667046645008749,18.58
resnet20,1,3,0.9,0.7611,0.5661936471849933,0.5418,0.5667463685880751,0.7611,0.5661936471849933,0.5418,0.5667463685880751,0.6652,0.8999845698311059,0.356,0.5667046645008749,18.58
resnet20,1,3,0.95,0.7611,0.5661936471849933,0.5418,0.5667463685880751,0.7611,0.5661936471849933,0.5418,0.5667463685880751,0.6882,0.949999673249754,0.356,0.5667046645008749,18.58
resnet20,2,3,0.4,0.5399063325465029,0.4,0.3661521608286344,0.4,0.3254,0.2870128396854166,0.2289,0.2904364782783209,0.2194,0.3999816003863304,0.2194,0.3999816003863304,14.675216082863438
resnet20,2,3,0.5,0.6737649122988479,0.5,0.4621932347964904,0.5,0.5462,0.4033150704927594,0.374,0.4062646510796555,0.2971,0.4999791146385364,0.2971,0.49997911463853645,16.50932347964904
resnet20,2,3,0.6,0.7611,0.5661936471849933,0.5132,0.5542120599690182,0.7611,0.5661936471849933,0.5132,0.5542120599690182,0.3892,0.5999906948303219,0.345,0.5542046864514673,16.82
resnet20,2,3,0.7,0.7611,0.5661936471849933,0.5132,0.5542120599690182,0.7611,0.5661936471849933,0.5132,0.5542120599690182,0.4921,0.6999955093791745,0.345,0.5542046864514673,16.82
resnet20,2,3,0.8,0.7611,0.5661936471849933,0.5132,0.5542120599690182,0.7611,0.5661936471849933,0.5132,0.5542120599690182,0.59,0.79999311143375,0.345,0.5542046864514673,16.82
resnet20,2,3,0.9,0.7611,0.5661936471849933,0.5132,0.5542120599690182,0.7611,0.5661936471849933,0.5132,0.5542120599690182,0.6652,0.8999845698311059,0.345,0.5542046864514673,16.82
resnet20,2,3,0.95,0.7611,0.5661936471849933,0.5132,0.5542120599690182,0.7611,0.5661936471849933,0.5132,0.5542120599690182,0.6882,0.949999673249754,0.345,0.5542046864514673,16.82
resnet32x4,2,1,0.4,0.7141244315279222,0.4,0.5431630450286644,0.4,0.4717,0.25394060270682,0.5217,0.3781147407317202,0.396,0.3999934314722752,0.396,0.3999934314722752,14.71630450286644
resnet32x4,2,1,0.5,0.8404843329429712,0.5,0.6201,0.4784504344379336,0.7275,0.4080587070254111,0.6201,0.4784504344379336,0.4888,0.499993917486879,0.4693,0.47844032185274865,15.079999999999998
resnet32x4,2,1,0.6,0.8507,0.5083130254731443,0.6201,0.4784504344379336,0.8507,0.5083130254731444,0.6201,0.4784504344379336,0.5881,0.5999764820651681,0.4693,0.47844032185274865,15.079999999999998
resnet32x4,2,1,0.7,0.8507,0.5083130254731443,0.6201,0.4784504344379336,0.8507,0.5083130254731444,0.6201,0.4784504344379336,0.6772,0.6999628137700159,0.4693,0.47844032185274865,15.079999999999998
resnet32x4,2,1,0.8,0.8507,0.5083130254731443,0.6201,0.4784504344379336,0.8507,0.5083130254731444,0.6201,0.4784504344379336,0.7491,0.7999989337239789,0.4693,0.47844032185274865,15.079999999999998
resnet32x4,2,1,0.9,0.8507,0.5083130254731443,0.6201,0.4784504344379336,0.8507,0.5083130254731444,0.6201,0.4784504344379336,0.7866,0.8999851554224751,0.4693,0.47844032185274865,15.079999999999998
resnet32x4,2,1,0.95,0.8507,0.5083130254731443,0.6201,0.4784504344379336,0.8507,0.5083130254731444,0.6201,0.4784504344379336,0.7918,0.9499802551134926,0.4693,0.47844032185274865,15.079999999999998
resnet32x4,3,1,0.4,0.7141244315279222,0.4,0.5456756728860807,0.4000000000000001,0.4717,0.25394060270682,0.5453,0.399590981341662,0.396,0.3999934314722752,0.396,0.3999934314722752,14.967567288608063
resnet32x4,3,1,0.5,0.8404843329429712,0.5,0.6375230442522372,0.5,0.7275,0.4080587070254111,0.5453,0.399590981341662,0.4888,0.499993917486879,0.4888,0.49999391748687905,14.872304425223714
resnet32x4,3,1,0.6,0.8507,0.5083130254731443,0.6391,0.5017169307344422,0.8507,0.5083130254731444,0.6391,0.5017169307344422,0.5881,0.5999764820651681,0.4908,0.5017035958729114,14.829999999999998
resnet32x4,3,1,0.7,0.8507,0.5083130254731443,0.6391,0.5017169307344422,0.8507,0.5083130254731444,0.6391,0.5017169307344422,0.6772,0.6999628137700159,0.4908,0.5017035958729114,14.829999999999998
resnet32x4,3,1,0.8,0.8507,0.5083130254731443,0.6391,0.5017169307344422,0.8507,0.5083130254731444,0.6391,0.5017169307344422,0.7491,0.7999989337239789,0.4908,0.5017035958729114,14.829999999999998
resnet32x4,3,1,0.9,0.8507,0.5083130254731443,0.6391,0.5017169307344422,0.8507,0.5083130254731444,0.6391,0.5017169307344422,0.7866,0.8999851554224751,0.4908,0.5017035958729114,14.829999999999998
resnet32x4,3,1,0.95,0.8507,0.5083130254731443,0.6391,0.5017169307344422,0.8507,0.5083130254731444,0.6391,0.5017169307344422,0.7918,0.9499802551134926,0.4908,0.5017035958729114,14.829999999999998
resnet32x4,1,2,0.4,0.6865942423987228,0.4,0.4731213239681938,0.4,0.6597,0.3781147407317202,0.3267,0.25394060270682,0.3667,0.3999824260137442,0.3667,0.39998242601374423,10.642132396819376
resnet32x4,1,2,0.5,0.783,0.4784504344379336,0.5373253342216708,0.5,0.783,0.4784504344379336,0.4812,0.4080587070254111,0.4463,0.4999836455154562,0.4463,0.49998364551545627,9.102533422167086
resnet32x4,1,2,0.6,0.783,0.4784504344379336,0.5424,0.5083130254731443,0.783,0.4784504344379336,0.5424,0.5083130254731444,0.5259,0.5999934604841521,0.4516,0.5082988054986461,9.079999999999998
resnet32x4,1,2,0.7,0.783,0.4784504344379336,0.5424,0.5083130254731443,0.783,0.4784504344379336,0.5424,0.5083130254731444,0.6028,0.6999977064618883,0.4516,0.5082988054986461,9.079999999999998
resnet32x4,1,2,0.8,0.783,0.4784504344379336,0.5424,0.5083130254731443,0.783,0.4784504344379336,0.5424,0.5083130254731444,0.6668,0.799978945376486,0.4516,0.5082988054986461,9.079999999999998
resnet32x4,1,2,0.9,0.783,0.4784504344379336,0.5424,0.5083130254731443,0.783,0.4784504344379336,0.5424,0.5083130254731444,0.7046,0.8999918958963119,0.4516,0.5082988054986461,9.079999999999998
resnet32x4,1,2,0.95,0.783,0.4784504344379336,0.5424,0.5083130254731443,0.783,0.4784504344379336,0.5424,0.5083130254731444,0.7114,0.9499793103053052,0.4516,0.5082988054986461,9.079999999999998
resnet32x4,3,2,0.4,0.6865942423987228,0.4,0.4720555216431977,0.4000000000000001,0.6597,0.3781147407317202,0.4718,0.399590981341662,0.3667,0.3999824260137442,0.3667,0.39998242601374423,10.535552164319768
resnet32x4,3,2,0.5,0.783,0.4784504344379336,0.5345274011012019,0.5,0.783,0.4784504344379336,0.4718,0.399590981341662,0.4463,0.4999836455154562,0.4463,0.49998364551545627,8.822740110120192
resnet32x4,3,2,0.6,0.783,0.4784504344379336,0.5356,0.5017169307344422,0.783,0.4784504344379336,0.5356,0.5017169307344422,0.5259,0.5999934604841521,0.4469,0.5017011399160447,8.869999999999994
resnet32x4,3,2,0.7,0.783,0.4784504344379336,0.5356,0.5017169307344422,0.783,0.4784504344379336,0.5356,0.5017169307344422,0.6028,0.6999977064618883,0.4469,0.5017011399160447,8.869999999999994
resnet32x4,3,2,0.8,0.783,0.4784504344379336,0.5356,0.5017169307344422,0.783,0.4784504344379336,0.5356,0.5017169307344422,0.6668,0.799978945376486,0.4469,0.5017011399160447,8.869999999999994
resnet32x4,3,2,0.9,0.783,0.4784504344379336,0.5356,0.5017169307344422,0.783,0.4784504344379336,0.5356,0.5017169307344422,0.7046,0.8999918958963119,0.4469,0.5017011399160447,8.869999999999994
resnet32x4,3,2,0.95,0.783,0.4784504344379336,0.5356,0.5017169307344422,0.783,0.4784504344379336,0.5356,0.5017169307344422,0.7114,0.9499793103053052,0.4469,0.5017011399160447,8.869999999999994
resnet32x4,1,3,0.4,0.7271026326993936,0.4000000000000001,0.5522977332728481,0.4,0.7266,0.399590981341662,0.3692,0.25394060270682,0.396,0.3999943637444663,0.396,0.3999943637444663,15.629773327284813
resnet32x4,1,3,0.5,0.8499901071818312,0.5,0.6446621320209782,0.5,0.7266,0.399590981341662,0.5624,0.4080587070254111,0.491,0.4999932932420235,0.491,0.4999932932420235,15.366213202097823
resnet32x4,1,3,0.6,0.8521,0.5017169307344422,0.6521,0.5083130254731443,0.8521,0.5017169307344422,0.6521,0.5083130254731444,0.591,0.5999773868775579,0.5,0.5083124000343844,15.21
resnet32x4,1,3,0.7,0.8521,0.5017169307344422,0.6521,0.5083130254731443,0.8521,0.5017169307344422,0.6521,0.5083130254731444,0.6765,0.699984813344986,0.5,0.5083124000343844,15.21
resnet32x4,1,3,0.8,0.8521,0.5017169307344422,0.6521,0.5083130254731443,0.8521,0.5017169307344422,0.6521,0.5083130254731444,0.7449,0.7999668639474301,0.5,0.5083124000343844,15.21
resnet32x4,1,3,0.9,0.8521,0.5017169307344422,0.6521,0.5083130254731443,0.8521,0.5017169307344422,0.6521,0.5083130254731444,0.7828,0.8999938052121091,0.5,0.5083124000343844,15.21
resnet32x4,1,3,0.95,0.8521,0.5017169307344422,0.6521,0.5083130254731443,0.8521,0.5017169307344422,0.6521,0.5083130254731444,0.7888,0.9499904351542764,0.5,0.5083124000343844,15.21
resnet32x4,2,3,0.4,0.7271026326993936,0.4000000000000001,0.5477502931791874,0.4,0.7266,0.399590981341662,0.5262,0.3781147407317202,0.396,0.3999943637444663,0.396,0.3999943637444663,15.175029317918742
resnet32x4,2,3,0.5,0.8499901071818312,0.5,0.625,0.4784504344379336,0.7266,0.399590981341662,0.625,0.4784504344379336,0.491,0.4999932932420235,0.4684,0.47844438864931216,15.660000000000002
resnet32x4,2,3,0.6,0.8521,0.5017169307344422,0.625,0.4784504344379336,0.8521,0.5017169307344422,0.625,0.4784504344379336,0.591,0.5999773868775579,0.4684,0.47844438864931216,15.660000000000002
resnet32x4,2,3,0.7,0.8521,0.5017169307344422,0.625,0.4784504344379336,0.8521,0.5017169307344422,0.625,0.4784504344379336,0.6765,0.699984813344986,0.4684,0.47844438864931216,15.660000000000002
resnet32x4,2,3,0.8,0.8521,0.5017169307344422,0.625,0.4784504344379336,0.8521,0.5017169307344422,0.625,0.4784504344379336,0.7449,0.7999668639474301,0.4684,0.47844438864931216,15.660000000000002
resnet32x4,2,3,0.9,0.8521,0.5017169307344422,0.625,0.4784504344379336,0.8521,0.5017169307344422,0.625,0.4784504344379336,0.7828,0.8999938052121091,0.4684,0.47844438864931216,15.660000000000002
resnet32x4,2,3,0.95,0.8521,0.5017169307344422,0.625,0.4784504344379336,0.8521,0.5017169307344422,0.625,0.4784504344379336,0.7888,0.9499904351542764,0.4684,0.47844438864931216,15.660000000000002
resnet56,2,1,0.4,0.5931329309083522,0.4,0.4182031817747169,0.4,0.3698,0.2612556811542572,0.2432,0.2554428146470558,0.2469,0.3999846823248002,0.2469,0.3999846823248002,17.130318177471686
resnet56,2,1,0.5,0.7279132394736626,0.5,0.5175531835824774,0.5,0.6412,0.4298613945238943,0.4413,0.4190785733116189,0.3328,0.499999000305359,0.3328,0.499999000305359,18.47531835824774
resnet56,2,1,0.6,0.8006,0.5587931906458344,0.5788,0.5649963651585322,0.8006,0.5587931906458344,0.5788,0.5649963651585321,0.4277,0.5999909006056289,0.3941,0.5649882163977811,18.47
resnet56,2,1,0.7,0.8006,0.5587931906458344,0.5788,0.5649963651585322,0.8006,0.5587931906458344,0.5788,0.5649963651585321,0.5359,0.6999860904371724,0.3941,0.5649882163977811,18.47
resnet56,2,1,0.8,0.8006,0.5587931906458344,0.5788,0.5649963651585322,0.8006,0.5587931906458344,0.5788,0.5649963651585321,0.6325,0.7999883072420989,0.3941,0.5649882163977811,18.47
resnet56,2,1,0.9,0.8006,0.5587931906458344,0.5788,0.5649963651585322,0.8006,0.5587931906458344,0.5788,0.5649963651585321,0.7101,0.8999890303323326,0.3941,0.5649882163977811,18.47
resnet56,2,1,0.95,0.8006,0.5587931906458344,0.5788,0.5649963651585322,0.8006,0.5587931906458344,0.5788,0.5649963651585321,0.7286,0.9499909100717596,0.3941,0.5649882163977811,18.47
resnet56,3,1,0.4,0.5931329309083522,0.4,0.4230705572250389,0.3999999999999999,0.3698,0.2612556811542572,0.2484,0.2549398754644002,0.2469,0.3999846823248002,0.2469,0.3999846823248002,17.61705572250389
resnet56,3,1,0.5,0.7279132394736626,0.5,0.518580315245635,0.5,0.6412,0.4298613945238943,0.4408,0.4147239192325309,0.3328,0.499999000305359,0.3328,0.499999000305359,18.5780315245635
resnet56,3,1,0.6,0.8006,0.5587931906458344,0.5764,0.5633918246730113,0.8006,0.5587931906458344,0.5764,0.5633918246730114,0.4277,0.5999909006056289,0.3922,0.5633817312840349,18.42
resnet56,3,1,0.7,0.8006,0.5587931906458344,0.5764,0.5633918246730113,0.8006,0.5587931906458344,0.5764,0.5633918246730114,0.5359,0.6999860904371724,0.3922,0.5633817312840349,18.42
resnet56,3,1,0.8,0.8006,0.5587931906458344,0.5764,0.5633918246730113,0.8006,0.5587931906458344,0.5764,0.5633918246730114,0.6325,0.7999883072420989,0.3922,0.5633817312840349,18.42
resnet56,3,1,0.9,0.8006,0.5587931906458344,0.5764,0.5633918246730113,0.8006,0.5587931906458344,0.5764,0.5633918246730114,0.7101,0.8999890303323326,0.3922,0.5633817312840349,18.42
resnet56,3,1,0.95,0.8006,0.5587931906458344,0.5764,0.5633918246730113,0.8006,0.5587931906458344,0.5764,0.5633918246730114,0.7286,0.9499909100717596,0.3922,0.5633817312840349,18.42
resnet56,1,2,0.4,0.5822897429553783,0.4,0.3843091418498496,0.4,0.3496,0.2554428146470558,0.2366,0.2612556811542572,0.2388,0.3999878055880706,0.2388,0.3999878055880706,14.55091418498496
resnet56,1,2,0.5,0.7130441768602103,0.5,0.4774085450983801,0.5,0.613,0.4190785733116189,0.4161,0.4298613945238943,0.3205,0.499994617792254,0.3205,0.499994617792254,15.69085450983801
resnet56,1,2,0.6,0.7934,0.5649963651585322,0.5288,0.5587931906458344,0.7934,0.5649963651585321,0.5288,0.5587931906458344,0.4128,0.5999802757901165,0.3753,0.5587817956130083,15.350000000000003
resnet56,1,2,0.7,0.7934,0.5649963651585322,0.5288,0.5587931906458344,0.7934,0.5649963651585321,0.5288,0.5587931906458344,0.5095,0.6999847773423585,0.3753,0.5587817956130083,15.350000000000003
resnet56,1,2,0.8,0.7934,0.5649963651585322,0.5288,0.5587931906458344,0.7934,0.5649963651585321,0.5288,0.5587931906458344,0.6088,0.7999826888391268,0.3753,0.5587817956130083,15.350000000000003
resnet56,1,2,0.9,0.7934,0.5649963651585322,0.5288,0.5587931906458344,0.7934,0.5649963651585321,0.5288,0.5587931906458344,0.6966,0.8999955305104586,0.3753,0.5587817956130083,15.350000000000003
resnet56,1,2,0.95,0.7934,0.5649963651585322,0.5288,0.5587931906458344,0.7934,0.5649963651585321,0.5288,0.5587931906458344,0.7218,0.9499983204234316,0.3753,0.5587817956130083,15.350000000000003
resnet56,3,2,0.4,0.5822897429553783,0.4,0.3960316329992827,0.3999999999999999,0.3496,0.2554428146470558,0.2328,0.2549398754644002,0.2388,0.3999878055880706,0.2388,0.3999878055880706,15.723163299928267
resnet56,3,2,0.5,0.7130441768602103,0.5,0.4875696696357263,0.5,0.613,0.4190785733116189,0.4126,0.4147239192325309,0.3205,0.499994617792254,0.3205,0.499994617792254,16.70696696357263
resnet56,3,2,0.6,0.7934,0.5649963651585322,0.5433,0.5633918246730113,0.7934,0.5649963651585321,0.5433,0.5633918246730114,0.4128,0.5999802757901165,0.3786,0.5633844439920608,16.470000000000002
resnet56,3,2,0.7,0.7934,0.5649963651585322,0.5433,0.5633918246730113,0.7934,0.5649963651585321,0.5433,0.5633918246730114,0.5095,0.6999847773423585,0.3786,0.5633844439920608,16.470000000000002
resnet56,3,2,0.8,0.7934,0.5649963651585322,0.5433,0.5633918246730113,0.7934,0.5649963651585321,0.5433,0.5633918246730114,0.6088,0.7999826888391268,0.3786,0.5633844439920608,16.470000000000002
resnet56,3,2,0.9,0.7934,0.5649963651585322,0.5433,0.5633918246730113,0.7934,0.5649963651585321,0.5433,0.5633918246730114,0.6966,0.8999955305104586,0.3786,0.5633844439920608,16.470000000000002
resnet56,3,2,0.95,0.7934,0.5649963651585322,0.5433,0.5633918246730113,0.7934,0.5649963651585321,0.5433,0.5633918246730114,0.7218,0.9499983204234316,0.3786,0.5633844439920608,16.470000000000002
resnet56,1,3,0.4,0.5893993103860707,0.3999999999999999,0.3969393820481516,0.4,0.3559,0.2549398754644002,0.2503,0.2612556811542572,0.2495,0.3999938799429997,0.2495,0.3999938799429997,14.74393820481516
resnet56,1,3,0.5,0.7185278904288178,0.5,0.4905701419319003,0.5,0.6131,0.4147239192325309,0.4285,0.4298613945238943,0.3225,0.499991612855616,0.3225,0.49999161285561605,16.807014193190028
resnet56,1,3,0.6,0.7969,0.5633918246730113,0.5426,0.5587931906458344,0.7969,0.5633918246730114,0.5426,0.5587931906458344,0.4115,0.5999814807369331,0.3749,0.5587841953280065,16.769999999999996
resnet56,1,3,0.7,0.7969,0.5633918246730113,0.5426,0.5587931906458344,0.7969,0.5633918246730114,0.5426,0.5587931906458344,0.5096,0.6999829434067892,0.3749,0.5587841953280065,16.769999999999996
resnet56,1,3,0.8,0.7969,0.5633918246730113,0.5426,0.5587931906458344,0.7969,0.5633918246730114,0.5426,0.5587931906458344,0.6113,0.7999951127792763,0.3749,0.5587841953280065,16.769999999999996
resnet56,1,3,0.9,0.7969,0.5633918246730113,0.5426,0.5587931906458344,0.7969,0.5633918246730114,0.5426,0.5587931906458344,0.7026,0.8999885714285716,0.3749,0.5587841953280065,16.769999999999996
resnet56,1,3,0.95,0.7969,0.5633918246730113,0.5426,0.5587931906458344,0.7969,0.5633918246730114,0.5426,0.5587931906458344,0.7252,0.9499892169576062,0.3749,0.5587841953280065,16.769999999999996
resnet56,2,3,0.4,0.5893993103860707,0.3999999999999999,0.4081771698920381,0.4,0.3559,0.2549398754644002,0.2451,0.2554428146470558,0.2495,0.3999938799429997,0.2495,0.3999938799429997,15.867716989203812
resnet56,2,3,0.5,0.7185278904288178,0.5,0.5025703150744547,0.5,0.6131,0.4147239192325309,0.4297,0.4190785733116189,0.3225,0.499991612855616,0.3225,0.49999161285561605,18.00703150744547
resnet56,2,3,0.6,0.7969,0.5633918246730113,0.5611,0.5649963651585322,0.7969,0.5633918246730114,0.5611,0.5649963651585321,0.4115,0.5999814807369331,0.3802,0.5649857975978422,18.090000000000007
resnet56,2,3,0.7,0.7969,0.5633918246730113,0.5611,0.5649963651585322,0.7969,0.5633918246730114,0.5611,0.5649963651585321,0.5096,0.6999829434067892,0.3802,0.5649857975978422,18.090000000000007
resnet56,2,3,0.8,0.7969,0.5633918246730113,0.5611,0.5649963651585322,0.7969,0.5633918246730114,0.5611,0.5649963651585321,0.6113,0.7999951127792763,0.3802,0.5649857975978422,18.090000000000007
resnet56,2,3,0.9,0.7969,0.5633918246730113,0.5611,0.5649963651585322,0.7969,0.5633918246730114,0.5611,0.5649963651585321,0.7026,0.8999885714285716,0.3802,0.5649857975978422,18.090000000000007
resnet56,2,3,0.95,0.7969,0.5633918246730113,0.5611,0.5649963651585322,0.7969,0.5633918246730114,0.5611,0.5649963651585321,0.7252,0.9499892169576062,0.3802,0.5649857975978422,18.090000000000007
resnet8x4,2,1,0.4,0.596077229544033,0.4,0.4874594933538152,0.4,0.5895,0.3953500322035882,0.4835,0.3960923204457345,0.3953,0.3999808744583941,0.3953,0.3999808744583941,9.215949335381524
resnet8x4,2,1,0.5,0.7375240057799564,0.5,0.588785441370541,0.5,0.5895,0.3953500322035882,0.4835,0.3960923204457345,0.4828,0.4999800507245036,0.4828,0.4999800507245036,10.5985441370541
resnet8x4,2,1,0.6,0.7758,0.5270603510653378,0.6171,0.5279440352482911,0.7758,0.5270603510653378,0.6171,0.5279440352482911,0.563,0.5999810798525722,0.5058,0.5279405567985009,11.129999999999995
resnet8x4,2,1,0.7,0.7758,0.5270603510653378,0.6171,0.5279440352482911,0.7758,0.5270603510653378,0.6171,0.5279440352482911,0.6329,0.6999838270189647,0.5058,0.5279405567985009,11.129999999999995
resnet8x4,2,1,0.8,0.7758,0.5270603510653378,0.6171,0.5279440352482911,0.7758,0.5270603510653378,0.6171,0.5279440352482911,0.6884,0.7999878916048789,0.5058,0.5279405567985009,11.129999999999995
resnet8x4,2,1,0.9,0.7758,0.5270603510653378,0.6171,0.5279440352482911,0.7758,0.5270603510653378,0.6171,0.5279440352482911,0.7181,0.8999931503429914,0.5058,0.5279405567985009,11.129999999999995
resnet8x4,2,1,0.95,0.7758,0.5270603510653378,0.6171,0.5279440352482911,0.7758,0.5270603510653378,0.6171,0.5279440352482911,0.7216,0.9499786300685984,0.5058,0.5279405567985009,11.129999999999995
resnet8x4,3,1,0.4,0.596077229544033,0.4,0.485427648841743,0.4,0.5895,0.3953500322035882,0.4833,0.3978950204623757,0.3953,0.3999808744583941,0.3953,0.3999808744583941,9.0127648841743
resnet8x4,3,1,0.5,0.7375240057799564,0.5,0.586504585871937,0.5,0.5895,0.3953500322035882,0.4833,0.3978950204623757,0.4828,0.4999800507245036,0.4828,0.4999800507245036,10.3704585871937
resnet8x4,3,1,0.6,0.7758,0.5270603510653378,0.616,0.5291811515017042,0.7758,0.5270603510653378,0.616,0.5291811515017042,0.563,0.5999810798525722,0.5076,0.5291777539460951,10.839999999999995
resnet8x4,3,1,0.7,0.7758,0.5270603510653378,0.616,0.5291811515017042,0.7758,0.5270603510653378,0.616,0.5291811515017042,0.6329,0.6999838270189647,0.5076,0.5291777539460951,10.839999999999995
resnet8x4,3,1,0.8,0.7758,0.5270603510653378,0.616,0.5291811515017042,0.7758,0.5270603510653378,0.616,0.5291811515017042,0.6884,0.7999878916048789,0.5076,0.5291777539460951,10.839999999999995
resnet8x4,3,1,0.9,0.7758,0.5270603510653378,0.616,0.5291811515017042,0.7758,0.5270603510653378,0.616,0.5291811515017042,0.7181,0.8999931503429914,0.5076,0.5291777539460951,10.839999999999995
resnet8x4,3,1,0.95,0.7758,0.5270603510653378,0.616,0.5291811515017042,0.7758,0.5270603510653378,0.616,0.5291811515017042,0.7216,0.9499786300685984,0.5076,0.5291777539460951,10.839999999999995
resnet8x4,1,2,0.4,0.5951272867551387,0.4,0.4844460730434501,0.4,0.5896,0.3960923204457345,0.4798,0.3953500322035882,0.3926,0.3999809553525753,0.3926,0.3999809553525753,9.184607304345011
resnet8x4,1,2,0.5,0.7365740629910621,0.5,0.5843623143351704,0.5,0.5896,0.3960923204457345,0.4798,0.3953500322035882,0.4817,0.4999800507245036,0.4817,0.4999800507245036,10.266231433517037
resnet8x4,1,2,0.6,0.7761,0.5279440352482911,0.6114,0.5270603510653378,0.7761,0.5279440352482911,0.6114,0.5270603510653378,0.5602,0.5999812185283113,0.5026,0.5270568726155476,10.88
resnet8x4,1,2,0.7,0.7761,0.5279440352482911,0.6114,0.5270603510653378,0.7761,0.5279440352482911,0.6114,0.5270603510653378,0.6326,0.6999838963568341,0.5026,0.5270568726155476,10.88
resnet8x4,1,2,0.8,0.7761,0.5279440352482911,0.6114,0.5270603510653378,0.7761,0.5279440352482911,0.6114,0.5270603510653378,0.6894,0.7999879031611905,0.5026,0.5270568726155476,10.88
resnet8x4,1,2,0.9,0.7761,0.5279440352482911,0.6114,0.5270603510653378,0.7761,0.5279440352482911,0.6114,0.5270603510653378,0.7224,0.8999932466455881,0.5026,0.5270568726155476,10.88
resnet8x4,1,2,0.95,0.7761,0.5279440352482911,0.6114,0.5270603510653378,0.7761,0.5279440352482911,0.6114,0.5270603510653378,0.7271,0.9499787148148832,0.5026,0.5270568726155476,10.88
resnet8x4,3,2,0.4,0.5951272867551387,0.4,0.490127648841743,0.4,0.5896,0.3960923204457345,0.488,0.3978950204623757,0.3926,0.3999809553525753,0.3926,0.3999809553525753,9.752764884174297
resnet8x4,3,2,0.5,0.7365740629910621,0.5,0.591204585871937,0.5,0.5896,0.3960923204457345,0.488,0.3978950204623757,0.4817,0.4999800507245036,0.4817,0.4999800507245036,10.950458587193701
resnet8x4,3,2,0.6,0.7761,0.5279440352482911,0.6207,0.5291811515017042,0.7761,0.5279440352482911,0.6207,0.5291811515017042,0.5602,0.5999812185283113,0.5046,0.52917778861503,11.609999999999998
resnet8x4,3,2,0.7,0.7761,0.5279440352482911,0.6207,0.5291811515017042,0.7761,0.5279440352482911,0.6207,0.5291811515017042,0.6326,0.6999838963568341,0.5046,0.52917778861503,11.609999999999998
resnet8x4,3,2,0.8,0.7761,0.5279440352482911,0.6207,0.5291811515017042,0.7761,0.5279440352482911,0.6207,0.5291811515017042,0.6894,0.7999879031611905,0.5046,0.52917778861503,11.609999999999998
resnet8x4,3,2,0.9,0.7761,0.5279440352482911,0.6207,0.5291811515017042,0.7761,0.5279440352482911,0.6207,0.5291811515017042,0.7224,0.8999932466455881,0.5046,0.52917778861503,11.609999999999998
resnet8x4,3,2,0.95,0.7761,0.5279440352482911,0.6207,0.5291811515017042,0.7761,0.5279440352482911,0.6207,0.5291811515017042,0.7271,0.9499787148148832,0.5046,0.52917778861503,11.609999999999998
resnet8x4,1,3,0.4,0.5925774256963955,0.4,0.4807813775498593,0.4,0.5896,0.3978950204623757,0.4761,0.3953500322035882,0.3908,0.3999807242263433,0.3908,0.39998072422634334,8.99813775498593
resnet8x4,1,3,0.5,0.7340242019323189,0.5,0.5814568607966839,0.5,0.5896,0.3978950204623757,0.4761,0.3953500322035882,0.4697,0.4999795576552089,0.4697,0.4999795576552089,11.17568607966839
resnet8x4,1,3,0.6,0.7753,0.5291811515017042,0.6087,0.5270603510653378,0.7753,0.5291811515017042,0.6087,0.5270603510653378,0.5532,0.5999806214522123,0.494,0.5270562986520717,11.470000000000002
resnet8x4,1,3,0.7,0.7753,0.5291811515017042,0.6087,0.5270603510653378,0.7753,0.5291811515017042,0.6087,0.5270603510653378,0.6258,0.6999834071396434,0.494,0.5270562986520717,11.470000000000002
resnet8x4,1,3,0.8,0.7753,0.5291811515017042,0.6087,0.5270603510653378,0.7753,0.5291811515017042,0.6087,0.5270603510653378,0.6866,0.7999875795844659,0.494,0.5270562986520717,11.470000000000002
resnet8x4,1,3,0.9,0.7753,0.5291811515017042,0.6087,0.5270603510653378,0.7753,0.5291811515017042,0.6087,0.5270603510653378,0.7166,0.899993100265641,0.494,0.5270562986520717,11.470000000000002
resnet8x4,1,3,0.95,0.7753,0.5291811515017042,0.6087,0.5270603510653378,0.7753,0.5291811515017042,0.6087,0.5270603510653378,0.7221,0.949978668589637,0.494,0.5270562986520717,11.470000000000002
resnet8x4,2,3,0.4,0.5925774256963955,0.4,0.4868217308990473,0.4,0.5896,0.3978950204623757,0.4828,0.3960923204457345,0.3908,0.3999807242263433,0.3908,0.39998072422634334,9.602173089904731
resnet8x4,2,3,0.5,0.7340242019323189,0.5,0.5897403772004671,0.5,0.5896,0.3978950204623757,0.4828,0.3960923204457345,0.4697,0.4999795576552089,0.4697,0.4999795576552089,12.004037720046712
resnet8x4,2,3,0.6,0.7753,0.5291811515017042,0.6185,0.5279440352482911,0.7753,0.5291811515017042,0.6185,0.5279440352482911,0.5532,0.5999806214522123,0.4953,0.5279399982434406,12.320000000000004
resnet8x4,2,3,0.7,0.7753,0.5291811515017042,0.6185,0.5279440352482911,0.7753,0.5291811515017042,0.6185,0.5279440352482911,0.6258,0.6999834071396434,0.4953,0.5279399982434406,12.320000000000004
resnet8x4,2,3,0.8,0.7753,0.5291811515017042,0.6185,0.5279440352482911,0.7753,0.5291811515017042,0.6185,0.5279440352482911,0.6866,0.7999875795844659,0.4953,0.5279399982434406,12.320000000000004
resnet8x4,2,3,0.9,0.7753,0.5291811515017042,0.6185,0.5279440352482911,0.7753,0.5291811515017042,0.6185,0.5279440352482911,0.7166,0.899993100265641,0.4953,0.5279399982434406,12.320000000000004
resnet8x4,2,3,0.95,0.7753,0.5291811515017042,0.6185,0.5279440352482911,0.7753,0.5291811515017042,0.6185,0.5279440352482911,0.7221,0.949978668589637,0.4953,0.5279399982434406,12.320000000000004
shufflenetv2,2,1,0.4,0.7944,0.3979534997615662,0.5209566811722635,0.4,0.7944,0.3979534997615662,0.4643,0.3247616300358502,0.4637,0.3999860458729659,0.4637,0.3999860458729659,5.725668117226346
shufflenetv2,2,1,0.5,0.7944,0.3979534997615662,0.5235,0.4033774509720436,0.7944,0.3979534997615662,0.5235,0.4033774509720436,0.5423,0.4999793945625733,0.4658,0.4033576512067874,5.769999999999998
shufflenetv2,2,1,0.6,0.7944,0.3979534997615662,0.5235,0.4033774509720436,0.7944,0.3979534997615662,0.5235,0.4033774509720436,0.6109,0.59997630538974,0.4658,0.4033576512067874,5.769999999999998
shufflenetv2,2,1,0.7,0.7944,0.3979534997615662,0.5235,0.4033774509720436,0.7944,0.3979534997615662,0.5235,0.4033774509720436,0.6636,0.6999810463200293,0.4658,0.4033576512067874,5.769999999999998
shufflenetv2,2,1,0.8,0.7944,0.3979534997615662,0.5235,0.4033774509720436,0.7944,0.3979534997615662,0.5235,0.4033774509720436,0.6991,0.7999821104729221,0.4658,0.4033576512067874,5.769999999999998
shufflenetv2,2,1,0.9,0.7944,0.3979534997615662,0.5235,0.4033774509720436,0.7944,0.3979534997615662,0.5235,0.4033774509720436,0.7144,0.8999665464562772,0.4658,0.4033576512067874,5.769999999999998
shufflenetv2,2,1,0.95,0.7944,0.3979534997615662,0.5235,0.4033774509720436,0.7944,0.3979534997615662,0.5235,0.4033774509720436,0.7149,0.9499946707200416,0.4658,0.4033576512067874,5.769999999999998
shufflenetv2,3,1,0.4,0.7944,0.3979534997615662,0.5433816889344625,0.4,0.7944,0.3979534997615662,0.4937,0.3324650845588549,0.4637,0.3999860458729659,0.4637,0.3999860458729659,7.968168893446248
shufflenetv2,3,1,0.5,0.7944,0.3979534997615662,0.549,0.4076372637660056,0.7944,0.3979534997615662,0.549,0.4076372637660056,0.5423,0.4999793945625733,0.4688,0.4076267506436294,8.020000000000005
shufflenetv2,3,1,0.6,0.7944,0.3979534997615662,0.549,0.4076372637660056,0.7944,0.3979534997615662,0.549,0.4076372637660056,0.6109,0.59997630538974,0.4688,0.4076267506436294,8.020000000000005
shufflenetv2,3,1,0.7,0.7944,0.3979534997615662,0.549,0.4076372637660056,0.7944,0.3979534997615662,0.549,0.4076372637660056,0.6636,0.6999810463200293,0.4688,0.4076267506436294,8.020000000000005
shufflenetv2,3,1,0.8,0.7944,0.3979534997615662,0.549,0.4076372637660056,0.7944,0.3979534997615662,0.549,0.4076372637660056,0.6991,0.7999821104729221,0.4688,0.4076267506436294,8.020000000000005
shufflenetv2,3,1,0.9,0.7944,0.3979534997615662,0.549,0.4076372637660056,0.7944,0.3979534997615662,0.549,0.4076372637660056,0.7144,0.8999665464562772,0.4688,0.4076267506436294,8.020000000000005
shufflenetv2,3,1,0.95,0.7944,0.3979534997615662,0.549,0.4076372637660056,0.7944,0.3979534997615662,0.549,0.4076372637660056,0.7149,0.9499946707200416,0.4688,0.4076267506436294,8.020000000000005
shufflenetv2,1,2,0.4,0.7938788067183086,0.4,0.5216,0.3979534997615662,0.7043,0.3247616300358502,0.5216,0.3979534997615662,0.4597,0.3999723213804184,0.4583,0.39793618322078694,6.3299999999999965
shufflenetv2,1,2,0.5,0.7979,0.4033774509720436,0.5216,0.3979534997615662,0.7979,0.4033774509720436,0.5216,0.3979534997615662,0.5378,0.499982748212456,0.4583,0.39793618322078694,6.3299999999999965
shufflenetv2,1,2,0.6,0.7979,0.4033774509720436,0.5216,0.3979534997615662,0.7979,0.4033774509720436,0.5216,0.3979534997615662,0.606,0.5999950813087748,0.4583,0.39793618322078694,6.3299999999999965
shufflenetv2,1,2,0.7,0.7979,0.4033774509720436,0.5216,0.3979534997615662,0.7979,0.4033774509720436,0.5216,0.3979534997615662,0.6615,0.6999766102799043,0.4583,0.39793618322078694,6.3299999999999965
shufflenetv2,1,2,0.8,0.7979,0.4033774509720436,0.5216,0.3979534997615662,0.7979,0.4033774509720436,0.5216,0.3979534997615662,0.6952,0.7999951778531872,0.4583,0.39793618322078694,6.3299999999999965
shufflenetv2,1,2,0.9,0.7979,0.4033774509720436,0.5216,0.3979534997615662,0.7979,0.4033774509720436,0.5216,0.3979534997615662,0.7094,0.8999854282867679,0.4583,0.39793618322078694,6.3299999999999965
shufflenetv2,1,2,0.95,0.7979,0.4033774509720436,0.5216,0.3979534997615662,0.7979,0.4033774509720436,0.5216,0.3979534997615662,0.71,0.9499873804282726,0.4583,0.39793618322078694,6.3299999999999965
shufflenetv2,3,2,0.4,0.7938788067183086,0.4,0.5451645634356915,0.4,0.7043,0.3247616300358502,0.4971,0.3324650845588549,0.4597,0.3999723213804184,0.4597,0.3999723213804184,8.546456343569153
shufflenetv2,3,2,0.5,0.7979,0.4033774509720436,0.5506,0.4076372637660056,0.7979,0.4033774509720436,0.5506,0.4076372637660056,0.5378,0.499982748212456,0.4663,0.4076037385502088,8.429999999999998
shufflenetv2,3,2,0.6,0.7979,0.4033774509720436,0.5506,0.4076372637660056,0.7979,0.4033774509720436,0.5506,0.4076372637660056,0.606,0.5999950813087748,0.4663,0.4076037385502088,8.429999999999998
shufflenetv2,3,2,0.7,0.7979,0.4033774509720436,0.5506,0.4076372637660056,0.7979,0.4033774509720436,0.5506,0.4076372637660056,0.6615,0.6999766102799043,0.4663,0.4076037385502088,8.429999999999998
shufflenetv2,3,2,0.8,0.7979,0.4033774509720436,0.5506,0.4076372637660056,0.7979,0.4033774509720436,0.5506,0.4076372637660056,0.6952,0.7999951778531872,0.4663,0.4076037385502088,8.429999999999998
shufflenetv2,3,2,0.9,0.7979,0.4033774509720436,0.5506,0.4076372637660056,0.7979,0.4033774509720436,0.5506,0.4076372637660056,0.7094,0.8999854282867679,0.4663,0.4076037385502088,8.429999999999998
shufflenetv2,3,2,0.95,0.7979,0.4033774509720436,0.5506,0.4076372637660056,0.7979,0.4033774509720436,0.5506,0.4076372637660056,0.71,0.9499873804282726,0.4663,0.4076037385502088,8.429999999999998
shufflenetv2,1,3,0.4,0.7853070734111101,0.4,0.5163,0.3979534997615662,0.7049,0.3324650845588549,0.5163,0.3979534997615662,0.4564,0.3999522984737396,0.4541,0.3979529032866968,6.219999999999998
shufflenetv2,1,3,0.5,0.7944,0.4076372637660056,0.5163,0.3979534997615662,0.7944,0.4076372637660056,0.5163,0.3979534997615662,0.531,0.4999865467968969,0.4541,0.3979529032866968,6.219999999999998
shufflenetv2,1,3,0.6,0.7944,0.4076372637660056,0.5163,0.3979534997615662,0.7944,0.4076372637660056,0.5163,0.3979534997615662,0.5964,0.5999713884370946,0.4541,0.3979529032866968,6.219999999999998
shufflenetv2,1,3,0.7,0.7944,0.4076372637660056,0.5163,0.3979534997615662,0.7944,0.4076372637660056,0.5163,0.3979534997615662,0.6531,0.6999424564787298,0.4541,0.3979529032866968,6.219999999999998
shufflenetv2,1,3,0.8,0.7944,0.4076372637660056,0.5163,0.3979534997615662,0.7944,0.4076372637660056,0.5163,0.3979534997615662,0.6933,0.7999883528621995,0.4541,0.3979529032866968,6.219999999999998
shufflenetv2,1,3,0.9,0.7944,0.4076372637660056,0.5163,0.3979534997615662,0.7944,0.4076372637660056,0.5163,0.3979534997615662,0.71,0.8999800415627065,0.4541,0.3979529032866968,6.219999999999998
shufflenetv2,1,3,0.95,0.7944,0.4076372637660056,0.5163,0.3979534997615662,0.7944,0.4076372637660056,0.5163,0.3979534997615662,0.7114,0.9499961313756212,0.4541,0.3979529032866968,6.219999999999998
shufflenetv2,2,3,0.4,0.7853070734111101,0.4,0.5326168272256221,0.4,0.7049,0.3324650845588549,0.4773,0.3247616300358502,0.4564,0.3999522984737396,0.4564,0.39995229847373964,7.621682722562212
shufflenetv2,2,3,0.5,0.7944,0.4076372637660056,0.5351,0.4033774509720436,0.7944,0.4076372637660056,0.5351,0.4033774509720436,0.531,0.4999865467968969,0.4586,0.40336215941572356,7.650000000000001
shufflenetv2,2,3,0.6,0.7944,0.4076372637660056,0.5351,0.4033774509720436,0.7944,0.4076372637660056,0.5351,0.4033774509720436,0.5964,0.5999713884370946,0.4586,0.40336215941572356,7.650000000000001
shufflenetv2,2,3,0.7,0.7944,0.4076372637660056,0.5351,0.4033774509720436,0.7944,0.4076372637660056,0.5351,0.4033774509720436,0.6531,0.6999424564787298,0.4586,0.40336215941572356,7.650000000000001
shufflenetv2,2,3,0.8,0.7944,0.4076372637660056,0.5351,0.4033774509720436,0.7944,0.4076372637660056,0.5351,0.4033774509720436,0.6933,0.7999883528621995,0.4586,0.40336215941572356,7.650000000000001
shufflenetv2,2,3,0.9,0.7944,0.4076372637660056,0.5351,0.4033774509720436,0.7944,0.4076372637660056,0.5351,0.4033774509720436,0.71,0.8999800415627065,0.4586,0.40336215941572356,7.650000000000001
shufflenetv2,2,3,0.95,0.7944,0.4076372637660056,0.5351,0.4033774509720436,0.7944,0.4076372637660056,0.5351,0.4033774509720436,0.7114,0.9499961313756212,0.4586,0.40336215941572356,7.650000000000001
vgg13,2,1,0.4,0.7474555529607806,0.4,0.589928120278934,0.4,0.6675,0.3404958476108036,0.514,0.3254644376620231,0.4366,0.3999674059929494,0.4366,0.39996740599294944,15.332812027893405
vgg13,2,1,0.5,0.833,0.4667883738036077,0.6231,0.4376749163534594,0.833,0.4667883738036077,0.6231,0.4376749163534592,0.537,0.4999938584826113,0.4761,0.437655604990985,14.699999999999996
vgg13,2,1,0.6,0.833,0.4667883738036077,0.6231,0.4376749163534594,0.833,0.4667883738036077,0.6231,0.4376749163534592,0.6205,0.5999825674330154,0.4761,0.437655604990985,14.699999999999996
vgg13,2,1,0.7,0.833,0.4667883738036077,0.6231,0.4376749163534594,0.833,0.4667883738036077,0.6231,0.4376749163534592,0.6865,0.6999991689166762,0.4761,0.437655604990985,14.699999999999996
vgg13,2,1,0.8,0.833,0.4667883738036077,0.6231,0.4376749163534594,0.833,0.4667883738036077,0.6231,0.4376749163534592,0.7334,0.7999760870686483,0.4761,0.437655604990985,14.699999999999996
vgg13,2,1,0.9,0.833,0.4667883738036077,0.6231,0.4376749163534594,0.833,0.4667883738036077,0.6231,0.4376749163534592,0.7518,0.8999789775836241,0.4761,0.437655604990985,14.699999999999996
vgg13,2,1,0.95,0.833,0.4667883738036077,0.6231,0.4376749163534594,0.833,0.4667883738036077,0.6231,0.4376749163534592,0.7527,0.9499765122532092,0.4761,0.437655604990985,14.699999999999996
vgg13,3,1,0.4,0.7474555529607806,0.4,0.6001365971151137,0.4,0.6675,0.3404958476108036,0.5406,0.3377920538028901,0.4366,0.3999674059929494,0.4366,0.39996740599294944,16.35365971151137
vgg13,3,1,0.5,0.833,0.4667883738036077,0.6577,0.4693684895856693,0.833,0.4667883738036077,0.6577,0.4693684895856692,0.537,0.4999938584826113,0.5078,0.46936619132408214,14.989999999999991
vgg13,3,1,0.6,0.833,0.4667883738036077,0.6577,0.4693684895856693,0.833,0.4667883738036077,0.6577,0.4693684895856692,0.6205,0.5999825674330154,0.5078,0.46936619132408214,14.989999999999991
vgg13,3,1,0.7,0.833,0.4667883738036077,0.6577,0.4693684895856693,0.833,0.4667883738036077,0.6577,0.4693684895856692,0.6865,0.6999991689166762,0.5078,0.46936619132408214,14.989999999999991
vgg13,3,1,0.8,0.833,0.4667883738036077,0.6577,0.4693684895856693,0.833,0.4667883738036077,0.6577,0.4693684895856692,0.7334,0.7999760870686483,0.5078,0.46936619132408214,14.989999999999991
vgg13,3,1,0.9,0.833,0.4667883738036077,0.6577,0.4693684895856693,0.833,0.4667883738036077,0.6577,0.4693684895856692,0.7518,0.8999789775836241,0.5078,0.46936619132408214,14.989999999999991
vgg13,3,1,0.95,0.833,0.4667883738036077,0.6577,0.4693684895856693,0.833,0.4667883738036077,0.6577,0.4693684895856692,0.7527,0.9499765122532092,0.5078,0.46936619132408214,14.989999999999991
vgg13,1,2,0.4,0.7280532138966774,0.4,0.5409135633988803,0.4,0.6279,0.3254644376620231,0.4984,0.3404958476108036,0.4042,0.3999854254312394,0.4042,0.3999854254312394,13.67135633988803
vgg13,1,2,0.5,0.7753,0.4376749163534594,0.5799,0.4667883738036077,0.7753,0.4376749163534592,0.5799,0.4667883738036077,0.4865,0.4999960029063248,0.4594,0.46678006521290616,12.049999999999999
vgg13,1,2,0.6,0.7753,0.4376749163534594,0.5799,0.4667883738036077,0.7753,0.4376749163534592,0.5799,0.4667883738036077,0.56,0.5999844904064369,0.4594,0.46678006521290616,12.049999999999999
vgg13,1,2,0.7,0.7753,0.4376749163534594,0.5799,0.4667883738036077,0.7753,0.4376749163534592,0.5799,0.4667883738036077,0.6181,0.6999671750118854,0.4594,0.46678006521290616,12.049999999999999
vgg13,1,2,0.8,0.7753,0.4376749163534594,0.5799,0.4667883738036077,0.7753,0.4376749163534592,0.5799,0.4667883738036077,0.66,0.7999926180245961,0.4594,0.46678006521290616,12.049999999999999
vgg13,1,2,0.9,0.7753,0.4376749163534594,0.5799,0.4667883738036077,0.7753,0.4376749163534592,0.5799,0.4667883738036077,0.6742,0.8999857980283635,0.4594,0.46678006521290616,12.049999999999999
vgg13,1,2,0.95,0.7753,0.4376749163534594,0.5799,0.4667883738036077,0.7753,0.4376749163534592,0.5799,0.4667883738036077,0.6756,0.9499912547878112,0.4594,0.46678006521290616,12.049999999999999
vgg13,3,2,0.4,0.7280532138966774,0.4,0.5410559193859494,0.4,0.6279,0.3254644376620231,0.4972,0.3377920538028901,0.4042,0.3999854254312394,0.4042,0.3999854254312394,13.685591938594943
vgg13,3,2,0.5,0.7753,0.4376749163534594,0.5812,0.4693684895856693,0.7753,0.4376749163534592,0.5812,0.4693684895856692,0.4865,0.4999960029063248,0.4621,0.4693681787703734,11.910000000000004
vgg13,3,2,0.6,0.7753,0.4376749163534594,0.5812,0.4693684895856693,0.7753,0.4376749163534592,0.5812,0.4693684895856692,0.56,0.5999844904064369,0.4621,0.4693681787703734,11.910000000000004
vgg13,3,2,0.7,0.7753,0.4376749163534594,0.5812,0.4693684895856693,0.7753,0.4376749163534592,0.5812,0.4693684895856692,0.6181,0.6999671750118854,0.4621,0.4693681787703734,11.910000000000004
vgg13,3,2,0.8,0.7753,0.4376749163534594,0.5812,0.4693684895856693,0.7753,0.4376749163534592,0.5812,0.4693684895856692,0.66,0.7999926180245961,0.4621,0.4693681787703734,11.910000000000004
vgg13,3,2,0.9,0.7753,0.4376749163534594,0.5812,0.4693684895856693,0.7753,0.4376749163534592,0.5812,0.4693684895856692,0.6742,0.8999857980283635,0.4621,0.4693681787703734,11.910000000000004
vgg13,3,2,0.95,0.7753,0.4376749163534594,0.5812,0.4693684895856693,0.7753,0.4376749163534592,0.5812,0.4693684895856692,0.6756,0.9499912547878112,0.4621,0.4693681787703734,11.910000000000004
vgg13,1,3,0.4,0.7485886326757839,0.4,0.598051716592317,0.4,0.665,0.3377920538028901,0.5412,0.3404958476108036,0.4316,0.3999838388380082,0.4316,0.39998383883800825,16.645171659231707
vgg13,1,3,0.5,0.8375,0.4693684895856693,0.6541,0.4667883738036077,0.8375,0.4693684895856692,0.6541,0.4667883738036077,0.5287,0.4999934968739067,0.4956,0.46676951375122205,15.850000000000003
vgg13,1,3,0.6,0.8375,0.4693684895856693,0.6541,0.4667883738036077,0.8375,0.4693684895856692,0.6541,0.4667883738036077,0.619,0.5999824553062852,0.4956,0.46676951375122205,15.850000000000003
vgg13,1,3,0.7,0.8375,0.4693684895856693,0.6541,0.4667883738036077,0.8375,0.4693684895856692,0.6541,0.4667883738036077,0.6903,0.6999822483203415,0.4956,0.46676951375122205,15.850000000000003
vgg13,1,3,0.8,0.8375,0.4693684895856693,0.6541,0.4667883738036077,0.8375,0.4693684895856692,0.6541,0.4667883738036077,0.7397,0.7999924498345009,0.4956,0.46676951375122205,15.850000000000003
vgg13,1,3,0.9,0.8375,0.4693684895856693,0.6541,0.4667883738036077,0.8375,0.4693684895856692,0.6541,0.4667883738036077,0.7573,0.899979165395897,0.4956,0.46676951375122205,15.850000000000003
vgg13,1,3,0.95,0.8375,0.4693684895856693,0.6541,0.4667883738036077,0.8375,0.4693684895856692,0.6541,0.4667883738036077,0.7584,0.9499935057319184,0.4956,0.46676951375122205,15.850000000000003
vgg13,2,3,0.4,0.7485886326757839,0.4,0.590012135841712,0.4,0.665,0.3377920538028901,0.5128,0.3254644376620231,0.4316,0.3999838388380082,0.4316,0.39998383883800825,15.841213584171198
vgg13,2,3,0.5,0.8375,0.4693684895856693,0.6239,0.4376749163534594,0.8375,0.4693684895856692,0.6239,0.4376749163534592,0.5287,0.4999934968739067,0.4672,0.4376638690673747,15.67
vgg13,2,3,0.6,0.8375,0.4693684895856693,0.6239,0.4376749163534594,0.8375,0.4693684895856692,0.6239,0.4376749163534592,0.619,0.5999824553062852,0.4672,0.4376638690673747,15.67
vgg13,2,3,0.7,0.8375,0.4693684895856693,0.6239,0.4376749163534594,0.8375,0.4693684895856692,0.6239,0.4376749163534592,0.6903,0.6999822483203415,0.4672,0.4376638690673747,15.67
vgg13,2,3,0.8,0.8375,0.4693684895856693,0.6239,0.4376749163534594,0.8375,0.4693684895856692,0.6239,0.4376749163534592,0.7397,0.7999924498345009,0.4672,0.4376638690673747,15.67
vgg13,2,3,0.9,0.8375,0.4693684895856693,0.6239,0.4376749163534594,0.8375,0.4693684895856692,0.6239,0.4376749163534592,0.7573,0.899979165395897,0.4672,0.4376638690673747,15.67
vgg13,2,3,0.95,0.8375,0.4693684895856693,0.6239,0.4376749163534594,0.8375,0.4693684895856692,0.6239,0.4376749163534592,0.7584,0.9499935057319184,0.4672,0.4376638690673747,15.67
vgg8,2,1,0.4,0.7909,0.3634058877658772,0.6146,0.3630714440337909,0.7909,0.3634058877658772,0.6146,0.3630714440337909,0.4696,0.3999711630713531,0.4401,0.36304684152964245,17.450000000000003
vgg8,2,1,0.5,0.7909,0.3634058877658772,0.6146,0.3630714440337909,0.7909,0.3634058877658772,0.6146,0.3630714440337909,0.5475,0.4999948830894554,0.4401,0.36304684152964245,17.450000000000003
vgg8,2,1,0.6,0.7909,0.3634058877658772,0.6146,0.3630714440337909,0.7909,0.3634058877658772,0.6146,0.3630714440337909,0.6164,0.599996690677327,0.4401,0.36304684152964245,17.450000000000003
vgg8,2,1,0.7,0.7909,0.3634058877658772,0.6146,0.3630714440337909,0.7909,0.3634058877658772,0.6146,0.3630714440337909,0.6661,0.6999999407904662,0.4401,0.36304684152964245,17.450000000000003
vgg8,2,1,0.8,0.7909,0.3634058877658772,0.6146,0.3630714440337909,0.7909,0.3634058877658772,0.6146,0.3630714440337909,0.6976,0.7999890809322673,0.4401,0.36304684152964245,17.450000000000003
vgg8,2,1,0.9,0.7909,0.3634058877658772,0.6146,0.3630714440337909,0.7909,0.3634058877658772,0.6146,0.3630714440337909,0.7099,0.89998845602655,0.4401,0.36304684152964245,17.450000000000003
vgg8,2,1,0.95,0.7909,0.3634058877658772,0.6146,0.3630714440337909,0.7909,0.3634058877658772,0.6146,0.3630714440337909,0.7107,0.9499903194297782,0.4401,0.36304684152964245,17.450000000000003
vgg8,3,1,0.4,0.7909,0.3634058877658772,0.6176,0.3628485978277266,0.7909,0.3634058877658772,0.6176,0.3628485978277266,0.4696,0.3999711630713531,0.44,0.36279643535978273,17.760000000000005
vgg8,3,1,0.5,0.7909,0.3634058877658772,0.6176,0.3628485978277266,0.7909,0.3634058877658772,0.6176,0.3628485978277266,0.5475,0.4999948830894554,0.44,0.36279643535978273,17.760000000000005
vgg8,3,1,0.6,0.7909,0.3634058877658772,0.6176,0.3628485978277266,0.7909,0.3634058877658772,0.6176,0.3628485978277266,0.6164,0.599996690677327,0.44,0.36279643535978273,17.760000000000005
vgg8,3,1,0.7,0.7909,0.3634058877658772,0.6176,0.3628485978277266,0.7909,0.3634058877658772,0.6176,0.3628485978277266,0.6661,0.6999999407904662,0.44,0.36279643535978273,17.760000000000005
vgg8,3,1,0.8,0.7909,0.3634058877658772,0.6176,0.3628485978277266,0.7909,0.3634058877658772,0.6176,0.3628485978277266,0.6976,0.7999890809322673,0.44,0.36279643535978273,17.760000000000005
vgg8,3,1,0.9,0.7909,0.3634058877658772,0.6176,0.3628485978277266,0.7909,0.3634058877658772,0.6176,0.3628485978277266,0.7099,0.89998845602655,0.44,0.36279643535978273,17.760000000000005
vgg8,3,1,0.95,0.7909,0.3634058877658772,0.6176,0.3628485978277266,0.7909,0.3634058877658772,0.6176,0.3628485978277266,0.7107,0.9499903194297782,0.44,0.36279643535978273,17.760000000000005
vgg8,1,2,0.4,0.7925,0.3630714440337909,0.6194,0.3634058877658772,0.7925,0.3630714440337909,0.6194,0.3634058877658772,0.4738,0.3999865175742947,0.4432,0.36334008674008145,17.619999999999997
vgg8,1,2,0.5,0.7925,0.3630714440337909,0.6194,0.3634058877658772,0.7925,0.3630714440337909,0.6194,0.3634058877658772,0.5483,0.4999816310906623,0.4432,0.36334008674008145,17.619999999999997
vgg8,1,2,0.6,0.7925,0.3630714440337909,0.6194,0.3634058877658772,0.7925,0.3630714440337909,0.6194,0.3634058877658772,0.6139,0.5999960872680645,0.4432,0.36334008674008145,17.619999999999997
vgg8,1,2,0.7,0.7925,0.3630714440337909,0.6194,0.3634058877658772,0.7925,0.3630714440337909,0.6194,0.3634058877658772,0.6687,0.6999855951123851,0.4432,0.36334008674008145,17.619999999999997
vgg8,1,2,0.8,0.7925,0.3630714440337909,0.6194,0.3634058877658772,0.7925,0.3630714440337909,0.6194,0.3634058877658772,0.7007,0.7999608232765123,0.4432,0.36334008674008145,17.619999999999997
vgg8,1,2,0.9,0.7925,0.3630714440337909,0.6194,0.3634058877658772,0.7925,0.3630714440337909,0.6194,0.3634058877658772,0.7129,0.8999872680645649,0.4432,0.36334008674008145,17.619999999999997
vgg8,1,2,0.95,0.7925,0.3630714440337909,0.6194,0.3634058877658772,0.7925,0.3630714440337909,0.6194,0.3634058877658772,0.7134,0.9499891880374114,0.4432,0.36334008674008145,17.619999999999997
vgg8,3,2,0.4,0.7925,0.3630714440337909,0.6243,0.3628485978277266,0.7925,0.3630714440337909,0.6243,0.3628485978277266,0.4738,0.3999865175742947,0.4429,0.3628392272590134,18.139999999999993
vgg8,3,2,0.5,0.7925,0.3630714440337909,0.6243,0.3628485978277266,0.7925,0.3630714440337909,0.6243,0.3628485978277266,0.5483,0.4999816310906623,0.4429,0.3628392272590134,18.139999999999993
vgg8,3,2,0.6,0.7925,0.3630714440337909,0.6243,0.3628485978277266,0.7925,0.3630714440337909,0.6243,0.3628485978277266,0.6139,0.5999960872680645,0.4429,0.3628392272590134,18.139999999999993
vgg8,3,2,0.7,0.7925,0.3630714440337909,0.6243,0.3628485978277266,0.7925,0.3630714440337909,0.6243,0.3628485978277266,0.6687,0.6999855951123851,0.4429,0.3628392272590134,18.139999999999993
vgg8,3,2,0.8,0.7925,0.3630714440337909,0.6243,0.3628485978277266,0.7925,0.3630714440337909,0.6243,0.3628485978277266,0.7007,0.7999608232765123,0.4429,0.3628392272590134,18.139999999999993
vgg8,3,2,0.9,0.7925,0.3630714440337909,0.6243,0.3628485978277266,0.7925,0.3630714440337909,0.6243,0.3628485978277266,0.7129,0.8999872680645649,0.4429,0.3628392272590134,18.139999999999993
vgg8,3,2,0.95,0.7925,0.3630714440337909,0.6243,0.3628485978277266,0.7925,0.3630714440337909,0.6243,0.3628485978277266,0.7134,0.9499891880374114,0.4429,0.3628392272590134,18.139999999999993
vgg8,1,3,0.4,0.7911,0.3628485978277266,0.6185,0.3634058877658772,0.7911,0.3628485978277266,0.6185,0.3634058877658772,0.4695,0.3999979310604917,0.4401,0.36339383014029264,17.840000000000007
vgg8,1,3,0.5,0.7911,0.3628485978277266,0.6185,0.3634058877658772,0.7911,0.3628485978277266,0.6185,0.3634058877658772,0.5496,0.499994760521949,0.4401,0.36339383014029264,17.840000000000007
vgg8,1,3,0.6,0.7911,0.3628485978277266,0.6185,0.3634058877658772,0.7911,0.3628485978277266,0.6185,0.3634058877658772,0.6175,0.5999829766933172,0.4401,0.36339383014029264,17.840000000000007
vgg8,1,3,0.7,0.7911,0.3628485978277266,0.6185,0.3634058877658772,0.7911,0.3628485978277266,0.6185,0.3634058877658772,0.6663,0.699986141952029,0.4401,0.36339383014029264,17.840000000000007
vgg8,1,3,0.8,0.7911,0.3628485978277266,0.6185,0.3634058877658772,0.7911,0.3628485978277266,0.6185,0.3634058877658772,0.6985,0.7999888735103333,0.4401,0.36339383014029264,17.840000000000007
vgg8,1,3,0.9,0.7911,0.3628485978277266,0.6185,0.3634058877658772,0.7911,0.3628485978277266,0.6185,0.3634058877658772,0.7106,0.8999883994569318,0.4401,0.36339383014029264,17.840000000000007
vgg8,1,3,0.95,0.7911,0.3628485978277266,0.6185,0.3634058877658772,0.7911,0.3628485978277266,0.6185,0.3634058877658772,0.7116,0.9499897725901344,0.4401,0.36339383014029264,17.840000000000007
vgg8,2,3,0.4,0.7911,0.3628485978277266,0.6189,0.3630714440337909,0.7911,0.3628485978277266,0.6189,0.3630714440337909,0.4695,0.3999979310604917,0.44,0.3630599803891989,17.89
vgg8,2,3,0.5,0.7911,0.3628485978277266,0.6189,0.3630714440337909,0.7911,0.3628485978277266,0.6189,0.3630714440337909,0.5496,0.499994760521949,0.44,0.3630599803891989,17.89
vgg8,2,3,0.6,0.7911,0.3628485978277266,0.6189,0.3630714440337909,0.7911,0.3628485978277266,0.6189,0.3630714440337909,0.6175,0.5999829766933172,0.44,0.3630599803891989,17.89
vgg8,2,3,0.7,0.7911,0.3628485978277266,0.6189,0.3630714440337909,0.7911,0.3628485978277266,0.6189,0.3630714440337909,0.6663,0.699986141952029,0.44,0.3630599803891989,17.89
vgg8,2,3,0.8,0.7911,0.3628485978277266,0.6189,0.3630714440337909,0.7911,0.3628485978277266,0.6189,0.3630714440337909,0.6985,0.7999888735103333,0.44,0.3630599803891989,17.89
vgg8,2,3,0.9,0.7911,0.3628485978277266,0.6189,0.3630714440337909,0.7911,0.3628485978277266,0.6189,0.3630714440337909,0.7106,0.8999883994569318,0.44,0.3630599803891989,17.89
vgg8,2,3,0.95,0.7911,0.3628485978277266,0.6189,0.3630714440337909,0.7911,0.3628485978277266,0.6189,0.3630714440337909,0.7116,0.9499897725901344,0.44,0.3630599803891989,17.89
vit_tiny,2,1,0.4,0.6925,0.3140108026920078,0.453,0.3013248606337194,0.6925,0.3140108026920077,0.453,0.3013248606337194,0.4851,0.3999590999682273,0.4303,0.30131654198318936,2.2699999999999996
vit_tiny,2,1,0.5,0.6925,0.3140108026920078,0.453,0.3013248606337194,0.6925,0.3140108026920077,0.453,0.3013248606337194,0.524,0.4999825539412495,0.4303,0.30131654198318936,2.2699999999999996
vit_tiny,2,1,0.6,0.6925,0.3140108026920078,0.453,0.3013248606337194,0.6925,0.3140108026920077,0.453,0.3013248606337194,0.5568,0.5999976892637416,0.4303,0.30131654198318936,2.2699999999999996
vit_tiny,2,1,0.7,0.6925,0.3140108026920078,0.453,0.3013248606337194,0.6925,0.3140108026920077,0.453,0.3013248606337194,0.5729,0.6999878686346437,0.4303,0.30131654198318936,2.2699999999999996
vit_tiny,2,1,0.8,0.6925,0.3140108026920078,0.453,0.3013248606337194,0.6925,0.3140108026920077,0.453,0.3013248606337194,0.58,0.7999863666560757,0.4303,0.30131654198318936,2.2699999999999996
vit_tiny,2,1,0.9,0.6925,0.3140108026920078,0.453,0.3013248606337194,0.6925,0.3140108026920077,0.453,0.3013248606337194,0.5805,0.8999931833280378,0.4303,0.30131654198318936,2.2699999999999996
vit_tiny,2,1,0.95,0.6925,0.3140108026920078,0.453,0.3013248606337194,0.6925,0.3140108026920077,0.453,0.3013248606337194,0.5803,0.949979954362959,0.4303,0.30131654198318936,2.2699999999999996
vit_tiny,3,1,0.4,0.6925,0.3140108026920078,0.4655,0.3076719909881286,0.6925,0.3140108026920077,0.4655,0.3076719909881286,0.4851,0.3999590999682273,0.4345,0.30765535368706853,3.1000000000000028
vit_tiny,3,1,0.5,0.6925,0.3140108026920078,0.4655,0.3076719909881286,0.6925,0.3140108026920077,0.4655,0.3076719909881286,0.524,0.4999825539412495,0.4345,0.30765535368706853,3.1000000000000028
vit_tiny,3,1,0.6,0.6925,0.3140108026920078,0.4655,0.3076719909881286,0.6925,0.3140108026920077,0.4655,0.3076719909881286,0.5568,0.5999976892637416,0.4345,0.30765535368706853,3.1000000000000028
vit_tiny,3,1,0.7,0.6925,0.3140108026920078,0.4655,0.3076719909881286,0.6925,0.3140108026920077,0.4655,0.3076719909881286,0.5729,0.6999878686346437,0.4345,0.30765535368706853,3.1000000000000028
vit_tiny,3,1,0.8,0.6925,0.3140108026920078,0.4655,0.3076719909881286,0.6925,0.3140108026920077,0.4655,0.3076719909881286,0.58,0.7999863666560757,0.4345,0.30765535368706853,3.1000000000000028
vit_tiny,3,1,0.9,0.6925,0.3140108026920078,0.4655,0.3076719909881286,0.6925,0.3140108026920077,0.4655,0.3076719909881286,0.5805,0.8999931833280378,0.4345,0.30765535368706853,3.1000000000000028
vit_tiny,3,1,0.95,0.6925,0.3140108026920078,0.4655,0.3076719909881286,0.6925,0.3140108026920077,0.4655,0.3076719909881286,0.5803,0.949979954362959,0.4345,0.30765535368706853,3.1000000000000028
vit_tiny,1,2,0.4,0.7046,0.3013248606337194,0.507,0.3140108026920078,0.7046,0.3013248606337194,0.507,0.3140108026920077,0.5017,0.3999424626671673,0.4569,0.3140108026920077,5.010000000000003
vit_tiny,1,2,0.5,0.7046,0.3013248606337194,0.507,0.3140108026920078,0.7046,0.3013248606337194,0.507,0.3140108026920077,0.5458,0.4999825539412495,0.4569,0.3140108026920077,5.010000000000003
vit_tiny,1,2,0.6,0.7046,0.3013248606337194,0.507,0.3140108026920078,0.7046,0.3013248606337194,0.507,0.3140108026920077,0.5704,0.5999810519626815,0.4569,0.3140108026920077,5.010000000000003
vit_tiny,1,2,0.7,0.7046,0.3013248606337194,0.507,0.3140108026920078,0.7046,0.3013248606337194,0.507,0.3140108026920077,0.585,0.6999878686346437,0.4569,0.3140108026920077,5.010000000000003
vit_tiny,1,2,0.8,0.7046,0.3013248606337194,0.507,0.3140108026920078,0.7046,0.3013248606337194,0.507,0.3140108026920077,0.5889,0.7999946853066058,0.4569,0.3140108026920077,5.010000000000003
vit_tiny,1,2,0.9,0.7046,0.3013248606337194,0.507,0.3140108026920078,0.7046,0.3013248606337194,0.507,0.3140108026920077,0.5893,0.8999765460269779,0.4569,0.3140108026920077,5.010000000000003
vit_tiny,1,2,0.95,0.7046,0.3013248606337194,0.507,0.3140108026920078,0.7046,0.3013248606337194,0.507,0.3140108026920077,0.5895,0.9499965916640192,0.4569,0.3140108026920077,5.010000000000003
vit_tiny,3,2,0.4,0.7046,0.3013248606337194,0.5131,0.3076719909881286,0.7046,0.3013248606337194,0.5131,0.3076719909881286,0.5017,0.3999424626671673,0.4532,0.3076719909881286,5.990000000000001
vit_tiny,3,2,0.5,0.7046,0.3013248606337194,0.5131,0.3076719909881286,0.7046,0.3013248606337194,0.5131,0.3076719909881286,0.5458,0.4999825539412495,0.4532,0.3076719909881286,5.990000000000001
vit_tiny,3,2,0.6,0.7046,0.3013248606337194,0.5131,0.3076719909881286,0.7046,0.3013248606337194,0.5131,0.3076719909881286,0.5704,0.5999810519626815,0.4532,0.3076719909881286,5.990000000000001
vit_tiny,3,2,0.7,0.7046,0.3013248606337194,0.5131,0.3076719909881286,0.7046,0.3013248606337194,0.5131,0.3076719909881286,0.585,0.6999878686346437,0.4532,0.3076719909881286,5.990000000000001
vit_tiny,3,2,0.8,0.7046,0.3013248606337194,0.5131,0.3076719909881286,0.7046,0.3013248606337194,0.5131,0.3076719909881286,0.5889,0.7999946853066058,0.4532,0.3076719909881286,5.990000000000001
vit_tiny,3,2,0.9,0.7046,0.3013248606337194,0.5131,0.3076719909881286,0.7046,0.3013248606337194,0.5131,0.3076719909881286,0.5893,0.8999765460269779,0.4532,0.3076719909881286,5.990000000000001
vit_tiny,3,2,0.95,0.7046,0.3013248606337194,0.5131,0.3076719909881286,0.7046,0.3013248606337194,0.5131,0.3076719909881286,0.5895,0.9499965916640192,0.4532,0.3076719909881286,5.990000000000001
vit_tiny,1,3,0.4,0.7173,0.3076719909881286,0.5176,0.3140108026920078,0.7173,0.3076719909881286,0.5176,0.3140108026920077,0.5137,0.3999923745703475,0.4644,0.3140024840414777,5.319999999999997
vit_tiny,1,3,0.5,0.7173,0.3076719909881286,0.5176,0.3140108026920078,0.7173,0.3076719909881286,0.5176,0.3140108026920077,0.5582,0.4999825539412495,0.4644,0.3140024840414777,5.319999999999997
vit_tiny,1,3,0.6,0.7173,0.3076719909881286,0.5176,0.3140108026920078,0.7173,0.3076719909881286,0.5176,0.3140108026920077,0.5835,0.5999644146616215,0.4644,0.3140024840414777,5.319999999999997
vit_tiny,1,3,0.7,0.7173,0.3076719909881286,0.5176,0.3140108026920078,0.7173,0.3076719909881286,0.5176,0.3140108026920077,0.5984,0.6999878686346437,0.4644,0.3140024840414777,5.319999999999997
vit_tiny,1,3,0.8,0.7173,0.3076719909881286,0.5176,0.3140108026920078,0.7173,0.3076719909881286,0.5176,0.3140108026920077,0.6031,0.7999697293550158,0.4644,0.3140024840414777,5.319999999999997
vit_tiny,1,3,0.9,0.7173,0.3076719909881286,0.5176,0.3140108026920078,0.7173,0.3076719909881286,0.5176,0.3140108026920077,0.604,0.8999931833280379,0.4644,0.3140024840414777,5.319999999999997
vit_tiny,1,3,0.95,0.7173,0.3076719909881286,0.5176,0.3140108026920078,0.7173,0.3076719909881286,0.5176,0.3140108026920077,0.604,0.9499965916640188,0.4644,0.3140024840414777,5.319999999999997
vit_tiny,2,3,0.4,0.7173,0.3076719909881286,0.5132,0.3013248606337194,0.7173,0.3076719909881286,0.5132,0.3013248606337194,0.5137,0.3999923745703475,0.4535,0.30131654198318936,5.969999999999997
vit_tiny,2,3,0.5,0.7173,0.3076719909881286,0.5132,0.3013248606337194,0.7173,0.3076719909881286,0.5132,0.3013248606337194,0.5582,0.4999825539412495,0.4535,0.30131654198318936,5.969999999999997
vit_tiny,2,3,0.6,0.7173,0.3076719909881286,0.5132,0.3013248606337194,0.7173,0.3076719909881286,0.5132,0.3013248606337194,0.5835,0.5999644146616215,0.4535,0.30131654198318936,5.969999999999997
vit_tiny,2,3,0.7,0.7173,0.3076719909881286,0.5132,0.3013248606337194,0.7173,0.3076719909881286,0.5132,0.3013248606337194,0.5984,0.6999878686346437,0.4535,0.30131654198318936,5.969999999999997
vit_tiny,2,3,0.8,0.7173,0.3076719909881286,0.5132,0.3013248606337194,0.7173,0.3076719909881286,0.5132,0.3013248606337194,0.6031,0.7999697293550158,0.4535,0.30131654198318936,5.969999999999997
vit_tiny,2,3,0.9,0.7173,0.3076719909881286,0.5132,0.3013248606337194,0.7173,0.3076719909881286,0.5132,0.3013248606337194,0.604,0.8999931833280379,0.4535,0.30131654198318936,5.969999999999997
vit_tiny,2,3,0.95,0.7173,0.3076719909881286,0.5132,0.3013248606337194,0.7173,0.3076719909881286,0.5132,0.3013248606337194,0.604,0.9499965916640188,0.4535,0.30131654198318936,5.969999999999997
wrn_16_2,2,1,0.4,0.6198679979280133,0.3999999999999999,0.438017072038548,0.3999999999999999,0.6074,0.3893970061570556,0.4069,0.366954354496524,0.2612,0.3999373053767905,0.2612,0.39993730537679056,17.681707203854803
wrn_16_2,2,1,0.5,0.7374574081709507,0.5,0.5321809824856141,0.4999999999999999,0.6074,0.3893970061570556,0.4069,0.366954354496524,0.3276,0.4999914970860316,0.3276,0.49999149708603163,20.458098248561406
wrn_16_2,2,1,0.6,0.792,0.5463839317812422,0.5496,0.5184986131434908,0.792,0.5463839317812422,0.5496,0.5184986131434908,0.4092,0.5999922774776325,0.3392,0.5184877784219507,21.04
wrn_16_2,2,1,0.7,0.792,0.5463839317812422,0.5496,0.5184986131434908,0.792,0.5463839317812422,0.5496,0.5184986131434908,0.5055,0.6999451511921699,0.3392,0.5184877784219507,21.04
wrn_16_2,2,1,0.8,0.792,0.5463839317812422,0.5496,0.5184986131434908,0.792,0.5463839317812422,0.5496,0.5184986131434908,0.6075,0.7999594524220621,0.3392,0.5184877784219507,21.04
wrn_16_2,2,1,0.9,0.792,0.5463839317812422,0.5496,0.5184986131434908,0.792,0.5463839317812422,0.5496,0.5184986131434908,0.6984,0.8999949595436894,0.3392,0.5184877784219507,21.04
wrn_16_2,2,1,0.95,0.792,0.5463839317812422,0.5496,0.5184986131434908,0.792,0.5463839317812422,0.5496,0.5184986131434908,0.7212,0.9499884058998364,0.3392,0.5184877784219507,21.04
wrn_16_2,3,1,0.4,0.6198679979280133,0.3999999999999999,0.4352055429892196,0.3999999999999999,0.6074,0.3893970061570556,0.428,0.3917241140371752,0.2612,0.3999373053767905,0.2612,0.39993730537679056,17.40055429892196
wrn_16_2,3,1,0.5,0.7374574081709507,0.5,0.522272269398778,0.5,0.6074,0.3893970061570556,0.428,0.3917241140371752,0.3276,0.4999914970860316,0.3276,0.49999149708603163,19.4672269398778
wrn_16_2,3,1,0.6,0.792,0.5463839317812422,0.5692,0.5538985816240247,0.792,0.5463839317812422,0.5692,0.5538985816240246,0.4092,0.5999922774776325,0.3662,0.5538748463267797,20.3
wrn_16_2,3,1,0.7,0.792,0.5463839317812422,0.5692,0.5538985816240247,0.792,0.5463839317812422,0.5692,0.5538985816240246,0.5055,0.6999451511921699,0.3662,0.5538748463267797,20.3
wrn_16_2,3,1,0.8,0.792,0.5463839317812422,0.5692,0.5538985816240247,0.792,0.5463839317812422,0.5692,0.5538985816240246,0.6075,0.7999594524220621,0.3662,0.5538748463267797,20.3
wrn_16_2,3,1,0.9,0.792,0.5463839317812422,0.5692,0.5538985816240247,0.792,0.5463839317812422,0.5692,0.5538985816240246,0.6984,0.8999949595436894,0.3662,0.5538748463267797,20.3
wrn_16_2,3,1,0.95,0.792,0.5463839317812422,0.5692,0.5538985816240247,0.792,0.5463839317812422,0.5692,0.5538985816240246,0.7212,0.9499884058998364,0.3662,0.5538748463267797,20.3
wrn_16_2,1,2,0.4,0.5871581796585092,0.3999999999999999,0.3718795676042677,0.3999999999999999,0.5483,0.366954354496524,0.3647,0.3893970061570556,0.231,0.39999091492529,0.231,0.39999091492529,14.08795676042677
wrn_16_2,1,2,0.5,0.7047475899014466,0.4999999999999999,0.4395922128308346,0.5,0.5483,0.366954354496524,0.3647,0.3893970061570556,0.2935,0.4999834765844543,0.2935,0.49998347658445436,14.609221283083462
wrn_16_2,1,2,0.6,0.7265,0.5184986131434908,0.471,0.5463839317812422,0.7265,0.5184986131434908,0.471,0.5463839317812422,0.3738,0.5999920781075155,0.3252,0.5463764115404285,14.579999999999998
wrn_16_2,1,2,0.7,0.7265,0.5184986131434908,0.471,0.5463839317812422,0.7265,0.5184986131434908,0.471,0.5463839317812422,0.4643,0.6999950052405859,0.3252,0.5463764115404285,14.579999999999998
wrn_16_2,1,2,0.8,0.7265,0.5184986131434908,0.471,0.5463839317812422,0.7265,0.5184986131434908,0.471,0.5463839317812422,0.5524,0.7999677229274368,0.3252,0.5463764115404285,14.579999999999998
wrn_16_2,1,2,0.9,0.7265,0.5184986131434908,0.471,0.5463839317812422,0.7265,0.5184986131434908,0.471,0.5463839317812422,0.6319,0.8999840897583253,0.3252,0.5463764115404285,14.579999999999998
wrn_16_2,1,2,0.95,0.7265,0.5184986131434908,0.471,0.5463839317812422,0.7265,0.5184986131434908,0.471,0.5463839317812422,0.6556,0.9499857939614272,0.3252,0.5463764115404285,14.579999999999998
wrn_16_2,3,2,0.4,0.5871581796585092,0.3999999999999999,0.3713337956516278,0.3999999999999999,0.5483,0.366954354496524,0.3657,0.3917241140371752,0.231,0.39999091492529,0.231,0.39999091492529,14.033379565162777
wrn_16_2,3,2,0.5,0.7047475899014466,0.4999999999999999,0.4394086298981947,0.5,0.5483,0.366954354496524,0.3657,0.3917241140371752,0.2935,0.4999834765844543,0.2935,0.49998347658445436,14.59086298981947
wrn_16_2,3,2,0.6,0.7265,0.5184986131434908,0.4761,0.5538985816240247,0.7265,0.5184986131434908,0.4761,0.5538985816240246,0.3738,0.5999920781075155,0.3323,0.5538832940500361,14.380000000000004
wrn_16_2,3,2,0.7,0.7265,0.5184986131434908,0.4761,0.5538985816240247,0.7265,0.5184986131434908,0.4761,0.5538985816240246,0.4643,0.6999950052405859,0.3323,0.5538832940500361,14.380000000000004
wrn_16_2,3,2,0.8,0.7265,0.5184986131434908,0.4761,0.5538985816240247,0.7265,0.5184986131434908,0.4761,0.5538985816240246,0.5524,0.7999677229274368,0.3323,0.5538832940500361,14.380000000000004
wrn_16_2,3,2,0.9,0.7265,0.5184986131434908,0.4761,0.5538985816240247,0.7265,0.5184986131434908,0.4761,0.5538985816240246,0.6319,0.8999840897583253,0.3323,0.5538832940500361,14.380000000000004
wrn_16_2,3,2,0.95,0.7265,0.5184986131434908,0.4761,0.5538985816240247,0.7265,0.5184986131434908,0.4761,0.5538985816240246,0.6556,0.9499857939614272,0.3323,0.5538832940500361,14.380000000000004
wrn_16_2,1,3,0.4,0.6149315654960636,0.3999999999999999,0.4310868348597065,0.3999999999999999,0.6052,0.3917241140371752,0.4218,0.3893970061570556,0.2564,0.3999492301148878,0.2564,0.3999492301148878,17.468683485970647
wrn_16_2,1,3,0.5,0.7325209757390011,0.5,0.5186737466062066,0.5,0.6052,0.3917241140371752,0.4218,0.3893970061570556,0.3234,0.4999790438588941,0.3234,0.4999790438588941,19.527374660620655
wrn_16_2,1,3,0.6,0.7959,0.5538985816240247,0.5593,0.5463839317812422,0.7959,0.5538985816240246,0.5593,0.5463839317812422,0.4109,0.5999736846635645,0.363,0.5463701358754817,19.630000000000003
wrn_16_2,1,3,0.7,0.7959,0.5538985816240247,0.5593,0.5463839317812422,0.7959,0.5538985816240246,0.5593,0.5463839317812422,0.5108,0.6999932477455353,0.363,0.5463701358754817,19.630000000000003
wrn_16_2,1,3,0.8,0.7959,0.5538985816240247,0.5593,0.5463839317812422,0.7959,0.5538985816240246,0.5593,0.5463839317812422,0.6105,0.7999726904712475,0.363,0.5463701358754817,19.630000000000003
wrn_16_2,1,3,0.9,0.7959,0.5538985816240247,0.5593,0.5463839317812422,0.7959,0.5538985816240246,0.5593,0.5463839317812422,0.7013,0.8999786653721323,0.363,0.5463701358754817,19.630000000000003
wrn_16_2,1,3,0.95,0.7959,0.5538985816240247,0.5593,0.5463839317812422,0.7959,0.5538985816240246,0.5593,0.5463839317812422,0.7251,0.9499905494767008,0.363,0.5463701358754817,19.630000000000003
wrn_16_2,2,3,0.4,0.6149315654960636,0.3999999999999999,0.4392441610929126,0.3999999999999999,0.6052,0.3917241140371752,0.4078,0.366954354496524,0.2564,0.3999492301148878,0.2564,0.3999492301148878,18.284416109291257
wrn_16_2,2,3,0.5,0.7325209757390011,0.5,0.5343978813905085,0.4999999999999999,0.6052,0.3917241140371752,0.4078,0.366954354496524,0.3234,0.4999790438588941,0.3234,0.4999790438588941,21.099788139050844
wrn_16_2,2,3,0.6,0.7959,0.5538985816240247,0.552,0.5184986131434908,0.7959,0.5538985816240246,0.552,0.5184986131434908,0.4109,0.5999736846635645,0.3392,0.5184897732623788,21.280000000000005
wrn_16_2,2,3,0.7,0.7959,0.5538985816240247,0.552,0.5184986131434908,0.7959,0.5538985816240246,0.552,0.5184986131434908,0.5108,0.6999932477455353,0.3392,0.5184897732623788,21.280000000000005
wrn_16_2,2,3,0.8,0.7959,0.5538985816240247,0.552,0.5184986131434908,0.7959,0.5538985816240246,0.552,0.5184986131434908,0.6105,0.7999726904712475,0.3392,0.5184897732623788,21.280000000000005
wrn_16_2,2,3,0.9,0.7959,0.5538985816240247,0.552,0.5184986131434908,0.7959,0.5538985816240246,0.552,0.5184986131434908,0.7013,0.8999786653721323,0.3392,0.5184897732623788,21.280000000000005
wrn_16_2,2,3,0.95,0.7959,0.5538985816240247,0.552,0.5184986131434908,0.7959,0.5538985816240246,0.552,0.5184986131434908,0.7251,0.9499905494767008,0.3392,0.5184897732623788,21.280000000000005
wrn_40_1,2,1,0.4,0.5472183405886348,0.4,0.355526384602824,0.4,0.5449,0.3982194008827769,0.3528,0.3972459904652713,0.2172,0.3999947695005487,0.2172,0.3999947695005487,13.832638460282398
wrn_40_1,2,1,0.5,0.6774183708037727,0.5,0.4545233041284717,0.5,0.5449,0.3982194008827769,0.3528,0.3972459904652713,0.2905,0.4999830348223535,0.2905,0.4999830348223535,16.40233041284717
wrn_40_1,2,1,0.6,0.784,0.5818599112612461,0.5292,0.5754333531077006,0.784,0.581859911261246,0.5292,0.5754333531077006,0.3825,0.5999628540559482,0.3594,0.575428353522655,16.98
wrn_40_1,2,1,0.7,0.784,0.5818599112612461,0.5292,0.5754333531077006,0.784,0.581859911261246,0.5292,0.5754333531077006,0.4892,0.69996483139022,0.3594,0.575428353522655,16.98
wrn_40_1,2,1,0.8,0.784,0.5818599112612461,0.5292,0.5754333531077006,0.784,0.581859911261246,0.5292,0.5754333531077006,0.5949,0.7999890014046972,0.3594,0.575428353522655,16.98
wrn_40_1,2,1,0.9,0.784,0.5818599112612461,0.5292,0.5754333531077006,0.784,0.581859911261246,0.5292,0.5754333531077006,0.6828,0.8999954135250524,0.3594,0.575428353522655,16.98
wrn_40_1,2,1,0.95,0.784,0.5818599112612461,0.5292,0.5754333531077006,0.784,0.581859911261246,0.5292,0.5754333531077006,0.7088,0.9499919285233466,0.3594,0.575428353522655,16.98
wrn_40_1,3,1,0.4,0.5472183405886348,0.4,0.3559342341378436,0.4,0.5449,0.3982194008827769,0.3436,0.3883255750191339,0.2172,0.3999947695005487,0.2172,0.3999947695005487,13.873423413784359
wrn_40_1,3,1,0.5,0.6774183708037727,0.5,0.461585982794065,0.5,0.5449,0.3982194008827769,0.3436,0.3883255750191339,0.2905,0.4999830348223535,0.2905,0.4999830348223535,17.1085982794065
wrn_40_1,3,1,0.6,0.784,0.5818599112612461,0.4895,0.5264207810670166,0.784,0.581859911261246,0.4895,0.5264207810670166,0.3825,0.5999628540559482,0.3151,0.5264171532134371,17.44
wrn_40_1,3,1,0.7,0.784,0.5818599112612461,0.4895,0.5264207810670166,0.784,0.581859911261246,0.4895,0.5264207810670166,0.4892,0.69996483139022,0.3151,0.5264171532134371,17.44
wrn_40_1,3,1,0.8,0.784,0.5818599112612461,0.4895,0.5264207810670166,0.784,0.581859911261246,0.4895,0.5264207810670166,0.5949,0.7999890014046972,0.3151,0.5264171532134371,17.44
wrn_40_1,3,1,0.9,0.784,0.5818599112612461,0.4895,0.5264207810670166,0.784,0.581859911261246,0.4895,0.5264207810670166,0.6828,0.8999954135250524,0.3151,0.5264171532134371,17.44
wrn_40_1,3,1,0.95,0.784,0.5818599112612461,0.4895,0.5264207810670166,0.784,0.581859911261246,0.4895,0.5264207810670166,0.7088,0.9499919285233466,0.3151,0.5264171532134371,17.44
wrn_40_1,1,2,0.4,0.5530857212463445,0.4,0.3610714798224325,0.4,0.5495,0.3972459904652713,0.3593,0.3982194008827769,0.2217,0.3999871015285688,0.2217,0.3999871015285688,13.937147982243248
wrn_40_1,1,2,0.5,0.6832857514614822,0.5,0.4605593322703858,0.5,0.5495,0.3972459904652713,0.3593,0.3982194008827769,0.2956,0.4999897358738784,0.2956,0.49998973587387846,16.495933227038584
wrn_40_1,1,2,0.6,0.7815,0.5754333531077006,0.542,0.5818599112612461,0.7815,0.5754333531077006,0.542,0.581859911261246,0.388,0.5999950060245223,0.3702,0.5818497636297132,17.180000000000007
wrn_40_1,1,2,0.7,0.7815,0.5754333531077006,0.542,0.5818599112612461,0.7815,0.5754333531077006,0.542,0.581859911261246,0.484,0.6999848063700101,0.3702,0.5818497636297132,17.180000000000007
wrn_40_1,1,2,0.8,0.7815,0.5754333531077006,0.542,0.5818599112612461,0.7815,0.5754333531077006,0.542,0.581859911261246,0.5969,0.7999891301173858,0.3702,0.5818497636297132,17.180000000000007
wrn_40_1,1,2,0.9,0.7815,0.5754333531077006,0.542,0.5818599112612461,0.7815,0.5754333531077006,0.542,0.581859911261246,0.682,0.8999849041148101,0.3702,0.5818497636297132,17.180000000000007
wrn_40_1,1,2,0.95,0.7815,0.5754333531077006,0.542,0.5818599112612461,0.7815,0.5754333531077006,0.542,0.581859911261246,0.707,0.9499780948677832,0.3702,0.5818497636297132,17.180000000000007
wrn_40_1,3,2,0.4,0.5530857212463445,0.4,0.3648397945318324,0.4,0.5495,0.3972459904652713,0.3527,0.3883255750191339,0.2217,0.3999871015285688,0.2217,0.3999871015285688,14.31397945318324
wrn_40_1,3,2,0.5,0.6832857514614822,0.5,0.4688260255601627,0.5,0.5495,0.3972459904652713,0.3527,0.3883255750191339,0.2956,0.4999897358738784,0.2956,0.49998973587387846,17.32260255601627
wrn_40_1,3,2,0.6,0.7815,0.5754333531077006,0.4963,0.5264207810670166,0.7815,0.5754333531077006,0.4963,0.5264207810670166,0.388,0.5999950060245223,0.3182,0.5264105290821517,17.810000000000002
wrn_40_1,3,2,0.7,0.7815,0.5754333531077006,0.4963,0.5264207810670166,0.7815,0.5754333531077006,0.4963,0.5264207810670166,0.484,0.6999848063700101,0.3182,0.5264105290821517,17.810000000000002
wrn_40_1,3,2,0.8,0.7815,0.5754333531077006,0.4963,0.5264207810670166,0.7815,0.5754333531077006,0.4963,0.5264207810670166,0.5969,0.7999891301173858,0.3182,0.5264105290821517,17.810000000000002
wrn_40_1,3,2,0.9,0.7815,0.5754333531077006,0.4963,0.5264207810670166,0.7815,0.5754333531077006,0.4963,0.5264207810670166,0.682,0.8999849041148101,0.3182,0.5264105290821517,17.810000000000002
wrn_40_1,3,2,0.95,0.7815,0.5754333531077006,0.4963,0.5264207810670166,0.7815,0.5754333531077006,0.4963,0.5264207810670166,0.707,0.9499780948677832,0.3182,0.5264105290821517,17.810000000000002
wrn_40_1,1,3,0.4,0.5353001048525311,0.4,0.334634185131728,0.4,0.5201,0.3883255750191339,0.3333,0.3982194008827769,0.2108,0.3999942809302354,0.2108,0.3999942809302354,12.383418513172801
wrn_40_1,1,3,0.5,0.6655001350676689,0.5,0.4095631862091138,0.5,0.5201,0.3883255750191339,0.3333,0.3982194008827769,0.2755,0.4999894707641615,0.2755,0.4999894707641615,13.406318620911378
wrn_40_1,1,3,0.6,0.6999,0.5264207810670166,0.4709,0.5818599112612461,0.6999,0.5264207810670166,0.4709,0.581859911261246,0.3546,0.5999808419423551,0.3405,0.581858296166744,13.039999999999996
wrn_40_1,1,3,0.7,0.6999,0.5264207810670166,0.4709,0.5818599112612461,0.6999,0.5264207810670166,0.4709,0.581859911261246,0.4419,0.6999927900915052,0.3405,0.581858296166744,13.039999999999996
wrn_40_1,1,3,0.8,0.6999,0.5264207810670166,0.4709,0.5818599112612461,0.6999,0.5264207810670166,0.4709,0.581859911261246,0.5298,0.7999846698192951,0.3405,0.581858296166744,13.039999999999996
wrn_40_1,1,3,0.9,0.6999,0.5264207810670166,0.4709,0.5818599112612461,0.6999,0.5264207810670166,0.4709,0.581859911261246,0.6015,0.8999805994245966,0.3405,0.581858296166744,13.039999999999996
wrn_40_1,1,3,0.95,0.6999,0.5264207810670166,0.4709,0.5818599112612461,0.6999,0.5264207810670166,0.4709,0.581859911261246,0.6246,0.9499662937968936,0.3405,0.581858296166744,13.039999999999996
wrn_40_1,2,3,0.4,0.5353001048525311,0.4,0.3408169682010687,0.4,0.5201,0.3883255750191339,0.3388,0.3972459904652713,0.2108,0.3999942809302354,0.2108,0.3999942809302354,13.001696820106872
wrn_40_1,2,3,0.5,0.6655001350676689,0.5,0.4140544851970837,0.5,0.5201,0.3883255750191339,0.3388,0.3972459904652713,0.2755,0.4999894707641615,0.2755,0.4999894707641615,13.855448519708368
wrn_40_1,2,3,0.6,0.6999,0.5264207810670166,0.4693,0.5754333531077006,0.6999,0.5264207810670166,0.4693,0.5754333531077006,0.3546,0.5999808419423551,0.3346,0.5754298514309778,13.469999999999999
wrn_40_1,2,3,0.7,0.6999,0.5264207810670166,0.4693,0.5754333531077006,0.6999,0.5264207810670166,0.4693,0.5754333531077006,0.4419,0.6999927900915052,0.3346,0.5754298514309778,13.469999999999999
wrn_40_1,2,3,0.8,0.6999,0.5264207810670166,0.4693,0.5754333531077006,0.6999,0.5264207810670166,0.4693,0.5754333531077006,0.5298,0.7999846698192951,0.3346,0.5754298514309778,13.469999999999999
wrn_40_1,2,3,0.9,0.6999,0.5264207810670166,0.4693,0.5754333531077006,0.6999,0.5264207810670166,0.4693,0.5754333531077006,0.6015,0.8999805994245966,0.3346,0.5754298514309778,13.469999999999999
wrn_40_1,2,3,0.95,0.6999,0.5264207810670166,0.4693,0.5754333531077006,0.6999,0.5264207810670166,0.4693,0.5754333531077006,0.6246,0.9499662937968936,0.3346,0.5754298514309778,13.469999999999999
wrn_40_2,2,1,0.4,0.6178993256868824,0.4,0.4447613362045104,0.4,0.6167,0.3990633337891586,0.4437,0.3989040368671516,0.2807,0.399989621248232,0.2807,0.39998962124823206,16.40613362045104
wrn_40_2,2,1,0.5,0.7459412762772754,0.5,0.5416018386538968,0.5,0.6167,0.3990633337891586,0.4437,0.3989040368671516,0.3686,0.4999838000593874,0.3686,0.4999838000593874,17.30018386538968
wrn_40_2,2,1,0.6,0.8168,0.555340240753909,0.6023,0.5626784865948287,0.8168,0.555340240753909,0.6023,0.5626784865948287,0.4675,0.5999851864065076,0.43,0.562641857891899,17.229999999999997
wrn_40_2,2,1,0.7,0.8168,0.555340240753909,0.6023,0.5626784865948287,0.8168,0.555340240753909,0.6023,0.5626784865948287,0.5712,0.699985608331445,0.43,0.562641857891899,17.229999999999997
wrn_40_2,2,1,0.8,0.8168,0.555340240753909,0.6023,0.5626784865948287,0.8168,0.555340240753909,0.6023,0.5626784865948287,0.6679,0.7999892283528557,0.43,0.562641857891899,17.229999999999997
wrn_40_2,2,1,0.9,0.8168,0.555340240753909,0.6023,0.5626784865948287,0.8168,0.555340240753909,0.6023,0.5626784865948287,0.7333,0.8999928311440694,0.43,0.562641857891899,17.229999999999997
wrn_40_2,2,1,0.95,0.8168,0.555340240753909,0.6023,0.5626784865948287,0.8168,0.555340240753909,0.6023,0.5626784865948287,0.7505,0.9499858565869362,0.43,0.562641857891899,17.229999999999997
wrn_40_2,3,1,0.4,0.6178993256868824,0.4,0.4461091470563167,0.4,0.6167,0.3990633337891586,0.2881,0.2787001024044134,0.2807,0.399989621248232,0.2807,0.39998962124823206,16.54091470563167
wrn_40_2,3,1,0.5,0.7459412762772754,0.5,0.5434028898235893,0.5,0.6167,0.3990633337891586,0.4486,0.4019121690903549,0.3686,0.4999838000593874,0.3686,0.4999838000593874,17.480288982358932
wrn_40_2,3,1,0.6,0.8168,0.555340240753909,0.6007,0.5592824677080321,0.8168,0.555340240753909,0.6007,0.5592824677080321,0.4675,0.5999851864065076,0.4268,0.5592598584857743,17.39
wrn_40_2,3,1,0.7,0.8168,0.555340240753909,0.6007,0.5592824677080321,0.8168,0.555340240753909,0.6007,0.5592824677080321,0.5712,0.699985608331445,0.4268,0.5592598584857743,17.39
wrn_40_2,3,1,0.8,0.8168,0.555340240753909,0.6007,0.5592824677080321,0.8168,0.555340240753909,0.6007,0.5592824677080321,0.6679,0.7999892283528557,0.4268,0.5592598584857743,17.39
wrn_40_2,3,1,0.9,0.8168,0.555340240753909,0.6007,0.5592824677080321,0.8168,0.555340240753909,0.6007,0.5592824677080321,0.7333,0.8999928311440694,0.4268,0.5592598584857743,17.39
wrn_40_2,3,1,0.95,0.8168,0.555340240753909,0.6007,0.5592824677080321,0.8168,0.555340240753909,0.6007,0.5592824677080321,0.7505,0.9499858565869362,0.4268,0.5592598584857743,17.39
wrn_40_2,1,2,0.4,0.6211032925730506,0.4,0.4401380033483114,0.4,0.6197,0.3989040368671516,0.4392,0.3990633337891586,0.2848,0.3999839938502653,0.2848,0.39998399385026534,15.533800334831138
wrn_40_2,1,2,0.5,0.7491452431634436,0.5,0.540280758307814,0.5,0.6197,0.3989040368671516,0.4392,0.3990633337891586,0.3712,0.4999898123041578,0.3712,0.49998981230415784,16.9080758307814
wrn_40_2,1,2,0.6,0.8294,0.5626784865948287,0.5957,0.555340240753909,0.8294,0.5626784865948287,0.5957,0.555340240753909,0.472,0.5999950042977815,0.4263,0.5553384518609394,16.939999999999998
wrn_40_2,1,2,0.7,0.8294,0.5626784865948287,0.5957,0.555340240753909,0.8294,0.5626784865948287,0.5957,0.555340240753909,0.576,0.6999716728528673,0.4263,0.5553384518609394,16.939999999999998
wrn_40_2,1,2,0.8,0.8294,0.5626784865948287,0.5957,0.555340240753909,0.8294,0.5626784865948287,0.5957,0.555340240753909,0.6722,0.7999489731037014,0.4263,0.5553384518609394,16.939999999999998
wrn_40_2,1,2,0.9,0.8294,0.5626784865948287,0.5957,0.555340240753909,0.8294,0.5626784865948287,0.5957,0.555340240753909,0.7454,0.8999775030670532,0.4263,0.5553384518609394,16.939999999999998
wrn_40_2,1,2,0.95,0.8294,0.5626784865948287,0.5957,0.555340240753909,0.8294,0.5626784865948287,0.5957,0.555340240753909,0.7621,0.9499941607604728,0.4263,0.5553384518609394,16.939999999999998
wrn_40_2,3,2,0.4,0.6211032925730506,0.4,0.445761912788457,0.4,0.6197,0.3989040368671516,0.2911,0.2787001024044134,0.2848,0.3999839938502653,0.2848,0.39998399385026534,16.0961912788457
wrn_40_2,3,2,0.5,0.7491452431634436,0.5,0.5461816849458794,0.5,0.6197,0.3989040368671516,0.4482,0.4019121690903549,0.3712,0.4999898123041578,0.3712,0.49998981230415784,17.49816849458794
wrn_40_2,3,2,0.6,0.8294,0.5626784865948287,0.6054,0.5592824677080321,0.8294,0.5626784865948287,0.6054,0.5592824677080321,0.472,0.5999950042977815,0.4296,0.5592678077406952,17.580000000000005
wrn_40_2,3,2,0.7,0.8294,0.5626784865948287,0.6054,0.5592824677080321,0.8294,0.5626784865948287,0.6054,0.5592824677080321,0.576,0.6999716728528673,0.4296,0.5592678077406952,17.580000000000005
wrn_40_2,3,2,0.8,0.8294,0.5626784865948287,0.6054,0.5592824677080321,0.8294,0.5626784865948287,0.6054,0.5592824677080321,0.6722,0.7999489731037014,0.4296,0.5592678077406952,17.580000000000005
wrn_40_2,3,2,0.9,0.8294,0.5626784865948287,0.6054,0.5592824677080321,0.8294,0.5626784865948287,0.6054,0.5592824677080321,0.7454,0.8999775030670532,0.4296,0.5592678077406952,17.580000000000005
wrn_40_2,3,2,0.95,0.8294,0.5626784865948287,0.6054,0.5592824677080321,0.8294,0.5626784865948287,0.6054,0.5592824677080321,0.7621,0.9499941607604728,0.4296,0.5592678077406952,17.580000000000005
wrn_40_2,1,3,0.4,0.6156267732785277,0.4,0.4396032402849235,0.4,0.3953,0.2787001024044134,0.4387,0.3990633337891586,0.2858,0.3999758137263328,0.2858,0.39997581372633284,15.380324028492348
wrn_40_2,1,3,0.5,0.7446935719885158,0.5,0.5360346343577481,0.5,0.6191,0.4019121690903549,0.4387,0.3990633337891586,0.3744,0.4999912683925515,0.3744,0.4999912683925515,16.163463435774812
wrn_40_2,1,3,0.6,0.8206,0.5592824677080321,0.5894,0.555340240753909,0.8206,0.5592824677080321,0.5894,0.555340240753909,0.4712,0.5999940580825642,0.4268,0.5553016092457002,16.26
wrn_40_2,1,3,0.7,0.8206,0.5592824677080321,0.5894,0.555340240753909,0.8206,0.5592824677080321,0.5894,0.555340240753909,0.5763,0.69999898830222,0.4268,0.5553016092457002,16.26
wrn_40_2,1,3,0.8,0.8206,0.5592824677080321,0.5894,0.555340240753909,0.8206,0.5592824677080321,0.5894,0.555340240753909,0.6671,0.799996105389418,0.4268,0.5553016092457002,16.26
wrn_40_2,1,3,0.9,0.8206,0.5592824677080321,0.5894,0.555340240753909,0.8206,0.5592824677080321,0.5894,0.555340240753909,0.7362,0.8999637033593022,0.4268,0.5553016092457002,16.26
wrn_40_2,1,3,0.95,0.8206,0.5592824677080321,0.5894,0.555340240753909,0.8206,0.5592824677080321,0.5894,0.555340240753909,0.7503,0.9499802223515896,0.4268,0.5553016092457002,16.26
wrn_40_2,2,3,0.4,0.6156267732785277,0.4,0.4413626745856006,0.4,0.3953,0.2787001024044134,0.4403,0.3989040368671516,0.2858,0.3999758137263328,0.2858,0.39997581372633284,15.556267458560058
wrn_40_2,2,3,0.5,0.7446935719885158,0.5,0.5383252962057932,0.5,0.6191,0.4019121690903549,0.4403,0.3989040368671516,0.3744,0.4999912683925515,0.3744,0.4999912683925515,16.392529620579317
wrn_40_2,2,3,0.6,0.8206,0.5592824677080321,0.5991,0.5626784865948287,0.8206,0.5592824677080321,0.5991,0.5626784865948287,0.4712,0.5999940580825642,0.4337,0.5626641518914145,16.54
wrn_40_2,2,3,0.7,0.8206,0.5592824677080321,0.5991,0.5626784865948287,0.8206,0.5592824677080321,0.5991,0.5626784865948287,0.5763,0.69999898830222,0.4337,0.5626641518914145,16.54
wrn_40_2,2,3,0.8,0.8206,0.5592824677080321,0.5991,0.5626784865948287,0.8206,0.5592824677080321,0.5991,0.5626784865948287,0.6671,0.799996105389418,0.4337,0.5626641518914145,16.54
wrn_40_2,2,3,0.9,0.8206,0.5592824677080321,0.5991,0.5626784865948287,0.8206,0.5592824677080321,0.5991,0.5626784865948287,0.7362,0.8999637033593022,0.4337,0.5626641518914145,16.54
wrn_40_2,2,3,0.95,0.8206,0.5592824677080321,0.5991,0.5626784865948287,0.8206,0.5592824677080321,0.5991,0.5626784865948287,0.7503,0.9499802223515896,0.4337,0.5626641518914145,16.54
