sample_idx,label,role
0,49,calibration
1,33,fit
2,72,fit
3,51,fit
4,71,calibration
5,92,fit
6,15,evaluation
7,14,fit
8,23,evaluation
9,0,evaluation
10,71,calibration
11,75,calibration
12,81,fit
13,69,fit
14,40,calibration
15,43,fit
16,92,calibration
17,97,calibration
18,70,calibration
19,53,evaluation
20,70,calibration
21,49,calibration
22,75,evaluation
23,29,evaluation
24,21,evaluation
25,16,evaluation
26,39,evaluation
27,8,evaluation
28,8,evaluation
29,70,evaluation
30,20,fit
31,61,evaluation
32,41,fit
33,93,evaluation
34,56,fit
35,73,evaluation
36,58,fit
37,11,evaluation
38,25,evaluation
39,37,evaluation
40,63,evaluation
41,24,fit
42,49,evaluation
43,73,calibration
44,56,fit
45,22,evaluation
46,41,evaluation
47,58,fit
48,75,fit
49,17,evaluation
50,4,evaluation
51,6,fit
52,9,evaluation
53,57,fit
54,2,evaluation
55,32,evaluation
56,71,fit
57,52,evaluation
58,42,fit
59,69,fit
60,77,evaluation
61,27,evaluation
62,15,evaluation
63,65,fit
64,7,evaluation
65,35,evaluation
66,43,fit
67,82,evaluation
68,63,calibration
69,92,fit
70,66,evaluation
71,90,calibration
72,67,evaluation
73,91,evaluation
74,32,fit
75,32,evaluation
76,82,evaluation
77,10,evaluation
78,77,evaluation
79,22,evaluation
80,71,fit
81,78,calibration
82,54,evaluation
83,6,evaluation
84,29,calibration
85,89,fit
86,78,evaluation
87,33,fit
88,11,evaluation
89,67,fit
90,22,evaluation
91,18,fit
92,27,fit
93,21,fit
94,13,fit
95,21,evaluation
96,50,fit
97,75,calibration
98,37,fit
99,35,fit
100,26,evaluation
101,83,fit
102,47,evaluation
103,95,evaluation
104,43,fit
105,69,fit
106,76,fit
107,17,evaluation
108,57,calibration
109,59,fit
110,25,calibration
111,20,evaluation
112,27,evaluation
113,0,evaluation
114,9,fit
115,71,evaluation
116,8,evaluation
117,43,fit
118,57,fit
119,56,fit
120,85,fit
121,10,fit
122,19,evaluation
123,92,evaluation
124,33,fit
125,20,fit
126,21,fit
127,50,evaluation
128,70,evaluation
129,46,fit
130,11,fit
131,16,evaluation
132,1,fit
133,74,calibration
134,33,fit
135,91,calibration
136,60,fit
137,64,evaluation
138,52,calibration
139,23,evaluation
140,4,calibration
141,11,evaluation
142,52,fit
143,37,fit
144,24,fit
145,95,evaluation
146,25,fit
147,39,fit
148,51,fit
149,58,evaluation
150,58,calibration
151,77,calibration
152,18,evaluation
153,59,calibration
154,45,calibration
155,66,evaluation
156,58,fit
157,20,fit
158,24,fit
159,4,fit
160,36,evaluation
161,8,evaluation
162,87,calibration
163,10,fit
164,30,calibration
165,47,fit
166,54,fit
167,99,evaluation
168,51,fit
169,83,calibration
170,9,fit
171,37,evaluation
172,4,evaluation
173,83,calibration
174,95,evaluation
175,83,fit
176,32,fit
177,73,fit
178,18,fit
179,40,evaluation
180,39,evaluation
181,64,fit
182,22,evaluation
183,80,fit
184,28,evaluation
185,28,evaluation
186,40,evaluation
187,95,calibration
188,98,calibration
189,83,fit
190,12,fit
191,24,evaluation
192,45,calibration
193,13,evaluation
194,94,fit
195,24,fit
196,58,fit
197,63,fit
198,7,fit
199,87,evaluation
200,6,fit
201,78,evaluation
202,68,evaluation
203,60,evaluation
204,6,evaluation
205,23,evaluation
206,44,fit
207,31,evaluation
208,80,evaluation
209,93,fit
210,73,evaluation
211,98,calibration
212,49,fit
213,90,fit
214,97,fit
215,59,fit
216,2,evaluation
217,67,fit
218,16,evaluation
219,81,fit
220,94,calibration
221,27,calibration
222,76,evaluation
223,77,fit
224,12,fit
225,18,fit
226,0,calibration
227,76,fit
228,79,fit
229,71,evaluation
230,89,evaluation
231,57,calibration
232,47,evaluation
233,24,calibration
234,65,calibration
235,0,fit
236,32,evaluation
237,36,evaluation
238,82,fit
239,31,evaluation
240,23,calibration
241,24,fit
242,34,evaluation
243,21,calibration
244,11,fit
245,53,evaluation
246,80,evaluation
247,44,evaluation
248,4,calibration
249,39,fit
250,91,calibration
251,16,evaluation
252,36,fit
253,68,evaluation
254,50,evaluation
255,97,calibration
256,58,fit
257,31,calibration
258,6,calibration
259,42,calibration
260,80,fit
261,76,evaluation
262,89,evaluation
263,55,fit
264,19,fit
265,91,fit
266,70,evaluation
267,1,evaluation
268,6,evaluation
269,62,evaluation
270,99,fit
271,51,evaluation
272,96,calibration
273,83,evaluation
274,42,fit
275,18,evaluation
276,67,fit
277,66,fit
278,40,fit
279,62,fit
280,78,evaluation
281,84,calibration
282,28,evaluation
283,89,fit
284,30,fit
285,66,evaluation
286,18,fit
287,38,fit
288,42,fit
289,92,calibration
290,27,evaluation
291,11,calibration
292,86,fit
293,44,fit
294,96,calibration
295,12,fit
296,16,fit
297,67,evaluation
298,43,evaluation
299,89,evaluation
300,96,fit
301,12,calibration
302,40,fit
303,7,evaluation
304,86,calibration
305,77,fit
306,76,calibration
307,31,fit
308,18,evaluation
309,28,fit
310,19,fit
311,18,evaluation
312,41,fit
313,42,fit
314,43,calibration
315,31,fit
316,93,evaluation
317,15,fit
318,10,calibration
319,8,fit
320,37,fit
321,89,evaluation
322,32,evaluation
323,67,fit
324,12,calibration
325,2,fit
326,19,evaluation
327,91,evaluation
328,94,fit
329,7,evaluation
330,71,evaluation
331,36,evaluation
332,61,fit
333,62,fit
334,5,fit
335,60,fit
336,45,evaluation
337,91,calibration
338,34,calibration
339,95,evaluation
340,9,evaluation
341,40,fit
342,68,evaluation
343,62,evaluation
344,99,fit
345,66,fit
346,46,calibration
347,7,fit
348,10,evaluation
349,10,fit
350,68,fit
351,34,evaluation
352,37,fit
353,58,evaluation
354,48,fit
355,40,fit
356,96,calibration
357,14,fit
358,11,calibration
359,66,evaluation
360,64,fit
361,39,calibration
362,33,calibration
363,94,fit
364,63,evaluation
365,10,evaluation
366,89,evaluation
367,92,evaluation
368,90,evaluation
369,65,fit
370,90,fit
371,33,fit
372,28,evaluation
373,29,evaluation
374,87,evaluation
375,86,calibration
376,7,evaluation
377,0,fit
378,94,calibration
379,11,fit
380,26,evaluation
381,6,fit
382,41,evaluation
383,21,fit
384,69,evaluation
385,27,evaluation
386,29,evaluation
387,67,fit
388,85,fit
389,65,fit
390,40,fit
391,57,calibration
392,72,fit
393,30,calibration
394,74,fit
395,27,evaluation
396,3,calibration
397,49,fit
398,52,fit
399,95,evaluation
400,40,fit
401,93,calibration
402,77,evaluation
403,91,evaluation
404,6,calibration
405,57,calibration
406,72,evaluation
407,16,evaluation
408,98,fit
409,89,evaluation
410,40,calibration
411,96,fit
412,71,evaluation
413,3,fit
414,2,fit
415,66,evaluation
416,27,fit
417,8,fit
418,53,calibration
419,33,calibration
420,55,calibration
421,81,fit
422,88,evaluation
423,96,evaluation
424,68,fit
425,42,evaluation
426,77,calibration
427,10,evaluation
428,27,calibration
429,32,evaluation
430,79,evaluation
431,98,fit
432,18,evaluation
433,51,evaluation
434,2,fit
435,19,fit
436,31,calibration
437,67,fit
438,36,evaluation
439,10,fit
440,16,fit
441,5,fit
442,81,fit
443,85,evaluation
444,26,fit
445,85,evaluation
446,65,evaluation
447,22,fit
448,55,evaluation
449,85,evaluation
450,22,calibration
451,22,calibration
452,10,fit
453,18,calibration
454,98,calibration
455,9,calibration
456,26,evaluation
457,27,evaluation
458,7,evaluation
459,5,evaluation
460,58,fit
461,87,evaluation
462,76,evaluation
463,2,evaluation
464,54,calibration
465,38,evaluation
466,33,evaluation
467,17,evaluation
468,6,fit
469,0,fit
470,79,fit
471,97,fit
472,14,evaluation
473,14,fit
474,73,calibration
475,79,fit
476,8,fit
477,42,fit
478,4,evaluation
479,25,fit
480,37,evaluation
481,75,evaluation
482,74,fit
483,41,evaluation
484,0,fit
485,99,calibration
486,79,fit
487,87,calibration
488,67,evaluation
489,72,fit
490,38,evaluation
491,25,evaluation
492,49,fit
493,3,calibration
494,74,calibration
495,69,calibration
496,36,fit
497,77,evaluation
498,89,fit
499,71,fit
500,31,evaluation
501,50,fit
502,90,evaluation
503,11,fit
504,2,evaluation
505,41,evaluation
506,38,fit
507,58,evaluation
508,47,fit
509,93,calibration
510,68,fit
511,11,evaluation
512,35,fit
513,67,evaluation
514,54,fit
515,53,fit
516,30,calibration
517,36,evaluation
518,83,evaluation
519,54,calibration
520,64,evaluation
521,46,evaluation
522,45,evaluation
523,98,fit
524,62,evaluation
525,46,fit
526,95,fit
527,88,evaluation
528,37,evaluation
529,18,calibration
530,29,fit
531,63,calibration
532,8,fit
533,33,evaluation
534,35,evaluation
535,6,fit
536,76,evaluation
537,19,fit
538,99,fit
539,53,fit
540,15,evaluation
541,57,fit
542,2,fit
543,27,evaluation
544,27,fit
545,93,evaluation
546,81,evaluation
547,54,evaluation
548,71,fit
549,26,fit
550,25,fit
551,35,evaluation
552,30,calibration
553,72,evaluation
554,8,evaluation
555,42,fit
556,62,fit
557,56,fit
558,78,evaluation
559,47,fit
560,73,calibration
561,43,fit
562,20,fit
563,83,fit
564,63,fit
565,49,evaluation
566,28,evaluation
567,26,fit
568,45,evaluation
569,36,evaluation
570,36,calibration
571,68,fit
572,1,calibration
573,2,fit
574,99,evaluation
575,9,fit
576,65,fit
577,38,evaluation
578,58,evaluation
579,96,fit
580,38,fit
581,87,evaluation
582,82,fit
583,22,fit
584,83,fit
585,41,evaluation
586,7,calibration
587,12,evaluation
588,10,evaluation
589,35,fit
590,44,fit
591,81,calibration
592,91,evaluation
593,56,fit
594,9,evaluation
595,24,fit
596,3,fit
597,30,evaluation
598,1,evaluation
599,39,evaluation
600,98,fit
601,72,evaluation
602,83,evaluation
603,80,calibration
604,43,fit
605,84,fit
606,66,calibration
607,4,fit
608,64,fit
609,77,evaluation
610,98,evaluation
611,82,fit
612,81,calibration
613,20,evaluation
614,0,fit
615,48,evaluation
616,46,evaluation
617,33,calibration
618,22,fit
619,13,calibration
620,17,fit
621,39,evaluation
622,76,fit
623,0,evaluation
624,17,calibration
625,64,evaluation
626,48,calibration
627,90,calibration
628,93,evaluation
629,82,evaluation
630,75,evaluation
631,96,evaluation
632,97,fit
633,3,evaluation
634,83,fit
635,60,calibration
636,61,evaluation
637,32,fit
638,26,evaluation
639,84,fit
640,41,calibration
641,12,evaluation
642,85,fit
643,12,evaluation
644,8,evaluation
645,82,fit
646,72,evaluation
647,94,evaluation
648,7,evaluation
649,22,fit
650,15,fit
651,66,fit
652,89,calibration
653,97,evaluation
654,19,evaluation
655,0,fit
656,19,evaluation
657,5,evaluation
658,56,calibration
659,36,fit
660,45,fit
661,1,fit
662,94,calibration
663,66,fit
664,86,fit
665,82,fit
666,17,fit
667,64,calibration
668,99,calibration
669,34,fit
670,30,calibration
671,73,evaluation
672,83,fit
673,6,fit
674,1,evaluation
675,28,fit
676,77,evaluation
677,91,evaluation
678,74,fit
679,68,fit
680,14,evaluation
681,14,evaluation
682,1,evaluation
683,92,fit
684,97,calibration
685,45,fit
686,7,fit
687,21,fit
688,37,evaluation
689,32,evaluation
690,73,calibration
691,88,fit
692,86,calibration
693,92,evaluation
694,14,fit
695,86,evaluation
696,74,calibration
697,25,evaluation
698,93,fit
699,78,evaluation
700,77,fit
701,88,fit
702,42,evaluation
703,10,evaluation
704,65,evaluation
705,26,evaluation
706,31,fit
707,85,fit
708,78,fit
709,29,evaluation
710,32,evaluation
711,81,calibration
712,97,fit
713,1,fit
714,82,evaluation
715,0,evaluation
716,21,fit
717,15,fit
718,56,fit
719,57,fit
720,97,evaluation
721,76,fit
722,60,evaluation
723,87,evaluation
724,46,evaluation
725,1,evaluation
726,61,calibration
727,75,evaluation
728,62,fit
729,21,evaluation
730,61,evaluation
731,78,fit
732,90,evaluation
733,68,evaluation
734,94,fit
735,88,evaluation
736,95,fit
737,3,fit
738,83,evaluation
739,32,evaluation
740,93,evaluation
741,77,evaluation
742,38,fit
743,63,evaluation
744,61,fit
745,41,fit
746,88,fit
747,83,calibration
748,35,fit
749,82,calibration
750,50,calibration
751,15,fit
752,48,calibration
753,25,calibration
754,4,evaluation
755,71,evaluation
756,8,fit
757,98,evaluation
758,67,fit
759,7,evaluation
760,85,evaluation
761,25,calibration
762,96,fit
763,60,evaluation
764,55,calibration
765,80,fit
766,13,calibration
767,90,fit
768,54,evaluation
769,15,calibration
770,76,fit
771,39,fit
772,95,evaluation
773,24,fit
774,7,calibration
775,64,evaluation
776,70,calibration
777,88,evaluation
778,81,evaluation
779,0,fit
780,12,evaluation
781,64,fit
782,31,evaluation
783,79,fit
784,86,fit
785,60,fit
786,22,evaluation
787,38,evaluation
788,82,fit
789,14,fit
790,48,calibration
791,33,fit
792,55,evaluation
793,53,calibration
794,40,evaluation
795,1,fit
796,58,calibration
797,94,evaluation
798,70,fit
799,29,evaluation
800,86,evaluation
801,23,evaluation
802,46,fit
803,58,evaluation
804,99,fit
805,78,evaluation
806,10,fit
807,53,fit
808,37,evaluation
809,97,calibration
810,65,fit
811,15,fit
812,77,evaluation
813,52,calibration
814,63,fit
815,32,evaluation
816,6,fit
817,36,calibration
818,6,evaluation
819,7,fit
820,36,fit
821,74,evaluation
822,13,evaluation
823,22,calibration
824,32,fit
825,54,calibration
826,62,evaluation
827,84,calibration
828,57,fit
829,25,evaluation
830,11,evaluation
831,62,evaluation
832,85,fit
833,31,fit
834,26,evaluation
835,16,evaluation
836,96,fit
837,71,evaluation
838,90,fit
839,39,evaluation
840,20,fit
841,47,fit
842,35,calibration
843,19,evaluation
844,52,evaluation
845,66,fit
846,32,evaluation
847,53,fit
848,53,evaluation
849,21,evaluation
850,98,evaluation
851,6,fit
852,88,calibration
853,71,fit
854,45,fit
855,98,fit
856,55,fit
857,99,calibration
858,24,calibration
859,93,evaluation
860,67,evaluation
861,33,fit
862,16,evaluation
863,33,evaluation
864,9,calibration
865,10,fit
866,46,fit
867,68,fit
868,24,fit
869,96,calibration
870,22,calibration
871,40,fit
872,63,calibration
873,53,evaluation
874,10,evaluation
875,14,evaluation
876,41,evaluation
877,77,fit
878,54,fit
879,84,fit
880,20,calibration
881,29,evaluation
882,76,calibration
883,36,evaluation
884,1,evaluation
885,26,calibration
886,99,fit
887,2,evaluation
888,96,evaluation
889,69,evaluation
890,36,fit
891,18,evaluation
892,90,calibration
893,66,evaluation
894,52,evaluation
895,37,calibration
896,99,fit
897,97,fit
898,12,fit
899,55,fit
900,15,calibration
901,85,fit
902,15,fit
903,16,evaluation
904,33,calibration
905,99,evaluation
906,80,fit
907,28,evaluation
908,69,evaluation
909,51,calibration
910,72,evaluation
911,39,evaluation
912,8,fit
913,56,fit
914,59,evaluation
915,15,evaluation
916,21,calibration
917,77,fit
918,45,fit
919,21,fit
920,80,fit
921,89,fit
922,37,evaluation
923,48,fit
924,47,fit
925,56,evaluation
926,65,fit
927,96,calibration
928,14,evaluation
929,52,fit
930,2,evaluation
931,60,fit
932,9,evaluation
933,68,fit
934,22,fit
935,23,evaluation
936,44,calibration
937,19,fit
938,54,fit
939,97,evaluation
940,23,fit
941,54,evaluation
942,62,evaluation
943,56,evaluation
944,23,fit
945,42,evaluation
946,81,evaluation
947,66,fit
948,87,calibration
949,47,calibration
950,47,evaluation
951,45,calibration
952,42,evaluation
953,51,evaluation
954,10,calibration
955,35,evaluation
956,68,fit
957,13,fit
958,55,fit
959,34,evaluation
960,74,evaluation
961,47,evaluation
962,40,evaluation
963,51,calibration
964,6,evaluation
965,3,fit
966,76,evaluation
967,52,calibration
968,53,calibration
969,34,fit
970,60,fit
971,63,calibration
972,28,evaluation
973,24,fit
974,36,evaluation
975,69,evaluation
976,82,evaluation
977,90,fit
978,70,fit
979,75,fit
980,77,calibration
981,43,fit
982,43,calibration
983,78,evaluation
984,81,evaluation
985,80,fit
986,66,fit
987,35,fit
988,84,evaluation
989,21,fit
990,49,fit
991,96,fit
992,15,evaluation
993,37,calibration
994,2,calibration
995,89,calibration
996,36,fit
997,9,fit
998,53,evaluation
999,91,fit
1000,65,calibration
1001,67,fit
1002,94,calibration
1003,40,evaluation
1004,72,evaluation
1005,90,fit
1006,86,calibration
1007,85,evaluation
1008,30,evaluation
1009,92,calibration
1010,25,fit
1011,60,evaluation
1012,2,fit
1013,29,calibration
1014,0,fit
1015,9,evaluation
1016,37,evaluation
1017,1,evaluation
1018,50,fit
1019,90,evaluation
1020,27,fit
1021,52,calibration
1022,36,calibration
1023,48,evaluation
1024,71,evaluation
1025,12,fit
1026,97,evaluation
1027,0,fit
1028,3,fit
1029,41,fit
1030,21,fit
1031,16,evaluation
1032,51,calibration
1033,72,fit
1034,13,calibration
1035,63,fit
1036,81,evaluation
1037,73,evaluation
1038,55,evaluation
1039,30,calibration
1040,28,calibration
1041,10,evaluation
1042,84,fit
1043,8,evaluation
1044,6,calibration
1045,9,calibration
1046,93,evaluation
1047,2,evaluation
1048,78,fit
1049,26,evaluation
1050,16,fit
1051,17,evaluation
1052,39,evaluation
1053,67,evaluation
1054,20,calibration
1055,3,fit
1056,81,evaluation
1057,26,fit
1058,96,calibration
1059,45,evaluation
1060,15,fit
1061,29,calibration
1062,57,calibration
1063,60,fit
1064,49,calibration
1065,36,evaluation
1066,23,evaluation
1067,63,calibration
1068,72,evaluation
1069,19,fit
1070,41,evaluation
1071,55,evaluation
1072,26,evaluation
1073,25,fit
1074,49,fit
1075,28,fit
1076,20,evaluation
1077,33,evaluation
1078,7,fit
1079,45,evaluation
1080,7,evaluation
1081,89,fit
1082,1,evaluation
1083,90,fit
1084,42,calibration
1085,15,evaluation
1086,23,fit
1087,93,evaluation
1088,96,fit
1089,59,evaluation
1090,29,fit
1091,29,calibration
1092,75,calibration
1093,93,evaluation
1094,8,fit
1095,70,fit
1096,48,evaluation
1097,82,fit
1098,84,evaluation
1099,81,fit
1100,72,calibration
1101,38,evaluation
1102,80,fit
1103,63,fit
1104,76,fit
1105,4,calibration
1106,54,evaluation
1107,60,fit
1108,1,fit
1109,49,calibration
1110,1,evaluation
1111,92,evaluation
1112,77,fit
1113,30,evaluation
1114,98,fit
1115,62,fit
1116,25,fit
1117,26,evaluation
1118,55,fit
1119,25,fit
1120,21,evaluation
1121,25,evaluation
1122,82,fit
1123,80,fit
1124,19,fit
1125,93,fit
1126,35,fit
1127,61,evaluation
1128,81,calibration
1129,69,evaluation
1130,9,fit
1131,91,calibration
1132,96,evaluation
1133,34,fit
1134,23,evaluation
1135,9,fit
1136,0,evaluation
1137,28,fit
1138,51,fit
1139,91,calibration
1140,65,fit
1141,33,calibration
1142,5,fit
1143,13,evaluation
1144,52,evaluation
1145,58,evaluation
1146,65,fit
1147,32,evaluation
1148,37,fit
1149,63,fit
1150,61,fit
1151,19,calibration
1152,2,fit
1153,49,evaluation
1154,64,calibration
1155,58,evaluation
1156,93,evaluation
1157,62,calibration
1158,52,fit
1159,53,fit
1160,41,evaluation
1161,33,fit
1162,84,evaluation
1163,22,fit
1164,67,evaluation
1165,44,fit
1166,95,evaluation
1167,24,evaluation
1168,46,evaluation
1169,98,evaluation
1170,31,calibration
1171,83,evaluation
1172,16,calibration
1173,2,evaluation
1174,47,fit
1175,51,fit
1176,3,calibration
1177,18,calibration
1178,60,fit
1179,38,fit
1180,95,fit
1181,89,fit
1182,11,fit
1183,63,fit
1184,15,evaluation
1185,49,evaluation
1186,63,evaluation
1187,85,evaluation
1188,12,fit
1189,38,evaluation
1190,66,fit
1191,99,evaluation
1192,72,evaluation
1193,83,calibration
1194,12,fit
1195,93,evaluation
1196,51,fit
1197,21,calibration
1198,47,fit
1199,21,evaluation
1200,43,calibration
1201,77,fit
1202,55,calibration
1203,36,fit
1204,57,evaluation
1205,69,calibration
1206,5,evaluation
1207,29,fit
1208,41,fit
1209,14,calibration
1210,41,calibration
1211,77,fit
1212,58,fit
1213,60,fit
1214,45,evaluation
1215,88,fit
1216,19,calibration
1217,19,fit
1218,48,fit
1219,5,evaluation
1220,81,fit
1221,69,fit
1222,77,evaluation
1223,60,fit
1224,88,evaluation
1225,92,fit
1226,31,fit
1227,34,fit
1228,36,evaluation
1229,30,fit
1230,64,fit
1231,82,fit
1232,88,evaluation
1233,7,evaluation
1234,38,calibration
1235,57,evaluation
1236,92,evaluation
1237,23,calibration
1238,11,calibration
1239,41,evaluation
1240,38,evaluation
1241,90,fit
1242,76,fit
1243,28,evaluation
1244,24,evaluation
1245,6,calibration
1246,84,evaluation
1247,76,evaluation
1248,88,fit
1249,28,fit
1250,98,fit
1251,96,calibration
1252,93,evaluation
1253,64,evaluation
1254,45,calibration
1255,54,fit
1256,26,calibration
1257,79,calibration
1258,70,calibration
1259,46,evaluation
1260,89,fit
1261,89,evaluation
1262,64,evaluation
1263,93,fit
1264,39,evaluation
1265,53,fit
1266,36,calibration
1267,50,evaluation
1268,56,evaluation
1269,84,evaluation
1270,46,calibration
1271,13,fit
1272,5,calibration
1273,51,evaluation
1274,5,evaluation
1275,56,calibration
1276,68,calibration
1277,70,fit
1278,92,evaluation
1279,93,fit
1280,28,fit
1281,18,evaluation
1282,37,calibration
1283,50,fit
1284,81,calibration
1285,67,evaluation
1286,41,fit
1287,35,fit
1288,99,calibration
1289,41,fit
1290,79,fit
1291,90,evaluation
1292,59,evaluation
1293,59,evaluation
1294,35,fit
1295,16,evaluation
1296,17,evaluation
1297,64,calibration
1298,90,evaluation
1299,96,calibration
1300,3,calibration
1301,88,fit
1302,3,fit
1303,45,calibration
1304,0,fit
1305,68,calibration
1306,33,evaluation
1307,49,evaluation
1308,0,calibration
1309,18,evaluation
1310,22,calibration
1311,72,fit
1312,4,evaluation
1313,66,calibration
1314,5,fit
1315,46,evaluation
1316,79,calibration
1317,70,evaluation
1318,9,evaluation
1319,49,evaluation
1320,34,evaluation
1321,48,evaluation
1322,71,fit
1323,37,evaluation
1324,42,evaluation
1325,6,evaluation
1326,91,fit
1327,58,calibration
1328,42,fit
1329,17,fit
1330,1,fit
1331,5,fit
1332,65,fit
1333,5,evaluation
1334,38,calibration
1335,47,fit
1336,38,evaluation
1337,63,evaluation
1338,61,fit
1339,28,fit
1340,99,evaluation
1341,20,fit
1342,88,fit
1343,50,fit
1344,53,evaluation
1345,97,fit
1346,59,calibration
1347,78,calibration
1348,35,calibration
1349,50,fit
1350,6,evaluation
1351,98,evaluation
1352,33,evaluation
1353,65,evaluation
1354,23,fit
1355,68,fit
1356,26,calibration
1357,96,fit
1358,17,fit
1359,65,calibration
1360,47,evaluation
1361,12,fit
1362,94,calibration
1363,81,fit
1364,76,calibration
1365,91,evaluation
1366,72,evaluation
1367,35,evaluation
1368,18,calibration
1369,96,evaluation
1370,92,calibration
1371,98,fit
1372,19,evaluation
1373,0,fit
1374,43,evaluation
1375,50,fit
1376,43,evaluation
1377,44,calibration
1378,73,fit
1379,4,evaluation
1380,53,evaluation
1381,37,evaluation
1382,8,evaluation
1383,25,fit
1384,52,fit
1385,29,calibration
1386,44,evaluation
1387,12,fit
1388,38,fit
1389,5,fit
1390,25,evaluation
1391,41,evaluation
1392,81,fit
1393,23,evaluation
1394,68,evaluation
1395,59,calibration
1396,81,fit
1397,43,evaluation
1398,8,fit
1399,11,calibration
1400,18,calibration
1401,92,evaluation
1402,5,evaluation
1403,34,fit
1404,48,fit
1405,80,fit
1406,25,fit
1407,31,evaluation
1408,8,fit
1409,88,fit
1410,10,calibration
1411,50,calibration
1412,76,calibration
1413,50,fit
1414,95,calibration
1415,94,evaluation
1416,83,fit
1417,52,fit
1418,44,fit
1419,16,calibration
1420,99,fit
1421,68,evaluation
1422,28,evaluation
1423,15,evaluation
1424,47,calibration
1425,34,fit
1426,57,evaluation
1427,13,fit
1428,22,fit
1429,9,fit
1430,90,calibration
1431,50,evaluation
1432,34,evaluation
1433,43,evaluation
1434,20,fit
1435,87,fit
1436,91,fit
1437,80,calibration
1438,9,evaluation
1439,17,fit
1440,19,fit
1441,57,fit
1442,14,fit
1443,27,fit
1444,46,calibration
1445,13,fit
1446,44,calibration
1447,24,fit
1448,10,fit
1449,84,fit
1450,4,evaluation
1451,56,evaluation
1452,29,evaluation
1453,29,fit
1454,51,fit
1455,78,evaluation
1456,62,evaluation
1457,53,evaluation
1458,17,calibration
1459,28,calibration
1460,28,calibration
1461,11,evaluation
1462,65,evaluation
1463,48,fit
1464,48,fit
1465,12,evaluation
1466,55,fit
1467,66,calibration
1468,98,fit
1469,8,calibration
1470,94,fit
1471,25,calibration
1472,70,fit
1473,54,evaluation
1474,12,evaluation
1475,86,calibration
1476,3,calibration
1477,76,fit
1478,13,calibration
1479,2,evaluation
1480,7,evaluation
1481,91,calibration
1482,55,evaluation
1483,45,fit
1484,51,fit
1485,53,evaluation
1486,28,fit
1487,9,fit
1488,87,calibration
1489,13,evaluation
1490,30,evaluation
1491,58,calibration
1492,61,evaluation
1493,31,evaluation
1494,70,calibration
1495,39,calibration
1496,3,evaluation
1497,47,fit
1498,34,evaluation
1499,26,calibration
1500,50,evaluation
1501,59,fit
1502,64,fit
1503,37,fit
1504,92,evaluation
1505,14,fit
1506,26,fit
1507,37,calibration
1508,94,evaluation
1509,29,evaluation
1510,15,fit
1511,63,fit
1512,7,calibration
1513,32,evaluation
1514,9,calibration
1515,43,evaluation
1516,12,evaluation
1517,27,fit
1518,78,fit
1519,97,fit
1520,55,fit
1521,11,evaluation
1522,69,calibration
1523,66,fit
1524,31,fit
1525,20,calibration
1526,54,fit
1527,45,evaluation
1528,86,evaluation
1529,84,calibration
1530,55,evaluation
1531,3,calibration
1532,6,evaluation
1533,54,calibration
1534,69,fit
1535,47,fit
1536,62,fit
1537,57,fit
1538,85,fit
1539,30,fit
1540,16,calibration
1541,11,calibration
1542,82,fit
1543,65,fit
1544,59,evaluation
1545,81,evaluation
1546,39,evaluation
1547,79,calibration
1548,25,evaluation
1549,44,fit
1550,16,fit
1551,23,evaluation
1552,17,fit
1553,49,evaluation
1554,69,evaluation
1555,74,fit
1556,63,calibration
1557,10,fit
1558,56,evaluation
1559,43,calibration
1560,22,evaluation
1561,11,evaluation
1562,9,fit
1563,17,evaluation
1564,31,evaluation
1565,52,evaluation
1566,52,calibration
1567,36,fit
1568,58,fit
1569,79,evaluation
1570,42,evaluation
1571,32,fit
1572,15,evaluation
1573,15,fit
1574,79,calibration
1575,56,evaluation
1576,3,evaluation
1577,77,calibration
1578,57,evaluation
1579,5,evaluation
1580,76,evaluation
1581,84,evaluation
1582,47,evaluation
1583,79,evaluation
1584,64,evaluation
1585,3,fit
1586,22,calibration
1587,84,evaluation
1588,15,fit
1589,83,evaluation
1590,19,calibration
1591,64,evaluation
1592,61,calibration
1593,33,calibration
1594,16,evaluation
1595,76,evaluation
1596,96,evaluation
1597,87,fit
1598,92,fit
1599,39,calibration
1600,60,evaluation
1601,59,fit
1602,74,evaluation
1603,27,evaluation
1604,68,calibration
1605,7,calibration
1606,23,calibration
1607,42,fit
1608,47,fit
1609,2,fit
1610,20,evaluation
1611,80,fit
1612,24,evaluation
1613,17,evaluation
1614,12,evaluation
1615,55,fit
1616,13,evaluation
1617,17,calibration
1618,67,fit
1619,21,fit
1620,42,calibration
1621,21,fit
1622,46,evaluation
1623,79,evaluation
1624,21,fit
1625,61,calibration
1626,64,evaluation
1627,41,calibration
1628,16,fit
1629,40,evaluation
1630,54,evaluation
1631,70,evaluation
1632,65,calibration
1633,84,fit
1634,64,evaluation
1635,37,evaluation
1636,59,evaluation
1637,92,evaluation
1638,71,fit
1639,17,fit
1640,96,evaluation
1641,94,evaluation
1642,39,fit
1643,93,evaluation
1644,79,fit
1645,34,evaluation
1646,26,evaluation
1647,33,evaluation
1648,24,fit
1649,12,evaluation
1650,53,evaluation
1651,88,evaluation
1652,20,calibration
1653,47,evaluation
1654,98,calibration
1655,25,calibration
1656,45,fit
1657,25,calibration
1658,61,fit
1659,56,calibration
1660,68,fit
1661,27,evaluation
1662,13,evaluation
1663,92,fit
1664,12,evaluation
1665,46,fit
1666,76,calibration
1667,67,calibration
1668,27,evaluation
1669,2,evaluation
1670,78,calibration
1671,48,fit
1672,3,evaluation
1673,98,fit
1674,20,calibration
1675,8,evaluation
1676,43,calibration
1677,57,evaluation
1678,63,evaluation
1679,7,evaluation
1680,10,evaluation
1681,47,fit
1682,46,fit
1683,52,fit
1684,90,evaluation
1685,69,calibration
1686,78,calibration
1687,15,evaluation
1688,78,evaluation
1689,29,fit
1690,61,evaluation
1691,5,fit
1692,30,fit
1693,86,fit
1694,85,fit
1695,33,evaluation
1696,10,evaluation
1697,44,fit
1698,34,calibration
1699,24,evaluation
1700,56,fit
1701,61,fit
1702,62,evaluation
1703,38,evaluation
1704,72,calibration
1705,44,fit
1706,53,evaluation
1707,7,evaluation
1708,38,evaluation
1709,17,evaluation
1710,40,evaluation
1711,91,fit
1712,83,calibration
1713,82,evaluation
1714,10,fit
1715,21,fit
1716,30,evaluation
1717,65,calibration
1718,47,evaluation
1719,57,evaluation
1720,16,evaluation
1721,81,fit
1722,30,evaluation
1723,72,fit
1724,96,fit
1725,88,fit
1726,62,fit
1727,95,evaluation
1728,27,calibration
1729,61,evaluation
1730,2,fit
1731,50,calibration
1732,21,fit
1733,87,evaluation
1734,5,evaluation
1735,69,fit
1736,37,fit
1737,59,calibration
1738,0,evaluation
1739,78,evaluation
1740,20,calibration
1741,85,evaluation
1742,54,evaluation
1743,53,evaluation
1744,73,fit
1745,69,evaluation
1746,3,fit
1747,35,evaluation
1748,49,calibration
1749,33,calibration
1750,73,calibration
1751,99,evaluation
1752,97,fit
1753,89,evaluation
1754,3,evaluation
1755,54,evaluation
1756,90,evaluation
1757,45,fit
1758,11,evaluation
1759,1,calibration
1760,51,fit
1761,28,evaluation
1762,79,evaluation
1763,47,fit
1764,54,evaluation
1765,83,fit
1766,40,fit
1767,14,fit
1768,26,fit
1769,27,fit
1770,12,evaluation
1771,42,calibration
1772,44,evaluation
1773,29,calibration
1774,59,fit
1775,8,evaluation
1776,17,calibration
1777,56,calibration
1778,46,fit
1779,80,calibration
1780,1,calibration
1781,82,calibration
1782,51,evaluation
1783,34,fit
1784,86,calibration
1785,96,evaluation
1786,86,fit
1787,93,fit
1788,38,calibration
1789,20,evaluation
1790,19,fit
1791,2,evaluation
1792,20,calibration
1793,91,fit
1794,55,evaluation
1795,65,fit
1796,64,calibration
1797,90,evaluation
1798,70,evaluation
1799,34,evaluation
1800,11,evaluation
1801,55,fit
1802,68,fit
1803,52,evaluation
1804,6,evaluation
1805,79,calibration
1806,22,calibration
1807,22,fit
1808,86,fit
1809,10,calibration
1810,1,fit
1811,75,calibration
1812,48,evaluation
1813,5,fit
1814,90,fit
1815,67,fit
1816,99,calibration
1817,33,calibration
1818,82,evaluation
1819,76,evaluation
1820,51,fit
1821,92,evaluation
1822,65,fit
1823,77,calibration
1824,70,evaluation
1825,12,fit
1826,91,calibration
1827,83,fit
1828,95,evaluation
1829,48,calibration
1830,52,fit
1831,30,evaluation
1832,49,evaluation
1833,11,fit
1834,3,fit
1835,17,calibration
1836,80,evaluation
1837,94,fit
1838,29,evaluation
1839,87,fit
1840,49,fit
1841,64,fit
1842,57,fit
1843,42,calibration
1844,95,fit
1845,28,fit
1846,16,fit
1847,99,evaluation
1848,46,evaluation
1849,31,fit
1850,25,fit
1851,2,calibration
1852,95,calibration
1853,21,calibration
1854,83,evaluation
1855,59,evaluation
1856,56,calibration
1857,28,fit
1858,17,fit
1859,53,evaluation
1860,71,calibration
1861,7,fit
1862,94,fit
1863,53,evaluation
1864,89,evaluation
1865,10,fit
1866,28,fit
1867,7,calibration
1868,36,fit
1869,79,fit
1870,53,fit
1871,87,fit
1872,43,calibration
1873,76,fit
1874,69,evaluation
1875,22,fit
1876,17,calibration
1877,6,calibration
1878,53,evaluation
1879,68,fit
1880,44,fit
1881,89,fit
1882,15,fit
1883,80,evaluation
1884,45,fit
1885,95,calibration
1886,37,fit
1887,80,evaluation
1888,28,fit
1889,13,calibration
1890,23,evaluation
1891,52,fit
1892,24,fit
1893,21,evaluation
1894,55,evaluation
1895,99,fit
1896,98,fit
1897,21,fit
1898,59,calibration
1899,9,evaluation
1900,81,calibration
1901,88,evaluation
1902,93,fit
1903,61,calibration
1904,17,evaluation
1905,44,calibration
1906,49,evaluation
1907,81,calibration
1908,78,fit
1909,94,fit
1910,40,calibration
1911,60,evaluation
1912,80,evaluation
1913,58,fit
1914,4,calibration
1915,88,evaluation
1916,18,evaluation
1917,24,fit
1918,36,fit
1919,26,fit
1920,74,fit
1921,88,fit
1922,56,fit
1923,3,evaluation
1924,65,calibration
1925,0,fit
1926,43,evaluation
1927,22,evaluation
1928,47,fit
1929,65,evaluation
1930,22,fit
1931,69,evaluation
1932,9,fit
1933,78,fit
1934,4,fit
1935,69,fit
1936,46,calibration
1937,97,calibration
1938,29,fit
1939,18,calibration
1940,64,fit
1941,98,calibration
1942,65,evaluation
1943,36,calibration
1944,94,evaluation
1945,84,fit
1946,91,calibration
1947,20,evaluation
1948,36,fit
1949,50,calibration
1950,76,fit
1951,29,evaluation
1952,63,fit
1953,6,calibration
1954,30,calibration
1955,99,fit
1956,55,calibration
1957,21,calibration
1958,38,evaluation
1959,83,fit
1960,67,fit
1961,31,fit
1962,49,fit
1963,39,calibration
1964,66,evaluation
1965,66,fit
1966,53,fit
1967,54,evaluation
1968,41,evaluation
1969,36,fit
1970,61,evaluation
1971,88,fit
1972,30,evaluation
1973,19,fit
1974,95,calibration
1975,41,evaluation
1976,89,evaluation
1977,19,fit
1978,46,evaluation
1979,78,calibration
1980,37,evaluation
1981,31,fit
1982,22,fit
1983,2,evaluation
1984,78,fit
1985,13,evaluation
1986,73,evaluation
1987,51,evaluation
1988,95,calibration
1989,2,calibration
1990,38,evaluation
1991,98,evaluation
1992,28,calibration
1993,18,evaluation
1994,42,calibration
1995,7,evaluation
1996,88,evaluation
1997,61,fit
1998,12,evaluation
1999,8,evaluation
2000,92,evaluation
2001,41,calibration
2002,33,fit
2003,65,evaluation
2004,17,calibration
2005,51,evaluation
2006,99,fit
2007,35,fit
2008,67,fit
2009,63,fit
2010,63,calibration
2011,9,evaluation
2012,58,evaluation
2013,96,fit
2014,77,evaluation
2015,1,evaluation
2016,36,calibration
2017,53,evaluation
2018,83,fit
2019,13,calibration
2020,98,fit
2021,21,fit
2022,35,fit
2023,39,evaluation
2024,49,fit
2025,81,evaluation
2026,35,calibration
2027,3,fit
2028,77,calibration
2029,89,fit
2030,30,fit
2031,85,fit
2032,59,fit
2033,48,fit
2034,98,evaluation
2035,38,fit
2036,80,evaluation
2037,39,evaluation
2038,82,evaluation
2039,43,fit
2040,12,evaluation
2041,21,evaluation
2042,18,fit
2043,25,evaluation
2044,5,fit
2045,25,fit
2046,63,evaluation
2047,78,evaluation
2048,4,fit
2049,40,fit
2050,29,fit
2051,15,evaluation
2052,39,evaluation
2053,49,calibration
2054,93,evaluation
2055,39,evaluation
2056,77,evaluation
2057,69,calibration
2058,53,evaluation
2059,64,calibration
2060,12,calibration
2061,57,fit
2062,5,fit
2063,17,evaluation
2064,97,fit
2065,37,fit
2066,48,fit
2067,79,calibration
2068,5,evaluation
2069,83,evaluation
2070,16,calibration
2071,41,calibration
2072,48,evaluation
2073,54,fit
2074,79,calibration
2075,67,evaluation
2076,73,fit
2077,0,evaluation
2078,19,evaluation
2079,14,evaluation
2080,29,calibration
2081,84,calibration
2082,48,fit
2083,36,fit
2084,76,calibration
2085,95,evaluation
2086,20,calibration
2087,59,evaluation
2088,57,evaluation
2089,67,evaluation
2090,6,evaluation
2091,71,evaluation
2092,21,evaluation
2093,7,evaluation
2094,91,evaluation
2095,92,evaluation
2096,87,evaluation
2097,91,fit
2098,16,evaluation
2099,86,evaluation
2100,58,calibration
2101,89,calibration
2102,97,evaluation
2103,83,evaluation
2104,72,fit
2105,85,evaluation
2106,41,calibration
2107,3,fit
2108,20,fit
2109,10,calibration
2110,74,fit
2111,49,fit
2112,63,evaluation
2113,91,calibration
2114,56,evaluation
2115,92,fit
2116,19,evaluation
2117,64,fit
2118,28,evaluation
2119,11,evaluation
2120,41,evaluation
2121,81,evaluation
2122,90,fit
2123,89,evaluation
2124,86,fit
2125,22,evaluation
2126,41,fit
2127,50,fit
2128,27,evaluation
2129,87,evaluation
2130,21,calibration
2131,34,evaluation
2132,36,calibration
2133,90,evaluation
2134,94,fit
2135,71,fit
2136,31,calibration
2137,62,calibration
2138,95,fit
2139,33,fit
2140,38,fit
2141,95,fit
2142,41,calibration
2143,24,evaluation
2144,89,fit
2145,15,fit
2146,81,calibration
2147,8,evaluation
2148,48,fit
2149,30,fit
2150,52,calibration
2151,79,evaluation
2152,20,fit
2153,68,fit
2154,16,fit
2155,78,fit
2156,45,evaluation
2157,31,calibration
2158,66,evaluation
2159,52,evaluation
2160,43,evaluation
2161,20,fit
2162,98,evaluation
2163,24,evaluation
2164,71,evaluation
2165,49,fit
2166,44,calibration
2167,46,fit
2168,62,calibration
2169,22,evaluation
2170,11,calibration
2171,89,evaluation
2172,99,evaluation
2173,73,calibration
2174,26,fit
2175,53,evaluation
2176,10,evaluation
2177,41,fit
2178,12,evaluation
2179,2,fit
2180,4,fit
2181,39,evaluation
2182,19,calibration
2183,56,calibration
2184,74,fit
2185,79,fit
2186,73,fit
2187,46,evaluation
2188,3,evaluation
2189,22,evaluation
2190,6,evaluation
2191,59,evaluation
2192,54,evaluation
2193,87,fit
2194,2,evaluation
2195,87,fit
2196,49,evaluation
2197,91,evaluation
2198,37,calibration
2199,53,fit
2200,51,evaluation
2201,7,fit
2202,99,evaluation
2203,13,fit
2204,25,evaluation
2205,66,calibration
2206,80,fit
2207,22,calibration
2208,73,evaluation
2209,83,evaluation
2210,14,fit
2211,42,evaluation
2212,86,evaluation
2213,22,calibration
2214,90,calibration
2215,74,evaluation
2216,24,calibration
2217,84,fit
2218,91,fit
2219,97,fit
2220,88,fit
2221,4,evaluation
2222,26,evaluation
2223,22,evaluation
2224,19,fit
2225,67,evaluation
2226,73,evaluation
2227,84,evaluation
2228,98,fit
2229,6,evaluation
2230,35,calibration
2231,29,fit
2232,51,evaluation
2233,59,calibration
2234,62,evaluation
2235,60,evaluation
2236,68,evaluation
2237,44,calibration
2238,83,evaluation
2239,0,calibration
2240,41,evaluation
2241,90,calibration
2242,48,fit
2243,82,calibration
2244,67,calibration
2245,28,calibration
2246,28,calibration
2247,71,calibration
2248,79,fit
2249,43,evaluation
2250,17,evaluation
2251,5,fit
2252,17,calibration
2253,7,evaluation
2254,84,fit
2255,57,calibration
2256,27,evaluation
2257,57,fit
2258,68,evaluation
2259,26,calibration
2260,59,fit
2261,4,evaluation
2262,87,fit
2263,99,calibration
2264,3,evaluation
2265,66,calibration
2266,38,evaluation
2267,15,fit
2268,75,evaluation
2269,20,fit
2270,47,evaluation
2271,0,evaluation
2272,14,evaluation
2273,85,evaluation
2274,62,fit
2275,55,fit
2276,63,fit
2277,69,evaluation
2278,3,calibration
2279,77,fit
2280,73,evaluation
2281,38,fit
2282,59,fit
2283,52,fit
2284,84,fit
2285,37,evaluation
2286,60,calibration
2287,21,evaluation
2288,96,evaluation
2289,68,fit
2290,16,fit
2291,19,evaluation
2292,40,evaluation
2293,70,evaluation
2294,61,fit
2295,10,fit
2296,57,fit
2297,81,fit
2298,68,evaluation
2299,12,evaluation
2300,10,fit
2301,38,calibration
2302,10,fit
2303,47,calibration
2304,76,fit
2305,11,evaluation
2306,72,fit
2307,23,evaluation
2308,1,evaluation
2309,14,fit
2310,31,evaluation
2311,30,evaluation
2312,93,fit
2313,54,calibration
2314,9,evaluation
2315,15,evaluation
2316,2,fit
2317,26,evaluation
2318,65,fit
2319,32,evaluation
2320,12,fit
2321,58,evaluation
2322,73,fit
2323,76,evaluation
2324,95,evaluation
2325,67,calibration
2326,95,evaluation
2327,26,fit
2328,92,evaluation
2329,47,calibration
2330,84,evaluation
2331,29,evaluation
2332,51,fit
2333,44,evaluation
2334,45,fit
2335,60,calibration
2336,34,fit
2337,97,fit
2338,1,calibration
2339,93,evaluation
2340,97,evaluation
2341,19,evaluation
2342,19,calibration
2343,92,calibration
2344,69,evaluation
2345,65,fit
2346,95,calibration
2347,78,calibration
2348,5,evaluation
2349,34,fit
2350,76,fit
2351,25,fit
2352,50,evaluation
2353,30,fit
2354,69,evaluation
2355,59,evaluation
2356,34,fit
2357,77,calibration
2358,46,evaluation
2359,66,fit
2360,31,calibration
2361,73,fit
2362,87,fit
2363,90,evaluation
2364,18,calibration
2365,6,evaluation
2366,38,evaluation
2367,81,fit
2368,25,evaluation
2369,81,fit
2370,64,evaluation
2371,70,calibration
2372,37,evaluation
2373,76,fit
2374,31,calibration
2375,0,fit
2376,90,fit
2377,32,fit
2378,5,calibration
2379,56,fit
2380,41,fit
2381,80,fit
2382,5,evaluation
2383,52,fit
2384,51,fit
2385,25,fit
2386,20,evaluation
2387,61,evaluation
2388,98,evaluation
2389,20,calibration
2390,32,calibration
2391,35,evaluation
2392,5,evaluation
2393,72,fit
2394,61,calibration
2395,43,fit
2396,58,evaluation
2397,36,calibration
2398,99,calibration
2399,60,evaluation
2400,70,fit
2401,38,fit
2402,59,calibration
2403,26,fit
2404,56,fit
2405,78,fit
2406,83,evaluation
2407,23,calibration
2408,52,evaluation
2409,32,fit
2410,54,calibration
2411,33,evaluation
2412,61,evaluation
2413,49,fit
2414,53,evaluation
2415,15,fit
2416,50,evaluation
2417,3,evaluation
2418,12,evaluation
2419,86,evaluation
2420,55,fit
2421,58,fit
2422,5,fit
2423,30,calibration
2424,26,evaluation
2425,10,evaluation
2426,0,evaluation
2427,11,fit
2428,9,evaluation
2429,33,evaluation
2430,53,fit
2431,33,evaluation
2432,94,evaluation
2433,46,fit
2434,99,calibration
2435,34,evaluation
2436,1,fit
2437,17,evaluation
2438,63,fit
2439,69,fit
2440,66,calibration
2441,37,evaluation
2442,67,evaluation
2443,40,evaluation
2444,93,evaluation
2445,24,fit
2446,82,evaluation
2447,23,calibration
2448,30,evaluation
2449,66,fit
2450,30,fit
2451,11,evaluation
2452,11,evaluation
2453,94,calibration
2454,88,evaluation
2455,37,evaluation
2456,29,evaluation
2457,46,evaluation
2458,95,fit
2459,54,fit
2460,41,evaluation
2461,6,evaluation
2462,19,evaluation
2463,22,fit
2464,3,fit
2465,32,fit
2466,55,evaluation
2467,53,fit
2468,72,fit
2469,33,calibration
2470,20,evaluation
2471,63,fit
2472,12,calibration
2473,64,evaluation
2474,23,fit
2475,22,evaluation
2476,75,fit
2477,8,evaluation
2478,33,evaluation
2479,66,fit
2480,55,calibration
2481,72,fit
2482,73,evaluation
2483,84,calibration
2484,13,evaluation
2485,96,fit
2486,65,evaluation
2487,22,calibration
2488,0,evaluation
2489,19,evaluation
2490,80,fit
2491,23,evaluation
2492,85,evaluation
2493,68,fit
2494,86,fit
2495,37,evaluation
2496,81,evaluation
2497,35,evaluation
2498,98,fit
2499,8,evaluation
2500,23,fit
2501,76,evaluation
2502,74,fit
2503,89,calibration
2504,60,fit
2505,69,fit
2506,96,evaluation
2507,32,evaluation
2508,29,evaluation
2509,64,calibration
2510,9,calibration
2511,16,fit
2512,0,evaluation
2513,74,evaluation
2514,17,calibration
2515,54,fit
2516,62,evaluation
2517,6,evaluation
2518,34,fit
2519,65,evaluation
2520,8,evaluation
2521,46,evaluation
2522,67,fit
2523,53,fit
2524,23,calibration
2525,78,fit
2526,61,fit
2527,26,fit
2528,64,calibration
2529,25,fit
2530,70,fit
2531,96,fit
2532,67,evaluation
2533,22,fit
2534,45,calibration
2535,65,fit
2536,96,fit
2537,79,evaluation
2538,23,evaluation
2539,76,fit
2540,26,evaluation
2541,57,fit
2542,16,calibration
2543,64,calibration
2544,34,fit
2545,82,evaluation
2546,66,calibration
2547,83,evaluation
2548,72,fit
2549,71,evaluation
2550,9,calibration
2551,60,evaluation
2552,35,evaluation
2553,43,evaluation
2554,29,evaluation
2555,93,fit
2556,58,fit
2557,94,fit
2558,5,fit
2559,83,fit
2560,92,fit
2561,26,evaluation
2562,39,calibration
2563,86,calibration
2564,93,fit
2565,16,fit
2566,85,evaluation
2567,27,evaluation
2568,76,evaluation
2569,89,fit
2570,42,fit
2571,18,fit
2572,14,fit
2573,4,evaluation
2574,73,evaluation
2575,71,fit
2576,20,evaluation
2577,20,fit
2578,16,fit
2579,51,fit
2580,88,evaluation
2581,5,evaluation
2582,25,evaluation
2583,64,calibration
2584,59,calibration
2585,77,fit
2586,22,calibration
2587,3,calibration
2588,68,evaluation
2589,28,evaluation
2590,44,evaluation
2591,13,fit
2592,73,evaluation
2593,98,calibration
2594,52,fit
2595,44,evaluation
2596,99,evaluation
2597,17,evaluation
2598,31,evaluation
2599,50,calibration
2600,87,calibration
2601,44,fit
2602,85,calibration
2603,58,calibration
2604,57,fit
2605,45,fit
2606,28,calibration
2607,5,fit
2608,11,fit
2609,81,fit
2610,46,calibration
2611,67,fit
2612,96,evaluation
2613,69,fit
2614,19,fit
2615,55,evaluation
2616,75,fit
2617,31,evaluation
2618,97,evaluation
2619,66,evaluation
2620,51,calibration
2621,71,evaluation
2622,29,evaluation
2623,4,fit
2624,89,evaluation
2625,99,evaluation
2626,67,evaluation
2627,39,fit
2628,52,fit
2629,59,fit
2630,12,calibration
2631,96,fit
2632,16,evaluation
2633,36,fit
2634,64,calibration
2635,27,fit
2636,81,fit
2637,37,evaluation
2638,11,fit
2639,85,fit
2640,50,evaluation
2641,35,evaluation
2642,78,evaluation
2643,6,fit
2644,72,fit
2645,70,fit
2646,74,calibration
2647,42,evaluation
2648,0,fit
2649,41,evaluation
2650,39,fit
2651,87,fit
2652,80,evaluation
2653,44,calibration
2654,47,fit
2655,95,evaluation
2656,10,evaluation
2657,21,evaluation
2658,63,evaluation
2659,55,evaluation
2660,69,evaluation
2661,20,fit
2662,85,evaluation
2663,78,fit
2664,23,fit
2665,13,evaluation
2666,92,fit
2667,98,evaluation
2668,84,fit
2669,75,fit
2670,10,fit
2671,4,calibration
2672,52,evaluation
2673,55,fit
2674,61,fit
2675,89,fit
2676,57,fit
2677,50,evaluation
2678,42,fit
2679,40,evaluation
2680,91,fit
2681,88,evaluation
2682,73,fit
2683,49,fit
2684,20,fit
2685,2,evaluation
2686,16,calibration
2687,26,evaluation
2688,91,evaluation
2689,88,calibration
2690,85,fit
2691,28,fit
2692,27,calibration
2693,83,fit
2694,54,calibration
2695,65,evaluation
2696,71,fit
2697,77,evaluation
2698,13,evaluation
2699,56,fit
2700,76,evaluation
2701,37,fit
2702,3,fit
2703,72,fit
2704,63,calibration
2705,46,calibration
2706,75,fit
2707,90,evaluation
2708,26,calibration
2709,60,evaluation
2710,49,calibration
2711,50,fit
2712,15,fit
2713,2,fit
2714,78,evaluation
2715,94,calibration
2716,86,evaluation
2717,25,fit
2718,11,evaluation
2719,13,fit
2720,4,evaluation
2721,40,fit
2722,47,evaluation
2723,44,evaluation
2724,90,evaluation
2725,95,fit
2726,78,fit
2727,7,evaluation
2728,78,calibration
2729,39,fit
2730,40,evaluation
2731,69,evaluation
2732,72,evaluation
2733,64,evaluation
2734,47,evaluation
2735,60,fit
2736,78,evaluation
2737,36,calibration
2738,75,evaluation
2739,36,evaluation
2740,82,evaluation
2741,88,calibration
2742,38,fit
2743,36,evaluation
2744,81,evaluation
2745,72,evaluation
2746,50,fit
2747,2,fit
2748,52,evaluation
2749,68,fit
2750,44,fit
2751,6,evaluation
2752,53,fit
2753,56,evaluation
2754,32,evaluation
2755,46,fit
2756,34,evaluation
2757,83,evaluation
2758,74,evaluation
2759,19,fit
2760,43,evaluation
2761,77,calibration
2762,87,calibration
2763,26,evaluation
2764,63,evaluation
2765,5,evaluation
2766,79,evaluation
2767,85,evaluation
2768,38,fit
2769,80,evaluation
2770,59,fit
2771,5,calibration
2772,73,calibration
2773,32,evaluation
2774,15,evaluation
2775,24,calibration
2776,93,evaluation
2777,2,evaluation
2778,88,fit
2779,49,fit
2780,11,calibration
2781,38,evaluation
2782,62,fit
2783,7,fit
2784,6,fit
2785,61,fit
2786,27,evaluation
2787,5,calibration
2788,41,fit
2789,37,calibration
2790,10,evaluation
2791,43,fit
2792,69,fit
2793,21,calibration
2794,73,fit
2795,68,calibration
2796,88,fit
2797,10,evaluation
2798,65,calibration
2799,4,fit
2800,47,evaluation
2801,59,evaluation
2802,20,evaluation
2803,35,evaluation
2804,2,calibration
2805,88,calibration
2806,83,evaluation
2807,72,fit
2808,4,fit
2809,3,fit
2810,60,evaluation
2811,82,evaluation
2812,61,evaluation
2813,68,evaluation
2814,92,evaluation
2815,22,evaluation
2816,84,evaluation
2817,87,evaluation
2818,32,fit
2819,91,evaluation
2820,38,fit
2821,36,fit
2822,9,fit
2823,63,evaluation
2824,57,fit
2825,50,calibration
2826,97,calibration
2827,27,evaluation
2828,34,fit
2829,69,fit
2830,1,calibration
2831,82,evaluation
2832,13,fit
2833,84,evaluation
2834,15,fit
2835,97,fit
2836,22,evaluation
2837,27,calibration
2838,18,fit
2839,79,fit
2840,98,fit
2841,74,fit
2842,97,fit
2843,13,calibration
2844,78,fit
2845,88,calibration
2846,98,evaluation
2847,78,calibration
2848,5,fit
2849,4,fit
2850,17,calibration
2851,60,calibration
2852,44,evaluation
2853,69,fit
2854,53,fit
2855,37,fit
2856,82,evaluation
2857,44,fit
2858,3,evaluation
2859,24,fit
2860,27,calibration
2861,6,evaluation
2862,38,evaluation
2863,35,evaluation
2864,21,calibration
2865,0,evaluation
2866,16,calibration
2867,84,evaluation
2868,11,calibration
2869,41,evaluation
2870,98,calibration
2871,89,fit
2872,99,evaluation
2873,31,fit
2874,46,evaluation
2875,68,calibration
2876,47,fit
2877,47,calibration
2878,11,calibration
2879,95,evaluation
2880,70,calibration
2881,23,evaluation
2882,58,evaluation
2883,50,fit
2884,27,calibration
2885,8,calibration
2886,47,fit
2887,27,fit
2888,3,evaluation
2889,68,fit
2890,53,evaluation
2891,34,evaluation
2892,68,fit
2893,96,fit
2894,53,calibration
2895,19,fit
2896,70,evaluation
2897,21,evaluation
2898,90,fit
2899,11,evaluation
2900,21,evaluation
2901,4,fit
2902,1,fit
2903,53,calibration
2904,29,evaluation
2905,93,calibration
2906,14,evaluation
2907,91,evaluation
2908,71,evaluation
2909,88,fit
2910,98,calibration
2911,89,fit
2912,27,calibration
2913,71,evaluation
2914,64,calibration
2915,94,evaluation
2916,61,calibration
2917,20,evaluation
2918,83,evaluation
2919,3,evaluation
2920,38,evaluation
2921,99,fit
2922,5,evaluation
2923,11,evaluation
2924,84,calibration
2925,88,fit
2926,6,fit
2927,67,evaluation
2928,5,calibration
2929,31,evaluation
2930,65,evaluation
2931,59,evaluation
2932,30,calibration
2933,97,fit
2934,64,calibration
2935,46,calibration
2936,22,calibration
2937,51,fit
2938,25,fit
2939,18,fit
2940,78,evaluation
2941,56,fit
2942,88,evaluation
2943,24,calibration
2944,5,calibration
2945,22,evaluation
2946,15,calibration
2947,67,fit
2948,15,calibration
2949,2,evaluation
2950,60,calibration
2951,41,fit
2952,11,evaluation
2953,70,calibration
2954,76,calibration
2955,81,calibration
2956,89,fit
2957,24,calibration
2958,30,evaluation
2959,50,evaluation
2960,0,evaluation
2961,75,fit
2962,63,evaluation
2963,9,fit
2964,36,evaluation
2965,20,calibration
2966,7,evaluation
2967,74,calibration
2968,24,evaluation
2969,73,calibration
2970,32,fit
2971,35,calibration
2972,82,fit
2973,87,fit
2974,31,evaluation
2975,14,calibration
2976,73,fit
2977,47,calibration
2978,65,fit
2979,77,fit
2980,51,fit
2981,61,evaluation
2982,30,fit
2983,32,evaluation
2984,66,fit
2985,29,evaluation
2986,97,calibration
2987,16,evaluation
2988,0,fit
2989,82,evaluation
2990,43,fit
2991,23,evaluation
2992,89,evaluation
2993,9,evaluation
2994,16,calibration
2995,68,fit
2996,2,fit
2997,45,evaluation
2998,44,calibration
2999,23,fit
3000,38,fit
3001,56,fit
3002,40,calibration
3003,35,fit
3004,73,evaluation
3005,0,evaluation
3006,88,calibration
3007,23,evaluation
3008,7,fit
3009,42,evaluation
3010,77,evaluation
3011,9,calibration
3012,35,evaluation
3013,96,evaluation
3014,83,evaluation
3015,94,calibration
3016,3,evaluation
3017,90,evaluation
3018,75,fit
3019,38,evaluation
3020,14,evaluation
3021,71,calibration
3022,36,calibration
3023,3,calibration
3024,78,fit
3025,21,evaluation
3026,13,evaluation
3027,48,evaluation
3028,83,evaluation
3029,50,evaluation
3030,79,evaluation
3031,55,calibration
3032,33,evaluation
3033,21,evaluation
3034,60,evaluation
3035,8,calibration
3036,84,calibration
3037,92,fit
3038,6,fit
3039,51,evaluation
3040,25,evaluation
3041,27,evaluation
3042,86,calibration
3043,27,evaluation
3044,8,evaluation
3045,21,evaluation
3046,12,evaluation
3047,44,evaluation
3048,75,fit
3049,27,calibration
3050,50,evaluation
3051,80,calibration
3052,54,evaluation
3053,94,evaluation
3054,48,fit
3055,41,fit
3056,53,evaluation
3057,14,calibration
3058,55,evaluation
3059,53,fit
3060,12,evaluation
3061,7,evaluation
3062,46,fit
3063,95,fit
3064,38,calibration
3065,67,evaluation
3066,0,calibration
3067,72,calibration
3068,11,evaluation
3069,27,fit
3070,1,fit
3071,73,evaluation
3072,25,evaluation
3073,47,evaluation
3074,42,fit
3075,75,evaluation
3076,81,evaluation
3077,69,evaluation
3078,10,calibration
3079,24,fit
3080,87,calibration
3081,35,evaluation
3082,69,fit
3083,86,fit
3084,59,evaluation
3085,84,fit
3086,63,evaluation
3087,86,fit
3088,23,evaluation
3089,82,calibration
3090,14,evaluation
3091,10,evaluation
3092,26,fit
3093,62,fit
3094,6,fit
3095,10,evaluation
3096,17,fit
3097,76,fit
3098,56,evaluation
3099,63,calibration
3100,85,fit
3101,99,evaluation
3102,64,fit
3103,7,fit
3104,42,calibration
3105,24,evaluation
3106,13,evaluation
3107,6,calibration
3108,37,fit
3109,16,evaluation
3110,33,fit
3111,48,evaluation
3112,44,evaluation
3113,80,calibration
3114,19,fit
3115,82,calibration
3116,46,fit
3117,33,fit
3118,31,evaluation
3119,86,evaluation
3120,59,fit
3121,3,fit
3122,9,calibration
3123,57,evaluation
3124,54,fit
3125,43,fit
3126,35,calibration
3127,93,calibration
3128,62,fit
3129,88,fit
3130,64,evaluation
3131,78,calibration
3132,45,evaluation
3133,36,calibration
3134,1,calibration
3135,43,fit
3136,34,fit
3137,71,evaluation
3138,87,evaluation
3139,39,calibration
3140,18,fit
3141,57,calibration
3142,67,evaluation
3143,4,evaluation
3144,73,fit
3145,41,evaluation
3146,76,calibration
3147,73,evaluation
3148,43,fit
3149,94,fit
3150,25,evaluation
3151,63,fit
3152,71,fit
3153,15,calibration
3154,52,fit
3155,38,calibration
3156,30,calibration
3157,64,evaluation
3158,30,evaluation
3159,23,fit
3160,35,evaluation
3161,74,fit
3162,36,evaluation
3163,76,fit
3164,96,fit
3165,17,evaluation
3166,31,evaluation
3167,76,fit
3168,88,fit
3169,3,evaluation
3170,63,calibration
3171,2,fit
3172,77,fit
3173,49,evaluation
3174,92,evaluation
3175,17,fit
3176,80,evaluation
3177,89,calibration
3178,3,fit
3179,88,calibration
3180,26,fit
3181,41,evaluation
3182,79,fit
3183,32,evaluation
3184,62,fit
3185,55,evaluation
3186,20,evaluation
3187,98,evaluation
3188,26,fit
3189,17,fit
3190,1,evaluation
3191,32,evaluation
3192,43,evaluation
3193,85,evaluation
3194,72,calibration
3195,59,evaluation
3196,24,fit
3197,13,evaluation
3198,31,fit
3199,14,fit
3200,42,evaluation
3201,40,fit
3202,33,calibration
3203,20,evaluation
3204,68,fit
3205,23,evaluation
3206,62,calibration
3207,24,fit
3208,55,evaluation
3209,10,evaluation
3210,22,fit
3211,70,fit
3212,79,calibration
3213,73,evaluation
3214,45,evaluation
3215,84,fit
3216,9,evaluation
3217,70,fit
3218,96,fit
3219,97,fit
3220,33,calibration
3221,67,calibration
3222,21,calibration
3223,90,evaluation
3224,62,fit
3225,57,evaluation
3226,25,fit
3227,54,fit
3228,69,fit
3229,40,calibration
3230,41,fit
3231,93,calibration
3232,9,calibration
3233,83,calibration
3234,7,calibration
3235,25,evaluation
3236,13,evaluation
3237,90,evaluation
3238,16,fit
3239,12,calibration
3240,48,calibration
3241,50,calibration
3242,37,evaluation
3243,49,fit
3244,60,fit
3245,36,fit
3246,37,fit
3247,39,evaluation
3248,65,fit
3249,91,evaluation
3250,70,fit
3251,90,fit
3252,99,fit
3253,10,evaluation
3254,4,calibration
3255,21,evaluation
3256,48,fit
3257,36,fit
3258,31,evaluation
3259,66,fit
3260,5,evaluation
3261,92,evaluation
3262,93,calibration
3263,60,calibration
3264,50,evaluation
3265,93,fit
3266,28,evaluation
3267,49,evaluation
3268,32,calibration
3269,79,evaluation
3270,98,calibration
3271,86,evaluation
3272,30,evaluation
3273,64,fit
3274,18,calibration
3275,44,calibration
3276,13,evaluation
3277,99,evaluation
3278,27,calibration
3279,69,evaluation
3280,87,evaluation
3281,6,evaluation
3282,22,evaluation
3283,50,fit
3284,90,fit
3285,71,evaluation
3286,20,evaluation
3287,91,fit
3288,90,fit
3289,71,calibration
3290,49,calibration
3291,42,fit
3292,57,fit
3293,20,evaluation
3294,63,fit
3295,67,fit
3296,12,evaluation
3297,91,fit
3298,39,fit
3299,20,evaluation
3300,73,calibration
3301,52,fit
3302,69,calibration
3303,56,fit
3304,10,calibration
3305,51,evaluation
3306,44,fit
3307,62,evaluation
3308,62,fit
3309,43,evaluation
3310,30,calibration
3311,6,calibration
3312,99,fit
3313,35,fit
3314,79,evaluation
3315,35,fit
3316,9,fit
3317,20,calibration
3318,79,fit
3319,15,evaluation
3320,87,fit
3321,37,evaluation
3322,20,fit
3323,60,fit
3324,33,fit
3325,67,fit
3326,92,fit
3327,73,fit
3328,88,fit
3329,38,evaluation
3330,90,calibration
3331,70,calibration
3332,77,fit
3333,84,calibration
3334,16,fit
3335,18,evaluation
3336,80,calibration
3337,51,evaluation
3338,42,fit
3339,68,calibration
3340,18,fit
3341,24,fit
3342,19,evaluation
3343,6,fit
3344,57,fit
3345,21,fit
3346,42,fit
3347,39,evaluation
3348,10,fit
3349,20,calibration
3350,9,evaluation
3351,4,calibration
3352,51,fit
3353,1,evaluation
3354,14,fit
3355,53,fit
3356,7,calibration
3357,60,evaluation
3358,53,evaluation
3359,90,fit
3360,43,fit
3361,62,fit
3362,38,calibration
3363,76,fit
3364,84,evaluation
3365,46,evaluation
3366,32,calibration
3367,54,calibration
3368,34,calibration
3369,29,fit
3370,65,calibration
3371,72,evaluation
3372,65,evaluation
3373,10,evaluation
3374,25,evaluation
3375,7,fit
3376,48,fit
3377,90,fit
3378,94,evaluation
3379,42,fit
3380,4,evaluation
3381,55,evaluation
3382,99,calibration
3383,68,evaluation
3384,6,fit
3385,24,evaluation
3386,82,fit
3387,43,calibration
3388,71,fit
3389,31,evaluation
3390,75,evaluation
3391,26,evaluation
3392,49,evaluation
3393,98,fit
3394,25,calibration
3395,62,calibration
3396,73,calibration
3397,2,evaluation
3398,81,calibration
3399,99,fit
3400,11,evaluation
3401,31,evaluation
3402,82,fit
3403,56,fit
3404,3,evaluation
3405,88,evaluation
3406,62,evaluation
3407,8,fit
3408,73,evaluation
3409,20,fit
3410,44,calibration
3411,80,calibration
3412,89,evaluation
3413,0,evaluation
3414,23,fit
3415,16,evaluation
3416,96,calibration
3417,24,calibration
3418,26,evaluation
3419,93,fit
3420,6,fit
3421,53,evaluation
3422,93,evaluation
3423,19,evaluation
3424,49,fit
3425,11,fit
3426,45,evaluation
3427,27,fit
3428,26,calibration
3429,82,fit
3430,84,evaluation
3431,28,fit
3432,1,fit
3433,56,evaluation
3434,26,evaluation
3435,57,evaluation
3436,60,fit
3437,18,calibration
3438,55,fit
3439,71,evaluation
3440,56,evaluation
3441,47,evaluation
3442,21,evaluation
3443,36,fit
3444,9,evaluation
3445,41,fit
3446,24,calibration
3447,75,fit
3448,5,evaluation
3449,32,evaluation
3450,12,fit
3451,57,fit
3452,84,fit
3453,76,fit
3454,65,fit
3455,12,fit
3456,21,evaluation
3457,23,evaluation
3458,76,evaluation
3459,29,fit
3460,57,fit
3461,75,evaluation
3462,32,fit
3463,25,evaluation
3464,96,fit
3465,56,fit
3466,49,calibration
3467,8,calibration
3468,19,calibration
3469,98,fit
3470,39,fit
3471,71,calibration
3472,46,calibration
3473,3,fit
3474,41,evaluation
3475,64,fit
3476,37,evaluation
3477,8,calibration
3478,13,evaluation
3479,99,evaluation
3480,31,evaluation
3481,35,evaluation
3482,52,fit
3483,73,fit
3484,89,evaluation
3485,2,evaluation
3486,54,calibration
3487,97,evaluation
3488,73,calibration
3489,95,evaluation
3490,1,evaluation
3491,12,fit
3492,0,evaluation
3493,51,fit
3494,23,fit
3495,73,evaluation
3496,72,calibration
3497,83,evaluation
3498,74,evaluation
3499,1,fit
3500,12,calibration
3501,38,fit
3502,51,evaluation
3503,29,evaluation
3504,77,calibration
3505,44,evaluation
3506,18,fit
3507,10,fit
3508,16,calibration
3509,43,fit
3510,0,fit
3511,7,calibration
3512,70,evaluation
3513,17,fit
3514,3,evaluation
3515,6,calibration
3516,83,calibration
3517,65,fit
3518,0,calibration
3519,46,fit
3520,85,calibration
3521,62,evaluation
3522,18,evaluation
3523,81,evaluation
3524,40,evaluation
3525,48,evaluation
3526,4,fit
3527,2,evaluation
3528,21,fit
3529,24,evaluation
3530,95,fit
3531,53,fit
3532,89,evaluation
3533,50,fit
3534,35,evaluation
3535,98,evaluation
3536,32,fit
3537,58,evaluation
3538,97,calibration
3539,56,fit
3540,78,fit
3541,60,calibration
3542,79,fit
3543,84,fit
3544,28,fit
3545,46,fit
3546,90,evaluation
3547,43,calibration
3548,9,fit
3549,42,evaluation
3550,84,fit
3551,59,fit
3552,27,fit
3553,17,evaluation
3554,62,fit
3555,23,fit
3556,31,calibration
3557,11,fit
3558,48,calibration
3559,82,evaluation
3560,87,fit
3561,28,evaluation
3562,14,calibration
3563,99,evaluation
3564,13,fit
3565,66,evaluation
3566,35,fit
3567,42,calibration
3568,20,evaluation
3569,2,fit
3570,16,evaluation
3571,68,evaluation
3572,23,calibration
3573,93,calibration
3574,79,evaluation
3575,87,fit
3576,41,fit
3577,2,evaluation
3578,96,evaluation
3579,39,fit
3580,49,evaluation
3581,57,evaluation
3582,96,fit
3583,12,evaluation
3584,38,evaluation
3585,65,evaluation
3586,39,evaluation
3587,93,fit
3588,83,fit
3589,32,fit
3590,19,fit
3591,8,calibration
3592,53,evaluation
3593,69,evaluation
3594,72,evaluation
3595,23,evaluation
3596,29,calibration
3597,43,fit
3598,88,evaluation
3599,11,evaluation
3600,96,evaluation
3601,62,calibration
3602,54,fit
3603,2,fit
3604,73,fit
3605,34,fit
3606,48,evaluation
3607,34,fit
3608,34,fit
3609,94,evaluation
3610,88,fit
3611,67,evaluation
3612,71,calibration
3613,97,evaluation
3614,7,fit
3615,35,fit
3616,77,calibration
3617,95,fit
3618,44,fit
3619,45,calibration
3620,27,fit
3621,80,calibration
3622,84,calibration
3623,99,fit
3624,52,evaluation
3625,92,evaluation
3626,70,fit
3627,16,fit
3628,88,evaluation
3629,25,fit
3630,58,evaluation
3631,79,calibration
3632,54,calibration
3633,73,fit
3634,50,evaluation
3635,47,evaluation
3636,51,evaluation
3637,78,evaluation
3638,26,fit
3639,50,calibration
3640,17,evaluation
3641,86,fit
3642,72,calibration
3643,87,evaluation
3644,34,evaluation
3645,47,fit
3646,25,evaluation
3647,72,fit
3648,29,fit
3649,95,calibration
3650,86,fit
3651,92,fit
3652,78,calibration
3653,3,fit
3654,28,calibration
3655,58,evaluation
3656,66,evaluation
3657,78,evaluation
3658,38,calibration
3659,22,fit
3660,66,evaluation
3661,95,fit
3662,45,evaluation
3663,97,calibration
3664,65,evaluation
3665,54,evaluation
3666,71,evaluation
3667,70,calibration
3668,80,calibration
3669,85,evaluation
3670,28,fit
3671,41,evaluation
3672,71,evaluation
3673,64,fit
3674,75,calibration
3675,90,evaluation
3676,7,calibration
3677,37,fit
3678,23,evaluation
3679,54,evaluation
3680,84,fit
3681,86,calibration
3682,8,fit
3683,22,evaluation
3684,51,evaluation
3685,75,fit
3686,26,evaluation
3687,11,fit
3688,3,fit
3689,46,evaluation
3690,64,evaluation
3691,92,calibration
3692,55,calibration
3693,39,fit
3694,66,fit
3695,86,fit
3696,85,fit
3697,0,fit
3698,8,evaluation
3699,27,fit
3700,57,evaluation
3701,13,evaluation
3702,94,evaluation
3703,40,calibration
3704,61,evaluation
3705,94,evaluation
3706,17,calibration
3707,11,calibration
3708,1,calibration
3709,4,fit
3710,49,fit
3711,77,fit
3712,0,evaluation
3713,1,fit
3714,80,evaluation
3715,48,evaluation
3716,39,fit
3717,55,evaluation
3718,38,calibration
3719,12,evaluation
3720,35,fit
3721,12,calibration
3722,78,fit
3723,87,evaluation
3724,11,fit
3725,0,fit
3726,95,fit
3727,90,evaluation
3728,10,fit
3729,88,evaluation
3730,10,evaluation
3731,97,fit
3732,48,calibration
3733,63,fit
3734,51,fit
3735,52,evaluation
3736,47,evaluation
3737,85,fit
3738,69,calibration
3739,65,evaluation
3740,81,evaluation
3741,30,fit
3742,51,fit
3743,69,calibration
3744,28,evaluation
3745,4,fit
3746,31,calibration
3747,97,fit
3748,48,fit
3749,64,fit
3750,80,fit
3751,0,calibration
3752,0,fit
3753,5,fit
3754,45,evaluation
3755,13,evaluation
3756,90,calibration
3757,85,evaluation
3758,56,fit
3759,51,fit
3760,34,evaluation
3761,44,fit
3762,91,calibration
3763,85,evaluation
3764,56,evaluation
3765,10,fit
3766,46,evaluation
3767,93,fit
3768,77,evaluation
3769,81,evaluation
3770,82,fit
3771,18,fit
3772,66,calibration
3773,56,evaluation
3774,49,fit
3775,0,calibration
3776,70,evaluation
3777,63,evaluation
3778,99,calibration
3779,14,calibration
3780,5,fit
3781,26,evaluation
3782,24,fit
3783,86,fit
3784,64,evaluation
3785,55,calibration
3786,1,fit
3787,94,calibration
3788,74,fit
3789,6,fit
3790,25,evaluation
3791,52,calibration
3792,90,fit
3793,5,fit
3794,40,fit
3795,41,fit
3796,49,evaluation
3797,76,fit
3798,19,fit
3799,44,fit
3800,49,evaluation
3801,57,fit
3802,85,fit
3803,63,evaluation
3804,91,fit
3805,63,evaluation
3806,94,fit
3807,55,calibration
3808,59,evaluation
3809,21,fit
3810,59,fit
3811,47,evaluation
3812,31,calibration
3813,60,fit
3814,44,evaluation
3815,25,fit
3816,11,fit
3817,97,evaluation
3818,96,evaluation
3819,3,fit
3820,46,calibration
3821,85,fit
3822,56,evaluation
3823,34,evaluation
3824,50,calibration
3825,41,fit
3826,87,evaluation
3827,38,fit
3828,83,evaluation
3829,45,calibration
3830,77,evaluation
3831,15,evaluation
3832,47,evaluation
3833,68,evaluation
3834,46,fit
3835,87,fit
3836,61,fit
3837,69,fit
3838,49,evaluation
3839,86,fit
3840,89,calibration
3841,36,fit
3842,59,evaluation
3843,67,calibration
3844,54,fit
3845,72,fit
3846,3,fit
3847,62,evaluation
3848,60,fit
3849,97,fit
3850,40,fit
3851,69,fit
3852,4,fit
3853,94,fit
3854,65,calibration
3855,39,evaluation
3856,87,evaluation
3857,48,evaluation
3858,93,calibration
3859,38,fit
3860,67,fit
3861,26,fit
3862,1,fit
3863,10,calibration
3864,41,fit
3865,47,evaluation
3866,78,fit
3867,87,evaluation
3868,13,fit
3869,11,evaluation
3870,57,evaluation
3871,45,evaluation
3872,39,calibration
3873,8,evaluation
3874,55,evaluation
3875,21,fit
3876,65,fit
3877,97,evaluation
3878,90,fit
3879,98,evaluation
3880,63,fit
3881,78,fit
3882,44,evaluation
3883,44,evaluation
3884,15,evaluation
3885,53,evaluation
3886,97,evaluation
3887,13,fit
3888,9,evaluation
3889,75,calibration
3890,73,calibration
3891,84,evaluation
3892,84,evaluation
3893,48,fit
3894,12,evaluation
3895,25,evaluation
3896,7,fit
3897,90,fit
3898,7,evaluation
3899,55,fit
3900,90,evaluation
3901,86,evaluation
3902,67,calibration
3903,54,fit
3904,77,fit
3905,60,evaluation
3906,9,fit
3907,54,fit
3908,34,fit
3909,68,fit
3910,25,fit
3911,71,fit
3912,20,calibration
3913,89,evaluation
3914,24,fit
3915,84,evaluation
3916,4,calibration
3917,59,fit
3918,26,fit
3919,18,fit
3920,37,fit
3921,98,fit
3922,64,evaluation
3923,74,fit
3924,94,evaluation
3925,5,fit
3926,43,fit
3927,97,evaluation
3928,23,calibration
3929,93,fit
3930,15,calibration
3931,17,fit
3932,1,evaluation
3933,58,calibration
3934,31,calibration
3935,8,evaluation
3936,45,fit
3937,28,fit
3938,23,evaluation
3939,19,calibration
3940,88,evaluation
3941,87,calibration
3942,82,fit
3943,26,fit
3944,33,evaluation
3945,63,fit
3946,16,calibration
3947,13,fit
3948,91,evaluation
3949,76,evaluation
3950,76,evaluation
3951,38,fit
3952,10,fit
3953,70,evaluation
3954,17,fit
3955,78,evaluation
3956,56,evaluation
3957,75,fit
3958,57,evaluation
3959,79,fit
3960,90,calibration
3961,38,evaluation
3962,51,evaluation
3963,27,fit
3964,71,calibration
3965,96,fit
3966,6,fit
3967,40,evaluation
3968,51,calibration
3969,47,fit
3970,37,fit
3971,41,calibration
3972,66,calibration
3973,67,evaluation
3974,41,calibration
3975,82,fit
3976,14,calibration
3977,23,evaluation
3978,6,calibration
3979,98,evaluation
3980,11,calibration
3981,7,evaluation
3982,65,evaluation
3983,64,evaluation
3984,40,evaluation
3985,15,evaluation
3986,1,fit
3987,29,evaluation
3988,38,evaluation
3989,75,fit
3990,40,calibration
3991,31,fit
3992,60,evaluation
3993,79,evaluation
3994,63,evaluation
3995,6,evaluation
3996,36,evaluation
3997,31,fit
3998,21,evaluation
3999,52,evaluation
4000,71,evaluation
4001,1,calibration
4002,61,calibration
4003,34,evaluation
4004,34,evaluation
4005,77,fit
4006,35,fit
4007,37,fit
4008,7,fit
4009,70,evaluation
4010,20,evaluation
4011,93,fit
4012,41,calibration
4013,92,fit
4014,87,fit
4015,46,evaluation
4016,30,calibration
4017,30,fit
4018,46,calibration
4019,85,evaluation
4020,32,fit
4021,14,evaluation
4022,51,fit
4023,24,calibration
4024,5,calibration
4025,49,fit
4026,61,evaluation
4027,89,calibration
4028,48,evaluation
4029,98,fit
4030,7,calibration
4031,94,evaluation
4032,37,calibration
4033,94,fit
4034,94,fit
4035,52,evaluation
4036,11,fit
4037,61,evaluation
4038,41,fit
4039,50,evaluation
4040,84,evaluation
4041,76,evaluation
4042,18,fit
4043,64,fit
4044,80,evaluation
4045,62,evaluation
4046,11,fit
4047,41,calibration
4048,69,evaluation
4049,34,evaluation
4050,2,calibration
4051,45,fit
4052,62,calibration
4053,87,fit
4054,99,fit
4055,45,calibration
4056,2,calibration
4057,27,fit
4058,91,fit
4059,19,calibration
4060,56,calibration
4061,20,evaluation
4062,92,calibration
4063,54,calibration
4064,75,fit
4065,9,fit
4066,83,fit
4067,27,calibration
4068,95,calibration
4069,49,fit
4070,14,evaluation
4071,2,fit
4072,43,calibration
4073,96,calibration
4074,95,fit
4075,66,evaluation
4076,81,fit
4077,9,evaluation
4078,44,evaluation
4079,99,fit
4080,87,evaluation
4081,79,evaluation
4082,11,fit
4083,59,fit
4084,18,evaluation
4085,62,calibration
4086,96,evaluation
4087,94,fit
4088,49,evaluation
4089,47,calibration
4090,72,fit
4091,26,fit
4092,71,fit
4093,76,calibration
4094,21,evaluation
4095,81,fit
4096,30,calibration
4097,99,fit
4098,64,fit
4099,92,evaluation
4100,0,evaluation
4101,6,fit
4102,74,evaluation
4103,82,evaluation
4104,13,evaluation
4105,69,evaluation
4106,8,calibration
4107,3,evaluation
4108,74,calibration
4109,89,evaluation
4110,11,calibration
4111,16,fit
4112,92,fit
4113,79,fit
4114,86,evaluation
4115,72,fit
4116,95,fit
4117,38,fit
4118,42,evaluation
4119,65,fit
4120,61,evaluation
4121,68,calibration
4122,17,evaluation
4123,41,fit
4124,49,fit
4125,20,evaluation
4126,4,evaluation
4127,75,fit
4128,48,calibration
4129,13,fit
4130,60,fit
4131,67,fit
4132,62,fit
4133,17,evaluation
4134,37,calibration
4135,32,calibration
4136,59,fit
4137,59,evaluation
4138,38,evaluation
4139,70,fit
4140,79,evaluation
4141,11,fit
4142,49,fit
4143,44,calibration
4144,0,calibration
4145,26,evaluation
4146,45,evaluation
4147,48,fit
4148,1,fit
4149,33,fit
4150,57,fit
4151,10,fit
4152,37,fit
4153,97,fit
4154,44,evaluation
4155,43,calibration
4156,63,evaluation
4157,55,fit
4158,37,evaluation
4159,20,fit
4160,49,fit
4161,19,evaluation
4162,16,fit
4163,26,fit
4164,21,evaluation
4165,79,fit
4166,40,fit
4167,68,evaluation
4168,74,evaluation
4169,95,fit
4170,46,calibration
4171,94,calibration
4172,68,evaluation
4173,13,calibration
4174,22,evaluation
4175,83,fit
4176,46,evaluation
4177,74,fit
4178,35,evaluation
4179,60,calibration
4180,11,evaluation
4181,21,fit
4182,34,evaluation
4183,39,evaluation
4184,65,fit
4185,13,fit
4186,20,fit
4187,21,evaluation
4188,99,evaluation
4189,68,calibration
4190,88,evaluation
4191,93,calibration
4192,49,fit
4193,69,calibration
4194,17,calibration
4195,55,fit
4196,81,evaluation
4197,63,evaluation
4198,14,fit
4199,73,fit
4200,17,evaluation
4201,13,calibration
4202,95,evaluation
4203,99,evaluation
4204,61,fit
4205,24,calibration
4206,22,evaluation
4207,23,evaluation
4208,94,evaluation
4209,33,evaluation
4210,90,evaluation
4211,8,fit
4212,68,calibration
4213,52,evaluation
4214,20,fit
4215,64,fit
4216,54,fit
4217,53,evaluation
4218,3,calibration
4219,4,evaluation
4220,88,fit
4221,53,fit
4222,27,fit
4223,5,calibration
4224,47,calibration
4225,97,evaluation
4226,5,fit
4227,35,calibration
4228,71,fit
4229,54,fit
4230,54,evaluation
4231,17,fit
4232,56,fit
4233,54,fit
4234,15,evaluation
4235,69,evaluation
4236,65,fit
4237,24,fit
4238,42,fit
4239,8,evaluation
4240,72,calibration
4241,77,fit
4242,75,evaluation
4243,66,fit
4244,93,evaluation
4245,94,evaluation
4246,27,evaluation
4247,98,fit
4248,75,fit
4249,44,evaluation
4250,37,fit
4251,8,fit
4252,10,fit
4253,84,evaluation
4254,72,fit
4255,34,calibration
4256,37,calibration
4257,2,evaluation
4258,86,fit
4259,20,evaluation
4260,90,evaluation
4261,49,evaluation
4262,95,fit
4263,29,fit
4264,34,fit
4265,46,fit
4266,43,fit
4267,72,fit
4268,18,evaluation
4269,51,evaluation
4270,87,fit
4271,18,evaluation
4272,41,evaluation
4273,93,evaluation
4274,72,evaluation
4275,95,fit
4276,19,fit
4277,34,fit
4278,42,fit
4279,79,fit
4280,79,fit
4281,17,fit
4282,73,evaluation
4283,97,fit
4284,45,fit
4285,97,fit
4286,29,fit
4287,86,fit
4288,29,fit
4289,0,fit
4290,19,fit
4291,12,evaluation
4292,91,fit
4293,75,evaluation
4294,97,evaluation
4295,50,evaluation
4296,13,evaluation
4297,61,evaluation
4298,74,fit
4299,85,calibration
4300,29,evaluation
4301,67,calibration
4302,50,evaluation
4303,43,fit
4304,50,fit
4305,3,fit
4306,25,fit
4307,13,evaluation
4308,50,calibration
4309,56,evaluation
4310,60,evaluation
4311,30,evaluation
4312,61,fit
4313,34,evaluation
4314,84,calibration
4315,1,calibration
4316,58,evaluation
4317,35,fit
4318,4,fit
4319,77,evaluation
4320,42,fit
4321,22,fit
4322,87,fit
4323,38,fit
4324,11,fit
4325,9,evaluation
4326,32,evaluation
4327,12,evaluation
4328,50,evaluation
4329,8,fit
4330,96,fit
4331,61,fit
4332,9,evaluation
4333,43,evaluation
4334,9,evaluation
4335,58,fit
4336,92,evaluation
4337,32,evaluation
4338,32,evaluation
4339,25,fit
4340,0,evaluation
4341,34,calibration
4342,75,evaluation
4343,68,evaluation
4344,27,fit
4345,15,evaluation
4346,0,fit
4347,38,fit
4348,10,fit
4349,3,evaluation
4350,44,fit
4351,30,evaluation
4352,43,fit
4353,59,fit
4354,50,fit
4355,40,evaluation
4356,67,calibration
4357,76,evaluation
4358,49,evaluation
4359,98,fit
4360,57,fit
4361,16,fit
4362,56,fit
4363,84,evaluation
4364,75,calibration
4365,50,evaluation
4366,90,fit
4367,10,evaluation
4368,83,evaluation
4369,22,fit
4370,59,evaluation
4371,93,fit
4372,36,calibration
4373,51,evaluation
4374,6,evaluation
4375,74,fit
4376,82,calibration
4377,1,fit
4378,97,evaluation
4379,12,evaluation
4380,79,evaluation
4381,49,fit
4382,94,fit
4383,39,fit
4384,25,evaluation
4385,98,calibration
4386,10,calibration
4387,58,calibration
4388,79,evaluation
4389,54,fit
4390,64,calibration
4391,1,fit
4392,24,calibration
4393,46,fit
4394,51,fit
4395,45,calibration
4396,70,calibration
4397,29,calibration
4398,96,fit
4399,2,evaluation
4400,7,evaluation
4401,95,fit
4402,27,evaluation
4403,83,evaluation
4404,89,evaluation
4405,7,calibration
4406,52,evaluation
4407,24,evaluation
4408,49,fit
4409,5,evaluation
4410,80,fit
4411,53,evaluation
4412,75,fit
4413,55,fit
4414,14,fit
4415,15,calibration
4416,69,fit
4417,51,evaluation
4418,24,calibration
4419,19,calibration
4420,2,fit
4421,68,fit
4422,24,fit
4423,75,fit
4424,75,fit
4425,41,evaluation
4426,13,fit
4427,44,evaluation
4428,41,evaluation
4429,31,evaluation
4430,74,evaluation
4431,18,fit
4432,43,fit
4433,0,calibration
4434,13,calibration
4435,15,fit
4436,7,fit
4437,17,fit
4438,83,fit
4439,92,calibration
4440,79,fit
4441,34,fit
4442,74,evaluation
4443,86,calibration
4444,20,fit
4445,50,evaluation
4446,72,fit
4447,14,evaluation
4448,86,fit
4449,88,evaluation
4450,98,fit
4451,4,calibration
4452,77,evaluation
4453,1,fit
4454,79,calibration
4455,12,fit
4456,87,fit
4457,78,evaluation
4458,65,evaluation
4459,1,calibration
4460,59,fit
4461,48,calibration
4462,83,calibration
4463,58,fit
4464,13,evaluation
4465,56,evaluation
4466,94,evaluation
4467,50,fit
4468,13,fit
4469,55,fit
4470,97,fit
4471,10,fit
4472,7,fit
4473,21,fit
4474,19,fit
4475,22,evaluation
4476,54,fit
4477,75,evaluation
4478,75,evaluation
4479,27,fit
4480,5,evaluation
4481,75,fit
4482,6,fit
4483,75,calibration
4484,35,evaluation
4485,19,fit
4486,79,evaluation
4487,48,calibration
4488,18,calibration
4489,12,fit
4490,32,fit
4491,3,evaluation
4492,60,evaluation
4493,65,fit
4494,85,evaluation
4495,77,fit
4496,43,fit
4497,65,evaluation
4498,85,fit
4499,96,calibration
4500,98,fit
4501,66,fit
4502,62,fit
4503,73,evaluation
4504,83,fit
4505,65,calibration
4506,58,fit
4507,12,fit
4508,19,fit
4509,38,fit
4510,27,evaluation
4511,81,calibration
4512,21,calibration
4513,29,fit
4514,51,fit
4515,58,calibration
4516,88,fit
4517,89,fit
4518,5,evaluation
4519,15,fit
4520,10,evaluation
4521,37,evaluation
4522,95,fit
4523,50,fit
4524,30,evaluation
4525,74,fit
4526,98,evaluation
4527,33,evaluation
4528,40,evaluation
4529,50,fit
4530,52,fit
4531,14,fit
4532,63,fit
4533,72,fit
4534,53,fit
4535,91,evaluation
4536,81,fit
4537,73,fit
4538,16,calibration
4539,32,fit
4540,90,calibration
4541,33,evaluation
4542,52,fit
4543,41,evaluation
4544,11,calibration
4545,38,fit
4546,14,evaluation
4547,56,calibration
4548,43,evaluation
4549,80,fit
4550,65,evaluation
4551,46,fit
4552,92,fit
4553,52,fit
4554,75,evaluation
4555,78,fit
4556,60,evaluation
4557,70,fit
4558,36,evaluation
4559,19,fit
4560,2,fit
4561,8,fit
4562,61,evaluation
4563,55,fit
4564,24,fit
4565,47,evaluation
4566,30,evaluation
4567,70,fit
4568,25,evaluation
4569,7,fit
4570,28,fit
4571,67,fit
4572,53,fit
4573,28,evaluation
4574,11,fit
4575,54,fit
4576,74,evaluation
4577,66,fit
4578,41,fit
4579,4,evaluation
4580,95,evaluation
4581,47,calibration
4582,52,fit
4583,59,evaluation
4584,68,fit
4585,21,fit
4586,13,evaluation
4587,62,evaluation
4588,58,calibration
4589,92,evaluation
4590,18,fit
4591,24,evaluation
4592,30,evaluation
4593,78,evaluation
4594,14,fit
4595,86,fit
4596,78,evaluation
4597,76,evaluation
4598,68,calibration
4599,56,calibration
4600,70,evaluation
4601,31,calibration
4602,97,calibration
4603,72,calibration
4604,7,evaluation
4605,84,calibration
4606,43,evaluation
4607,61,fit
4608,33,calibration
4609,42,fit
4610,89,evaluation
4611,42,calibration
4612,38,fit
4613,92,fit
4614,24,fit
4615,49,fit
4616,7,calibration
4617,52,evaluation
4618,66,calibration
4619,99,calibration
4620,96,fit
4621,34,fit
4622,14,fit
4623,11,fit
4624,92,evaluation
4625,29,fit
4626,4,fit
4627,3,evaluation
4628,55,evaluation
4629,61,calibration
4630,90,evaluation
4631,94,evaluation
4632,29,calibration
4633,90,fit
4634,43,evaluation
4635,21,fit
4636,66,calibration
4637,57,evaluation
4638,25,calibration
4639,37,fit
4640,0,evaluation
4641,1,evaluation
4642,56,evaluation
4643,30,fit
4644,80,evaluation
4645,93,evaluation
4646,8,calibration
4647,23,fit
4648,98,evaluation
4649,64,evaluation
4650,69,fit
4651,68,fit
4652,72,fit
4653,1,evaluation
4654,35,evaluation
4655,92,evaluation
4656,22,evaluation
4657,52,calibration
4658,90,fit
4659,91,fit
4660,37,calibration
4661,71,evaluation
4662,27,evaluation
4663,89,evaluation
4664,28,fit
4665,56,evaluation
4666,0,evaluation
4667,79,evaluation
4668,20,evaluation
4669,18,fit
4670,39,calibration
4671,79,evaluation
4672,45,evaluation
4673,96,fit
4674,68,evaluation
4675,24,fit
4676,0,evaluation
4677,42,evaluation
4678,81,evaluation
4679,80,fit
4680,81,fit
4681,87,calibration
4682,33,calibration
4683,9,fit
4684,46,evaluation
4685,59,fit
4686,7,fit
4687,64,evaluation
4688,70,evaluation
4689,25,evaluation
4690,46,evaluation
4691,89,evaluation
4692,93,calibration
4693,58,evaluation
4694,37,fit
4695,91,calibration
4696,3,evaluation
4697,57,fit
4698,75,calibration
4699,5,evaluation
4700,80,evaluation
4701,70,evaluation
4702,64,fit
4703,34,calibration
4704,22,fit
4705,54,evaluation
4706,34,fit
4707,32,calibration
4708,9,fit
4709,31,fit
4710,77,fit
4711,43,fit
4712,33,evaluation
4713,79,calibration
4714,63,evaluation
4715,63,calibration
4716,1,evaluation
4717,99,evaluation
4718,27,fit
4719,12,fit
4720,74,evaluation
4721,93,evaluation
4722,20,evaluation
4723,60,evaluation
4724,66,evaluation
4725,40,calibration
4726,59,evaluation
4727,92,evaluation
4728,46,evaluation
4729,47,fit
4730,52,evaluation
4731,89,fit
4732,6,evaluation
4733,93,evaluation
4734,94,fit
4735,54,fit
4736,15,fit
4737,96,fit
4738,79,evaluation
4739,49,calibration
4740,13,fit
4741,41,calibration
4742,14,evaluation
4743,30,evaluation
4744,76,evaluation
4745,21,calibration
4746,82,evaluation
4747,52,fit
4748,79,fit
4749,4,evaluation
4750,46,fit
4751,14,evaluation
4752,43,evaluation
4753,32,calibration
4754,34,calibration
4755,83,evaluation
4756,13,evaluation
4757,19,evaluation
4758,31,fit
4759,67,fit
4760,0,evaluation
4761,95,calibration
4762,32,fit
4763,33,evaluation
4764,71,fit
4765,8,calibration
4766,64,evaluation
4767,53,fit
4768,47,evaluation
4769,22,evaluation
4770,30,fit
4771,22,fit
4772,7,evaluation
4773,84,fit
4774,56,fit
4775,92,fit
4776,30,fit
4777,23,fit
4778,63,evaluation
4779,22,fit
4780,57,calibration
4781,24,evaluation
4782,23,fit
4783,32,calibration
4784,72,evaluation
4785,82,fit
4786,64,fit
4787,43,fit
4788,13,fit
4789,98,fit
4790,26,evaluation
4791,55,fit
4792,83,fit
4793,12,fit
4794,76,calibration
4795,47,evaluation
4796,24,fit
4797,92,evaluation
4798,40,fit
4799,86,calibration
4800,39,fit
4801,31,fit
4802,37,fit
4803,71,evaluation
4804,39,fit
4805,72,evaluation
4806,87,fit
4807,17,fit
4808,13,evaluation
4809,39,fit
4810,35,evaluation
4811,54,evaluation
4812,88,calibration
4813,1,calibration
4814,61,calibration
4815,24,evaluation
4816,69,evaluation
4817,4,evaluation
4818,9,calibration
4819,98,calibration
4820,74,evaluation
4821,58,evaluation
4822,76,evaluation
4823,96,evaluation
4824,4,fit
4825,84,fit
4826,30,fit
4827,88,fit
4828,79,evaluation
4829,5,evaluation
4830,10,evaluation
4831,33,evaluation
4832,54,fit
4833,36,evaluation
4834,46,evaluation
4835,6,evaluation
4836,46,fit
4837,86,evaluation
4838,39,calibration
4839,83,calibration
4840,77,calibration
4841,69,calibration
4842,65,fit
4843,14,evaluation
4844,33,fit
4845,61,fit
4846,35,evaluation
4847,20,fit
4848,9,fit
4849,37,fit
4850,63,fit
4851,82,fit
4852,46,evaluation
4853,72,fit
4854,77,evaluation
4855,16,calibration
4856,64,fit
4857,46,calibration
4858,23,fit
4859,22,fit
4860,75,calibration
4861,78,fit
4862,46,evaluation
4863,10,fit
4864,85,evaluation
4865,7,evaluation
4866,68,fit
4867,31,fit
4868,91,calibration
4869,28,fit
4870,58,calibration
4871,55,fit
4872,91,evaluation
4873,19,evaluation
4874,59,evaluation
4875,44,fit
4876,98,evaluation
4877,27,fit
4878,34,calibration
4879,17,calibration
4880,25,calibration
4881,58,evaluation
4882,29,fit
4883,85,fit
4884,85,evaluation
4885,25,fit
4886,35,evaluation
4887,12,fit
4888,8,fit
4889,34,calibration
4890,16,fit
4891,86,fit
4892,48,fit
4893,49,fit
4894,15,calibration
4895,55,evaluation
4896,53,calibration
4897,99,evaluation
4898,66,fit
4899,26,calibration
4900,88,calibration
4901,64,evaluation
4902,87,evaluation
4903,41,fit
4904,17,evaluation
4905,40,fit
4906,6,fit
4907,55,evaluation
4908,8,fit
4909,95,evaluation
4910,94,evaluation
4911,3,evaluation
4912,2,evaluation
4913,56,evaluation
4914,66,evaluation
4915,4,fit
4916,68,calibration
4917,11,fit
4918,20,fit
4919,49,evaluation
4920,23,fit
4921,72,fit
4922,16,calibration
4923,0,fit
4924,86,evaluation
4925,59,evaluation
4926,93,fit
4927,48,evaluation
4928,40,fit
4929,33,fit
4930,17,fit
4931,52,evaluation
4932,54,fit
4933,94,fit
4934,87,evaluation
4935,77,fit
4936,79,fit
4937,5,fit
4938,91,evaluation
4939,28,fit
4940,30,fit
4941,7,fit
4942,25,evaluation
4943,42,calibration
4944,75,evaluation
4945,31,fit
4946,14,evaluation
4947,94,fit
4948,57,fit
4949,63,calibration
4950,81,calibration
4951,4,evaluation
4952,99,calibration
4953,45,fit
4954,32,calibration
4955,11,evaluation
4956,9,evaluation
4957,59,fit
4958,81,evaluation
4959,40,evaluation
4960,48,evaluation
4961,6,fit
4962,98,calibration
4963,70,calibration
4964,93,fit
4965,0,fit
4966,14,fit
4967,49,evaluation
4968,51,calibration
4969,4,fit
4970,14,calibration
4971,42,evaluation
4972,80,evaluation
4973,68,fit
4974,78,fit
4975,47,calibration
4976,31,evaluation
4977,62,fit
4978,62,evaluation
4979,90,calibration
4980,8,fit
4981,9,fit
4982,51,calibration
4983,91,evaluation
4984,80,calibration
4985,79,evaluation
4986,22,fit
4987,18,fit
4988,61,evaluation
4989,62,evaluation
4990,54,fit
4991,34,evaluation
4992,42,evaluation
4993,33,evaluation
4994,16,evaluation
4995,99,fit
4996,99,calibration
4997,27,evaluation
4998,13,fit
4999,39,evaluation
5000,56,fit
5001,53,calibration
5002,82,calibration
5003,48,evaluation
5004,76,fit
5005,82,fit
5006,49,calibration
5007,40,evaluation
5008,58,evaluation
5009,58,evaluation
5010,28,fit
5011,37,fit
5012,38,evaluation
5013,93,fit
5014,68,fit
5015,13,fit
5016,42,evaluation
5017,35,evaluation
5018,68,fit
5019,47,evaluation
5020,13,fit
5021,91,calibration
5022,53,calibration
5023,23,fit
5024,29,calibration
5025,89,fit
5026,35,fit
5027,43,calibration
5028,62,evaluation
5029,15,evaluation
5030,9,evaluation
5031,97,fit
5032,15,evaluation
5033,44,calibration
5034,75,evaluation
5035,84,evaluation
5036,33,evaluation
5037,41,fit
5038,6,fit
5039,71,evaluation
5040,78,evaluation
5041,17,evaluation
5042,76,evaluation
5043,78,evaluation
5044,88,calibration
5045,49,fit
5046,35,calibration
5047,54,evaluation
5048,86,fit
5049,12,evaluation
5050,74,fit
5051,80,calibration
5052,33,evaluation
5053,49,fit
5054,5,fit
5055,63,fit
5056,78,fit
5057,41,evaluation
5058,36,evaluation
5059,37,evaluation
5060,66,evaluation
5061,98,evaluation
5062,76,fit
5063,8,evaluation
5064,13,fit
5065,53,fit
5066,87,evaluation
5067,19,fit
5068,38,calibration
5069,18,calibration
5070,32,fit
5071,88,evaluation
5072,4,evaluation
5073,78,calibration
5074,99,fit
5075,75,calibration
5076,21,calibration
5077,74,calibration
5078,97,calibration
5079,75,evaluation
5080,64,fit
5081,52,calibration
5082,94,fit
5083,10,evaluation
5084,34,calibration
5085,14,fit
5086,21,fit
5087,61,calibration
5088,1,evaluation
5089,80,fit
5090,21,fit
5091,81,fit
5092,98,calibration
5093,69,fit
5094,52,fit
5095,63,evaluation
5096,20,evaluation
5097,91,fit
5098,68,evaluation
5099,64,fit
5100,76,fit
5101,5,fit
5102,9,evaluation
5103,43,evaluation
5104,49,calibration
5105,55,evaluation
5106,55,calibration
5107,32,fit
5108,83,fit
5109,42,fit
5110,58,fit
5111,44,evaluation
5112,48,fit
5113,15,evaluation
5114,48,evaluation
5115,17,fit
5116,28,calibration
5117,35,calibration
5118,11,fit
5119,15,fit
5120,21,evaluation
5121,81,evaluation
5122,59,fit
5123,14,fit
5124,37,evaluation
5125,75,fit
5126,2,fit
5127,10,calibration
5128,19,fit
5129,58,evaluation
5130,90,fit
5131,43,evaluation
5132,3,evaluation
5133,71,evaluation
5134,23,fit
5135,28,evaluation
5136,68,fit
5137,80,evaluation
5138,61,fit
5139,87,fit
5140,25,fit
5141,89,evaluation
5142,42,fit
5143,74,evaluation
5144,91,calibration
5145,47,evaluation
5146,5,calibration
5147,22,evaluation
5148,6,fit
5149,58,fit
5150,91,evaluation
5151,61,calibration
5152,91,fit
5153,71,evaluation
5154,74,evaluation
5155,82,evaluation
5156,66,evaluation
5157,30,fit
5158,47,evaluation
5159,38,fit
5160,45,fit
5161,54,calibration
5162,48,fit
5163,13,evaluation
5164,85,calibration
5165,3,calibration
5166,28,evaluation
5167,21,evaluation
5168,44,fit
5169,27,evaluation
5170,0,evaluation
5171,8,evaluation
5172,28,evaluation
5173,27,fit
5174,98,evaluation
5175,48,evaluation
5176,81,fit
5177,36,evaluation
5178,29,fit
5179,86,evaluation
5180,19,evaluation
5181,82,calibration
5182,89,fit
5183,35,fit
5184,13,calibration
5185,42,evaluation
5186,60,calibration
5187,69,calibration
5188,12,evaluation
5189,89,evaluation
5190,50,evaluation
5191,24,fit
5192,49,calibration
5193,12,evaluation
5194,71,fit
5195,25,fit
5196,71,calibration
5197,46,evaluation
5198,14,fit
5199,88,fit
5200,64,evaluation
5201,13,calibration
5202,25,calibration
5203,11,fit
5204,44,evaluation
5205,17,evaluation
5206,18,evaluation
5207,74,calibration
5208,75,fit
5209,14,fit
5210,42,evaluation
5211,83,fit
5212,60,evaluation
5213,30,evaluation
5214,57,evaluation
5215,94,calibration
5216,48,evaluation
5217,75,fit
5218,15,evaluation
5219,51,evaluation
5220,93,calibration
5221,93,evaluation
5222,41,evaluation
5223,52,evaluation
5224,52,evaluation
5225,12,calibration
5226,64,fit
5227,87,fit
5228,99,fit
5229,86,evaluation
5230,5,evaluation
5231,42,fit
5232,71,evaluation
5233,64,evaluation
5234,99,evaluation
5235,49,evaluation
5236,22,evaluation
5237,52,calibration
5238,59,fit
5239,5,fit
5240,60,fit
5241,71,fit
5242,72,evaluation
5243,74,fit
5244,19,evaluation
5245,56,evaluation
5246,24,evaluation
5247,30,evaluation
5248,76,calibration
5249,15,evaluation
5250,39,fit
5251,16,fit
5252,21,fit
5253,15,fit
5254,38,fit
5255,30,evaluation
5256,55,calibration
5257,98,fit
5258,25,evaluation
5259,40,fit
5260,82,fit
5261,3,evaluation
5262,67,calibration
5263,47,fit
5264,71,evaluation
5265,52,evaluation
5266,47,calibration
5267,60,calibration
5268,55,evaluation
5269,16,fit
5270,61,evaluation
5271,36,evaluation
5272,90,calibration
5273,32,fit
5274,21,evaluation
5275,30,fit
5276,78,evaluation
5277,43,calibration
5278,81,evaluation
5279,88,evaluation
5280,49,calibration
5281,96,calibration
5282,10,fit
5283,95,fit
5284,33,evaluation
5285,15,evaluation
5286,85,fit
5287,89,evaluation
5288,79,calibration
5289,26,fit
5290,18,fit
5291,97,evaluation
5292,14,fit
5293,15,evaluation
5294,16,fit
5295,75,evaluation
5296,6,fit
5297,92,fit
5298,88,calibration
5299,64,calibration
5300,54,evaluation
5301,71,fit
5302,6,fit
5303,96,fit
5304,8,evaluation
5305,67,calibration
5306,0,fit
5307,78,evaluation
5308,92,fit
5309,57,calibration
5310,66,evaluation
5311,48,evaluation
5312,67,fit
5313,60,calibration
5314,89,evaluation
5315,16,fit
5316,42,calibration
5317,58,evaluation
5318,61,fit
5319,22,evaluation
5320,75,fit
5321,37,calibration
5322,3,evaluation
5323,60,calibration
5324,9,fit
5325,27,fit
5326,83,evaluation
5327,89,evaluation
5328,42,fit
5329,88,fit
5330,44,evaluation
5331,2,fit
5332,62,fit
5333,94,fit
5334,32,fit
5335,95,evaluation
5336,66,evaluation
5337,8,evaluation
5338,40,fit
5339,44,evaluation
5340,45,calibration
5341,26,fit
5342,48,evaluation
5343,87,evaluation
5344,59,fit
5345,35,fit
5346,61,evaluation
5347,64,evaluation
5348,43,calibration
5349,25,calibration
5350,48,fit
5351,45,fit
5352,36,evaluation
5353,29,fit
5354,51,fit
5355,76,calibration
5356,74,calibration
5357,61,calibration
5358,56,fit
5359,55,fit
5360,44,fit
5361,50,calibration
5362,8,fit
5363,27,evaluation
5364,22,calibration
5365,61,evaluation
5366,77,evaluation
5367,85,fit
5368,95,evaluation
5369,78,fit
5370,0,evaluation
5371,80,fit
5372,26,evaluation
5373,33,evaluation
5374,49,evaluation
5375,51,evaluation
5376,36,calibration
5377,98,fit
5378,39,evaluation
5379,76,evaluation
5380,95,evaluation
5381,31,fit
5382,45,fit
5383,27,fit
5384,60,fit
5385,3,calibration
5386,51,fit
5387,94,evaluation
5388,67,fit
5389,6,evaluation
5390,62,evaluation
5391,98,fit
5392,28,evaluation
5393,26,evaluation
5394,61,evaluation
5395,29,fit
5396,64,evaluation
5397,95,evaluation
5398,4,fit
5399,42,fit
5400,17,evaluation
5401,99,calibration
5402,30,fit
5403,86,evaluation
5404,83,evaluation
5405,78,evaluation
5406,25,fit
5407,50,fit
5408,97,evaluation
5409,67,evaluation
5410,52,evaluation
5411,28,calibration
5412,44,fit
5413,28,calibration
5414,22,evaluation
5415,5,fit
5416,35,evaluation
5417,37,evaluation
5418,66,calibration
5419,88,evaluation
5420,95,calibration
5421,1,fit
5422,57,evaluation
5423,12,evaluation
5424,44,calibration
5425,97,evaluation
5426,78,evaluation
5427,7,calibration
5428,94,evaluation
5429,85,fit
5430,48,fit
5431,16,evaluation
5432,85,calibration
5433,63,calibration
5434,59,fit
5435,70,evaluation
5436,62,evaluation
5437,58,evaluation
5438,54,evaluation
5439,60,fit
5440,9,fit
5441,44,fit
5442,23,evaluation
5443,71,evaluation
5444,10,calibration
5445,89,fit
5446,31,evaluation
5447,67,calibration
5448,56,evaluation
5449,42,evaluation
5450,70,evaluation
5451,73,evaluation
5452,43,evaluation
5453,43,calibration
5454,86,calibration
5455,15,calibration
5456,24,evaluation
5457,84,fit
5458,42,fit
5459,60,fit
5460,48,fit
5461,19,evaluation
5462,93,evaluation
5463,16,fit
5464,30,evaluation
5465,13,fit
5466,21,evaluation
5467,78,fit
5468,68,calibration
5469,48,evaluation
5470,56,evaluation
5471,74,evaluation
5472,42,evaluation
5473,20,fit
5474,14,fit
5475,78,fit
5476,62,calibration
5477,76,evaluation
5478,42,calibration
5479,28,evaluation
5480,74,fit
5481,78,fit
5482,28,fit
5483,27,calibration
5484,51,calibration
5485,83,fit
5486,48,fit
5487,79,evaluation
5488,67,fit
5489,43,evaluation
5490,90,fit
5491,18,calibration
5492,40,calibration
5493,88,calibration
5494,15,calibration
5495,89,calibration
5496,0,calibration
5497,80,evaluation
5498,95,fit
5499,59,evaluation
5500,67,fit
5501,57,evaluation
5502,64,calibration
5503,55,fit
5504,72,evaluation
5505,39,fit
5506,1,calibration
5507,14,evaluation
5508,10,calibration
5509,40,evaluation
5510,66,fit
5511,32,evaluation
5512,11,calibration
5513,4,evaluation
5514,54,evaluation
5515,14,evaluation
5516,15,evaluation
5517,84,fit
5518,7,fit
5519,15,calibration
5520,70,evaluation
5521,45,fit
5522,28,fit
5523,27,calibration
5524,36,fit
5525,31,fit
5526,80,evaluation
5527,16,evaluation
5528,59,fit
5529,6,calibration
5530,19,fit
5531,87,evaluation
5532,15,evaluation
5533,81,evaluation
5534,25,fit
5535,98,fit
5536,2,evaluation
5537,68,fit
5538,47,fit
5539,18,evaluation
5540,66,fit
5541,66,evaluation
5542,17,evaluation
5543,65,fit
5544,90,fit
5545,98,fit
5546,45,fit
5547,76,fit
5548,95,evaluation
5549,5,evaluation
5550,89,fit
5551,69,fit
5552,57,evaluation
5553,60,evaluation
5554,95,evaluation
5555,16,fit
5556,7,fit
5557,52,calibration
5558,6,calibration
5559,7,evaluation
5560,67,evaluation
5561,60,fit
5562,67,evaluation
5563,52,evaluation
5564,2,evaluation
5565,94,evaluation
5566,25,evaluation
5567,23,evaluation
5568,58,fit
5569,65,fit
5570,38,evaluation
5571,85,fit
5572,48,fit
5573,82,fit
5574,21,calibration
5575,55,evaluation
5576,69,fit
5577,39,evaluation
5578,12,fit
5579,29,calibration
5580,5,evaluation
5581,17,fit
5582,87,fit
5583,78,calibration
5584,70,fit
5585,30,calibration
5586,87,evaluation
5587,94,evaluation
5588,75,evaluation
5589,44,fit
5590,73,fit
5591,67,calibration
5592,62,evaluation
5593,41,fit
5594,1,fit
5595,16,evaluation
5596,85,calibration
5597,80,fit
5598,29,evaluation
5599,44,fit
5600,69,calibration
5601,26,calibration
5602,46,fit
5603,20,fit
5604,7,evaluation
5605,93,evaluation
5606,63,calibration
5607,53,fit
5608,40,calibration
5609,37,calibration
5610,33,fit
5611,76,evaluation
5612,48,calibration
5613,63,fit
5614,84,fit
5615,31,calibration
5616,54,fit
5617,28,evaluation
5618,72,fit
5619,34,evaluation
5620,47,evaluation
5621,63,fit
5622,54,fit
5623,35,evaluation
5624,93,fit
5625,61,fit
5626,2,evaluation
5627,51,evaluation
5628,7,fit
5629,59,calibration
5630,68,calibration
5631,81,evaluation
5632,81,evaluation
5633,39,evaluation
5634,13,fit
5635,37,calibration
5636,35,fit
5637,81,calibration
5638,51,evaluation
5639,18,fit
5640,4,evaluation
5641,23,evaluation
5642,93,fit
5643,94,calibration
5644,77,fit
5645,47,evaluation
5646,51,evaluation
5647,5,evaluation
5648,90,fit
5649,86,evaluation
5650,48,evaluation
5651,96,fit
5652,23,calibration
5653,79,fit
5654,13,fit
5655,98,evaluation
5656,71,calibration
5657,60,fit
5658,62,evaluation
5659,39,fit
5660,68,evaluation
5661,52,fit
5662,14,calibration
5663,21,calibration
5664,15,fit
5665,77,calibration
5666,94,evaluation
5667,73,calibration
5668,70,evaluation
5669,59,fit
5670,55,fit
5671,76,fit
5672,72,fit
5673,3,fit
5674,18,evaluation
5675,0,fit
5676,99,calibration
5677,24,calibration
5678,56,fit
5679,0,fit
5680,82,evaluation
5681,72,fit
5682,37,calibration
5683,20,calibration
5684,54,evaluation
5685,11,fit
5686,9,evaluation
5687,86,fit
5688,65,calibration
5689,78,fit
5690,22,evaluation
5691,48,calibration
5692,1,evaluation
5693,33,fit
5694,77,fit
5695,49,calibration
5696,89,evaluation
5697,36,calibration
5698,42,fit
5699,20,calibration
5700,2,fit
5701,32,calibration
5702,87,evaluation
5703,71,calibration
5704,36,evaluation
5705,95,calibration
5706,27,evaluation
5707,36,evaluation
5708,54,fit
5709,92,fit
5710,88,calibration
5711,6,calibration
5712,31,evaluation
5713,54,fit
5714,32,evaluation
5715,58,evaluation
5716,10,evaluation
5717,64,fit
5718,93,fit
5719,3,fit
5720,55,evaluation
5721,49,evaluation
5722,56,calibration
5723,33,calibration
5724,99,fit
5725,62,fit
5726,34,fit
5727,53,fit
5728,17,fit
5729,93,evaluation
5730,66,evaluation
5731,0,evaluation
5732,58,calibration
5733,4,fit
5734,37,fit
5735,1,calibration
5736,58,evaluation
5737,66,fit
5738,58,fit
5739,88,fit
5740,39,evaluation
5741,40,fit
5742,82,evaluation
5743,68,evaluation
5744,4,evaluation
5745,55,fit
5746,65,fit
5747,72,evaluation
5748,13,evaluation
5749,17,fit
5750,30,fit
5751,67,calibration
5752,50,fit
5753,1,calibration
5754,59,evaluation
5755,73,evaluation
5756,58,evaluation
5757,90,fit
5758,56,calibration
5759,44,fit
5760,16,fit
5761,32,evaluation
5762,15,fit
5763,90,evaluation
5764,99,fit
5765,56,calibration
5766,40,evaluation
5767,63,calibration
5768,22,fit
5769,2,fit
5770,14,evaluation
5771,72,calibration
5772,76,evaluation
5773,73,calibration
5774,2,evaluation
5775,79,fit
5776,5,calibration
5777,39,fit
5778,12,fit
5779,43,calibration
5780,91,evaluation
5781,97,evaluation
5782,80,fit
5783,65,fit
5784,62,evaluation
5785,33,evaluation
5786,86,fit
5787,66,evaluation
5788,24,evaluation
5789,62,fit
5790,49,fit
5791,30,fit
5792,24,evaluation
5793,73,evaluation
5794,31,fit
5795,55,calibration
5796,59,fit
5797,46,fit
5798,11,fit
5799,20,fit
5800,83,evaluation
5801,80,calibration
5802,38,fit
5803,30,evaluation
5804,93,fit
5805,65,fit
5806,41,fit
5807,0,evaluation
5808,35,evaluation
5809,54,fit
5810,9,fit
5811,16,evaluation
5812,87,calibration
5813,81,calibration
5814,12,fit
5815,49,calibration
5816,60,evaluation
5817,81,fit
5818,89,evaluation
5819,42,calibration
5820,51,evaluation
5821,36,evaluation
5822,59,evaluation
5823,92,evaluation
5824,7,fit
5825,94,fit
5826,80,fit
5827,56,calibration
5828,37,evaluation
5829,63,fit
5830,74,calibration
5831,46,evaluation
5832,34,evaluation
5833,88,fit
5834,85,calibration
5835,24,evaluation
5836,28,evaluation
5837,56,evaluation
5838,51,evaluation
5839,41,calibration
5840,62,evaluation
5841,7,evaluation
5842,6,evaluation
5843,38,evaluation
5844,26,evaluation
5845,22,fit
5846,52,calibration
5847,32,fit
5848,70,calibration
5849,28,fit
5850,96,fit
5851,44,evaluation
5852,57,fit
5853,13,fit
5854,47,evaluation
5855,8,evaluation
5856,73,evaluation
5857,17,calibration
5858,14,fit
5859,18,evaluation
5860,91,evaluation
5861,82,fit
5862,19,fit
5863,57,evaluation
5864,71,evaluation
5865,16,fit
5866,54,evaluation
5867,7,calibration
5868,52,fit
5869,26,fit
5870,50,calibration
5871,81,evaluation
5872,74,fit
5873,50,calibration
5874,74,evaluation
5875,71,calibration
5876,85,evaluation
5877,8,evaluation
5878,31,evaluation
5879,28,evaluation
5880,17,evaluation
5881,26,fit
5882,10,fit
5883,93,calibration
5884,16,evaluation
5885,0,evaluation
5886,37,fit
5887,26,fit
5888,71,evaluation
5889,34,evaluation
5890,50,fit
5891,99,evaluation
5892,44,fit
5893,58,fit
5894,16,fit
5895,8,evaluation
5896,34,evaluation
5897,35,fit
5898,86,evaluation
5899,41,calibration
5900,0,evaluation
5901,19,evaluation
5902,44,evaluation
5903,46,fit
5904,6,evaluation
5905,42,evaluation
5906,62,fit
5907,73,fit
5908,31,fit
5909,73,fit
5910,62,evaluation
5911,97,evaluation
5912,97,calibration
5913,0,calibration
5914,57,evaluation
5915,19,calibration
5916,46,evaluation
5917,53,fit
5918,69,fit
5919,47,fit
5920,13,evaluation
5921,84,evaluation
5922,67,evaluation
5923,43,evaluation
5924,80,fit
5925,59,evaluation
5926,20,evaluation
5927,76,fit
5928,65,calibration
5929,79,evaluation
5930,99,evaluation
5931,62,calibration
5932,58,fit
5933,55,fit
5934,26,fit
5935,1,evaluation
5936,46,fit
5937,90,fit
5938,66,evaluation
5939,69,evaluation
5940,39,evaluation
5941,71,calibration
5942,88,calibration
5943,6,fit
5944,51,fit
5945,34,fit
5946,31,evaluation
5947,80,fit
5948,67,evaluation
5949,78,calibration
5950,84,calibration
5951,23,evaluation
5952,23,fit
5953,68,fit
5954,74,evaluation
5955,78,evaluation
5956,78,fit
5957,86,fit
5958,1,evaluation
5959,61,fit
5960,2,evaluation
5961,72,calibration
5962,32,evaluation
5963,64,evaluation
5964,43,calibration
5965,60,evaluation
5966,27,evaluation
5967,62,fit
5968,91,fit
5969,81,evaluation
5970,64,evaluation
5971,35,calibration
5972,32,fit
5973,91,evaluation
5974,85,evaluation
5975,70,fit
5976,28,fit
5977,59,evaluation
5978,22,fit
5979,43,evaluation
5980,35,evaluation
5981,9,evaluation
5982,74,evaluation
5983,84,fit
5984,72,calibration
5985,81,evaluation
5986,95,evaluation
5987,16,evaluation
5988,25,calibration
5989,12,calibration
5990,24,evaluation
5991,61,fit
5992,50,evaluation
5993,9,evaluation
5994,8,fit
5995,20,calibration
5996,11,evaluation
5997,49,fit
5998,0,calibration
5999,55,evaluation
6000,31,fit
6001,18,calibration
6002,35,evaluation
6003,23,calibration
6004,47,fit
6005,47,fit
6006,30,fit
6007,88,fit
6008,32,calibration
6009,40,evaluation
6010,97,fit
6011,17,fit
6012,81,evaluation
6013,76,fit
6014,62,calibration
6015,39,fit
6016,72,fit
6017,95,calibration
6018,9,evaluation
6019,30,evaluation
6020,86,evaluation
6021,98,fit
6022,48,fit
6023,11,evaluation
6024,88,fit
6025,9,fit
6026,88,fit
6027,21,evaluation
6028,36,fit
6029,55,fit
6030,82,fit
6031,40,fit
6032,47,fit
6033,10,calibration
6034,61,fit
6035,92,fit
6036,93,fit
6037,15,fit
6038,54,fit
6039,88,calibration
6040,33,evaluation
6041,35,fit
6042,39,evaluation
6043,70,fit
6044,15,evaluation
6045,36,fit
6046,94,evaluation
6047,70,fit
6048,96,evaluation
6049,70,calibration
6050,92,evaluation
6051,16,fit
6052,3,evaluation
6053,86,fit
6054,71,calibration
6055,42,fit
6056,99,fit
6057,16,fit
6058,46,evaluation
6059,28,fit
6060,98,fit
6061,42,evaluation
6062,17,calibration
6063,89,evaluation
6064,14,fit
6065,57,fit
6066,81,calibration
6067,74,evaluation
6068,4,calibration
6069,10,calibration
6070,81,evaluation
6071,40,evaluation
6072,49,evaluation
6073,29,evaluation
6074,87,evaluation
6075,58,calibration
6076,36,evaluation
6077,65,fit
6078,83,fit
6079,10,fit
6080,34,evaluation
6081,12,evaluation
6082,5,fit
6083,17,evaluation
6084,29,evaluation
6085,80,evaluation
6086,80,fit
6087,6,calibration
6088,65,evaluation
6089,9,fit
6090,55,evaluation
6091,38,evaluation
6092,88,evaluation
6093,28,calibration
6094,43,evaluation
6095,57,evaluation
6096,50,calibration
6097,99,evaluation
6098,20,fit
6099,0,evaluation
6100,32,fit
6101,90,calibration
6102,70,calibration
6103,14,fit
6104,31,evaluation
6105,88,evaluation
6106,56,evaluation
6107,23,evaluation
6108,71,fit
6109,4,fit
6110,11,evaluation
6111,4,evaluation
6112,39,evaluation
6113,66,calibration
6114,96,evaluation
6115,63,fit
6116,13,evaluation
6117,39,fit
6118,27,evaluation
6119,31,evaluation
6120,84,evaluation
6121,7,fit
6122,37,calibration
6123,18,fit
6124,43,fit
6125,96,fit
6126,2,evaluation
6127,6,fit
6128,59,fit
6129,78,calibration
6130,19,calibration
6131,39,calibration
6132,97,evaluation
6133,6,calibration
6134,39,fit
6135,77,evaluation
6136,74,calibration
6137,52,fit
6138,5,fit
6139,61,calibration
6140,21,fit
6141,20,fit
6142,50,fit
6143,65,fit
6144,48,calibration
6145,39,evaluation
6146,14,evaluation
6147,74,calibration
6148,36,calibration
6149,12,calibration
6150,93,evaluation
6151,43,calibration
6152,51,calibration
6153,79,fit
6154,78,evaluation
6155,6,evaluation
6156,4,calibration
6157,36,evaluation
6158,32,calibration
6159,25,evaluation
6160,97,calibration
6161,94,evaluation
6162,34,evaluation
6163,34,fit
6164,59,fit
6165,22,fit
6166,16,calibration
6167,70,fit
6168,9,evaluation
6169,25,evaluation
6170,77,fit
6171,74,evaluation
6172,17,fit
6173,28,evaluation
6174,47,evaluation
6175,43,calibration
6176,13,fit
6177,50,evaluation
6178,97,evaluation
6179,49,fit
6180,78,fit
6181,68,fit
6182,99,evaluation
6183,52,calibration
6184,28,evaluation
6185,80,evaluation
6186,43,evaluation
6187,23,fit
6188,23,fit
6189,55,evaluation
6190,74,fit
6191,87,fit
6192,50,calibration
6193,5,evaluation
6194,51,evaluation
6195,63,calibration
6196,2,evaluation
6197,57,fit
6198,99,fit
6199,53,evaluation
6200,85,evaluation
6201,74,fit
6202,72,evaluation
6203,75,fit
6204,94,evaluation
6205,95,evaluation
6206,40,fit
6207,33,fit
6208,49,fit
6209,64,calibration
6210,8,fit
6211,37,fit
6212,0,calibration
6213,86,calibration
6214,9,calibration
6215,51,evaluation
6216,40,evaluation
6217,9,evaluation
6218,39,fit
6219,70,calibration
6220,96,calibration
6221,44,fit
6222,62,evaluation
6223,32,fit
6224,61,evaluation
6225,35,fit
6226,8,evaluation
6227,2,fit
6228,66,fit
6229,66,evaluation
6230,46,fit
6231,73,evaluation
6232,56,calibration
6233,20,fit
6234,95,calibration
6235,68,evaluation
6236,52,fit
6237,94,fit
6238,22,fit
6239,9,calibration
6240,23,fit
6241,11,evaluation
6242,55,evaluation
6243,44,fit
6244,47,fit
6245,20,calibration
6246,17,fit
6247,11,fit
6248,73,fit
6249,96,fit
6250,60,evaluation
6251,28,calibration
6252,10,evaluation
6253,0,calibration
6254,10,fit
6255,31,fit
6256,44,fit
6257,29,fit
6258,24,evaluation
6259,23,evaluation
6260,52,fit
6261,60,evaluation
6262,81,evaluation
6263,57,evaluation
6264,52,calibration
6265,87,fit
6266,27,calibration
6267,22,calibration
6268,83,calibration
6269,22,fit
6270,40,fit
6271,56,evaluation
6272,1,evaluation
6273,45,evaluation
6274,29,evaluation
6275,60,evaluation
6276,65,evaluation
6277,7,fit
6278,88,fit
6279,48,calibration
6280,8,evaluation
6281,29,fit
6282,18,evaluation
6283,71,fit
6284,80,evaluation
6285,55,fit
6286,80,evaluation
6287,73,fit
6288,27,fit
6289,5,fit
6290,69,calibration
6291,46,evaluation
6292,64,calibration
6293,42,fit
6294,90,calibration
6295,52,evaluation
6296,1,evaluation
6297,39,fit
6298,39,evaluation
6299,86,evaluation
6300,75,calibration
6301,2,fit
6302,36,evaluation
6303,13,calibration
6304,57,fit
6305,30,fit
6306,74,evaluation
6307,85,fit
6308,33,fit
6309,6,evaluation
6310,3,fit
6311,72,evaluation
6312,54,calibration
6313,47,fit
6314,91,fit
6315,71,fit
6316,7,fit
6317,98,fit
6318,69,evaluation
6319,56,fit
6320,14,fit
6321,50,evaluation
6322,37,evaluation
6323,40,evaluation
6324,97,calibration
6325,72,evaluation
6326,88,calibration
6327,10,evaluation
6328,75,evaluation
6329,83,fit
6330,74,fit
6331,66,evaluation
6332,52,fit
6333,52,evaluation
6334,86,calibration
6335,66,evaluation
6336,24,calibration
6337,69,calibration
6338,41,evaluation
6339,13,fit
6340,39,evaluation
6341,5,calibration
6342,61,evaluation
6343,48,evaluation
6344,44,evaluation
6345,23,evaluation
6346,38,calibration
6347,44,fit
6348,64,fit
6349,30,calibration
6350,2,calibration
6351,54,fit
6352,12,fit
6353,21,evaluation
6354,56,calibration
6355,72,calibration
6356,93,fit
6357,46,evaluation
6358,73,evaluation
6359,47,evaluation
6360,89,fit
6361,24,fit
6362,52,evaluation
6363,75,calibration
6364,20,evaluation
6365,67,fit
6366,92,fit
6367,96,calibration
6368,5,fit
6369,63,fit
6370,39,calibration
6371,67,evaluation
6372,45,evaluation
6373,67,evaluation
6374,2,fit
6375,79,calibration
6376,76,fit
6377,27,evaluation
6378,81,fit
6379,89,calibration
6380,83,calibration
6381,60,evaluation
6382,48,fit
6383,2,fit
6384,2,evaluation
6385,30,fit
6386,2,evaluation
6387,21,calibration
6388,82,evaluation
6389,90,calibration
6390,94,fit
6391,74,fit
6392,71,fit
6393,75,evaluation
6394,79,evaluation
6395,42,calibration
6396,75,evaluation
6397,14,fit
6398,89,fit
6399,50,evaluation
6400,83,evaluation
6401,42,fit
6402,67,evaluation
6403,81,fit
6404,73,evaluation
6405,52,fit
6406,17,fit
6407,76,calibration
6408,5,evaluation
6409,42,evaluation
6410,68,evaluation
6411,13,calibration
6412,37,evaluation
6413,94,evaluation
6414,92,fit
6415,0,fit
6416,48,evaluation
6417,15,fit
6418,15,evaluation
6419,39,calibration
6420,40,evaluation
6421,82,evaluation
6422,31,fit
6423,94,calibration
6424,99,evaluation
6425,68,fit
6426,52,fit
6427,19,evaluation
6428,4,evaluation
6429,54,evaluation
6430,89,fit
6431,40,calibration
6432,27,fit
6433,97,fit
6434,14,calibration
6435,93,evaluation
6436,66,fit
6437,74,evaluation
6438,26,calibration
6439,36,evaluation
6440,9,fit
6441,66,fit
6442,44,fit
6443,59,calibration
6444,33,fit
6445,79,evaluation
6446,63,evaluation
6447,97,fit
6448,43,fit
6449,48,calibration
6450,78,evaluation
6451,25,calibration
6452,32,evaluation
6453,18,evaluation
6454,40,fit
6455,44,fit
6456,80,fit
6457,16,calibration
6458,45,fit
6459,45,fit
6460,12,fit
6461,99,evaluation
6462,18,fit
6463,6,evaluation
6464,41,evaluation
6465,46,calibration
6466,69,evaluation
6467,18,fit
6468,44,evaluation
6469,34,evaluation
6470,32,evaluation
6471,30,evaluation
6472,9,evaluation
6473,72,calibration
6474,85,fit
6475,15,calibration
6476,92,fit
6477,5,calibration
6478,71,evaluation
6479,52,evaluation
6480,56,fit
6481,88,fit
6482,22,fit
6483,64,evaluation
6484,31,fit
6485,63,fit
6486,14,calibration
6487,56,fit
6488,99,fit
6489,72,evaluation
6490,22,fit
6491,20,evaluation
6492,67,fit
6493,57,evaluation
6494,93,fit
6495,29,evaluation
6496,72,calibration
6497,91,fit
6498,64,fit
6499,36,fit
6500,22,evaluation
6501,49,evaluation
6502,26,calibration
6503,84,evaluation
6504,47,fit
6505,34,fit
6506,85,fit
6507,9,evaluation
6508,22,calibration
6509,29,calibration
6510,39,fit
6511,32,evaluation
6512,94,fit
6513,93,calibration
6514,25,evaluation
6515,18,evaluation
6516,53,fit
6517,12,fit
6518,27,evaluation
6519,10,fit
6520,99,calibration
6521,88,calibration
6522,16,evaluation
6523,91,evaluation
6524,78,evaluation
6525,7,fit
6526,72,evaluation
6527,12,fit
6528,97,fit
6529,37,evaluation
6530,86,fit
6531,87,fit
6532,57,fit
6533,36,calibration
6534,35,calibration
6535,44,evaluation
6536,57,fit
6537,27,evaluation
6538,31,fit
6539,3,evaluation
6540,26,evaluation
6541,7,fit
6542,96,evaluation
6543,39,fit
6544,43,evaluation
6545,34,evaluation
6546,89,fit
6547,48,evaluation
6548,56,fit
6549,18,evaluation
6550,45,evaluation
6551,92,fit
6552,97,calibration
6553,8,calibration
6554,18,evaluation
6555,66,evaluation
6556,81,calibration
6557,37,calibration
6558,51,calibration
6559,10,fit
6560,77,fit
6561,97,fit
6562,33,evaluation
6563,60,evaluation
6564,43,evaluation
6565,10,calibration
6566,50,fit
6567,31,fit
6568,84,calibration
6569,49,evaluation
6570,78,evaluation
6571,24,calibration
6572,68,evaluation
6573,98,evaluation
6574,58,evaluation
6575,51,calibration
6576,93,fit
6577,36,calibration
6578,74,calibration
6579,78,fit
6580,55,evaluation
6581,50,evaluation
6582,25,fit
6583,65,fit
6584,86,fit
6585,35,evaluation
6586,33,evaluation
6587,92,fit
6588,37,fit
6589,71,evaluation
6590,61,calibration
6591,5,evaluation
6592,79,fit
6593,71,calibration
6594,20,fit
6595,59,fit
6596,67,evaluation
6597,28,calibration
6598,76,fit
6599,31,fit
6600,50,calibration
6601,62,fit
6602,9,calibration
6603,4,fit
6604,54,fit
6605,38,fit
6606,11,evaluation
6607,59,evaluation
6608,84,calibration
6609,63,evaluation
6610,66,calibration
6611,35,evaluation
6612,52,fit
6613,73,calibration
6614,87,evaluation
6615,62,evaluation
6616,15,fit
6617,11,calibration
6618,59,fit
6619,20,evaluation
6620,47,fit
6621,96,evaluation
6622,26,evaluation
6623,36,evaluation
6624,35,evaluation
6625,77,calibration
6626,38,calibration
6627,24,evaluation
6628,2,evaluation
6629,17,fit
6630,36,calibration
6631,80,evaluation
6632,74,fit
6633,41,evaluation
6634,32,fit
6635,23,calibration
6636,76,evaluation
6637,44,evaluation
6638,91,fit
6639,21,fit
6640,81,fit
6641,53,calibration
6642,55,fit
6643,47,calibration
6644,79,calibration
6645,19,fit
6646,31,calibration
6647,82,fit
6648,64,fit
6649,3,calibration
6650,49,fit
6651,35,evaluation
6652,97,evaluation
6653,58,evaluation
6654,43,fit
6655,20,evaluation
6656,86,fit
6657,22,fit
6658,32,fit
6659,18,evaluation
6660,53,calibration
6661,60,fit
6662,36,evaluation
6663,83,fit
6664,18,fit
6665,32,evaluation
6666,66,fit
6667,99,evaluation
6668,51,calibration
6669,35,fit
6670,69,fit
6671,28,fit
6672,11,fit
6673,22,fit
6674,49,calibration
6675,21,fit
6676,93,fit
6677,1,evaluation
6678,55,fit
6679,51,evaluation
6680,55,fit
6681,51,calibration
6682,67,calibration
6683,92,calibration
6684,76,evaluation
6685,52,calibration
6686,31,evaluation
6687,82,fit
6688,75,fit
6689,61,calibration
6690,55,fit
6691,90,fit
6692,78,evaluation
6693,34,evaluation
6694,87,fit
6695,39,fit
6696,85,fit
6697,70,evaluation
6698,2,evaluation
6699,14,evaluation
6700,45,evaluation
6701,1,evaluation
6702,95,evaluation
6703,90,evaluation
6704,64,fit
6705,55,calibration
6706,12,evaluation
6707,91,fit
6708,47,fit
6709,2,evaluation
6710,99,evaluation
6711,79,evaluation
6712,13,fit
6713,8,calibration
6714,84,evaluation
6715,27,fit
6716,11,fit
6717,71,calibration
6718,21,fit
6719,28,evaluation
6720,8,calibration
6721,55,fit
6722,67,evaluation
6723,75,evaluation
6724,40,fit
6725,17,fit
6726,4,calibration
6727,95,fit
6728,63,evaluation
6729,51,fit
6730,48,calibration
6731,65,fit
6732,6,evaluation
6733,39,fit
6734,39,evaluation
6735,42,fit
6736,49,evaluation
6737,14,fit
6738,83,evaluation
6739,23,evaluation
6740,78,evaluation
6741,47,evaluation
6742,81,evaluation
6743,41,fit
6744,76,evaluation
6745,99,fit
6746,97,fit
6747,24,fit
6748,24,evaluation
6749,76,evaluation
6750,57,calibration
6751,80,evaluation
6752,16,calibration
6753,44,fit
6754,54,calibration
6755,92,fit
6756,30,calibration
6757,4,evaluation
6758,2,fit
6759,1,calibration
6760,39,calibration
6761,98,fit
6762,90,fit
6763,74,evaluation
6764,81,fit
6765,74,fit
6766,64,fit
6767,42,calibration
6768,59,evaluation
6769,69,fit
6770,67,calibration
6771,66,calibration
6772,10,evaluation
6773,52,evaluation
6774,22,fit
6775,11,calibration
6776,69,fit
6777,39,calibration
6778,15,evaluation
6779,77,calibration
6780,36,fit
6781,23,fit
6782,41,fit
6783,94,evaluation
6784,45,fit
6785,17,evaluation
6786,14,evaluation
6787,62,fit
6788,9,fit
6789,4,fit
6790,37,calibration
6791,13,fit
6792,77,evaluation
6793,69,calibration
6794,72,evaluation
6795,22,evaluation
6796,75,fit
6797,45,calibration
6798,3,calibration
6799,8,calibration
6800,24,fit
6801,28,evaluation
6802,4,evaluation
6803,57,evaluation
6804,10,evaluation
6805,2,evaluation
6806,0,fit
6807,89,calibration
6808,7,fit
6809,94,fit
6810,68,evaluation
6811,66,fit
6812,17,evaluation
6813,5,fit
6814,90,fit
6815,77,evaluation
6816,34,evaluation
6817,77,evaluation
6818,26,fit
6819,35,fit
6820,52,fit
6821,70,fit
6822,29,fit
6823,94,fit
6824,37,fit
6825,83,evaluation
6826,40,fit
6827,0,evaluation
6828,92,fit
6829,96,evaluation
6830,4,fit
6831,78,fit
6832,80,evaluation
6833,6,calibration
6834,85,evaluation
6835,59,evaluation
6836,96,calibration
6837,8,evaluation
6838,70,fit
6839,62,evaluation
6840,25,calibration
6841,22,evaluation
6842,1,fit
6843,82,fit
6844,93,fit
6845,82,calibration
6846,96,evaluation
6847,70,evaluation
6848,8,evaluation
6849,19,evaluation
6850,67,fit
6851,4,fit
6852,86,evaluation
6853,19,evaluation
6854,17,fit
6855,32,calibration
6856,38,evaluation
6857,57,fit
6858,84,fit
6859,10,evaluation
6860,40,evaluation
6861,12,calibration
6862,33,fit
6863,94,calibration
6864,68,calibration
6865,8,fit
6866,89,fit
6867,69,calibration
6868,95,fit
6869,43,fit
6870,60,fit
6871,11,evaluation
6872,0,evaluation
6873,12,evaluation
6874,90,evaluation
6875,2,calibration
6876,54,fit
6877,45,evaluation
6878,65,evaluation
6879,50,evaluation
6880,3,evaluation
6881,68,evaluation
6882,17,evaluation
6883,35,fit
6884,81,fit
6885,32,evaluation
6886,9,fit
6887,99,evaluation
6888,77,fit
6889,84,fit
6890,22,calibration
6891,30,evaluation
6892,23,calibration
6893,36,fit
6894,73,evaluation
6895,80,fit
6896,92,fit
6897,92,evaluation
6898,31,evaluation
6899,9,fit
6900,86,evaluation
6901,91,fit
6902,26,fit
6903,85,evaluation
6904,30,calibration
6905,12,calibration
6906,54,evaluation
6907,39,calibration
6908,76,calibration
6909,45,fit
6910,67,fit
6911,51,calibration
6912,57,evaluation
6913,19,evaluation
6914,48,evaluation
6915,81,evaluation
6916,55,fit
6917,38,calibration
6918,27,evaluation
6919,54,evaluation
6920,81,calibration
6921,84,fit
6922,0,fit
6923,64,fit
6924,42,calibration
6925,77,evaluation
6926,52,calibration
6927,92,fit
6928,82,calibration
6929,12,fit
6930,89,fit
6931,53,evaluation
6932,21,evaluation
6933,18,fit
6934,92,fit
6935,36,evaluation
6936,44,calibration
6937,35,calibration
6938,31,calibration
6939,62,evaluation
6940,41,fit
6941,65,evaluation
6942,28,evaluation
6943,20,evaluation
6944,92,calibration
6945,33,fit
6946,21,calibration
6947,86,evaluation
6948,72,fit
6949,18,fit
6950,56,fit
6951,88,fit
6952,76,fit
6953,71,fit
6954,48,evaluation
6955,12,calibration
6956,45,evaluation
6957,60,evaluation
6958,99,fit
6959,84,evaluation
6960,24,evaluation
6961,37,evaluation
6962,86,evaluation
6963,76,evaluation
6964,84,evaluation
6965,51,evaluation
6966,60,fit
6967,97,fit
6968,29,fit
6969,65,evaluation
6970,88,evaluation
6971,7,calibration
6972,83,calibration
6973,59,calibration
6974,96,evaluation
6975,53,calibration
6976,32,calibration
6977,79,calibration
6978,87,fit
6979,33,fit
6980,46,evaluation
6981,22,fit
6982,38,evaluation
6983,47,calibration
6984,24,fit
6985,3,calibration
6986,54,calibration
6987,85,evaluation
6988,65,fit
6989,75,evaluation
6990,4,calibration
6991,80,fit
6992,76,evaluation
6993,92,calibration
6994,84,evaluation
6995,61,fit
6996,31,evaluation
6997,66,fit
6998,39,evaluation
6999,29,evaluation
7000,35,fit
7001,91,calibration
7002,64,evaluation
7003,7,evaluation
7004,80,fit
7005,96,evaluation
7006,89,evaluation
7007,83,fit
7008,32,fit
7009,1,fit
7010,85,calibration
7011,75,evaluation
7012,9,evaluation
7013,25,evaluation
7014,87,evaluation
7015,59,fit
7016,38,fit
7017,82,calibration
7018,27,fit
7019,6,calibration
7020,26,fit
7021,34,evaluation
7022,14,calibration
7023,14,evaluation
7024,46,fit
7025,70,fit
7026,17,calibration
7027,84,fit
7028,97,calibration
7029,49,evaluation
7030,69,evaluation
7031,59,evaluation
7032,50,fit
7033,86,fit
7034,61,evaluation
7035,40,evaluation
7036,66,fit
7037,50,fit
7038,29,evaluation
7039,49,evaluation
7040,26,fit
7041,53,calibration
7042,73,fit
7043,85,calibration
7044,46,evaluation
7045,81,evaluation
7046,25,calibration
7047,68,evaluation
7048,71,fit
7049,14,fit
7050,87,evaluation
7051,37,evaluation
7052,86,evaluation
7053,72,evaluation
7054,28,evaluation
7055,93,fit
7056,62,fit
7057,72,fit
7058,41,fit
7059,98,calibration
7060,51,calibration
7061,46,evaluation
7062,36,fit
7063,20,calibration
7064,57,calibration
7065,1,fit
7066,96,fit
7067,16,evaluation
7068,38,calibration
7069,59,evaluation
7070,85,evaluation
7071,95,evaluation
7072,23,fit
7073,14,calibration
7074,53,fit
7075,50,calibration
7076,2,fit
7077,9,fit
7078,42,evaluation
7079,21,fit
7080,12,calibration
7081,73,calibration
7082,29,fit
7083,81,evaluation
7084,63,fit
7085,64,fit
7086,89,fit
7087,97,evaluation
7088,63,fit
7089,84,evaluation
7090,84,evaluation
7091,6,fit
7092,3,calibration
7093,9,fit
7094,44,calibration
7095,7,calibration
7096,39,fit
7097,1,fit
7098,68,evaluation
7099,83,calibration
7100,71,calibration
7101,69,evaluation
7102,84,calibration
7103,23,fit
7104,51,fit
7105,40,evaluation
7106,63,fit
7107,17,calibration
7108,31,fit
7109,48,fit
7110,48,calibration
7111,2,fit
7112,50,calibration
7113,66,evaluation
7114,98,evaluation
7115,44,evaluation
7116,12,fit
7117,14,calibration
7118,56,fit
7119,58,fit
7120,70,fit
7121,85,calibration
7122,70,evaluation
7123,94,calibration
7124,41,fit
7125,97,evaluation
7126,5,fit
7127,80,evaluation
7128,15,evaluation
7129,62,evaluation
7130,2,calibration
7131,58,fit
7132,56,fit
7133,13,fit
7134,72,evaluation
7135,97,fit
7136,25,calibration
7137,87,evaluation
7138,19,calibration
7139,92,calibration
7140,24,evaluation
7141,34,evaluation
7142,93,evaluation
7143,45,evaluation
7144,78,evaluation
7145,68,evaluation
7146,89,fit
7147,31,fit
7148,73,evaluation
7149,85,fit
7150,50,fit
7151,95,calibration
7152,80,calibration
7153,96,fit
7154,76,evaluation
7155,32,evaluation
7156,77,evaluation
7157,19,evaluation
7158,59,fit
7159,84,fit
7160,48,evaluation
7161,10,evaluation
7162,32,fit
7163,98,evaluation
7164,33,fit
7165,69,fit
7166,14,fit
7167,69,evaluation
7168,36,fit
7169,72,fit
7170,65,fit
7171,94,fit
7172,86,fit
7173,64,fit
7174,16,evaluation
7175,90,fit
7176,56,evaluation
7177,4,evaluation
7178,96,fit
7179,83,calibration
7180,71,fit
7181,51,calibration
7182,41,evaluation
7183,65,evaluation
7184,61,fit
7185,63,calibration
7186,96,evaluation
7187,62,fit
7188,85,evaluation
7189,74,evaluation
7190,57,fit
7191,23,fit
7192,20,fit
7193,38,fit
7194,15,calibration
7195,25,fit
7196,72,evaluation
7197,62,calibration
7198,37,evaluation
7199,62,evaluation
7200,15,evaluation
7201,47,evaluation
7202,75,evaluation
7203,26,fit
7204,28,evaluation
7205,27,fit
7206,37,evaluation
7207,58,evaluation
7208,46,evaluation
7209,48,fit
7210,52,fit
7211,79,evaluation
7212,71,evaluation
7213,7,evaluation
7214,60,evaluation
7215,60,evaluation
7216,38,evaluation
7217,49,evaluation
7218,62,evaluation
7219,0,fit
7220,19,calibration
7221,46,calibration
7222,90,fit
7223,5,calibration
7224,22,evaluation
7225,34,fit
7226,75,calibration
7227,41,calibration
7228,65,evaluation
7229,51,fit
7230,65,calibration
7231,46,evaluation
7232,1,fit
7233,14,calibration
7234,17,evaluation
7235,65,calibration
7236,98,calibration
7237,45,evaluation
7238,14,evaluation
7239,90,evaluation
7240,35,fit
7241,30,evaluation
7242,8,fit
7243,21,fit
7244,28,evaluation
7245,18,fit
7246,65,evaluation
7247,32,calibration
7248,34,fit
7249,48,evaluation
7250,75,fit
7251,29,fit
7252,92,fit
7253,76,calibration
7254,30,evaluation
7255,93,fit
7256,4,evaluation
7257,37,fit
7258,82,fit
7259,9,fit
7260,11,calibration
7261,54,fit
7262,8,fit
7263,43,fit
7264,67,fit
7265,30,evaluation
7266,8,fit
7267,40,evaluation
7268,53,evaluation
7269,1,evaluation
7270,93,evaluation
7271,26,fit
7272,93,calibration
7273,6,evaluation
7274,87,fit
7275,22,evaluation
7276,91,evaluation
7277,24,calibration
7278,75,evaluation
7279,34,calibration
7280,86,evaluation
7281,8,calibration
7282,8,evaluation
7283,42,fit
7284,51,fit
7285,94,evaluation
7286,81,calibration
7287,18,evaluation
7288,85,evaluation
7289,48,fit
7290,35,evaluation
7291,20,evaluation
7292,50,evaluation
7293,19,evaluation
7294,55,calibration
7295,26,calibration
7296,64,fit
7297,78,fit
7298,15,fit
7299,72,fit
7300,93,evaluation
7301,65,fit
7302,95,evaluation
7303,87,evaluation
7304,72,calibration
7305,35,fit
7306,27,fit
7307,36,evaluation
7308,97,calibration
7309,73,fit
7310,35,fit
7311,12,evaluation
7312,24,fit
7313,70,fit
7314,4,evaluation
7315,26,fit
7316,71,evaluation
7317,34,calibration
7318,67,fit
7319,20,evaluation
7320,85,fit
7321,74,calibration
7322,99,evaluation
7323,92,evaluation
7324,99,evaluation
7325,21,calibration
7326,50,fit
7327,36,evaluation
7328,82,evaluation
7329,95,fit
7330,71,calibration
7331,61,calibration
7332,23,fit
7333,15,evaluation
7334,77,fit
7335,40,fit
7336,74,evaluation
7337,25,evaluation
7338,19,calibration
7339,67,fit
7340,6,fit
7341,61,evaluation
7342,68,evaluation
7343,46,evaluation
7344,5,fit
7345,10,evaluation
7346,11,evaluation
7347,41,fit
7348,55,calibration
7349,96,fit
7350,57,calibration
7351,30,evaluation
7352,96,fit
7353,88,evaluation
7354,92,evaluation
7355,72,fit
7356,51,fit
7357,19,calibration
7358,40,fit
7359,2,calibration
7360,76,calibration
7361,54,calibration
7362,22,evaluation
7363,68,fit
7364,70,calibration
7365,0,fit
7366,5,fit
7367,42,fit
7368,11,calibration
7369,61,fit
7370,88,evaluation
7371,67,fit
7372,77,evaluation
7373,34,fit
7374,29,evaluation
7375,97,evaluation
7376,13,fit
7377,29,calibration
7378,8,calibration
7379,15,fit
7380,70,evaluation
7381,29,fit
7382,19,calibration
7383,40,evaluation
7384,47,calibration
7385,8,fit
7386,50,evaluation
7387,26,calibration
7388,89,fit
7389,58,fit
7390,86,fit
7391,85,fit
7392,61,calibration
7393,96,evaluation
7394,75,evaluation
7395,80,fit
7396,95,evaluation
7397,17,evaluation
7398,93,evaluation
7399,80,evaluation
7400,3,fit
7401,53,evaluation
7402,23,calibration
7403,55,fit
7404,27,fit
7405,40,calibration
7406,9,fit
7407,42,calibration
7408,50,evaluation
7409,92,evaluation
7410,87,evaluation
7411,43,fit
7412,42,evaluation
7413,79,evaluation
7414,52,fit
7415,9,evaluation
7416,32,fit
7417,42,fit
7418,57,evaluation
7419,56,calibration
7420,99,fit
7421,57,calibration
7422,81,fit
7423,9,calibration
7424,70,evaluation
7425,51,evaluation
7426,50,evaluation
7427,42,evaluation
7428,10,fit
7429,70,evaluation
7430,40,fit
7431,40,fit
7432,63,evaluation
7433,50,fit
7434,19,evaluation
7435,62,calibration
7436,28,evaluation
7437,94,evaluation
7438,52,evaluation
7439,86,evaluation
7440,98,evaluation
7441,13,evaluation
7442,70,evaluation
7443,9,evaluation
7444,19,fit
7445,15,fit
7446,68,fit
7447,66,fit
7448,24,evaluation
7449,63,evaluation
7450,56,evaluation
7451,60,fit
7452,12,evaluation
7453,53,fit
7454,36,evaluation
7455,98,fit
7456,20,fit
7457,92,calibration
7458,24,evaluation
7459,16,calibration
7460,26,evaluation
7461,12,evaluation
7462,33,evaluation
7463,45,evaluation
7464,71,fit
7465,61,calibration
7466,30,fit
7467,45,evaluation
7468,75,evaluation
7469,94,evaluation
7470,29,evaluation
7471,48,calibration
7472,97,evaluation
7473,95,evaluation
7474,12,calibration
7475,80,evaluation
7476,63,evaluation
7477,85,fit
7478,33,fit
7479,23,calibration
7480,32,fit
7481,46,calibration
7482,70,evaluation
7483,51,fit
7484,8,evaluation
7485,29,evaluation
7486,56,fit
7487,11,evaluation
7488,60,calibration
7489,48,evaluation
7490,21,fit
7491,21,evaluation
7492,60,evaluation
7493,56,evaluation
7494,63,evaluation
7495,42,fit
7496,33,calibration
7497,79,calibration
7498,17,evaluation
7499,20,fit
7500,16,evaluation
7501,7,calibration
7502,91,fit
7503,34,evaluation
7504,14,evaluation
7505,92,fit
7506,6,fit
7507,89,fit
7508,13,evaluation
7509,85,fit
7510,96,evaluation
7511,27,evaluation
7512,81,fit
7513,63,calibration
7514,59,evaluation
7515,10,fit
7516,78,fit
7517,18,fit
7518,53,fit
7519,17,fit
7520,27,calibration
7521,43,fit
7522,61,evaluation
7523,54,evaluation
7524,25,fit
7525,79,evaluation
7526,68,evaluation
7527,31,evaluation
7528,69,evaluation
7529,64,fit
7530,83,evaluation
7531,41,evaluation
7532,23,evaluation
7533,35,calibration
7534,96,evaluation
7535,20,fit
7536,87,calibration
7537,90,fit
7538,52,evaluation
7539,26,evaluation
7540,83,evaluation
7541,67,calibration
7542,20,fit
7543,20,fit
7544,7,fit
7545,83,calibration
7546,27,fit
7547,45,fit
7548,68,calibration
7549,93,evaluation
7550,86,calibration
7551,12,fit
7552,60,calibration
7553,73,fit
7554,99,fit
7555,1,evaluation
7556,92,calibration
7557,80,fit
7558,26,calibration
7559,58,fit
7560,88,evaluation
7561,97,fit
7562,88,evaluation
7563,19,evaluation
7564,34,fit
7565,23,evaluation
7566,19,evaluation
7567,13,evaluation
7568,44,fit
7569,48,evaluation
7570,58,evaluation
7571,16,fit
7572,63,fit
7573,80,fit
7574,55,calibration
7575,4,fit
7576,32,fit
7577,46,fit
7578,98,evaluation
7579,32,evaluation
7580,45,calibration
7581,87,calibration
7582,97,fit
7583,12,fit
7584,8,fit
7585,45,fit
7586,92,evaluation
7587,31,evaluation
7588,62,evaluation
7589,61,calibration
7590,89,evaluation
7591,62,fit
7592,78,fit
7593,83,calibration
7594,45,calibration
7595,85,calibration
7596,28,evaluation
7597,37,fit
7598,54,evaluation
7599,30,fit
7600,95,fit
7601,7,evaluation
7602,59,fit
7603,24,fit
7604,94,evaluation
7605,7,evaluation
7606,94,fit
7607,94,calibration
7608,11,fit
7609,42,evaluation
7610,65,fit
7611,47,fit
7612,40,fit
7613,38,evaluation
7614,4,fit
7615,80,fit
7616,82,fit
7617,46,fit
7618,75,calibration
7619,51,fit
7620,74,fit
7621,34,calibration
7622,5,evaluation
7623,85,calibration
7624,30,evaluation
7625,74,fit
7626,22,evaluation
7627,95,fit
7628,81,evaluation
7629,92,evaluation
7630,91,evaluation
7631,52,evaluation
7632,51,fit
7633,44,evaluation
7634,62,fit
7635,65,evaluation
7636,76,evaluation
7637,84,fit
7638,0,evaluation
7639,43,fit
7640,48,evaluation
7641,67,calibration
7642,62,fit
7643,89,evaluation
7644,83,evaluation
7645,18,calibration
7646,31,fit
7647,19,fit
7648,8,evaluation
7649,68,fit
7650,97,calibration
7651,3,calibration
7652,83,fit
7653,70,fit
7654,39,fit
7655,0,evaluation
7656,86,fit
7657,77,calibration
7658,58,evaluation
7659,19,fit
7660,89,evaluation
7661,90,evaluation
7662,81,fit
7663,61,fit
7664,41,fit
7665,80,fit
7666,52,evaluation
7667,66,evaluation
7668,68,fit
7669,80,evaluation
7670,43,calibration
7671,11,evaluation
7672,25,fit
7673,27,evaluation
7674,35,evaluation
7675,50,fit
7676,88,evaluation
7677,14,calibration
7678,75,evaluation
7679,53,calibration
7680,3,evaluation
7681,5,calibration
7682,35,calibration
7683,82,evaluation
7684,7,evaluation
7685,90,evaluation
7686,61,evaluation
7687,7,evaluation
7688,91,fit
7689,1,fit
7690,5,fit
7691,17,calibration
7692,72,fit
7693,41,evaluation
7694,94,evaluation
7695,33,evaluation
7696,67,evaluation
7697,33,fit
7698,39,fit
7699,23,evaluation
7700,6,fit
7701,31,evaluation
7702,63,calibration
7703,71,fit
7704,67,fit
7705,93,evaluation
7706,84,calibration
7707,46,fit
7708,74,fit
7709,33,evaluation
7710,77,evaluation
7711,65,calibration
7712,50,fit
7713,98,evaluation
7714,51,calibration
7715,72,calibration
7716,36,fit
7717,3,fit
7718,41,fit
7719,47,evaluation
7720,54,fit
7721,87,fit
7722,37,evaluation
7723,75,calibration
7724,74,fit
7725,71,fit
7726,14,calibration
7727,57,fit
7728,9,fit
7729,44,fit
7730,57,evaluation
7731,83,evaluation
7732,45,fit
7733,61,calibration
7734,52,fit
7735,63,evaluation
7736,89,calibration
7737,10,evaluation
7738,85,calibration
7739,39,calibration
7740,7,fit
7741,25,fit
7742,98,calibration
7743,74,evaluation
7744,70,fit
7745,70,evaluation
7746,49,fit
7747,70,evaluation
7748,87,fit
7749,90,evaluation
7750,15,calibration
7751,65,calibration
7752,97,evaluation
7753,36,calibration
7754,83,fit
7755,82,calibration
7756,51,calibration
7757,32,fit
7758,7,fit
7759,74,evaluation
7760,80,calibration
7761,2,fit
7762,28,evaluation
7763,78,fit
7764,40,fit
7765,36,fit
7766,91,fit
7767,91,evaluation
7768,99,calibration
7769,73,fit
7770,24,calibration
7771,83,evaluation
7772,42,evaluation
7773,92,evaluation
7774,90,evaluation
7775,50,evaluation
7776,82,fit
7777,24,calibration
7778,65,calibration
7779,16,evaluation
7780,40,fit
7781,39,fit
7782,7,evaluation
7783,31,evaluation
7784,10,fit
7785,51,fit
7786,96,calibration
7787,51,fit
7788,29,evaluation
7789,66,fit
7790,83,fit
7791,30,evaluation
7792,84,evaluation
7793,29,calibration
7794,5,evaluation
7795,10,evaluation
7796,53,evaluation
7797,74,fit
7798,72,evaluation
7799,34,calibration
7800,15,evaluation
7801,44,evaluation
7802,25,evaluation
7803,66,evaluation
7804,10,evaluation
7805,55,evaluation
7806,48,evaluation
7807,95,fit
7808,63,fit
7809,64,fit
7810,77,fit
7811,3,evaluation
7812,13,fit
7813,18,evaluation
7814,92,evaluation
7815,55,evaluation
7816,13,evaluation
7817,30,fit
7818,29,fit
7819,91,fit
7820,91,evaluation
7821,61,evaluation
7822,75,fit
7823,58,fit
7824,60,fit
7825,70,fit
7826,46,evaluation
7827,52,evaluation
7828,94,fit
7829,89,calibration
7830,90,evaluation
7831,56,evaluation
7832,57,calibration
7833,43,fit
7834,60,fit
7835,45,fit
7836,30,fit
7837,59,evaluation
7838,78,calibration
7839,6,evaluation
7840,80,fit
7841,80,fit
7842,54,evaluation
7843,83,fit
7844,60,fit
7845,76,evaluation
7846,92,fit
7847,18,fit
7848,14,calibration
7849,26,calibration
7850,9,fit
7851,81,fit
7852,85,calibration
7853,32,fit
7854,63,evaluation
7855,43,evaluation
7856,56,fit
7857,87,evaluation
7858,78,evaluation
7859,45,evaluation
7860,99,evaluation
7861,70,fit
7862,8,evaluation
7863,12,fit
7864,65,evaluation
7865,80,evaluation
7866,58,evaluation
7867,17,fit
7868,39,evaluation
7869,53,evaluation
7870,66,evaluation
7871,48,evaluation
7872,25,fit
7873,88,evaluation
7874,32,fit
7875,97,fit
7876,87,fit
7877,37,fit
7878,40,calibration
7879,91,calibration
7880,16,calibration
7881,27,calibration
7882,33,fit
7883,86,fit
7884,89,calibration
7885,5,evaluation
7886,76,evaluation
7887,83,evaluation
7888,74,calibration
7889,85,calibration
7890,24,fit
7891,93,calibration
7892,32,calibration
7893,76,calibration
7894,45,calibration
7895,5,evaluation
7896,52,fit
7897,46,fit
7898,72,calibration
7899,40,fit
7900,58,evaluation
7901,84,calibration
7902,6,evaluation
7903,91,fit
7904,38,fit
7905,35,evaluation
7906,66,fit
7907,25,fit
7908,79,evaluation
7909,57,fit
7910,23,evaluation
7911,14,fit
7912,15,calibration
7913,86,evaluation
7914,75,evaluation
7915,45,evaluation
7916,6,evaluation
7917,22,evaluation
7918,33,evaluation
7919,76,fit
7920,52,evaluation
7921,41,fit
7922,90,evaluation
7923,22,calibration
7924,34,calibration
7925,45,evaluation
7926,66,calibration
7927,7,evaluation
7928,95,evaluation
7929,11,evaluation
7930,1,fit
7931,23,calibration
7932,3,calibration
7933,22,evaluation
7934,5,calibration
7935,80,fit
7936,93,calibration
7937,27,fit
7938,86,fit
7939,69,fit
7940,92,evaluation
7941,53,calibration
7942,54,evaluation
7943,63,fit
7944,18,evaluation
7945,84,calibration
7946,66,fit
7947,8,evaluation
7948,59,calibration
7949,8,fit
7950,42,evaluation
7951,62,evaluation
7952,29,fit
7953,30,fit
7954,73,evaluation
7955,2,calibration
7956,96,calibration
7957,39,fit
7958,4,fit
7959,22,fit
7960,45,fit
7961,83,fit
7962,58,calibration
7963,73,fit
7964,18,evaluation
7965,84,fit
7966,4,calibration
7967,5,fit
7968,2,fit
7969,18,evaluation
7970,23,calibration
7971,29,fit
7972,85,fit
7973,34,evaluation
7974,42,fit
7975,16,fit
7976,86,fit
7977,65,evaluation
7978,95,evaluation
7979,45,evaluation
7980,97,evaluation
7981,0,fit
7982,20,evaluation
7983,46,fit
7984,44,calibration
7985,86,evaluation
7986,92,calibration
7987,29,calibration
7988,85,evaluation
7989,82,fit
7990,91,evaluation
7991,82,evaluation
7992,17,evaluation
7993,38,fit
7994,58,fit
7995,12,fit
7996,26,evaluation
7997,54,evaluation
7998,28,calibration
7999,58,fit
8000,79,fit
8001,1,fit
8002,4,evaluation
8003,95,evaluation
8004,10,calibration
8005,3,fit
8006,33,evaluation
8007,23,calibration
8008,91,evaluation
8009,73,calibration
8010,1,evaluation
8011,1,evaluation
8012,35,fit
8013,10,evaluation
8014,19,evaluation
8015,88,evaluation
8016,11,fit
8017,29,fit
8018,56,fit
8019,0,calibration
8020,54,evaluation
8021,61,fit
8022,20,calibration
8023,13,fit
8024,17,evaluation
8025,53,calibration
8026,89,calibration
8027,18,fit
8028,81,evaluation
8029,6,calibration
8030,96,evaluation
8031,41,calibration
8032,26,fit
8033,26,evaluation
8034,25,evaluation
8035,60,calibration
8036,22,fit
8037,73,fit
8038,4,fit
8039,47,calibration
8040,24,evaluation
8041,18,evaluation
8042,78,fit
8043,17,evaluation
8044,7,evaluation
8045,0,fit
8046,87,evaluation
8047,26,calibration
8048,95,evaluation
8049,14,evaluation
8050,56,evaluation
8051,18,calibration
8052,12,evaluation
8053,54,evaluation
8054,21,evaluation
8055,79,evaluation
8056,8,fit
8057,43,fit
8058,39,evaluation
8059,24,evaluation
8060,40,evaluation
8061,53,calibration
8062,35,calibration
8063,21,calibration
8064,31,evaluation
8065,8,fit
8066,57,evaluation
8067,33,calibration
8068,82,evaluation
8069,35,fit
8070,6,fit
8071,5,evaluation
8072,40,fit
8073,65,evaluation
8074,22,evaluation
8075,16,evaluation
8076,64,evaluation
8077,57,evaluation
8078,98,evaluation
8079,64,fit
8080,88,fit
8081,55,evaluation
8082,58,fit
8083,27,evaluation
8084,36,fit
8085,13,calibration
8086,91,fit
8087,84,fit
8088,9,evaluation
8089,5,fit
8090,9,calibration
8091,65,evaluation
8092,85,evaluation
8093,70,evaluation
8094,59,fit
8095,93,fit
8096,2,calibration
8097,59,fit
8098,79,fit
8099,70,evaluation
8100,34,calibration
8101,97,fit
8102,86,evaluation
8103,49,evaluation
8104,18,evaluation
8105,55,evaluation
8106,70,evaluation
8107,73,fit
8108,38,calibration
8109,34,fit
8110,61,evaluation
8111,69,fit
8112,37,fit
8113,64,calibration
8114,24,evaluation
8115,3,evaluation
8116,78,calibration
8117,74,fit
8118,33,fit
8119,35,calibration
8120,1,calibration
8121,84,calibration
8122,22,fit
8123,86,calibration
8124,4,fit
8125,91,fit
8126,13,calibration
8127,90,evaluation
8128,68,calibration
8129,60,evaluation
8130,84,fit
8131,0,fit
8132,34,evaluation
8133,18,fit
8134,32,calibration
8135,92,evaluation
8136,14,evaluation
8137,96,evaluation
8138,35,calibration
8139,86,fit
8140,3,fit
8141,89,fit
8142,79,fit
8143,15,fit
8144,66,evaluation
8145,35,evaluation
8146,50,evaluation
8147,12,evaluation
8148,41,calibration
8149,31,calibration
8150,34,fit
8151,93,evaluation
8152,84,evaluation
8153,26,calibration
8154,74,fit
8155,78,fit
8156,50,calibration
8157,57,fit
8158,54,calibration
8159,2,evaluation
8160,95,calibration
8161,44,evaluation
8162,66,fit
8163,60,calibration
8164,26,evaluation
8165,58,calibration
8166,82,fit
8167,67,calibration
8168,98,fit
8169,89,fit
8170,28,fit
8171,55,evaluation
8172,95,fit
8173,76,fit
8174,60,fit
8175,76,calibration
8176,91,evaluation
8177,37,fit
8178,2,evaluation
8179,3,fit
8180,62,evaluation
8181,43,fit
8182,91,evaluation
8183,48,evaluation
8184,63,evaluation
8185,34,evaluation
8186,56,calibration
8187,34,calibration
8188,53,fit
8189,3,calibration
8190,28,calibration
8191,8,fit
8192,40,fit
8193,44,fit
8194,33,fit
8195,61,evaluation
8196,60,fit
8197,73,fit
8198,61,fit
8199,26,evaluation
8200,59,evaluation
8201,4,fit
8202,49,evaluation
8203,92,fit
8204,92,evaluation
8205,6,fit
8206,72,evaluation
8207,86,evaluation
8208,18,evaluation
8209,20,evaluation
8210,55,fit
8211,0,fit
8212,85,evaluation
8213,75,fit
8214,18,evaluation
8215,23,fit
8216,74,fit
8217,95,fit
8218,81,fit
8219,58,calibration
8220,73,fit
8221,60,evaluation
8222,21,fit
8223,14,evaluation
8224,19,fit
8225,87,evaluation
8226,47,evaluation
8227,79,fit
8228,90,fit
8229,75,evaluation
8230,73,evaluation
8231,15,fit
8232,41,calibration
8233,39,fit
8234,99,fit
8235,11,fit
8236,94,fit
8237,45,fit
8238,91,fit
8239,36,fit
8240,77,fit
8241,3,evaluation
8242,75,calibration
8243,92,fit
8244,94,evaluation
8245,61,fit
8246,50,fit
8247,38,fit
8248,12,fit
8249,1,fit
8250,0,evaluation
8251,30,evaluation
8252,84,fit
8253,98,evaluation
8254,29,evaluation
8255,7,evaluation
8256,18,fit
8257,48,evaluation
8258,89,evaluation
8259,91,evaluation
8260,84,fit
8261,63,evaluation
8262,62,calibration
8263,31,calibration
8264,40,calibration
8265,55,calibration
8266,30,fit
8267,61,fit
8268,86,fit
8269,47,fit
8270,33,fit
8271,11,calibration
8272,25,evaluation
8273,14,fit
8274,28,fit
8275,75,evaluation
8276,11,evaluation
8277,81,evaluation
8278,61,fit
8279,73,fit
8280,79,evaluation
8281,5,calibration
8282,88,evaluation
8283,56,evaluation
8284,81,fit
8285,31,evaluation
8286,84,evaluation
8287,69,evaluation
8288,30,evaluation
8289,6,evaluation
8290,68,calibration
8291,70,calibration
8292,12,fit
8293,74,evaluation
8294,7,fit
8295,21,fit
8296,55,fit
8297,71,fit
8298,5,calibration
8299,14,evaluation
8300,48,fit
8301,18,fit
8302,0,calibration
8303,70,fit
8304,38,fit
8305,26,fit
8306,24,evaluation
8307,69,calibration
8308,16,evaluation
8309,9,evaluation
8310,42,evaluation
8311,41,evaluation
8312,39,evaluation
8313,27,fit
8314,0,evaluation
8315,70,calibration
8316,85,evaluation
8317,9,evaluation
8318,43,fit
8319,79,fit
8320,77,calibration
8321,75,fit
8322,74,evaluation
8323,80,evaluation
8324,42,calibration
8325,67,fit
8326,8,calibration
8327,0,fit
8328,36,fit
8329,89,evaluation
8330,43,evaluation
8331,46,calibration
8332,69,evaluation
8333,56,evaluation
8334,42,evaluation
8335,10,evaluation
8336,71,evaluation
8337,98,evaluation
8338,55,evaluation
8339,40,evaluation
8340,16,calibration
8341,0,evaluation
8342,21,fit
8343,2,calibration
8344,1,fit
8345,64,evaluation
8346,52,fit
8347,43,calibration
8348,83,fit
8349,65,evaluation
8350,68,evaluation
8351,18,calibration
8352,1,calibration
8353,25,evaluation
8354,96,calibration
8355,46,evaluation
8356,47,fit
8357,90,evaluation
8358,2,calibration
8359,28,calibration
8360,37,fit
8361,61,evaluation
8362,31,calibration
8363,77,evaluation
8364,4,evaluation
8365,92,calibration
8366,38,evaluation
8367,93,calibration
8368,28,evaluation
8369,39,evaluation
8370,18,calibration
8371,41,evaluation
8372,44,fit
8373,49,calibration
8374,1,fit
8375,11,fit
8376,19,calibration
8377,91,calibration
8378,82,evaluation
8379,4,calibration
8380,60,evaluation
8381,34,calibration
8382,56,evaluation
8383,19,evaluation
8384,32,evaluation
8385,74,calibration
8386,87,calibration
8387,99,fit
8388,72,evaluation
8389,98,evaluation
8390,8,calibration
8391,58,fit
8392,93,fit
8393,87,evaluation
8394,87,fit
8395,24,fit
8396,35,evaluation
8397,43,fit
8398,52,evaluation
8399,6,fit
8400,4,fit
8401,33,fit
8402,8,fit
8403,63,fit
8404,26,fit
8405,34,evaluation
8406,39,calibration
8407,97,calibration
8408,47,evaluation
8409,75,calibration
8410,33,fit
8411,87,fit
8412,49,evaluation
8413,46,fit
8414,16,fit
8415,33,fit
8416,76,fit
8417,41,fit
8418,97,evaluation
8419,8,fit
8420,75,calibration
8421,17,evaluation
8422,80,fit
8423,93,evaluation
8424,27,evaluation
8425,4,evaluation
8426,41,calibration
8427,49,fit
8428,30,fit
8429,31,calibration
8430,21,fit
8431,77,fit
8432,90,calibration
8433,54,fit
8434,87,calibration
8435,86,evaluation
8436,37,evaluation
8437,47,fit
8438,66,evaluation
8439,2,calibration
8440,73,calibration
8441,55,evaluation
8442,25,fit
8443,62,fit
8444,26,evaluation
8445,19,fit
8446,28,fit
8447,15,calibration
8448,14,fit
8449,59,fit
8450,69,fit
8451,45,fit
8452,92,evaluation
8453,39,calibration
8454,42,evaluation
8455,58,fit
8456,49,fit
8457,48,fit
8458,44,evaluation
8459,71,fit
8460,48,fit
8461,69,evaluation
8462,9,evaluation
8463,77,calibration
8464,25,evaluation
8465,35,fit
8466,23,fit
8467,66,calibration
8468,66,evaluation
8469,88,evaluation
8470,82,evaluation
8471,1,evaluation
8472,39,calibration
8473,88,evaluation
8474,93,fit
8475,82,fit
8476,7,fit
8477,17,fit
8478,56,fit
8479,40,evaluation
8480,70,fit
8481,1,fit
8482,68,evaluation
8483,59,calibration
8484,69,fit
8485,45,evaluation
8486,16,fit
8487,6,evaluation
8488,85,fit
8489,12,calibration
8490,99,evaluation
8491,88,evaluation
8492,40,calibration
8493,68,evaluation
8494,36,evaluation
8495,23,evaluation
8496,17,fit
8497,13,calibration
8498,20,evaluation
8499,46,fit
8500,75,fit
8501,61,fit
8502,70,calibration
8503,58,fit
8504,42,evaluation
8505,51,evaluation
8506,75,fit
8507,73,fit
8508,70,fit
8509,37,calibration
8510,28,fit
8511,90,evaluation
8512,95,fit
8513,88,evaluation
8514,68,evaluation
8515,38,evaluation
8516,95,fit
8517,77,evaluation
8518,16,evaluation
8519,58,fit
8520,99,calibration
8521,39,fit
8522,56,fit
8523,17,fit
8524,33,fit
8525,77,evaluation
8526,63,fit
8527,87,calibration
8528,75,fit
8529,4,fit
8530,16,evaluation
8531,94,fit
8532,55,fit
8533,76,fit
8534,60,calibration
8535,97,evaluation
8536,1,evaluation
8537,0,calibration
8538,75,fit
8539,31,fit
8540,55,calibration
8541,71,evaluation
8542,75,fit
8543,52,evaluation
8544,6,evaluation
8545,43,evaluation
8546,14,evaluation
8547,84,evaluation
8548,14,fit
8549,51,evaluation
8550,1,evaluation
8551,88,calibration
8552,53,calibration
8553,66,evaluation
8554,5,fit
8555,56,calibration
8556,32,evaluation
8557,52,fit
8558,40,calibration
8559,24,evaluation
8560,86,fit
8561,54,fit
8562,54,evaluation
8563,88,fit
8564,61,evaluation
8565,87,fit
8566,54,calibration
8567,24,evaluation
8568,10,calibration
8569,85,calibration
8570,17,fit
8571,90,fit
8572,22,evaluation
8573,86,calibration
8574,77,fit
8575,79,evaluation
8576,94,fit
8577,45,calibration
8578,0,evaluation
8579,39,evaluation
8580,89,evaluation
8581,82,evaluation
8582,41,evaluation
8583,87,calibration
8584,91,calibration
8585,73,evaluation
8586,4,fit
8587,62,fit
8588,72,calibration
8589,98,evaluation
8590,10,fit
8591,11,evaluation
8592,28,fit
8593,38,fit
8594,74,evaluation
8595,70,fit
8596,13,evaluation
8597,7,evaluation
8598,15,fit
8599,24,evaluation
8600,76,fit
8601,98,fit
8602,67,evaluation
8603,79,fit
8604,15,calibration
8605,47,calibration
8606,47,fit
8607,93,calibration
8608,73,fit
8609,13,evaluation
8610,26,evaluation
8611,70,fit
8612,95,calibration
8613,60,fit
8614,70,evaluation
8615,11,evaluation
8616,82,calibration
8617,66,evaluation
8618,34,fit
8619,6,evaluation
8620,65,fit
8621,62,calibration
8622,74,evaluation
8623,46,calibration
8624,36,fit
8625,88,calibration
8626,96,fit
8627,48,calibration
8628,79,fit
8629,50,fit
8630,19,evaluation
8631,83,calibration
8632,66,fit
8633,68,fit
8634,97,evaluation
8635,64,evaluation
8636,16,fit
8637,61,evaluation
8638,16,evaluation
8639,84,evaluation
8640,18,fit
8641,29,evaluation
8642,63,evaluation
8643,57,calibration
8644,9,calibration
8645,38,fit
8646,43,evaluation
8647,74,fit
8648,15,calibration
8649,1,evaluation
8650,67,evaluation
8651,91,evaluation
8652,1,fit
8653,84,fit
8654,69,evaluation
8655,13,fit
8656,10,calibration
8657,33,fit
8658,80,evaluation
8659,68,calibration
8660,30,calibration
8661,8,evaluation
8662,3,evaluation
8663,13,evaluation
8664,45,fit
8665,18,calibration
8666,20,calibration
8667,35,evaluation
8668,28,evaluation
8669,93,fit
8670,5,evaluation
8671,53,fit
8672,34,fit
8673,27,evaluation
8674,93,calibration
8675,18,fit
8676,44,calibration
8677,93,fit
8678,37,fit
8679,77,fit
8680,46,calibration
8681,31,fit
8682,69,fit
8683,47,fit
8684,57,evaluation
8685,30,calibration
8686,85,fit
8687,80,fit
8688,1,evaluation
8689,82,fit
8690,45,evaluation
8691,66,evaluation
8692,18,calibration
8693,58,calibration
8694,31,fit
8695,42,calibration
8696,23,fit
8697,90,evaluation
8698,18,fit
8699,83,fit
8700,19,evaluation
8701,51,calibration
8702,80,calibration
8703,23,calibration
8704,64,fit
8705,61,evaluation
8706,40,evaluation
8707,51,evaluation
8708,99,fit
8709,28,evaluation
8710,19,evaluation
8711,63,evaluation
8712,7,fit
8713,97,evaluation
8714,78,evaluation
8715,34,evaluation
8716,84,fit
8717,13,fit
8718,50,fit
8719,17,fit
8720,28,evaluation
8721,29,calibration
8722,10,evaluation
8723,57,fit
8724,83,fit
8725,83,calibration
8726,53,calibration
8727,73,fit
8728,7,evaluation
8729,59,fit
8730,82,calibration
8731,34,calibration
8732,15,calibration
8733,68,calibration
8734,68,calibration
8735,34,evaluation
8736,82,evaluation
8737,75,fit
8738,37,evaluation
8739,8,evaluation
8740,94,fit
8741,16,fit
8742,24,fit
8743,21,evaluation
8744,8,fit
8745,96,evaluation
8746,53,evaluation
8747,49,evaluation
8748,38,evaluation
8749,85,evaluation
8750,27,calibration
8751,32,fit
8752,96,evaluation
8753,20,fit
8754,29,fit
8755,43,evaluation
8756,69,fit
8757,94,evaluation
8758,26,evaluation
8759,92,fit
8760,23,fit
8761,91,fit
8762,34,fit
8763,48,fit
8764,71,evaluation
8765,53,fit
8766,25,fit
8767,0,calibration
8768,59,evaluation
8769,57,evaluation
8770,69,evaluation
8771,73,evaluation
8772,27,fit
8773,12,fit
8774,42,fit
8775,61,fit
8776,21,fit
8777,72,fit
8778,88,fit
8779,28,fit
8780,15,fit
8781,24,fit
8782,1,calibration
8783,77,fit
8784,67,evaluation
8785,82,evaluation
8786,5,calibration
8787,64,evaluation
8788,51,fit
8789,52,calibration
8790,79,fit
8791,70,evaluation
8792,46,fit
8793,1,fit
8794,59,calibration
8795,87,fit
8796,68,evaluation
8797,88,fit
8798,76,calibration
8799,45,fit
8800,15,fit
8801,79,fit
8802,1,fit
8803,35,fit
8804,94,fit
8805,79,evaluation
8806,16,evaluation
8807,49,fit
8808,26,fit
8809,72,fit
8810,60,fit
8811,73,fit
8812,9,fit
8813,75,fit
8814,5,calibration
8815,72,evaluation
8816,27,evaluation
8817,67,evaluation
8818,38,evaluation
8819,18,evaluation
8820,45,fit
8821,36,fit
8822,40,evaluation
8823,96,evaluation
8824,35,evaluation
8825,7,fit
8826,85,evaluation
8827,30,fit
8828,14,evaluation
8829,51,calibration
8830,79,fit
8831,76,evaluation
8832,99,fit
8833,86,evaluation
8834,15,evaluation
8835,29,fit
8836,63,calibration
8837,66,fit
8838,62,calibration
8839,80,evaluation
8840,24,evaluation
8841,57,calibration
8842,43,evaluation
8843,78,fit
8844,33,evaluation
8845,99,fit
8846,95,fit
8847,93,fit
8848,72,evaluation
8849,71,fit
8850,77,evaluation
8851,86,evaluation
8852,64,fit
8853,4,fit
8854,23,fit
8855,62,evaluation
8856,50,evaluation
8857,17,fit
8858,98,evaluation
8859,21,evaluation
8860,32,calibration
8861,57,calibration
8862,99,calibration
8863,2,calibration
8864,6,fit
8865,70,fit
8866,82,evaluation
8867,82,calibration
8868,94,calibration
8869,95,evaluation
8870,81,fit
8871,96,evaluation
8872,77,evaluation
8873,33,evaluation
8874,67,calibration
8875,31,fit
8876,60,fit
8877,7,fit
8878,74,calibration
8879,63,evaluation
8880,62,fit
8881,82,evaluation
8882,36,evaluation
8883,12,evaluation
8884,31,calibration
8885,47,evaluation
8886,75,evaluation
8887,77,evaluation
8888,29,fit
8889,94,calibration
8890,27,fit
8891,70,evaluation
8892,95,calibration
8893,32,evaluation
8894,38,calibration
8895,67,calibration
8896,37,evaluation
8897,2,fit
8898,65,fit
8899,40,evaluation
8900,53,fit
8901,87,fit
8902,95,fit
8903,53,fit
8904,42,evaluation
8905,43,evaluation
8906,89,calibration
8907,69,evaluation
8908,93,evaluation
8909,81,fit
8910,84,fit
8911,71,fit
8912,31,evaluation
8913,33,fit
8914,73,evaluation
8915,75,evaluation
8916,85,evaluation
8917,47,fit
8918,97,fit
8919,54,evaluation
8920,13,evaluation
8921,24,fit
8922,46,calibration
8923,62,fit
8924,92,calibration
8925,53,calibration
8926,98,calibration
8927,66,calibration
8928,45,evaluation
8929,48,fit
8930,94,calibration
8931,16,fit
8932,69,fit
8933,60,fit
8934,27,calibration
8935,35,calibration
8936,59,evaluation
8937,47,evaluation
8938,44,evaluation
8939,57,fit
8940,4,evaluation
8941,83,calibration
8942,89,calibration
8943,71,evaluation
8944,58,fit
8945,52,evaluation
8946,46,fit
8947,58,evaluation
8948,98,evaluation
8949,22,fit
8950,62,fit
8951,47,calibration
8952,2,calibration
8953,58,fit
8954,77,fit
8955,96,evaluation
8956,86,fit
8957,33,calibration
8958,13,calibration
8959,69,evaluation
8960,97,evaluation
8961,14,evaluation
8962,51,evaluation
8963,2,fit
8964,4,evaluation
8965,29,evaluation
8966,58,evaluation
8967,44,evaluation
8968,6,calibration
8969,80,calibration
8970,81,evaluation
8971,99,evaluation
8972,28,fit
8973,50,fit
8974,57,evaluation
8975,88,fit
8976,25,calibration
8977,38,evaluation
8978,71,evaluation
8979,47,calibration
8980,53,evaluation
8981,48,evaluation
8982,79,calibration
8983,59,evaluation
8984,29,evaluation
8985,82,calibration
8986,90,fit
8987,26,fit
8988,81,fit
8989,17,fit
8990,14,calibration
8991,69,fit
8992,25,calibration
8993,32,calibration
8994,39,fit
8995,14,evaluation
8996,89,fit
8997,3,fit
8998,67,evaluation
8999,78,fit
9000,28,fit
9001,98,evaluation
9002,88,calibration
9003,20,fit
9004,3,evaluation
9005,18,evaluation
9006,60,evaluation
9007,48,calibration
9008,69,evaluation
9009,18,evaluation
9010,41,fit
9011,6,fit
9012,39,evaluation
9013,44,evaluation
9014,15,fit
9015,37,evaluation
9016,57,calibration
9017,48,evaluation
9018,98,evaluation
9019,89,fit
9020,67,evaluation
9021,77,calibration
9022,38,evaluation
9023,71,fit
9024,21,evaluation
9025,96,fit
9026,11,fit
9027,13,evaluation
9028,84,fit
9029,73,calibration
9030,58,fit
9031,73,fit
9032,35,calibration
9033,31,fit
9034,83,fit
9035,59,fit
9036,77,evaluation
9037,50,evaluation
9038,41,evaluation
9039,89,calibration
9040,19,evaluation
9041,54,evaluation
9042,4,evaluation
9043,68,evaluation
9044,9,fit
9045,91,evaluation
9046,67,evaluation
9047,19,calibration
9048,40,evaluation
9049,71,fit
9050,57,evaluation
9051,38,calibration
9052,9,calibration
9053,82,fit
9054,3,fit
9055,76,fit
9056,20,evaluation
9057,60,evaluation
9058,42,evaluation
9059,94,evaluation
9060,26,calibration
9061,72,evaluation
9062,6,evaluation
9063,25,fit
9064,61,evaluation
9065,36,fit
9066,4,evaluation
9067,14,evaluation
9068,61,fit
9069,60,evaluation
9070,14,fit
9071,62,calibration
9072,27,fit
9073,66,fit
9074,16,fit
9075,67,fit
9076,93,fit
9077,23,fit
9078,33,fit
9079,88,fit
9080,18,evaluation
9081,58,calibration
9082,0,evaluation
9083,83,fit
9084,23,fit
9085,85,calibration
9086,56,calibration
9087,20,evaluation
9088,45,calibration
9089,20,fit
9090,30,fit
9091,96,calibration
9092,19,fit
9093,15,fit
9094,98,evaluation
9095,51,evaluation
9096,26,fit
9097,0,fit
9098,56,evaluation
9099,47,evaluation
9100,57,fit
9101,59,calibration
9102,10,calibration
9103,51,evaluation
9104,65,calibration
9105,3,fit
9106,23,evaluation
9107,9,fit
9108,77,fit
9109,43,evaluation
9110,15,evaluation
9111,55,evaluation
9112,77,fit
9113,19,evaluation
9114,73,calibration
9115,77,fit
9116,7,fit
9117,29,evaluation
9118,4,calibration
9119,61,fit
9120,64,fit
9121,30,evaluation
9122,39,evaluation
9123,70,evaluation
9124,19,calibration
9125,51,fit
9126,9,evaluation
9127,17,evaluation
9128,28,fit
9129,45,fit
9130,28,calibration
9131,12,evaluation
9132,83,evaluation
9133,49,evaluation
9134,63,fit
9135,71,evaluation
9136,12,fit
9137,11,evaluation
9138,77,calibration
9139,35,fit
9140,29,evaluation
9141,40,fit
9142,15,evaluation
9143,84,evaluation
9144,19,fit
9145,66,fit
9146,70,fit
9147,62,fit
9148,34,fit
9149,94,fit
9150,72,fit
9151,35,calibration
9152,50,fit
9153,99,calibration
9154,33,calibration
9155,90,fit
9156,16,fit
9157,56,evaluation
9158,4,evaluation
9159,24,calibration
9160,60,calibration
9161,3,fit
9162,19,fit
9163,14,evaluation
9164,23,fit
9165,68,fit
9166,91,fit
9167,81,calibration
9168,61,fit
9169,90,calibration
9170,21,fit
9171,57,evaluation
9172,22,fit
9173,87,fit
9174,82,evaluation
9175,12,fit
9176,38,fit
9177,10,fit
9178,93,fit
9179,77,calibration
9180,84,evaluation
9181,41,fit
9182,64,evaluation
9183,76,evaluation
9184,25,evaluation
9185,91,fit
9186,94,evaluation
9187,42,fit
9188,79,calibration
9189,19,fit
9190,76,evaluation
9191,87,calibration
9192,18,evaluation
9193,51,evaluation
9194,1,calibration
9195,50,evaluation
9196,37,fit
9197,6,fit
9198,45,fit
9199,23,fit
9200,0,fit
9201,55,evaluation
9202,91,evaluation
9203,89,evaluation
9204,95,fit
9205,48,evaluation
9206,45,fit
9207,54,evaluation
9208,69,fit
9209,82,calibration
9210,68,evaluation
9211,56,fit
9212,94,fit
9213,80,calibration
9214,40,evaluation
9215,67,fit
9216,71,fit
9217,5,calibration
9218,50,evaluation
9219,60,calibration
9220,79,fit
9221,0,calibration
9222,44,fit
9223,55,evaluation
9224,46,calibration
9225,80,calibration
9226,2,evaluation
9227,32,fit
9228,92,calibration
9229,45,calibration
9230,69,fit
9231,97,evaluation
9232,13,calibration
9233,30,evaluation
9234,27,fit
9235,74,fit
9236,8,fit
9237,17,evaluation
9238,42,evaluation
9239,91,fit
9240,11,evaluation
9241,36,fit
9242,69,evaluation
9243,50,fit
9244,57,evaluation
9245,84,calibration
9246,90,fit
9247,85,evaluation
9248,3,evaluation
9249,91,fit
9250,79,fit
9251,76,evaluation
9252,13,evaluation
9253,8,evaluation
9254,92,evaluation
9255,69,evaluation
9256,82,fit
9257,7,calibration
9258,73,evaluation
9259,89,calibration
9260,32,fit
9261,42,evaluation
9262,39,evaluation
9263,26,calibration
9264,80,evaluation
9265,74,calibration
9266,15,evaluation
9267,74,fit
9268,16,evaluation
9269,57,evaluation
9270,94,evaluation
9271,60,evaluation
9272,33,calibration
9273,83,fit
9274,62,fit
9275,85,fit
9276,48,fit
9277,33,calibration
9278,11,evaluation
9279,5,evaluation
9280,2,fit
9281,18,fit
9282,75,fit
9283,75,evaluation
9284,4,calibration
9285,3,evaluation
9286,72,evaluation
9287,17,calibration
9288,89,calibration
9289,70,fit
9290,19,fit
9291,36,fit
9292,77,fit
9293,67,evaluation
9294,83,fit
9295,63,fit
9296,2,calibration
9297,92,fit
9298,17,evaluation
9299,98,evaluation
9300,99,evaluation
9301,77,evaluation
9302,56,evaluation
9303,22,calibration
9304,84,evaluation
9305,14,evaluation
9306,71,fit
9307,94,calibration
9308,44,evaluation
9309,73,evaluation
9310,41,fit
9311,96,fit
9312,91,evaluation
9313,85,calibration
9314,43,fit
9315,82,fit
9316,40,fit
9317,97,evaluation
9318,42,evaluation
9319,96,evaluation
9320,47,calibration
9321,22,evaluation
9322,1,fit
9323,46,fit
9324,78,calibration
9325,72,evaluation
9326,93,evaluation
9327,85,fit
9328,18,fit
9329,63,evaluation
9330,65,evaluation
9331,25,fit
9332,44,calibration
9333,2,calibration
9334,86,evaluation
9335,45,calibration
9336,59,evaluation
9337,2,fit
9338,54,calibration
9339,11,fit
9340,56,evaluation
9341,75,evaluation
9342,47,evaluation
9343,76,fit
9344,20,fit
9345,48,fit
9346,97,evaluation
9347,9,calibration
9348,45,evaluation
9349,38,calibration
9350,84,fit
9351,3,fit
9352,36,evaluation
9353,43,fit
9354,84,evaluation
9355,18,evaluation
9356,6,fit
9357,9,fit
9358,72,fit
9359,38,fit
9360,6,calibration
9361,75,calibration
9362,15,fit
9363,29,fit
9364,35,fit
9365,25,fit
9366,95,fit
9367,3,calibration
9368,58,fit
9369,74,evaluation
9370,44,fit
9371,83,evaluation
9372,91,fit
9373,74,fit
9374,86,calibration
9375,25,calibration
9376,38,calibration
9377,58,evaluation
9378,36,evaluation
9379,90,evaluation
9380,8,calibration
9381,49,evaluation
9382,65,evaluation
9383,95,fit
9384,92,fit
9385,14,fit
9386,81,calibration
9387,0,evaluation
9388,58,evaluation
9389,96,evaluation
9390,1,fit
9391,61,fit
9392,59,calibration
9393,21,evaluation
9394,60,fit
9395,89,calibration
9396,82,evaluation
9397,10,fit
9398,80,evaluation
9399,52,calibration
9400,65,evaluation
9401,55,fit
9402,32,calibration
9403,77,evaluation
9404,69,fit
9405,26,calibration
9406,42,fit
9407,79,evaluation
9408,46,evaluation
9409,20,fit
9410,38,fit
9411,52,evaluation
9412,15,evaluation
9413,7,fit
9414,65,evaluation
9415,63,evaluation
9416,96,fit
9417,26,fit
9418,29,evaluation
9419,3,fit
9420,79,calibration
9421,39,fit
9422,30,evaluation
9423,99,evaluation
9424,2,fit
9425,8,calibration
9426,19,evaluation
9427,52,evaluation
9428,69,fit
9429,58,fit
9430,54,fit
9431,82,evaluation
9432,3,fit
9433,82,calibration
9434,93,calibration
9435,70,fit
9436,99,fit
9437,21,evaluation
9438,17,fit
9439,56,fit
9440,64,calibration
9441,74,calibration
9442,1,evaluation
9443,62,evaluation
9444,61,evaluation
9445,85,fit
9446,78,calibration
9447,58,fit
9448,28,calibration
9449,53,evaluation
9450,74,evaluation
9451,47,fit
9452,5,fit
9453,34,fit
9454,81,fit
9455,64,evaluation
9456,77,evaluation
9457,30,fit
9458,66,evaluation
9459,4,fit
9460,45,evaluation
9461,30,fit
9462,98,calibration
9463,44,evaluation
9464,95,calibration
9465,87,evaluation
9466,63,fit
9467,87,calibration
9468,26,evaluation
9469,41,evaluation
9470,70,evaluation
9471,22,calibration
9472,21,fit
9473,32,fit
9474,90,calibration
9475,36,fit
9476,85,evaluation
9477,74,evaluation
9478,87,evaluation
9479,21,calibration
9480,87,evaluation
9481,71,fit
9482,53,evaluation
9483,27,evaluation
9484,63,evaluation
9485,1,calibration
9486,8,fit
9487,93,evaluation
9488,98,fit
9489,61,evaluation
9490,88,evaluation
9491,37,fit
9492,10,fit
9493,83,evaluation
9494,91,calibration
9495,85,fit
9496,34,calibration
9497,24,fit
9498,50,evaluation
9499,49,calibration
9500,12,calibration
9501,28,fit
9502,74,fit
9503,44,evaluation
9504,58,evaluation
9505,45,evaluation
9506,87,fit
9507,79,fit
9508,32,evaluation
9509,14,evaluation
9510,47,fit
9511,31,evaluation
9512,77,fit
9513,59,evaluation
9514,60,fit
9515,71,evaluation
9516,25,evaluation
9517,67,evaluation
9518,81,fit
9519,98,fit
9520,54,calibration
9521,67,evaluation
9522,17,evaluation
9523,21,evaluation
9524,1,evaluation
9525,88,fit
9526,21,evaluation
9527,77,fit
9528,95,fit
9529,91,calibration
9530,12,evaluation
9531,15,fit
9532,82,fit
9533,22,calibration
9534,16,evaluation
9535,66,evaluation
9536,25,evaluation
9537,1,fit
9538,29,calibration
9539,29,fit
9540,73,fit
9541,27,evaluation
9542,81,evaluation
9543,63,fit
9544,53,fit
9545,23,fit
9546,13,calibration
9547,86,calibration
9548,44,calibration
9549,71,fit
9550,28,fit
9551,75,fit
9552,98,calibration
9553,64,evaluation
9554,79,fit
9555,16,fit
9556,8,evaluation
9557,77,evaluation
9558,22,evaluation
9559,81,fit
9560,87,calibration
9561,10,calibration
9562,65,evaluation
9563,62,calibration
9564,49,evaluation
9565,70,evaluation
9566,57,calibration
9567,74,evaluation
9568,64,calibration
9569,40,calibration
9570,91,evaluation
9571,23,calibration
9572,13,evaluation
9573,80,evaluation
9574,6,evaluation
9575,42,evaluation
9576,46,fit
9577,30,fit
9578,95,evaluation
9579,35,fit
9580,5,evaluation
9581,41,evaluation
9582,36,evaluation
9583,59,calibration
9584,12,calibration
9585,43,evaluation
9586,86,evaluation
9587,97,evaluation
9588,53,fit
9589,50,evaluation
9590,80,evaluation
9591,3,evaluation
9592,61,fit
9593,20,evaluation
9594,22,fit
9595,57,fit
9596,25,fit
9597,71,calibration
9598,55,evaluation
9599,68,evaluation
9600,20,evaluation
9601,33,fit
9602,67,fit
9603,87,evaluation
9604,16,evaluation
9605,41,evaluation
9606,66,calibration
9607,44,calibration
9608,25,calibration
9609,63,fit
9610,1,evaluation
9611,15,calibration
9612,42,evaluation
9613,6,evaluation
9614,85,evaluation
9615,8,fit
9616,2,calibration
9617,5,fit
9618,45,evaluation
9619,5,evaluation
9620,71,fit
9621,56,fit
9622,99,fit
9623,73,evaluation
9624,78,calibration
9625,2,fit
9626,76,fit
9627,50,evaluation
9628,30,fit
9629,53,evaluation
9630,91,fit
9631,81,fit
9632,65,calibration
9633,92,calibration
9634,23,evaluation
9635,11,fit
9636,95,evaluation
9637,40,calibration
9638,30,evaluation
9639,62,evaluation
9640,35,fit
9641,23,fit
9642,78,evaluation
9643,96,fit
9644,67,fit
9645,36,fit
9646,8,calibration
9647,15,fit
9648,4,calibration
9649,80,fit
9650,27,fit
9651,60,fit
9652,7,calibration
9653,54,evaluation
9654,48,fit
9655,16,calibration
9656,57,fit
9657,94,fit
9658,30,fit
9659,92,fit
9660,43,evaluation
9661,62,fit
9662,58,fit
9663,19,calibration
9664,23,fit
9665,38,evaluation
9666,28,fit
9667,96,evaluation
9668,95,calibration
9669,10,fit
9670,99,fit
9671,86,evaluation
9672,53,fit
9673,89,evaluation
9674,11,fit
9675,52,calibration
9676,58,fit
9677,54,fit
9678,85,fit
9679,74,calibration
9680,72,evaluation
9681,82,calibration
9682,72,evaluation
9683,73,evaluation
9684,43,evaluation
9685,37,fit
9686,34,fit
9687,47,evaluation
9688,52,fit
9689,40,fit
9690,53,fit
9691,45,fit
9692,8,fit
9693,83,evaluation
9694,3,evaluation
9695,90,evaluation
9696,40,evaluation
9697,28,calibration
9698,53,evaluation
9699,32,fit
9700,59,fit
9701,4,calibration
9702,33,evaluation
9703,62,fit
9704,89,fit
9705,44,evaluation
9706,12,fit
9707,4,evaluation
9708,89,fit
9709,98,evaluation
9710,78,evaluation
9711,82,evaluation
9712,91,fit
9713,31,fit
9714,91,evaluation
9715,47,calibration
9716,9,fit
9717,73,fit
9718,69,evaluation
9719,36,calibration
9720,57,evaluation
9721,91,fit
9722,95,evaluation
9723,37,evaluation
9724,61,fit
9725,83,fit
9726,69,calibration
9727,11,calibration
9728,80,evaluation
9729,76,fit
9730,31,fit
9731,10,fit
9732,90,calibration
9733,98,evaluation
9734,94,fit
9735,24,evaluation
9736,39,fit
9737,1,evaluation
9738,33,evaluation
9739,29,fit
9740,29,fit
9741,7,calibration
9742,39,fit
9743,15,fit
9744,99,fit
9745,3,fit
9746,41,calibration
9747,66,evaluation
9748,80,calibration
9749,27,calibration
9750,45,fit
9751,55,calibration
9752,32,evaluation
9753,5,fit
9754,45,calibration
9755,9,calibration
9756,72,calibration
9757,33,evaluation
9758,38,calibration
9759,40,calibration
9760,24,evaluation
9761,59,calibration
9762,65,calibration
9763,46,fit
9764,38,evaluation
9765,23,evaluation
9766,39,calibration
9767,25,evaluation
9768,97,calibration
9769,66,calibration
9770,46,fit
9771,52,calibration
9772,29,fit
9773,56,calibration
9774,98,calibration
9775,82,calibration
9776,41,fit
9777,38,evaluation
9778,51,evaluation
9779,79,calibration
9780,19,evaluation
9781,18,fit
9782,95,evaluation
9783,64,evaluation
9784,78,calibration
9785,96,evaluation
9786,49,fit
9787,64,evaluation
9788,40,evaluation
9789,36,fit
9790,97,fit
9791,40,fit
9792,45,evaluation
9793,49,calibration
9794,62,calibration
9795,10,evaluation
9796,56,evaluation
9797,4,fit
9798,77,fit
9799,81,evaluation
9800,91,evaluation
9801,5,evaluation
9802,87,evaluation
9803,3,evaluation
9804,50,fit
9805,80,evaluation
9806,86,fit
9807,89,fit
9808,17,calibration
9809,12,calibration
9810,80,calibration
9811,72,evaluation
9812,79,evaluation
9813,67,fit
9814,40,calibration
9815,13,fit
9816,98,fit
9817,37,calibration
9818,21,evaluation
9819,76,calibration
9820,32,calibration
9821,59,calibration
9822,49,evaluation
9823,30,fit
9824,60,evaluation
9825,80,evaluation
9826,51,fit
9827,66,fit
9828,87,fit
9829,38,fit
9830,63,evaluation
9831,53,fit
9832,4,fit
9833,48,fit
9834,24,evaluation
9835,13,fit
9836,31,evaluation
9837,29,evaluation
9838,84,fit
9839,46,fit
9840,61,evaluation
9841,24,calibration
9842,34,fit
9843,98,fit
9844,45,evaluation
9845,99,fit
9846,27,evaluation
9847,51,fit
9848,91,evaluation
9849,0,fit
9850,72,evaluation
9851,50,fit
9852,57,calibration
9853,4,evaluation
9854,60,calibration
9855,81,evaluation
9856,86,evaluation
9857,9,evaluation
9858,11,fit
9859,92,calibration
9860,99,evaluation
9861,77,evaluation
9862,57,evaluation
9863,14,evaluation
9864,2,fit
9865,70,fit
9866,69,evaluation
9867,69,calibration
9868,32,evaluation
9869,79,evaluation
9870,44,fit
9871,58,calibration
9872,0,fit
9873,20,evaluation
9874,7,evaluation
9875,45,fit
9876,82,evaluation
9877,79,evaluation
9878,58,calibration
9879,73,evaluation
9880,58,evaluation
9881,75,evaluation
9882,85,fit
9883,55,calibration
9884,70,fit
9885,29,calibration
9886,97,fit
9887,11,fit
9888,53,fit
9889,37,calibration
9890,73,fit
9891,28,evaluation
9892,86,evaluation
9893,50,fit
9894,24,evaluation
9895,31,evaluation
9896,95,fit
9897,1,evaluation
9898,2,evaluation
9899,36,evaluation
9900,59,calibration
9901,99,evaluation
9902,55,fit
9903,85,calibration
9904,0,calibration
9905,23,calibration
9906,64,fit
9907,82,evaluation
9908,62,calibration
9909,31,evaluation
9910,86,evaluation
9911,57,evaluation
9912,72,calibration
9913,73,evaluation
9914,42,calibration
9915,91,evaluation
9916,84,evaluation
9917,85,calibration
9918,90,calibration
9919,69,calibration
9920,82,fit
9921,21,calibration
9922,89,fit
9923,68,fit
9924,68,evaluation
9925,76,fit
9926,31,fit
9927,58,evaluation
9928,8,fit
9929,37,fit
9930,13,fit
9931,30,evaluation
9932,78,evaluation
9933,43,evaluation
9934,33,fit
9935,99,evaluation
9936,42,fit
9937,12,fit
9938,92,evaluation
9939,8,fit
9940,82,fit
9941,78,fit
9942,97,fit
9943,62,evaluation
9944,74,fit
9945,4,calibration
9946,69,fit
9947,29,fit
9948,97,evaluation
9949,74,evaluation
9950,56,evaluation
9951,18,fit
9952,74,evaluation
9953,3,fit
9954,95,fit
9955,54,evaluation
9956,53,evaluation
9957,45,fit
9958,16,evaluation
9959,73,evaluation
9960,29,calibration
9961,33,evaluation
9962,6,fit
9963,86,calibration
9964,19,evaluation
9965,97,fit
9966,4,fit
9967,9,calibration
9968,53,calibration
9969,89,fit
9970,18,calibration
9971,87,calibration
9972,26,evaluation
9973,49,fit
9974,11,fit
9975,14,calibration
9976,65,evaluation
9977,83,calibration
9978,3,evaluation
9979,27,calibration
9980,30,fit
9981,52,fit
9982,74,evaluation
9983,29,evaluation
9984,96,calibration
9985,90,evaluation
9986,14,calibration
9987,77,evaluation
9988,65,evaluation
9989,7,fit
9990,75,evaluation
9991,27,fit
9992,16,fit
9993,30,calibration
9994,50,calibration
9995,83,evaluation
9996,14,fit
9997,51,evaluation
9998,42,fit
9999,70,evaluation
