arch,source,target,budget,rule,kind,gain,cost_difference,accuracy,cost,overspend,headroom
convnext_femto,1,1,0.4,confidence,same,0.0,0.0,0.38875,0.3985909106097058,-0.0014090893902942159,31.843654383821434
convnext_femto,1,1,0.4,margin,same,-0.20000000000000018,-0.001951492673325117,0.38675,0.3966394179363807,-0.003360582063619333,31.802877011640724
convnext_femto,1,1,0.4,logistic,same,-0.30000000000000027,-0.002924043461884296,0.38575,0.3956668671478215,-0.004333132852178512,31.782882595887912
convnext_femto,1,1,0.5,confidence,same,0.0,0.0,0.4635,0.4962510646764356,-0.0037489353235644063,27.349999999999998
convnext_femto,1,1,0.5,margin,same,0.12499999999999734,0.0009888991154529125,0.46475,0.4972399637918885,-0.0027600362081114937,27.224999999999998
convnext_femto,1,1,0.5,logistic,same,-1.150000000000001,-0.005627749021895001,0.452,0.4906233156545406,-0.009376684345459407,28.499999999999996
convnext_femto,1,1,0.6,confidence,same,0.0,0.0,0.522,0.5961801809190542,-0.003819819080945752,21.499999999999996
convnext_femto,1,1,0.6,margin,same,0.34999999999999476,-0.0013606230711282752,0.5255,0.594819557847926,-0.005180442152074027,21.150000000000002
convnext_femto,1,1,0.6,logistic,same,-0.7249999999999979,-0.00411990595611289,0.51475,0.5920602749629413,-0.007939725037058643,22.224999999999994
convnext_femto,1,1,0.7,confidence,same,0.0,0.0,0.5745,0.6981729954922116,-0.0018270045077883879,16.249999999999996
convnext_femto,1,1,0.7,margin,same,0.5750000000000033,0.0005876011518554103,0.58025,0.698760596644067,-0.0012394033559329776,15.674999999999994
convnext_femto,1,1,0.7,logistic,same,0.024999999999997247,-0.0008245425384558747,0.57475,0.6973484529537557,-0.0026515470462442625,16.225
convnext_femto,1,1,0.8,confidence,same,0.0,0.0,0.61175,0.7973608903793346,-0.002639109620665492,12.524999999999997
convnext_femto,1,1,0.8,margin,same,0.30000000000000027,0.0007405819421156812,0.61475,0.7981014723214502,-0.0018985276785498106,12.224999999999998
convnext_femto,1,1,0.8,logistic,same,-0.12499999999999734,0.004736071116133389,0.6105,0.8020969614954679,0.0020969614954678972,12.649999999999995
convnext_femto,1,1,0.9,confidence,same,0.0,0.0,0.62,0.9007199688342932,0.0007199688342931498,11.7
convnext_femto,1,1,0.9,margin,same,0.10000000000000009,-0.0009502047337852648,0.621,0.8997697641005079,-0.00023023589949211498,11.6
convnext_femto,1,1,0.9,logistic,same,-0.07500000000000284,0.0007398468445481976,0.61925,0.9014598156788414,0.0014598156788413474,11.775000000000002
convnext_femto,1,1,0.95,confidence,same,0.0,0.0,0.621,0.952697823260674,0.002697823260674026,11.6
convnext_femto,1,1,0.95,margin,same,0.0,-0.0012257144419332011,0.621,0.9514721088187408,0.0014721088187408249,11.6
convnext_femto,1,1,0.95,logistic,same,-0.04999999999999449,0.0017916241403612698,0.6205,0.9544894474010353,0.004489447401035296,11.649999999999993
convnext_femto,2,1,0.4,logistic,transfer,-0.27499999999999747,-0.0025167067628976136,0.386,0.3960742038468082,-0.0039257961531918295,31.808140258299556
convnext_femto,2,1,0.5,logistic,transfer,-1.150000000000001,-0.002389234161988718,0.452,0.4938618305144469,-0.006138169485553124,28.499999999999996
convnext_femto,2,1,0.6,logistic,transfer,-0.7750000000000035,-0.0045800421010423475,0.51425,0.5916001388180119,-0.0083998611819881,22.275
convnext_femto,2,1,0.7,logistic,transfer,0.17500000000000293,0.0015058883745231455,0.57625,0.6996788838667347,-0.00032111613326524235,16.074999999999996
convnext_femto,2,1,0.8,logistic,transfer,-0.07500000000000284,0.005324310162572066,0.611,0.8026852005419066,0.002685200541906574,12.6
convnext_femto,2,1,0.9,logistic,transfer,-0.04999999999999449,0.00015120379820665608,0.6195,0.9008711726324998,0.0008711726324998059,11.749999999999993
convnext_femto,2,1,0.95,logistic,transfer,-0.024999999999997247,0.0022802453160312153,0.62075,0.9549780685767052,0.004978068576705241,11.624999999999996
convnext_femto,3,1,0.4,logistic,transfer,-0.050000000000000044,-0.0022080599499404996,0.38825,0.3963828506597653,-0.0036171493402347155,31.6212214510048
convnext_femto,3,1,0.5,logistic,transfer,-0.9750000000000036,0.0017990647250369918,0.45375,0.4980501294014726,-0.0019498705985274145,28.325
convnext_femto,3,1,0.6,logistic,transfer,-1.0249999999999981,-0.00150655664503907,0.51175,0.5946736242740152,-0.005326375725984822,22.524999999999995
convnext_femto,3,1,0.7,logistic,transfer,-0.050000000000005596,0.000815867172122231,0.574,0.6989888626643338,-0.0010111373356661568,16.300000000000004
convnext_femto,3,1,0.8,logistic,transfer,-0.12499999999999734,0.004514624492721997,0.6105,0.8018755148720565,0.0018755148720565051,12.649999999999995
convnext_femto,3,1,0.9,logistic,transfer,0.050000000000005596,-0.0009297738815582379,0.6205,0.8997901949527349,-0.00020980504726508808,11.649999999999993
convnext_femto,3,1,0.95,logistic,transfer,-0.024999999999997247,0.0024050433160800466,0.62075,0.955102866576754,0.005102866576754073,11.624999999999996
convnext_femto,1,2,0.4,logistic,transfer,0.024999999999997247,-0.0027812583533814994,0.38375,0.3974480905688805,-0.002551909431119548,32.07190786366943
convnext_femto,1,2,0.5,logistic,transfer,-0.07499999999999729,0.00013732503462859924,0.452,0.4984304300017011,-0.0015695699982988809,28.750000000000004
convnext_femto,1,2,0.6,logistic,transfer,0.050000000000005596,-0.0008560302301279243,0.517,0.6004607694831232,0.0004607694831232356,22.250000000000004
convnext_femto,1,2,0.7,logistic,transfer,-0.3750000000000031,-0.0016277444655049544,0.5735,0.7021259826614178,0.0021259826614178357,16.600000000000005
convnext_femto,1,2,0.8,logistic,transfer,-0.34999999999999476,0.003363961386114611,0.6055,0.801268265048237,0.0012682650482369606,13.4
convnext_femto,1,2,0.9,logistic,transfer,0.07500000000000284,0.0037149492114409988,0.622,0.9052865346528638,0.0052865346528637724,11.750000000000005
convnext_femto,1,2,0.95,logistic,transfer,-0.024999999999997247,0.004228761147967219,0.6235,0.955205878957984,0.005205878957984078,11.6
convnext_femto,2,2,0.4,confidence,same,0.0,0.0,0.3835,0.400229348922262,0.00022934892226195158,32.44006266349852
convnext_femto,2,2,0.4,margin,same,0.10000000000000009,-0.005695974885178978,0.3845,0.394533374037083,-0.005466625962917027,31.63728684291401
convnext_femto,2,2,0.4,logistic,same,-0.1250000000000029,-0.003631304524798984,0.38225,0.396598044397463,-0.0034019556025370323,32.117028206069975
convnext_femto,2,2,0.5,confidence,same,0.0,0.0,0.45275,0.4982931049670725,-0.0017068950329274801,28.675000000000004
convnext_femto,2,2,0.5,margin,same,-0.07499999999999729,-0.005773450219921816,0.452,0.4925196547471507,-0.007480345252849296,28.750000000000004
convnext_femto,2,2,0.5,logistic,same,-0.37499999999999756,-0.0018158033826639053,0.449,0.4964773015844086,-0.0035226984155913854,29.050000000000004
convnext_femto,2,2,0.6,confidence,same,0.0,0.0,0.5165,0.6013167997132511,0.00131679971325116,22.300000000000008
convnext_femto,2,2,0.6,margin,same,0.8250000000000091,-0.002177389370853544,0.52475,0.5991394103423976,-0.0008605896576023842,21.475
convnext_femto,2,2,0.6,logistic,same,-0.07499999999999174,0.0011287893975845398,0.51575,0.6024455891108357,0.0024455891108356997,22.375
convnext_femto,2,2,0.7,confidence,same,0.0,0.0,0.57725,0.7037537271269227,0.00375372712692279,16.225
convnext_femto,2,2,0.7,margin,same,0.4749999999999921,6.350848096048356e-05,0.582,0.7038172356078832,0.0038172356078832737,15.750000000000009
convnext_femto,2,2,0.7,logistic,same,-0.35000000000000586,-0.0007550515175814843,0.57375,0.7029986756093413,0.002998675609341306,16.575000000000006
convnext_femto,2,2,0.8,confidence,same,0.0,0.0,0.609,0.7979043036621224,-0.0020956963378776505,13.050000000000006
convnext_femto,2,2,0.8,margin,same,0.3249999999999975,-0.0027282857646230285,0.61225,0.7951760178974994,-0.004823982102500679,12.725000000000009
convnext_femto,2,2,0.8,logistic,same,-0.30000000000000027,0.002338199557726517,0.606,0.8002425032198489,0.00024250321984886636,13.350000000000007
convnext_femto,2,2,0.9,confidence,same,0.0,0.0,0.62125,0.9015715854414228,0.0015715854414227737,11.825000000000008
convnext_femto,2,2,0.9,margin,same,0.10000000000000009,-0.0009607937838689296,0.62225,0.9006107916575539,0.0006107916575538441,11.725000000000009
convnext_femto,2,2,0.9,logistic,same,0.0,0.003946568734660372,0.62125,0.9055181541760832,0.005518154176083145,11.825000000000008
convnext_femto,2,2,0.95,confidence,same,0.0,0.0,0.62375,0.9509771178100168,0.0009771178100168587,11.575000000000003
convnext_femto,2,2,0.95,margin,same,0.0,-0.0011101643945470308,0.62375,0.9498669534154698,-0.00013304658453017204,11.575000000000003
convnext_femto,2,2,0.95,logistic,same,-0.10000000000000009,0.002175384559305993,0.62275,0.9531525023693228,0.0031525023693228515,11.675000000000002
convnext_femto,3,2,0.4,logistic,transfer,-0.050000000000000044,-0.001681725535223888,0.383,0.3985476233870381,-0.0014523766129619364,32.282569465786196
convnext_femto,3,2,0.5,logistic,transfer,-0.4249999999999976,-0.0005592345872518223,0.4485,0.4977338703798207,-0.0022661296201793024,29.100000000000005
convnext_femto,3,2,0.6,logistic,transfer,-0.17499999999999183,-0.0020733107943913254,0.51475,0.5992434889188598,-0.0007565110811401654,22.475
convnext_femto,3,2,0.7,logistic,transfer,-0.8500000000000063,-0.004615097445991534,0.56875,0.6991386296809312,-0.0008613703190687438,17.075000000000006
convnext_femto,3,2,0.8,logistic,transfer,-0.30000000000000027,-0.0005486121236422115,0.606,0.7973556915384802,-0.002644308461519862,13.350000000000007
convnext_femto,3,2,0.9,logistic,transfer,-0.024999999999997247,0.00023209794415723906,0.621,0.90180368338558,0.0018036833855800127,11.850000000000005
convnext_femto,3,2,0.95,logistic,transfer,-0.024999999999997247,0.003724821389516797,0.6235,0.9547019391995336,0.004701939199533656,11.6
convnext_femto,1,3,0.4,logistic,transfer,-0.5250000000000032,-0.0007185214211076763,0.38025,0.4021605869237686,0.0021605869237685815,32.84860899775881
convnext_femto,1,3,0.5,logistic,transfer,-0.30000000000000027,0.0007908389225049772,0.4505,0.5014575967169693,0.0014575967169693227,28.749999999999996
convnext_femto,1,3,0.6,logistic,transfer,-0.6249999999999978,-0.005837841121722476,0.51075,0.5951423036499721,-0.0048576963500278625,22.724999999999994
convnext_femto,1,3,0.7,logistic,transfer,-0.24999999999999467,-0.003978530290879911,0.5615,0.6966914473524337,-0.003308552647566243,17.65
convnext_femto,1,3,0.8,logistic,transfer,0.30000000000000027,0.004416048516439619,0.60525,0.8054551210784672,0.005455121078467129,13.275000000000004
convnext_femto,1,3,0.9,logistic,transfer,-0.2500000000000058,-0.001107506500449662,0.619,0.9001856880756239,0.0001856880756239132,11.899999999999999
convnext_femto,1,3,0.95,logistic,transfer,-0.024999999999997247,0.004913016998371766,0.6205,0.9561522791062186,0.006152279106218628,11.749999999999993
convnext_femto,2,3,0.4,logistic,transfer,-0.8250000000000035,-0.0005591449782508806,0.37725,0.4023199633666254,0.002319963366625377,33.16827304345219
convnext_femto,2,3,0.5,logistic,transfer,-0.15000000000000013,0.0018932118903550732,0.452,0.5025599696848194,0.0025599696848194187,28.599999999999998
convnext_femto,2,3,0.6,logistic,transfer,-0.6500000000000061,-0.003669930560618151,0.5105,0.5973102142110764,-0.0026897857889235377,22.750000000000004
convnext_femto,2,3,0.7,logistic,transfer,-0.374999999999992,-0.0063410351510290175,0.56025,0.6943289424922846,-0.005671057507715349,17.774999999999995
convnext_femto,2,3,0.8,logistic,transfer,0.3250000000000086,0.004613226288547101,0.6055,0.8056522988505747,0.005652298850574611,13.249999999999995
convnext_femto,2,3,0.9,logistic,transfer,-0.2500000000000058,-0.0013182501640301991,0.619,0.8999749444120434,-2.505558795662388e-05,11.899999999999999
convnext_femto,2,3,0.95,logistic,transfer,-0.024999999999997247,0.004034774367572935,0.6205,0.9552740364754198,0.005274036475419797,11.749999999999993
convnext_femto,3,3,0.4,confidence,same,0.0,0.0,0.3855,0.4028791083448763,0.0028791083448762578,32.41226098297743
convnext_femto,3,3,0.4,margin,same,-0.10000000000000009,-0.003003667893854367,0.3845,0.3998754404510219,-0.00012455954897810928,32.14166504261269
convnext_femto,3,3,0.4,logistic,same,-0.3500000000000003,0.0021108797477581986,0.382,0.4049899880926345,0.004989988092634456,33.02270371258743
convnext_femto,3,3,0.5,confidence,same,0.0,0.0,0.4535,0.5006667577944643,0.0006667577944643455,28.449999999999996
convnext_femto,3,3,0.5,margin,same,-0.07500000000000284,-0.0007430211294987554,0.45275,0.4999237366649656,-7.626333503440996e-05,28.525
convnext_femto,3,3,0.5,logistic,same,-0.4750000000000032,0.0028236889747514926,0.44875,0.5034904467692158,0.003490446769215838,28.925
convnext_femto,3,3,0.6,confidence,same,0.0,0.0,0.517,0.6009801447716946,0.0009801447716946132,22.099999999999998
convnext_femto,3,3,0.6,margin,same,-0.10000000000000009,9.783784112160632e-05,0.516,0.6010779826128162,0.0010779826128162195,22.199999999999996
convnext_femto,3,3,0.6,logistic,same,-1.100000000000001,-0.0036143122281354634,0.506,0.5973658325435591,-0.00263416745644085,23.2
convnext_femto,3,3,0.7,confidence,same,0.0,0.0,0.564,0.7006699776433136,0.0006699776433136684,17.400000000000006
convnext_femto,3,3,0.7,margin,same,1.0250000000000092,-0.005635555636557932,0.57425,0.6950344220067557,-0.004965577993244263,16.374999999999996
convnext_femto,3,3,0.7,logistic,same,0.0,-0.0015798492138708875,0.564,0.6990901284294427,-0.0009098715705572191,17.400000000000006
convnext_femto,3,3,0.8,confidence,same,0.0,0.0,0.60225,0.8010390725620276,0.0010390725620275099,13.575000000000003
convnext_femto,3,3,0.8,margin,same,0.6250000000000089,0.001693559998541927,0.6085,0.8027326325605695,0.002732632560569437,12.949999999999996
convnext_femto,3,3,0.8,logistic,same,0.30000000000000027,0.00470933270151408,0.60525,0.8057484052635416,0.005748405263541589,13.275000000000004
convnext_femto,3,3,0.9,confidence,same,0.0,0.0,0.6215,0.9012931945760736,0.0012931945760735752,11.649999999999993
convnext_femto,3,3,0.9,margin,same,0.024999999999997247,-0.00022668039658835237,0.62175,0.9010665141794852,0.0010665141794852229,11.624999999999996
convnext_femto,3,3,0.9,logistic,same,-0.17500000000000293,-0.0003099666472261564,0.61975,0.9009832279288474,0.0009832279288474188,11.824999999999996
convnext_femto,3,3,0.95,confidence,same,0.0,0.0,0.62075,0.9512392621078468,0.0012392621078468613,11.724999999999996
convnext_femto,3,3,0.95,margin,same,0.024999999999997247,0.00113678889941915,0.621,0.952376051007266,0.0023760510072660113,11.7
convnext_femto,3,3,0.95,logistic,same,0.0,0.004231332470656768,0.62075,0.9554705945785036,0.005470594578503629,11.724999999999996
mixer_nano,1,1,0.4,confidence,same,0.0,0.0,0.2925,0.4081531690220158,0.008153169022015794,28.245833333333348
mixer_nano,1,1,0.4,margin,same,0.20000000000000018,-0.007099546349396635,0.2945,0.4010536226726192,0.0010536226726191589,27.095833333333342
mixer_nano,1,1,0.4,logistic,same,0.10000000000000009,0.0019305783932568876,0.2935,0.4100837474152727,0.010083747415272681,28.404166666666676
mixer_nano,1,1,0.5,confidence,same,0.0,0.0,0.352,0.5046198119625006,0.0046198119625006084,33.35
mixer_nano,1,1,0.5,margin,same,0.9250000000000036,0.004328232204237392,0.36125,0.508948044166738,0.008948044166738,32.425
mixer_nano,1,1,0.5,logistic,same,-0.37499999999999756,-0.004577339093689958,0.34825,0.5000424728688107,4.2472868810650155e-05,33.725
mixer_nano,1,1,0.6,confidence,same,0.0,0.0,0.41425,0.6079368943629295,0.007936894362929547,27.125
mixer_nano,1,1,0.6,margin,same,0.9000000000000008,-0.0014012262531704067,0.42325,0.6065356681097591,0.006535668109759141,26.224999999999998
mixer_nano,1,1,0.6,logistic,same,0.5249999999999977,0.00024910688945245507,0.4195,0.608186001252382,0.008186001252382002,26.6
mixer_nano,1,1,0.7,confidence,same,0.0,0.0,0.4805,0.7055245183059506,0.0055245183059506875,20.5
mixer_nano,1,1,0.7,margin,same,-0.050000000000000044,-0.00535579812322895,0.48,0.7001687201827217,0.00016872018272173772,20.55
mixer_nano,1,1,0.7,logistic,same,0.22500000000000298,-0.004141402037148079,0.48275,0.7013831162688026,0.0013831162688026089,20.275
mixer_nano,1,1,0.8,confidence,same,0.0,0.0,0.5375,0.8042953999738712,0.0042953999738711834,14.800000000000002
mixer_nano,1,1,0.8,margin,same,0.2500000000000058,-0.0009652891966285271,0.54,0.8033301107772427,0.0033301107772426564,14.549999999999997
mixer_nano,1,1,0.8,logistic,same,0.45000000000000595,0.0004982137789050212,0.542,0.8047936137527762,0.004793613752776205,14.349999999999996
mixer_nano,1,1,0.9,confidence,same,0.0,0.0,0.577,0.8990182946881884,-0.0009817053118116315,10.850000000000005
mixer_nano,1,1,0.9,margin,same,0.02500000000000835,0.0021174085603463677,0.57725,0.9011357032485348,0.0011357032485347363,10.824999999999996
mixer_nano,1,1,0.9,logistic,same,0.2500000000000058,-0.000716182307175961,0.5795,0.8983021123810124,-0.0016978876189875924,10.599999999999998
mixer_nano,1,1,0.95,confidence,same,0.0,0.0,0.59125,0.9506456975272212,0.0006456975272212118,9.424999999999994
mixer_nano,1,1,0.95,margin,same,0.14999999999999458,-0.00046707541772317285,0.59275,0.950178622109498,0.00017862210949803892,9.275
mixer_nano,1,1,0.95,logistic,same,0.12499999999999734,-9.341508354454575e-05,0.5925,0.9505522824436766,0.000552282443676666,9.299999999999997
mixer_nano,2,1,0.4,logistic,transfer,-0.20000000000000018,0.001556918059078205,0.2905,0.409710087081094,0.009710087081093999,28.65416666666668
mixer_nano,2,1,0.5,logistic,transfer,0.20000000000000018,-0.0024287921721619643,0.354,0.5021910197903386,0.002191019790338644,33.15
mixer_nano,2,1,0.6,logistic,transfer,1.5500000000000014,0.0054492132067737176,0.42975,0.6133861075697032,0.013386107569703265,25.575
mixer_nano,2,1,0.7,logistic,transfer,1.200000000000001,-0.0030204210346117533,0.4925,0.7025040972713389,0.0025040972713389342,19.3
mixer_nano,2,1,0.8,logistic,transfer,0.7500000000000062,0.0029581443122486117,0.545,0.8072535442861198,0.007253544286119795,14.049999999999995
mixer_nano,2,1,0.9,logistic,transfer,0.275000000000003,-0.0009030124742652745,0.57975,0.8981152822139231,-0.001884717786076906,10.575000000000001
mixer_nano,2,1,0.95,logistic,transfer,0.12499999999999734,-9.341508354454575e-05,0.5925,0.9505522824436766,0.000552282443676666,9.299999999999997
mixer_nano,3,1,0.4,logistic,transfer,-0.050000000000000044,0.0009964275578099868,0.292,0.4091495965798258,0.00914959657982578,28.429166666666667
mixer_nano,3,1,0.5,logistic,transfer,0.7250000000000034,0.003362943007608865,0.35925,0.5079827549701095,0.007982754970109474,32.625
mixer_nano,3,1,0.6,logistic,transfer,1.050000000000001,-0.00037366033417884914,0.42475,0.6075632340287507,0.007563234028750698,26.075
mixer_nano,3,1,0.7,logistic,transfer,0.8500000000000008,-0.00535579812322895,0.489,0.7001687201827217,0.00016872018272173772,19.650000000000002
mixer_nano,3,1,0.8,logistic,transfer,0.45000000000000595,0.0009341508354469008,0.542,0.8052295508093181,0.005229550809318084,14.349999999999996
mixer_nano,3,1,0.9,logistic,transfer,0.3750000000000031,0.0005916288624496779,0.58075,0.8996099235506381,-0.0003900764493619535,10.475000000000001
mixer_nano,3,1,0.95,logistic,transfer,0.14999999999999458,0.0015257796978968008,0.59275,0.952171477225118,0.0021714772251180126,9.275
mixer_nano,1,2,0.4,logistic,transfer,0.07499999999999729,-0.0024599305333434796,0.3535,0.3966631137460187,-0.0033368862539813193,27.875
mixer_nano,1,2,0.5,logistic,transfer,-0.050000000000000044,-0.0014012262531704067,0.4265,0.4970531901953806,-0.0029468098046194213,26.700000000000003
mixer_nano,1,2,0.6,logistic,transfer,1.0249999999999981,0.002771314145159187,0.505,0.6002768575122648,0.00027685751226480537,18.85
mixer_nano,1,2,0.7,logistic,transfer,-0.40000000000000036,-0.00028024525063408134,0.5575,0.7014142546299842,0.0014142546299842351,13.600000000000001
mixer_nano,1,2,0.8,logistic,transfer,-0.14999999999999458,9.341508354465677e-05,0.5805,0.7969778850962036,-0.0030221149037964468,11.299999999999999
mixer_nano,1,2,0.9,logistic,transfer,0.10000000000000009,-0.0002491068894526771,0.595,0.8980218671303782,-0.001978132869621785,9.850000000000003
mixer_nano,1,2,0.95,logistic,transfer,0.024999999999997247,-0.00018683016708942457,0.59675,0.9508325276943106,0.0008325276943106363,9.675
mixer_nano,2,2,0.4,confidence,same,0.0,0.0,0.35275,0.3991230442793622,-0.0008769557206378398,28.279166666666665
mixer_nano,2,2,0.4,margin,same,0.6749999999999978,-0.0045462007325082765,0.3595,0.3945768435468539,-0.005423156453146116,26.906250000000004
mixer_nano,2,2,0.4,logistic,same,0.30000000000000027,-0.0022419620050725952,0.35575,0.3968810822742896,-0.003118917725710435,27.679166666666667
mixer_nano,2,2,0.5,confidence,same,0.0,0.0,0.427,0.498454416448551,-0.0015455835514490146,26.650000000000002
mixer_nano,2,2,0.5,margin,same,0.8500000000000008,0.0022731003662541105,0.4355,0.5007275168148051,0.0007275168148050959,25.8
mixer_nano,2,2,0.5,logistic,same,0.050000000000000044,0.00034252197299722287,0.4275,0.4987969384215482,-0.0012030615784517917,26.6
mixer_nano,2,2,0.6,confidence,same,0.0,0.0,0.49475,0.5975055433671056,-0.002494456632894382,19.875
mixer_nano,2,2,0.6,margin,same,1.9000000000000017,0.00311383611815641,0.51375,0.600619379485262,0.0006193794852620282,17.974999999999998
mixer_nano,2,2,0.6,logistic,same,0.3500000000000003,0.0029270059510669855,0.49825,0.6004325493181726,0.00043254931817260367,19.525
mixer_nano,2,2,0.7,confidence,same,0.0,0.0,0.5615,0.7016944998806183,0.0016944998806183165,13.200000000000001
mixer_nano,2,2,0.7,margin,same,-0.07500000000000284,0.002989282673430016,0.56075,0.7046837825540483,0.0046837825540483324,13.275000000000004
mixer_nano,2,2,0.7,logistic,same,-0.7249999999999979,0.0023042387274357923,0.55425,0.7039987386080541,0.003998738608054109,13.924999999999999
mixer_nano,2,2,0.8,confidence,same,0.0,0.0,0.582,0.7968844700126589,-0.0031155299873411035,11.150000000000004
mixer_nano,2,2,0.8,margin,same,0.12500000000000844,-0.0009964275578100423,0.58325,0.7958880424548489,-0.004111957545151146,11.024999999999995
mixer_nano,2,2,0.8,logistic,same,-0.12499999999999734,0.0014946413367149525,0.58075,0.7983791113493739,-0.001620888650626151,11.275000000000002
mixer_nano,2,2,0.9,confidence,same,0.0,0.0,0.594,0.8982709740198309,-0.0017290259801691077,9.950000000000003
mixer_nano,2,2,0.9,margin,same,0.12499999999999734,-0.0012143960860810932,0.59525,0.8970565779337498,-0.002943422066250201,9.825000000000006
mixer_nano,2,2,0.9,logistic,same,-0.07499999999999174,0.0030204210346116422,0.59325,0.9012913950544426,0.0012913950544425346,10.024999999999995
mixer_nano,2,2,0.95,confidence,same,0.0,0.0,0.5965,0.9510193578614,0.001019357861400061,9.699999999999998
mixer_nano,2,2,0.95,margin,same,-0.02500000000000835,0.0,0.59625,0.9510193578614,0.001019357861400061,9.725000000000005
mixer_nano,2,2,0.95,logistic,same,-0.17500000000000293,0.003612049897061431,0.59475,0.9546314077584614,0.004631407758461492,9.875
mixer_nano,3,2,0.4,logistic,transfer,-0.3500000000000003,-0.004141402037147857,0.34925,0.3949816422422143,-0.005018357757785696,28.012500000000003
mixer_nano,3,2,0.5,logistic,transfer,-0.5000000000000004,0.0015880564202596648,0.422,0.5000424728688107,4.2472868810650155e-05,27.150000000000002
mixer_nano,3,2,0.6,logistic,transfer,0.6249999999999978,0.0018683016708938016,0.501,0.5993738450379994,-0.0006261549620005802,19.25
mixer_nano,3,2,0.7,logistic,transfer,-0.7249999999999979,0.0016191947814412355,0.55425,0.7033136946620595,0.003313694662059552,13.924999999999999
mixer_nano,3,2,0.8,logistic,transfer,-0.04999999999999449,0.0035497731746984007,0.5815,0.8004342431873573,0.00043424318735729717,11.2
mixer_nano,3,2,0.9,logistic,transfer,-0.024999999999997247,0.002023993476801711,0.59375,0.9002949674966326,0.00029496749663260324,9.975000000000001
mixer_nano,3,2,0.95,logistic,transfer,-0.050000000000005596,0.003830018425332371,0.596,0.9548493762867324,0.004849376286732432,9.750000000000004
mixer_nano,1,3,0.4,logistic,transfer,1.1250000000000038,-0.00043593705654187964,0.331,0.4001506101983539,0.00015061019835388434,23.793749999999996
mixer_nano,1,3,0.5,logistic,transfer,0.8500000000000008,-0.0032695279240642083,0.41825,0.5021910197903386,0.002191019790338644,27.224999999999998
mixer_nano,1,3,0.6,logistic,transfer,1.1249999999999982,0.0011209810025364364,0.504,0.6074386805840245,0.007438680584024526,18.65
mixer_nano,1,3,0.7,logistic,transfer,-0.12500000000000844,-0.003238389562882693,0.565,0.7046837825540483,0.0046837825540483324,12.550000000000006
mixer_nano,1,3,0.8,logistic,transfer,-0.12499999999999734,0.005418074845592091,0.6045,0.8088104623451978,0.008810462345197778,8.599999999999996
mixer_nano,1,3,0.9,logistic,transfer,-0.07500000000000284,-0.0006227672236310822,0.61,0.899547646828275,-0.000452353171724984,8.05
mixer_nano,1,3,0.95,logistic,transfer,0.0,-0.00018683016708931355,0.6105,0.9506145591660397,0.0006145591660396965,7.9999999999999964
mixer_nano,2,3,0.4,logistic,transfer,1.1750000000000038,0.00037366033417879363,0.3315,0.4009602075890746,0.0009602075890745576,23.906249999999996
mixer_nano,2,3,0.5,logistic,transfer,0.3500000000000003,-0.004234817120692624,0.41325,0.5012257305937102,0.001225730593710228,27.725
mixer_nano,2,3,0.6,logistic,transfer,-0.8000000000000007,-0.006196533875131083,0.48475,0.600121165706357,0.00012116570635700707,20.575
mixer_nano,2,3,0.7,logistic,transfer,-1.2249999999999983,-0.0005604905012681627,0.554,0.7073616816156628,0.007361681615662863,13.649999999999995
mixer_nano,2,3,0.8,logistic,transfer,-0.8500000000000063,0.007753451934209399,0.59725,0.8111458394338151,0.011145839433815086,9.325000000000006
mixer_nano,2,3,0.9,logistic,transfer,-0.10000000000000009,0.00037366033417884914,0.60975,0.900544074386085,0.0005440743860849473,8.075
mixer_nano,2,3,0.95,logistic,transfer,-0.050000000000005596,0.0015257796978966898,0.61,0.9523271690310257,0.0023271690310257,8.05
mixer_nano,3,3,0.4,confidence,same,0.0,0.0,0.31975,0.4005865472548958,0.000586547254895764,25.00625000000002
mixer_nano,3,3,0.4,margin,same,0.0,0.004265955481874195,0.31975,0.40485250273677,0.004852502736769959,25.8625
mixer_nano,3,3,0.4,logistic,same,-0.15000000000000013,-0.001961716754438514,0.31825,0.3986248305004573,-0.00137516949954275,24.762500000000003
mixer_nano,3,3,0.5,confidence,same,0.0,0.0,0.40975,0.5054605477144029,0.0054605477144028525,28.075
mixer_nano,3,3,0.5,margin,same,-0.9749999999999981,-0.0027090374227960456,0.4,0.5027515102916068,0.002751510291606807,29.049999999999997
mixer_nano,3,3,0.5,logistic,same,-1.0749999999999982,-0.0018994400320754279,0.399,0.5035611076823274,0.0035611076823274246,29.15
mixer_nano,3,3,0.6,confidence,same,0.0,0.0,0.49275,0.6063176995814881,0.00631769958148809,19.775
mixer_nano,3,3,0.6,margin,same,-0.42500000000000315,0.0046084774548715846,0.4885,0.6109261770363597,0.010926177036359674,20.200000000000003
mixer_nano,3,3,0.6,logistic,same,-1.9750000000000045,-0.001089842641354588,0.473,0.6052278569401335,0.005227856940133502,21.750000000000004
mixer_nano,3,3,0.7,confidence,same,0.0,0.0,0.56625,0.707922172116931,0.007922172116931026,12.424999999999997
mixer_nano,3,3,0.7,margin,same,-0.5000000000000004,0.00024910688945245507,0.56125,0.7081712790063834,0.00817127900638348,12.924999999999997
mixer_nano,3,3,0.7,logistic,same,-2.4249999999999994,-0.0022108236438910245,0.542,0.70571134847304,0.005711348473040001,14.849999999999996
mixer_nano,3,3,0.8,confidence,same,0.0,0.0,0.60575,0.8033923874996057,0.003392387499605687,8.475
mixer_nano,3,3,0.8,margin,same,-0.024999999999997247,0.004390508926600423,0.6055,0.8077828964262062,0.0077828964262061096,8.499999999999996
mixer_nano,3,3,0.8,logistic,same,-1.3000000000000012,0.004826445983142413,0.59275,0.8082188334827481,0.0082188334827481,9.775
mixer_nano,3,3,0.9,confidence,same,0.0,0.0,0.61075,0.9001704140519061,0.00017041405190609815,7.974999999999999
mixer_nano,3,3,0.9,margin,same,0.024999999999997247,-0.0002802452506338593,0.611,0.8998901688012723,-0.00010983119872776115,7.950000000000001
mixer_nano,3,3,0.9,logistic,same,-0.15000000000000568,0.0008095973907207288,0.60925,0.9009800114426268,0.000980011442626827,8.125000000000004
mixer_nano,3,3,0.95,confidence,same,0.0,0.0,0.6105,0.950801389333129,0.0008013893331290101,7.9999999999999964
mixer_nano,3,3,0.95,margin,same,0.0,0.00018683016708942457,0.6105,0.9509882195002184,0.0009882195002184346,7.9999999999999964
mixer_nano,3,3,0.95,logistic,same,-0.050000000000005596,0.002273100366254388,0.61,0.9530744896993834,0.003074489699383398,8.05
mobilenetv2,1,1,0.4,confidence,same,0.0,0.0,0.36925,0.4045360097701884,0.004536009770188365,31.860397235998168
mobilenetv2,1,1,0.4,margin,same,1.3999999999999957,-0.00328319561009921,0.38325,0.4012528141600892,0.0012528141600891551,30.035771582723658
mobilenetv2,1,1,0.4,logistic,same,0.47499999999999765,0.0013298452084810064,0.374,0.4058658549786694,0.0058658549786693714,31.55739015310254
mobilenetv2,1,1,0.5,confidence,same,0.0,0.0,0.45975,0.5067933555744126,0.0067933555744126295,30.700000000000006
mobilenetv2,1,1,0.5,margin,same,0.8250000000000035,-0.009521740994106409,0.468,0.4972716145803062,-0.0027283854196937796,29.875
mobilenetv2,1,1,0.5,logistic,same,0.7000000000000006,-0.004685351328652554,0.46675,0.5021080042457601,0.0021080042457600756,30.000000000000004
mobilenetv2,1,1,0.6,confidence,same,0.0,0.0,0.53075,0.6009363709939903,0.0009363709939903542,23.599999999999998
mobilenetv2,1,1,0.6,margin,same,0.924999999999998,-0.00568054215536995,0.54,0.5952558288386204,-0.004744171161379596,22.675
mobilenetv2,1,1,0.6,logistic,same,0.49999999999998934,-0.0035949087931697044,0.53575,0.5973414622008206,-0.00265853779917935,23.10000000000001
mobilenetv2,1,1,0.7,confidence,same,0.0,0.0,0.6,0.6986987533710347,-0.001301246628965247,16.675000000000008
mobilenetv2,1,1,0.7,margin,same,0.4750000000000032,0.0012423276267915506,0.60475,0.6999410809978263,-5.891900217369628e-05,16.200000000000003
mobilenetv2,1,1,0.7,logistic,same,0.4750000000000032,-0.002039226056935517,0.60475,0.6966595273140992,-0.003340472685900764,16.200000000000003
mobilenetv2,1,1,0.8,confidence,same,0.0,0.0,0.65,0.7942903924785243,-0.005709607521475757,11.675000000000002
mobilenetv2,1,1,0.8,margin,same,0.5000000000000004,0.000532676151091982,0.655,0.7948230686296163,-0.005176931370383775,11.175
mobilenetv2,1,1,0.8,logistic,same,0.40000000000000036,0.001003214833714905,0.654,0.7952936073122392,-0.004706392687760852,11.275000000000002
mobilenetv2,1,1,0.9,confidence,same,0.0,0.0,0.688,0.8991928002981622,-0.0008071997018378463,7.87500000000001
mobilenetv2,1,1,0.9,margin,same,-0.14999999999999458,-0.00476469269822255,0.6865,0.8944281075999396,-0.005571892400060396,8.025000000000004
mobilenetv2,1,1,0.9,logistic,same,-0.19999999999998908,-0.004912223415323047,0.686,0.8942805768828391,-0.005719423117160893,8.075
mobilenetv2,1,1,0.95,confidence,same,0.0,0.0,0.69575,0.9547706726521906,0.004770672652190666,7.100000000000007
mobilenetv2,1,1,0.95,margin,same,0.0,-0.0009359932056214326,0.69575,0.9538346794465692,0.0038346794465692335,7.100000000000007
mobilenetv2,1,1,0.95,logistic,same,0.0,-0.0009011607547629863,0.69575,0.9538695118974276,0.00386951189742768,7.100000000000007
mobilenetv2,2,1,0.4,logistic,transfer,0.599999999999995,0.0015278273826822009,0.37525,0.4060638371528706,0.006063837152870566,31.457995788599348
mobilenetv2,2,1,0.5,logistic,transfer,0.7750000000000035,-0.0033007584101503173,0.4675,0.5034925971642623,0.003492597164262312,29.925
mobilenetv2,2,1,0.6,logistic,transfer,0.824999999999998,-0.0029660887715485806,0.539,0.5979702822224418,-0.0020297177775582265,22.775000000000002
mobilenetv2,2,1,0.7,logistic,transfer,0.5750000000000033,0.00033647757390120603,0.60575,0.6990352309449359,-0.0009647690550640409,16.1
mobilenetv2,2,1,0.8,logistic,transfer,0.5000000000000004,0.0021012701680866996,0.655,0.796391662646611,-0.0036083373533890573,11.175
mobilenetv2,2,1,0.9,logistic,transfer,-0.2749999999999919,-0.004178447972729482,0.68525,0.8950143523254327,-0.004985647674567328,8.150000000000002
mobilenetv2,2,1,0.95,logistic,transfer,0.024999999999997247,-0.0013649032425866459,0.696,0.953405769409604,0.0034057694096040203,7.075000000000009
mobilenetv2,3,1,0.4,logistic,transfer,0.47499999999999765,-0.0008708472340079876,0.374,0.4036651625361804,0.0036651625361803775,31.272767920064194
mobilenetv2,3,1,0.5,logistic,transfer,0.1250000000000029,-0.005478590297232189,0.461,0.5013147652771804,0.0013147652771804408,30.575000000000003
mobilenetv2,3,1,0.6,logistic,transfer,0.6999999999999895,-0.00533586947993081,0.53775,0.5956005015140595,-0.004399498485940456,22.90000000000001
mobilenetv2,3,1,0.7,logistic,transfer,0.3249999999999975,-0.002364354359677745,0.60325,0.696334399011357,-0.003665600988642992,16.35000000000001
mobilenetv2,3,1,0.8,logistic,transfer,0.5750000000000033,0.0024529453688958425,0.65575,0.7967433378474201,-0.0032566621525799144,11.099999999999998
mobilenetv2,3,1,0.9,logistic,transfer,-0.19999999999998908,-0.0031128228637520294,0.686,0.8960799774344101,-0.003920022565589876,8.075
mobilenetv2,3,1,0.95,logistic,transfer,0.050000000000005596,0.00026258471177642573,0.69625,0.955033257363967,0.005033257363967092,7.050000000000001
mobilenetv2,1,2,0.4,logistic,transfer,0.3249999999999975,-0.0011378469840864214,0.3675,0.402024394957397,0.00202439495739698,31.63129783867385
mobilenetv2,1,2,0.5,logistic,transfer,0.6000000000000005,0.0011482445191625112,0.4505,0.502620932962907,0.0026209329629069966,31.374999999999996
mobilenetv2,1,2,0.6,logistic,transfer,1.0750000000000037,0.004167402385297669,0.53925,0.607010527218199,0.0070105272181990586,22.499999999999996
mobilenetv2,1,2,0.7,logistic,transfer,0.5750000000000033,-0.0004389417711881949,0.6035,0.6959355609285457,-0.004064439071454262,16.074999999999996
mobilenetv2,1,2,0.8,logistic,transfer,0.4249999999999976,0.003768413913655011,0.65325,0.7996701664157765,-0.00032983358422356,11.099999999999998
mobilenetv2,1,2,0.9,logistic,transfer,0.15000000000000568,-0.0010430137485903934,0.68425,0.9031005570925408,0.0031005570925407566,7.9999999999999964
mobilenetv2,1,2,0.95,logistic,transfer,0.0,-0.002005449960477579,0.68925,0.9556060953247236,0.00560609532472367,7.499999999999996
mobilenetv2,2,2,0.4,confidence,same,0.0,0.0,0.36425,0.4031622419414834,0.0031622419414834013,32.10345904267214
mobilenetv2,2,2,0.4,margin,same,0.6249999999999978,-0.004577183980029542,0.3705,0.3985850579614539,-0.0014149420385461409,30.88647794605423
mobilenetv2,2,2,0.4,logistic,same,0.7249999999999979,0.0006450144286097026,0.3715,0.4038072563700931,0.003807256370093104,31.461880716445517
mobilenetv2,2,2,0.5,confidence,same,0.0,0.0,0.4445,0.5014726884437445,0.0014726884437444854,31.974999999999998
mobilenetv2,2,2,0.5,margin,same,1.050000000000001,0.00015576614028145475,0.455,0.5016284545840259,0.0016284545840259401,30.924999999999997
mobilenetv2,2,2,0.5,logistic,same,0.6749999999999978,0.0018809138410033066,0.45125,0.5033536022847478,0.003353602284747792,31.3
mobilenetv2,2,2,0.6,confidence,same,0.0,0.0,0.5285,0.6028431248329014,0.002843124832901389,23.575000000000003
mobilenetv2,2,2,0.6,margin,same,0.5249999999999977,0.002012633751612869,0.53375,0.6048557585845142,0.004855758584514258,23.050000000000004
mobilenetv2,2,2,0.6,logistic,same,0.6249999999999978,0.003282051347251347,0.53475,0.6061251761801527,0.006125176180152736,22.950000000000003
mobilenetv2,2,2,0.7,confidence,same,0.0,0.0,0.59775,0.6963745026997339,-0.0036254973002660673,16.65
mobilenetv2,2,2,0.7,margin,same,0.649999999999995,0.005955518688899986,0.60425,0.7023300213886339,0.0023300213886339183,16.000000000000004
mobilenetv2,2,2,0.7,logistic,same,0.9000000000000008,0.004963566307670919,0.60675,0.7013380690074048,0.0013380690074048518,15.749999999999996
mobilenetv2,2,2,0.8,confidence,same,0.0,0.0,0.649,0.7959017525021215,-0.004098247497878571,11.524999999999997
mobilenetv2,2,2,0.8,margin,same,0.6000000000000005,0.003724735402838686,0.655,0.7996264879049602,-0.00037351209503988514,10.924999999999995
mobilenetv2,2,2,0.8,logistic,same,0.24999999999999467,0.003423610465319027,0.6515,0.7993253629674405,-0.0006746370325595441,11.275000000000002
mobilenetv2,2,2,0.9,confidence,same,0.0,0.0,0.68275,0.9041435708411312,0.00414357084113115,8.150000000000002
mobilenetv2,2,2,0.9,margin,same,0.275000000000003,0.00012948187778283327,0.6855,0.904273052718914,0.004273052718913983,7.874999999999998
mobilenetv2,2,2,0.9,logistic,same,0.10000000000000009,-0.00023860314203671962,0.68375,0.9039049676990945,0.0039049676990944304,8.05
mobilenetv2,2,2,0.95,confidence,same,0.0,0.0,0.68925,0.9576115452852012,0.007611545285201249,7.499999999999996
mobilenetv2,2,2,0.95,margin,same,0.024999999999997247,-0.0025009357527288056,0.6895,0.9551106095324724,0.005110609532472443,7.474999999999998
mobilenetv2,2,2,0.95,logistic,same,-0.07500000000000284,-0.003578659534215989,0.6885,0.9540328857509852,0.00403288575098526,7.574999999999998
mobilenetv2,3,2,0.4,logistic,transfer,0.4500000000000004,-0.0024704525904657437,0.36875,0.4006917893510177,0.0006917893510176576,31.333947910931027
mobilenetv2,3,2,0.5,logistic,transfer,0.7500000000000007,0.004261294782451963,0.452,0.5057339832261964,0.0057339832261964485,31.224999999999998
mobilenetv2,3,2,0.6,logistic,transfer,0.8500000000000063,0.0025321101950548375,0.537,0.6053752350279562,0.005375235027956227,22.724999999999994
mobilenetv2,3,2,0.7,logistic,transfer,0.9000000000000008,0.005220414811628826,0.60675,0.7015949175113627,0.001594917511362759,15.749999999999996
mobilenetv2,3,2,0.8,logistic,transfer,0.3249999999999975,0.003564791068501716,0.65225,0.7994665435706232,-0.0005334564293768551,11.2
mobilenetv2,3,2,0.9,logistic,transfer,0.07500000000000284,-0.00020341215548602687,0.6835,0.9039401586856451,0.003940158685645123,8.075
mobilenetv2,3,2,0.95,logistic,transfer,-0.02500000000000835,-0.0027948946987575995,0.689,0.9548166505864436,0.004816650586443649,7.525000000000004
mobilenetv2,1,3,0.4,logistic,transfer,0.17500000000000293,-0.0007268012513513278,0.35875,0.4033907584973322,0.003390758497332169,31.83553897847694
mobilenetv2,1,3,0.5,logistic,transfer,0.824999999999998,0.000753068077463892,0.45175,0.5017827676921198,0.0017827676921198243,31.225
mobilenetv2,1,3,0.6,logistic,transfer,0.7000000000000006,3.962999988382787e-05,0.52975,0.5992754418670883,-0.0007245581329117234,23.424999999999997
mobilenetv2,1,3,0.7,logistic,transfer,1.0000000000000009,0.0021681510601322396,0.601,0.6971843135004128,-0.002815686499587189,16.300000000000004
mobilenetv2,1,3,0.8,logistic,transfer,0.5749999999999922,0.0019497051071175608,0.6565,0.8028562032123636,0.0028562032123635728,10.750000000000004
mobilenetv2,1,3,0.9,logistic,transfer,0.04999999999999449,-0.002501708039336581,0.693,0.9011360121676916,0.001136012167691547,7.100000000000007
mobilenetv2,1,3,0.95,logistic,transfer,0.07499999999999174,-0.0003833011728877622,0.699,0.9540565233153544,0.004056523315354443,6.500000000000005
mobilenetv2,2,3,0.4,logistic,transfer,0.20000000000000018,-0.00033899749497251497,0.359,0.403778562253711,0.003778562253710982,31.86069481533543
mobilenetv2,2,3,0.5,logistic,transfer,1.3000000000000012,0.0034523063979912116,0.4565,0.5044820060126471,0.004482006012647144,30.75
mobilenetv2,2,3,0.6,logistic,transfer,0.5000000000000004,0.00013427325142123525,0.52775,0.5993700851186257,-0.0006299148813743161,23.624999999999996
mobilenetv2,2,3,0.7,logistic,transfer,0.824999999999998,0.0021172030292815336,0.59925,0.6971333654695621,-0.002866634530437895,16.475000000000005
mobilenetv2,2,3,0.8,logistic,transfer,0.5000000000000004,-0.001602575354249236,0.65575,0.7993039227509968,-0.0006960772490032241,10.824999999999996
mobilenetv2,2,3,0.9,logistic,transfer,0.0,-0.0027327107332582035,0.6925,0.90090500947377,0.0009050094737699244,7.15
mobilenetv2,2,3,0.95,logistic,transfer,0.07499999999999174,-0.00048026055773198184,0.699,0.9539595639305102,0.003959563930510224,6.500000000000005
mobilenetv2,3,3,0.4,confidence,same,0.0,0.0,0.357,0.4041175597486835,0.004117559748683497,32.104538390271486
mobilenetv2,3,3,0.4,margin,same,0.15000000000000013,-0.0038083065491067436,0.3585,0.4003092531995768,0.00030925319957675335,31.461998545460006
mobilenetv2,3,3,0.4,logistic,same,0.40000000000000036,0.001143280597951768,0.361,0.4052608403466353,0.005260840346635265,31.852402340042886
mobilenetv2,3,3,0.5,confidence,same,0.0,0.0,0.4435,0.5010296996146559,0.0010296996146559323,32.05
mobilenetv2,3,3,0.5,margin,same,0.8000000000000007,-0.0015787499854698073,0.4515,0.4994509496291861,-0.000549050370813875,31.25
mobilenetv2,3,3,0.5,logistic,same,0.9749999999999981,0.0029504316232112915,0.45325,0.5039801312378672,0.003980131237867224,31.075000000000003
mobilenetv2,3,3,0.6,confidence,same,0.0,0.0,0.52275,0.5992358118672044,-0.0007641881327955513,24.124999999999996
mobilenetv2,3,3,0.6,margin,same,1.0249999999999981,-0.0006062151998789123,0.533,0.5986295966673255,-0.0013704033326744636,23.099999999999998
mobilenetv2,3,3,0.6,logistic,same,0.5749999999999922,-0.002931043088216345,0.5285,0.5963047687789881,-0.0036952312210118965,23.550000000000004
mobilenetv2,3,3,0.7,confidence,same,0.0,0.0,0.591,0.6950161624402805,-0.0049838375597194284,17.300000000000004
mobilenetv2,3,3,0.7,margin,same,1.3500000000000068,0.006569509790530725,0.6045,0.7015856722308113,0.001585672230811297,15.949999999999998
mobilenetv2,3,3,0.7,logistic,same,1.200000000000001,0.003009167906587229,0.603,0.6980253303468678,-0.0019746696531321994,16.1
mobilenetv2,3,3,0.8,confidence,same,0.0,0.0,0.65075,0.8009064981052461,0.0009064981052460119,11.324999999999996
mobilenetv2,3,3,0.8,margin,same,0.8499999999999952,-0.0010375554331779613,0.65925,0.7998689426720681,-0.00013105732793194935,10.475000000000001
mobilenetv2,3,3,0.8,logistic,same,0.4249999999999976,9.684822788191827e-05,0.655,0.801003346333128,0.0010033463331279302,10.899999999999999
mobilenetv2,3,3,0.9,confidence,same,0.0,0.0,0.6925,0.9036377202070282,0.003637720207028128,7.15
mobilenetv2,3,3,0.9,margin,same,0.0,-0.0034871297673987334,0.6925,0.9001505904396294,0.00015059043962939445,7.15
mobilenetv2,3,3,0.9,logistic,same,-0.050000000000005596,-0.002375596832971172,0.692,0.901262123374057,0.001262123374056956,7.200000000000006
mobilenetv2,3,3,0.95,confidence,same,0.0,0.0,0.69825,0.9544398244882422,0.0044398244882422055,6.5749999999999975
mobilenetv2,3,3,0.95,margin,same,0.07499999999999174,-0.00046229454124879776,0.699,0.9539775299469934,0.003977529946993408,6.500000000000005
mobilenetv2,3,3,0.95,logistic,same,0.04999999999999449,-0.0013120165035397369,0.69875,0.9531278079847024,0.0031278079847024687,6.525000000000003
resnet110,1,1,0.4,confidence,same,0.0,0.0,0.2235,0.3986293804208561,-0.0013706195791439169,34.25019664936391
resnet110,1,1,0.4,margin,same,1.050000000000001,-0.0012836007125168192,0.234,0.3973457797083393,-0.002654220291660736,32.98196627228624
resnet110,1,1,0.4,logistic,same,0.2500000000000002,0.00012661083549320162,0.226,0.3987559912563493,-0.0012440087436507152,34.02172229211431
resnet110,1,1,0.5,confidence,same,0.0,0.0,0.3165,0.5006642753888455,0.0006642753888455033,38.93797251316368
resnet110,1,1,0.5,margin,same,0.5749999999999977,0.0001515514506683635,0.32225,0.5008158268395139,0.0008158268395138668,38.38207845873819
resnet110,1,1,0.5,logistic,same,0.17499999999999738,-0.00040196890146415587,0.31825,0.5002623064873813,0.00026230648738134743,38.71229668049992
resnet110,1,1,0.6,confidence,same,0.0,0.0,0.42675,0.6095076147954929,0.009507614795492891,36.449999999999996
resnet110,1,1,0.6,margin,same,-0.1250000000000029,-0.007616781307103415,0.4255,0.6018908334883895,0.0018908334883894762,36.575
resnet110,1,1,0.6,logistic,same,0.8000000000000007,-0.0024825396227484697,0.43475,0.6070250751727444,0.007025075172744422,35.65
resnet110,1,1,0.7,confidence,same,0.0,0.0,0.5305,0.705771034527131,0.005771034527131014,26.075000000000003
resnet110,1,1,0.7,margin,same,0.12499999999999734,-0.005589850390185336,0.53175,0.7001811841369456,0.00018118413694567792,25.950000000000006
resnet110,1,1,0.7,logistic,same,0.40000000000000036,-0.004088855144510739,0.5345,0.7016821793826202,0.0016821793826202747,25.675000000000004
resnet110,1,1,0.8,confidence,same,0.0,0.0,0.6285,0.8016497618792403,0.0016497618792402635,16.275000000000006
resnet110,1,1,0.8,margin,same,0.550000000000006,-0.002865716159750953,0.634,0.7987840457194894,-0.0012159542805106893,15.725
resnet110,1,1,0.8,logistic,same,0.45000000000000595,-0.002534927453940683,0.633,0.7991148344252996,-0.0008851655747004195,15.825
resnet110,1,1,0.9,confidence,same,0.0,0.0,0.713,0.9022994839410692,0.002299483941069158,7.825000000000005
resnet110,1,1,0.9,margin,same,-0.10000000000000009,0.0002603316701874636,0.712,0.9025598156112566,0.0025598156112566217,7.925000000000004
resnet110,1,1,0.9,logistic,same,-0.10000000000000009,-0.0005505260196035922,0.712,0.9017489579214656,0.001748957921465566,7.925000000000004
resnet110,1,1,0.95,confidence,same,0.0,0.0,0.72725,0.950915381680856,0.0009153816808560311,6.400000000000006
resnet110,1,1,0.95,margin,same,0.15000000000000568,0.000794728351716012,0.72875,0.951710110032572,0.001710110032572043,6.25
resnet110,1,1,0.95,logistic,same,0.07500000000000284,-0.0004417015585167494,0.728,0.9504736801223392,0.0004736801223392817,6.325000000000003
resnet110,2,1,0.4,logistic,transfer,0.6500000000000006,0.0010902155727287033,0.23,0.3997195959935848,-0.00028040400641521357,33.785548802266675
resnet110,2,1,0.5,logistic,transfer,0.5000000000000004,-0.0010270887329114076,0.3215,0.4996371866559341,-0.00036281334406590426,38.308488424791996
resnet110,2,1,0.6,logistic,transfer,0.7000000000000006,-0.0008530468915116662,0.43375,0.6086545679039812,0.008654567903981225,35.75
resnet110,2,1,0.7,logistic,transfer,0.0,-0.0059005478622981,0.5305,0.6998704866648329,-0.0001295133351670863,26.075000000000003
resnet110,2,1,0.8,logistic,transfer,0.22500000000000853,-0.003754797176427349,0.63075,0.797894964702813,-0.0021050352971870856,16.049999999999997
resnet110,2,1,0.9,logistic,transfer,-0.07499999999999174,4.441613265004918e-05,0.71225,0.9023439000737192,0.0023439000737192073,7.899999999999996
resnet110,2,1,0.95,logistic,transfer,0.10000000000000009,0.001619451601747035,0.72825,0.952534833282603,0.002534833282603066,6.300000000000006
resnet110,3,1,0.4,logistic,transfer,0.2250000000000002,0.0006680416735346806,0.22575,0.3992974220943908,-0.0007025779056092363,34.138773235055574
resnet110,3,1,0.5,logistic,transfer,-0.07500000000000284,-0.00020607349510415318,0.31575,0.5004582018937414,0.0004582018937413501,38.986993025904106
resnet110,3,1,0.6,logistic,transfer,0.47499999999999765,-0.0009447096691338475,0.4315,0.608562905126359,0.008562905126359044,35.975
resnet110,3,1,0.7,logistic,transfer,0.17500000000000293,-0.004177900717370675,0.53225,0.7015931338097603,0.0015931338097603387,25.900000000000002
resnet110,3,1,0.8,logistic,transfer,0.45000000000000595,-0.003144876535688068,0.633,0.7985048853435522,-0.0014951146564478046,15.825
resnet110,3,1,0.9,logistic,transfer,-0.04999999999999449,-0.0008823786719235338,0.7125,0.9014171052691456,0.0014171052691456243,7.874999999999998
resnet110,3,1,0.95,logistic,transfer,0.10000000000000009,-0.0014492183905371325,0.72825,0.9494661632903189,-0.0005338367096811014,6.300000000000006
resnet110,1,2,0.4,logistic,transfer,0.4250000000000004,-0.0012304049038870946,0.23175,0.3972000778778002,-0.002799922122199816,33.75603873974203
resnet110,1,2,0.5,logistic,transfer,1.100000000000001,6.397697314863837e-05,0.326,0.5003259553144994,0.0003259553144994154,37.672943283918876
resnet110,1,2,0.6,logistic,transfer,1.8500000000000016,-0.0020072820989008866,0.41675,0.5998989928343829,-0.00010100716561711742,38.425000000000004
resnet110,1,2,0.7,logistic,transfer,1.0249999999999981,-0.002461526647581258,0.5155,0.6996183442352985,-0.0003816557647015051,28.550000000000008
resnet110,1,2,0.8,logistic,transfer,1.5000000000000013,0.0030580352673554856,0.628,0.8091677003814381,0.009167700381438104,17.300000000000004
resnet110,1,2,0.9,logistic,transfer,0.04999999999999449,-0.004029928788771953,0.705,0.9015132966768769,0.0015132966768768297,9.600000000000009
resnet110,1,2,0.95,logistic,transfer,-0.024999999999997247,-0.0009894618480940087,0.72775,0.9514299678730376,0.0014299678730376186,7.325000000000004
resnet110,2,2,0.4,confidence,same,0.0,0.0,0.2275,0.3984304827816873,-0.0015695172183127215,34.39022507277778
resnet110,2,2,0.4,margin,same,1.5749999999999986,0.0006797682803630911,0.24325,0.3991102510620504,-0.0008897489379496304,32.9307953484114
resnet110,2,2,0.4,logistic,same,0.9749999999999981,-0.002767171985430028,0.23725,0.3956633107962573,-0.00433668920374275,32.94476647928334
resnet110,2,2,0.5,confidence,same,0.0,0.0,0.315,0.5002619783413508,0.000261978341350777,38.76487776846779
resnet110,2,2,0.5,margin,same,0.824999999999998,-0.0018429696103404725,0.32325,0.4984190087310103,-0.0015809912689896954,37.70753636285697
resnet110,2,2,0.5,logistic,same,0.8500000000000008,-0.0027725833612265993,0.3235,0.4974893949801242,-0.0025106050198758223,37.565340851686216
resnet110,2,2,0.6,confidence,same,0.0,0.0,0.39825,0.6019062749332837,0.0019062749332837692,40.275000000000006
resnet110,2,2,0.6,margin,same,1.2749999999999984,-0.004625742626321094,0.411,0.5972805323069627,-0.002719467693037325,39.00000000000001
resnet110,2,2,0.6,logistic,same,2.024999999999999,0.0001405000965729597,0.4185,0.6020467750298567,0.002046775029856729,38.25000000000001
resnet110,2,2,0.7,confidence,same,0.0,0.0,0.50525,0.7020798708828797,0.002079870882879753,29.575000000000006
resnet110,2,2,0.7,margin,same,1.3000000000000012,-0.0015353033176624953,0.51825,0.7005445675652172,0.0005445675652172577,28.275000000000006
resnet110,2,2,0.7,logistic,same,1.4000000000000012,0.0029180239769074356,0.51925,0.7049978948597871,0.004997894859787189,28.175000000000004
resnet110,2,2,0.8,confidence,same,0.0,0.0,0.613,0.8061096651140827,0.006109665114082619,18.800000000000004
resnet110,2,2,0.8,margin,same,1.100000000000001,0.0018672560823308482,0.624,0.8079769211964135,0.007976921196413467,17.700000000000003
resnet110,2,2,0.8,logistic,same,1.6000000000000014,0.0034805246721321126,0.629,0.8095901897862148,0.009590189786214731,17.200000000000003
resnet110,2,2,0.9,confidence,same,0.0,0.0,0.7045,0.9055432254656488,0.005543225465648782,9.650000000000002
resnet110,2,2,0.9,margin,same,0.07500000000000284,-0.0025014278650079547,0.70525,0.9030417976006408,0.0030417976006408276,9.575
resnet110,2,2,0.9,logistic,same,-0.050000000000005596,-0.0036006991178988423,0.704,0.90194252634775,0.00194252634774994,9.700000000000008
resnet110,2,2,0.95,confidence,same,0.0,0.0,0.728,0.9524194297211316,0.0024194297211316274,7.300000000000006
resnet110,2,2,0.95,margin,same,0.10000000000000009,0.0010204922519108095,0.729,0.9534399219730424,0.003439921973042437,7.200000000000006
resnet110,2,2,0.95,logistic,same,0.024999999999997247,4.394578157917994e-05,0.72825,0.9524633755027108,0.0024633755027108073,7.275000000000009
resnet110,3,2,0.4,logistic,transfer,0.4750000000000004,0.0032382247906490025,0.23225,0.4016687075723363,0.001668707572336281,34.46576934268546
resnet110,3,2,0.5,logistic,transfer,0.3500000000000003,-0.001969140115826995,0.3185,0.4982928382255238,-0.001707161774476218,38.16663016862193
resnet110,3,2,0.6,logistic,transfer,1.2749999999999984,-0.001990153596612032,0.411,0.5999161213366717,-8.387866332826288e-05,39.00000000000001
resnet110,3,2,0.7,logistic,transfer,0.6750000000000034,-0.0011966092756620084,0.512,0.7008832616072177,0.0008832616072177446,28.900000000000002
resnet110,3,2,0.8,logistic,transfer,1.3499999999999956,0.0009445037562354486,0.6265,0.8070541688703181,0.007054168870318067,17.45000000000001
resnet110,3,2,0.9,logistic,transfer,-0.12499999999999734,-0.0048003069606396,0.70325,0.9007429185050092,0.0007429185050091824,9.775
resnet110,3,2,0.95,logistic,transfer,0.024999999999997247,-0.00017654262763577844,0.72825,0.9522428870934958,0.002242887093495849,7.275000000000009
resnet110,1,3,0.4,logistic,transfer,-0.5000000000000004,-0.0006822295651989774,0.17975,0.4002469469525902,0.00024694695259019905,35.53022528983244
resnet110,1,3,0.5,logistic,transfer,0.4500000000000004,0.001750400386191009,0.27425,0.4989252318763784,-0.0010747681236216167,39.9860220403358
resnet110,1,3,0.6,logistic,transfer,1.8249999999999988,0.006525613466223268,0.39125,0.6068986676588576,0.006898667658857605,40.87500000000001
resnet110,1,3,0.7,logistic,transfer,1.2249999999999983,-0.0009469939876973754,0.505,0.7063184630049479,0.006318463004947983,29.500000000000004
resnet110,1,3,0.8,logistic,transfer,0.30000000000000027,-0.003667259040195603,0.6115,0.8009049474334329,0.0009049474334328345,18.85
resnet110,1,3,0.9,logistic,transfer,0.5000000000000004,0.003275179077227075,0.70375,0.9034270941303828,0.0034270941303827795,9.625000000000005
resnet110,1,3,0.95,logistic,transfer,0.0,-0.0005980439285907524,0.72675,0.9491684680990484,-0.0008315319009515321,7.325000000000004
resnet110,2,3,0.4,logistic,transfer,0.6750000000000006,-0.004799820303390989,0.1915,0.3961293562143982,-0.0038706437856018128,33.655176302102255
resnet110,2,3,0.5,logistic,transfer,1.5249999999999986,0.0017281896653721374,0.285,0.4989030211555595,-0.0010969788444404882,38.90822195613162
resnet110,2,3,0.6,logistic,transfer,2.0000000000000018,0.006643356648218357,0.393,0.6070164108408527,0.007016410840852694,40.7
resnet110,2,3,0.7,logistic,transfer,1.0499999999999954,-0.00127216641604877,0.50325,0.7059932905765965,0.005993290576596588,29.675000000000008
resnet110,2,3,0.8,logistic,transfer,0.20000000000000018,-0.0038712678445204096,0.6105,0.8007009386291081,0.0007009386291080277,18.95
resnet110,2,3,0.9,logistic,transfer,0.4750000000000032,0.0015028687496776438,0.7035,0.9016547838028334,0.0016547838028333484,9.650000000000002
resnet110,2,3,0.95,logistic,transfer,0.04999999999999449,0.00018426783744163178,0.72725,0.9499507798650808,-4.9220134919147895e-05,7.275000000000009
resnet110,3,3,0.4,confidence,same,0.0,0.0,0.18475,0.4009291765177892,0.0009291765177891764,35.14621401889367
resnet110,3,3,0.4,margin,same,0.8750000000000008,-0.00330853962123151,0.1935,0.3976206368965577,-0.0023793631034423335,33.70871522773762
resnet110,3,3,0.4,logistic,same,-0.27500000000000024,-0.0033193049851903966,0.182,0.3976098715325988,-0.00239012846740122,34.856884962754734
resnet110,3,3,0.5,confidence,same,0.0,0.0,0.26975,0.4971748314901874,-0.0028251685098126256,40.21535074775045
resnet110,3,3,0.5,margin,same,2.2500000000000018,0.00861351804904309,0.29225,0.5057883495392305,0.005788349539230464,39.05124868092318
resnet110,3,3,0.5,logistic,same,0.4750000000000032,0.0013752634901390004,0.2745,0.4985500949803264,-0.0014499050196736252,39.913728892778614
resnet110,3,3,0.6,confidence,same,0.0,0.0,0.373,0.6003730541926343,0.0003730541926343367,42.7
resnet110,3,3,0.6,margin,same,2.8000000000000025,0.008377102043303108,0.401,0.6087501562359374,0.008750156235937445,39.900000000000006
resnet110,3,3,0.6,logistic,same,1.3500000000000012,0.004359907431471077,0.3865,0.6047329616241054,0.004732961624105414,41.35
resnet110,3,3,0.7,confidence,same,0.0,0.0,0.49275,0.7072654569926453,0.007265456992645358,30.725
resnet110,3,3,0.7,margin,same,2.0000000000000018,-0.0005427254727273789,0.51275,0.7067227315199179,0.006722731519917979,28.725
resnet110,3,3,0.7,logistic,same,0.8749999999999925,-0.0012151930727311022,0.5015,0.7060502639199142,0.006050263919914256,29.85000000000001
resnet110,3,3,0.8,confidence,same,0.0,0.0,0.6085,0.8045722064736285,0.004572206473628437,19.15
resnet110,3,3,0.8,margin,same,0.22499999999999742,-0.00554618219284464,0.61075,0.7990260242807838,-0.0009739757192162024,18.925000000000004
resnet110,3,3,0.8,logistic,same,0.17499999999999183,-0.003584420180121173,0.61025,0.8009877862935073,0.0009877862935072645,18.97500000000001
resnet110,3,3,0.9,confidence,same,0.0,0.0,0.69875,0.9001519150531557,0.00015191505315570453,10.125000000000007
resnet110,3,3,0.9,margin,same,0.6500000000000061,0.0024939280975923017,0.70525,0.902645843150748,0.0026458431507480062,9.475
resnet110,3,3,0.9,logistic,same,0.45000000000000595,0.0019264584422519215,0.70325,0.9020783734954076,0.002078373495407626,9.675
resnet110,3,3,0.95,confidence,same,0.0,0.0,0.72675,0.9497665120276392,-0.00023348797236077967,7.325000000000004
resnet110,3,3,0.95,margin,same,0.024999999999997247,6.107902403607035e-05,0.727,0.9498275910516752,-0.00017240894832470932,7.300000000000006
resnet110,3,3,0.95,logistic,same,0.0,-0.001026714765256731,0.72675,0.9487397972623824,-0.0012602027376175107,7.325000000000004
resnet20,1,1,0.4,confidence,same,0.0,0.0,0.2275,0.403461595478805,0.0034615954788049796,31.54694944440639
resnet20,1,1,0.4,margin,same,0.4500000000000004,0.0036412810679277707,0.232,0.4071028765467328,0.00710287654673275,31.788247327703466
resnet20,1,1,0.4,logistic,same,0.3500000000000003,0.0001348350412985755,0.231,0.4035964305201036,0.003596430520103555,31.222547901901187
resnet20,1,1,0.5,confidence,same,0.0,0.0,0.31275,0.5048172056582355,0.004817205658235513,36.97518618006094
resnet20,1,1,0.5,margin,same,-0.12499999999999734,-0.0040745418597796235,0.3115,0.5007426637984559,0.0007426637984558893,36.56259611545646
resnet20,1,1,0.5,logistic,same,-0.24999999999999467,0.0003071346480693071,0.31025,0.5051243403063048,0.00512434030630482,37.26570914950879
resnet20,1,1,0.6,confidence,same,0.0,0.0,0.40175,0.6048755385734623,0.004875538573462346,36.7
resnet20,1,1,0.6,margin,same,0.8500000000000008,-0.001760348920344268,0.41025,0.6031151896531181,0.003115189653118078,35.85
resnet20,1,1,0.6,logistic,same,0.3500000000000003,-0.0003077551442779436,0.40525,0.6045677834291844,0.004567783429184402,36.35
resnet20,1,1,0.7,confidence,same,0.0,0.0,0.508,0.7076026593926585,0.007602659392658584,26.075000000000003
resnet20,1,1,0.7,margin,same,0.14999999999999458,-0.007252277373956506,0.5095,0.700350382018702,0.00035038201870207786,25.925000000000008
resnet20,1,1,0.7,logistic,same,0.34999999999999476,-0.0019884026397154475,0.5115,0.7056142567529431,0.005614256752943136,25.72500000000001
resnet20,1,1,0.8,confidence,same,0.0,0.0,0.60425,0.8051486646984304,0.005148664698430339,16.45000000000001
resnet20,1,1,0.8,margin,same,-0.12499999999999734,-0.0055838567504342684,0.603,0.7995648079479961,-0.00043519205200392985,16.575000000000006
resnet20,1,1,0.8,logistic,same,-0.024999999999997247,-0.004807104074030066,0.604,0.8003415606244003,0.00034156062440027224,16.475000000000005
resnet20,1,1,0.9,confidence,same,0.0,0.0,0.67325,0.9038410342021588,0.003841034202158755,9.550000000000002
resnet20,1,1,0.9,margin,same,-0.30000000000000027,-0.005668771832999964,0.67025,0.8981722623691588,-0.0018277376308412085,9.850000000000003
resnet20,1,1,0.9,logistic,same,-0.12499999999999734,-0.004426062957434751,0.672,0.899414971244724,-0.0005850287552759958,9.675
resnet20,1,1,0.95,confidence,same,0.0,0.0,0.69575,0.9572148429905488,0.007214842990548864,7.300000000000006
resnet20,1,1,0.95,margin,same,0.07500000000000284,0.0006453050818755468,0.6965,0.9578601480724244,0.007860148072424411,7.225000000000003
resnet20,1,1,0.95,logistic,same,0.07500000000000284,0.000398063408989624,0.6965,0.9576129063995384,0.007612906399538488,7.225000000000003
resnet20,2,1,0.4,logistic,transfer,-0.27500000000000024,-0.00028018520028338934,0.22475,0.4031814102785216,0.0031814102785215903,31.76875623238188
resnet20,2,1,0.5,logistic,transfer,-0.3999999999999948,-0.00044478210901288673,0.30875,0.5043724235492226,0.004372423549222626,37.31650217313504
resnet20,2,1,0.6,logistic,transfer,0.22500000000000298,0.0005848602060848362,0.404,0.6054603987795472,0.005460398779547182,36.475
resnet20,2,1,0.7,logistic,transfer,0.4750000000000032,-0.0022004206674233195,0.51275,0.7054022387252352,0.005402238725235264,25.6
resnet20,2,1,0.8,logistic,transfer,-0.30000000000000027,-0.004823276956895439,0.60125,0.8003253877415349,0.00032538774153489936,16.75000000000001
resnet20,2,1,0.9,logistic,transfer,-0.2500000000000058,-0.0054857513217392295,0.67075,0.8983552828804195,-0.0016447171195804744,9.800000000000008
resnet20,2,1,0.95,logistic,transfer,0.12499999999999734,0.00041740815244994955,0.697,0.9576322511429988,0.007632251142998814,7.17500000000001
resnet20,3,1,0.4,logistic,transfer,0.2500000000000002,9.91998225138846e-05,0.23,0.4035607953013189,0.0035607953013188642,31.315782549033024
resnet20,3,1,0.5,logistic,transfer,0.07500000000000284,-0.0003638099015985663,0.3135,0.504453395756637,0.004453395756636946,36.852185547048734
resnet20,3,1,0.6,logistic,transfer,0.40000000000000036,0.0007625561308005624,0.40575,0.6056380947042629,0.005638094704262908,36.300000000000004
resnet20,3,1,0.7,logistic,transfer,0.7000000000000006,-0.0006316800356227503,0.515,0.7069709793570358,0.006970979357035834,25.375000000000004
resnet20,3,1,0.8,logistic,transfer,-0.4749999999999921,-0.007333089655626623,0.5995,0.7978155750428038,-0.002184424957196285,16.925
resnet20,3,1,0.9,logistic,transfer,-0.3249999999999975,-0.005832339807712916,0.67,0.8980086943944459,-0.001991305605554161,9.875
resnet20,3,1,0.95,logistic,transfer,0.050000000000005596,-0.00034697066146538447,0.69625,0.9568678723290834,0.00686787232908348,7.250000000000001
resnet20,1,2,0.4,logistic,transfer,0.27500000000000024,0.002838996716818476,0.24425,0.399893423994506,-0.00010657600549401902,31.084192074940397
resnet20,1,2,0.5,logistic,transfer,0.27499999999999747,0.0031973809023574384,0.32825,0.5081204436841874,0.008120443684187406,37.38778100260031
resnet20,1,2,0.6,logistic,transfer,-0.050000000000000044,-0.002938170277016483,0.42675,0.6104023053609618,0.010402305360961872,34.074999999999996
resnet20,1,2,0.7,logistic,transfer,1.1749999999999927,0.0014160146818102959,0.53475,0.714644006861128,0.01464400686112799,23.275000000000002
resnet20,1,2,0.8,logistic,transfer,0.4250000000000087,0.001063905621860206,0.6225,0.811607069501847,0.011607069501846978,14.499999999999991
resnet20,1,2,0.9,logistic,transfer,0.0,-0.0008840307088786581,0.67725,0.9045849021473952,0.0045849021473951534,9.024999999999995
resnet20,1,2,0.95,logistic,transfer,-0.024999999999997247,-2.923270136545586e-05,0.69275,0.951595226765298,0.0015952267652979968,7.474999999999998
resnet20,2,2,0.4,confidence,same,0.0,0.0,0.2415,0.3970544272776875,-0.002945572722312495,30.820208023884728
resnet20,2,2,0.4,margin,same,1.0000000000000009,0.007029603901560877,0.2515,0.4040840311792484,0.004084031179248382,31.154779622976232
resnet20,2,2,0.4,logistic,same,0.17500000000000016,0.004778299409215481,0.24325,0.401832726686903,0.0018327266869029857,31.552369049284568
resnet20,2,2,0.5,confidence,same,0.0,0.0,0.3255,0.50492306278183,0.004923062781829968,37.24092248082862
resnet20,2,2,0.5,margin,same,1.5000000000000013,-0.0002975928039686826,0.3405,0.5046254699778613,0.004625469977861285,35.70165845060953
resnet20,2,2,0.5,logistic,same,0.15000000000000013,0.003569589257380046,0.327,0.50849265203921,0.008492652039210014,37.561889717275214
resnet20,2,2,0.6,confidence,same,0.0,0.0,0.42725,0.6133404756379783,0.013340475637978355,34.02499999999999
resnet20,2,2,0.6,margin,same,0.924999999999998,-0.002299502897478156,0.4365,0.6110409727405002,0.011040972740500199,33.099999999999994
resnet20,2,2,0.6,logistic,same,-0.1250000000000029,-0.003654520410915074,0.426,0.6096859552270633,0.009685955227063281,34.15
resnet20,2,2,0.7,confidence,same,0.0,0.0,0.523,0.7132279921793176,0.013227992179317694,24.449999999999996
resnet20,2,2,0.7,margin,same,1.3000000000000012,-0.001261772573048603,0.536,0.711966219606269,0.01196621960626909,23.14999999999999
resnet20,2,2,0.7,logistic,same,0.9499999999999953,0.0010244125864696807,0.5325,0.7142524047657873,0.014252404765787374,23.5
resnet20,2,2,0.8,confidence,same,0.0,0.0,0.61825,0.8105431638799868,0.010543163879986772,14.924999999999999
resnet20,2,2,0.8,margin,same,0.275000000000003,0.00014569980056311493,0.621,0.8106888636805499,0.010688863680549887,14.649999999999997
resnet20,2,2,0.8,logistic,same,-0.20000000000000018,-0.00032661971853065186,0.61625,0.8102165441614562,0.01021654416145612,15.125
resnet20,2,2,0.9,confidence,same,0.0,0.0,0.67725,0.9054689328562738,0.0054689328562738115,9.024999999999995
resnet20,2,2,0.9,margin,same,0.14999999999999458,0.00010834302817819275,0.67875,0.905577275884452,0.005577275884452004,8.875
resnet20,2,2,0.9,logistic,same,-0.024999999999997247,-0.0006976423495914652,0.677,0.9047712905066824,0.004771290506682346,9.049999999999992
resnet20,2,2,0.95,confidence,same,0.0,0.0,0.693,0.9516244594666634,0.0016244594666634526,7.450000000000001
resnet20,2,2,0.95,margin,same,0.050000000000005596,0.0018912642130085588,0.6935,0.953515723679672,0.0035157236796720115,7.399999999999995
resnet20,2,2,0.95,logistic,same,-0.024999999999997247,-0.00014156093798023406,0.69275,0.9514828985286832,0.0014828985286832186,7.474999999999998
resnet20,3,2,0.4,logistic,transfer,0.5500000000000005,0.004084906851093362,0.247,0.4011393341287809,0.0011393341287808667,31.045728344054258
resnet20,3,2,0.5,logistic,transfer,0.27499999999999747,-0.0011893752077467568,0.32825,0.5037336875740832,0.003733687574083211,36.80899777204527
resnet20,3,2,0.6,logistic,transfer,0.10000000000000009,-0.003293696181851269,0.42825,0.6100467794561271,0.010046779456127086,33.925
resnet20,3,2,0.7,logistic,transfer,0.7499999999999951,7.683099298216867e-06,0.5305,0.7132356752786159,0.01323567527861591,23.7
resnet20,3,2,0.8,logistic,transfer,-0.12499999999999734,-0.0025316660813174963,0.617,0.8080114977986693,0.008011497798669276,15.049999999999997
resnet20,3,2,0.9,logistic,transfer,-0.07500000000000284,-0.0009639543835332498,0.6765,0.9045049784727406,0.004504978472740562,9.099999999999998
resnet20,3,2,0.95,logistic,transfer,0.0,0.00012179482154184296,0.693,0.9517462542882053,0.0017462542882052956,7.450000000000001
resnet20,1,3,0.4,logistic,transfer,-0.1250000000000001,-0.0029834943304756223,0.21825,0.4005609712980325,0.0005609712980324533,32.056615924535706
resnet20,1,3,0.5,logistic,transfer,0.6250000000000033,0.0021474629034989867,0.30075,0.5057952260597433,0.0057952260597432526,37.81871745727685
resnet20,1,3,0.6,logistic,transfer,0.32500000000000306,-0.0037479056783045195,0.3955,0.603127347929432,0.003127347929432034,36.474999999999994
resnet20,1,3,0.7,logistic,transfer,0.47499999999999765,-0.002302870745504948,0.504,0.7031851387434227,0.003185138743422744,25.624999999999996
resnet20,1,3,0.8,logistic,transfer,0.924999999999998,0.004817710913834428,0.60275,0.8074187424348852,0.007418742434885162,15.749999999999996
resnet20,1,3,0.9,logistic,transfer,-0.024999999999997247,0.00015336643691721275,0.673,0.9060103571518168,0.006010357151816748,8.724999999999994
resnet20,1,3,0.95,logistic,transfer,0.2749999999999919,0.0011236351435255365,0.695,0.954250585610446,0.0042505856104460005,6.525000000000003
resnet20,2,3,0.4,logistic,transfer,-0.2250000000000002,-0.0025989121129639803,0.21725,0.4009455535155441,0.0009455535155440953,32.22962892956328
resnet20,2,3,0.5,logistic,transfer,0.42500000000000315,0.0021662490827789593,0.29875,0.5058140122390232,0.005814012239023225,38.02119608277153
resnet20,2,3,0.6,logistic,transfer,0.3750000000000031,-0.003722285809255488,0.396,0.603152967798481,0.0031529677984810656,36.425
resnet20,2,3,0.7,logistic,transfer,0.42499999999999205,-0.002469845765730838,0.5035,0.7030181637231968,0.003018163723196854,25.675000000000004
resnet20,2,3,0.8,logistic,transfer,0.6000000000000005,0.00236418815734174,0.5995,0.8049652196783925,0.004965219678392474,16.074999999999996
resnet20,2,3,0.9,logistic,transfer,-0.10000000000000009,0.0010847888666596361,0.67225,0.9069417795815592,0.006941779581559171,8.799999999999997
resnet20,2,3,0.95,logistic,transfer,0.17499999999999183,0.0009984822733289933,0.694,0.9541254327402494,0.004125432740249457,6.6250000000000036
resnet20,3,3,0.4,confidence,same,0.0,0.0,0.2195,0.4035444656285081,0.0035444656285080756,32.4528773094085
resnet20,3,3,0.4,margin,same,1.2750000000000012,-8.342871388339335e-05,0.23225,0.4034610369146247,0.003461036914624682,31.166869827038727
resnet20,3,3,0.4,logistic,same,-0.2500000000000002,-0.0033211747957027082,0.217,0.4002232908328054,0.00022329083280536732,32.11750722584217
resnet20,3,3,0.5,confidence,same,0.0,0.0,0.2945,0.5036477631562443,0.003647763156244266,38.1603838308823
resnet20,3,3,0.5,margin,same,0.7500000000000007,-0.004061511439394372,0.302,0.4995862517168499,-0.00041374828315010603,36.874512983990584
resnet20,3,3,0.5,logistic,same,0.42500000000000315,0.0012901691920300662,0.29875,0.5049379323482743,0.004937932348274332,37.905607174552074
resnet20,3,3,0.6,confidence,same,0.0,0.0,0.39225,0.6068752536077365,0.006875253607736553,36.8
resnet20,3,3,0.6,margin,same,0.9000000000000008,-0.0036873953427113415,0.40125,0.6031878582650252,0.003187858265025212,35.9
resnet20,3,3,0.6,logistic,same,0.2500000000000002,-0.0028285141330455232,0.39475,0.604046739474691,0.00404673947469103,36.55
resnet20,3,3,0.7,confidence,same,0.0,0.0,0.49925,0.7054880094889276,0.005488009488927692,26.099999999999994
resnet20,3,3,0.7,margin,same,0.8249999999999924,-0.0009247780638325098,0.5075,0.7045632314250951,0.004563231425095182,25.275000000000002
resnet20,3,3,0.7,logistic,same,0.4500000000000004,-0.0014729870522863786,0.50375,0.7040150224366413,0.004015022436641313,25.649999999999995
resnet20,3,3,0.8,confidence,same,0.0,0.0,0.5935,0.8026010315210508,0.002601031521050734,16.674999999999997
resnet20,3,3,0.8,margin,same,0.6000000000000005,0.0038997206787121375,0.5995,0.8065007521997629,0.0065007521997628714,16.074999999999996
resnet20,3,3,0.8,logistic,same,0.2749999999999919,0.00193517049338654,0.59625,0.8045362020144373,0.004536202014437274,16.400000000000002
resnet20,3,3,0.9,confidence,same,0.0,0.0,0.67325,0.9058569907148996,0.005856990714899535,8.699999999999996
resnet20,3,3,0.9,margin,same,0.12499999999999734,0.0006095032737740702,0.6745,0.9064664939886736,0.006466493988673605,8.575
resnet20,3,3,0.9,logistic,same,-0.07500000000000284,0.0007638300491064065,0.6725,0.906620820764006,0.006620820764005941,8.774999999999999
resnet20,3,3,0.95,confidence,same,0.0,0.0,0.69225,0.9531269504669204,0.003126950466920464,6.799999999999995
resnet20,3,3,0.95,margin,same,0.22499999999999742,-3.465841742378295e-06,0.6945,0.953123484625178,0.0031234846251780857,6.5749999999999975
resnet20,3,3,0.95,logistic,same,0.12499999999999734,0.0007897438993031969,0.6935,0.9539166943662236,0.003916694366223661,6.674999999999997
resnet32x4,1,1,0.4,confidence,same,0.0,0.0,0.39525,0.3999793464089742,-2.0653591025820983e-05,31.757717666100838
resnet32x4,1,1,0.4,margin,same,0.8000000000000007,0.002097001807571386,0.40325,0.4020763482165456,0.002076348216545565,31.305770910558007
resnet32x4,1,1,0.4,logistic,same,0.6500000000000006,0.0013654334828102077,0.40175,0.4013447798917844,0.0013447798917843867,31.33434768237772
resnet32x4,1,1,0.5,confidence,same,0.0,0.0,0.486,0.5000811813206493,8.118132064927064e-05,35.38437075899361
resnet32x4,1,1,0.5,margin,same,1.3500000000000012,-0.00021330815388947988,0.4995,0.4998678731667598,-0.00013212683324020924,34.00815785867561
resnet32x4,1,1,0.5,logistic,same,0.32500000000000306,-0.003088917045134365,0.48925,0.4969922642755149,-0.0030077357244850944,34.67978154443129
resnet32x4,1,1,0.6,confidence,same,0.0,0.0,0.583,0.6004197407914152,0.00041974079141526843,26.825
resnet32x4,1,1,0.6,margin,same,0.725000000000009,0.001138259561980548,0.59025,0.6015580003533958,0.0015580003533958164,26.09999999999999
resnet32x4,1,1,0.6,logistic,same,1.4500000000000068,0.0055628642602331135,0.5975,0.6059826050516484,0.005982605051648382,25.374999999999993
resnet32x4,1,1,0.7,confidence,same,0.0,0.0,0.68225,0.7080017647697914,0.00800176476979142,16.89999999999999
resnet32x4,1,1,0.7,margin,same,0.8000000000000007,-0.0005616717885166267,0.69025,0.7074400929812747,0.007440092981274793,16.09999999999999
resnet32x4,1,1,0.7,logistic,same,0.7499999999999951,-0.0014617103516286756,0.68975,0.7065400544181627,0.006540054418162744,16.15
resnet32x4,1,1,0.8,confidence,same,0.0,0.0,0.75425,0.8072699130718206,0.007269913071820566,9.699999999999998
resnet32x4,1,1,0.8,margin,same,0.20000000000000018,-0.002730923676079411,0.75625,0.8045389893957412,0.004538989395741155,9.499999999999996
resnet32x4,1,1,0.8,logistic,same,0.10000000000000009,-0.0035194738940863557,0.75525,0.8037504391777343,0.0037504391777342105,9.599999999999998
resnet32x4,1,1,0.9,confidence,same,0.0,0.0,0.79125,0.903192445450508,0.003192445450508008,5.999999999999995
resnet32x4,1,1,0.9,margin,same,0.17500000000000293,-0.0005301370124691784,0.793,0.9026623084380389,0.0026623084380388296,5.824999999999991
resnet32x4,1,1,0.9,logistic,same,0.10000000000000009,5.858130727753874e-05,0.79225,0.9032510267577856,0.0032510267577855467,5.899999999999994
resnet32x4,1,1,0.95,confidence,same,0.0,0.0,0.7975,0.9506144431391088,0.0006144431391088556,5.3749999999999964
resnet32x4,1,1,0.95,margin,same,0.0,0.0003247054637843805,0.7975,0.9509391486028932,0.0009391486028932361,5.3749999999999964
resnet32x4,1,1,0.95,logistic,same,-0.024999999999997247,-9.787479046963199e-05,0.79725,0.9505165683486392,0.0005165683486392236,5.399999999999993
resnet32x4,2,1,0.4,logistic,transfer,0.3500000000000003,-0.0007002693448329156,0.39875,0.3992790770641413,-0.0007209229358587366,31.29148933640507
resnet32x4,2,1,0.5,logistic,transfer,0.32500000000000306,-0.0037050952855102737,0.48925,0.496376086035139,-0.003623913964861003,34.60406095664047
resnet32x4,2,1,0.6,logistic,transfer,0.8250000000000091,0.0036948133808030192,0.59125,0.6041145541722183,0.004114554172218288,25.99999999999999
resnet32x4,2,1,0.7,logistic,transfer,0.3750000000000031,-0.003830488199448756,0.686,0.7041712765703426,0.0041712765703426635,16.52499999999999
resnet32x4,2,1,0.8,logistic,transfer,-0.04999999999999449,-0.003259201600309569,0.75375,0.804010711471511,0.004010711471510997,9.749999999999993
resnet32x4,2,1,0.9,logistic,transfer,0.14999999999999458,-1.764363863865359e-05,0.79275,0.9031748018118694,0.0031748018118693544,5.85
resnet32x4,2,1,0.95,logistic,transfer,0.0,0.0010288452079068033,0.7975,0.9516432883470156,0.001643288347015659,5.3749999999999964
resnet32x4,3,1,0.4,logistic,transfer,0.8250000000000035,0.0016023013104295991,0.4035,0.4015816477194038,0.0015816477194037781,31.198662200664145
resnet32x4,3,1,0.5,logistic,transfer,0.6500000000000006,-0.0037185521401930655,0.4925,0.4963626291804562,-0.003637370819543795,34.277407277754016
resnet32x4,3,1,0.6,logistic,transfer,1.200000000000001,0.0011675517079997588,0.595,0.601587292499415,0.0015872924994150273,25.624999999999996
resnet32x4,3,1,0.7,logistic,transfer,1.200000000000001,0.0008857012039332757,0.69425,0.7088874659737247,0.008887465973724695,15.699999999999992
resnet32x4,3,1,0.8,logistic,transfer,0.10000000000000009,-0.0014636276427074657,0.75525,0.8058062854291131,0.0058062854291131005,9.599999999999998
resnet32x4,3,1,0.9,logistic,transfer,0.20000000000000018,0.0009758695205756007,0.79325,0.9041683149710836,0.004168314971083609,5.799999999999994
resnet32x4,3,1,0.95,logistic,transfer,-0.024999999999997247,0.0022786811654419425,0.79725,0.9528931243045508,0.002893124304550798,5.399999999999993
resnet32x4,1,2,0.4,logistic,transfer,0.6500000000000006,0.000189818622043314,0.36425,0.4001808598021939,0.00018085980219390008,32.279294183565646
resnet32x4,1,2,0.5,logistic,transfer,0.5000000000000004,-0.002382807776615592,0.451,0.5088717347908519,0.008871734790851904,33.349999999999994
resnet32x4,1,2,0.6,logistic,transfer,0.20000000000000018,0.0021258417622984638,0.53925,0.6145658843011123,0.014565884301112275,24.525
resnet32x4,1,2,0.7,logistic,transfer,0.6750000000000034,0.002755620125885372,0.614,0.7147456674403168,0.014745667440316801,17.049999999999997
resnet32x4,1,2,0.8,logistic,transfer,0.40000000000000036,-0.00402224202113699,0.67325,0.8065413107637646,0.0065413107637645185,11.124999999999996
resnet32x4,1,2,0.9,logistic,transfer,-0.20000000000000018,-0.0010721568360577693,0.70375,0.905118698572568,0.00511869857256797,8.075
resnet32x4,1,2,0.95,logistic,transfer,-0.07499999999999174,-0.000557576039771357,0.71125,0.9500801775455237,8.017754552369638e-05,7.324999999999992
resnet32x4,2,2,0.4,confidence,same,0.0,0.0,0.35775,0.3999910411801506,-8.958819849413935e-06,32.905967852493
resnet32x4,2,2,0.4,margin,same,1.4000000000000012,0.003100428253508869,0.37175,0.4030914694336595,0.003091469433659455,31.886971650380712
resnet32x4,2,2,0.4,logistic,same,1.0749999999999982,0.00157274053591977,0.3685,0.4015637817160704,0.001563781716070356,32.02423796496834
resnet32x4,2,2,0.5,confidence,same,0.0,0.0,0.446,0.5112545425674675,0.011254542567467496,33.849999999999994
resnet32x4,2,2,0.5,margin,same,0.7749999999999979,-0.003969152912887908,0.45375,0.5072853896545796,0.007285389654579588,33.074999999999996
resnet32x4,2,2,0.5,logistic,same,0.5749999999999977,-0.002472810439022588,0.45175,0.5087817321284449,0.008781732128444908,33.275
resnet32x4,2,2,0.6,confidence,same,0.0,0.0,0.53725,0.6124400425388138,0.012440042538813811,24.724999999999998
resnet32x4,2,2,0.6,margin,same,0.30000000000000027,0.002673779113358865,0.54025,0.6151138216521727,0.015113821652172676,24.424999999999997
resnet32x4,2,2,0.6,logistic,same,0.07500000000000284,0.002947464982784087,0.538,0.6153875075215979,0.015387507521597898,24.649999999999995
resnet32x4,2,2,0.7,confidence,same,0.0,0.0,0.60725,0.7119900473144314,0.011990047314431429,17.725
resnet32x4,2,2,0.7,margin,same,0.9000000000000008,0.0002892122379978268,0.61625,0.7122792595524292,0.012279259552429256,16.825000000000003
resnet32x4,2,2,0.7,logistic,same,0.4250000000000087,0.0009599596102141117,0.6115,0.7129500069246455,0.01295000692464554,17.299999999999994
resnet32x4,2,2,0.8,confidence,same,0.0,0.0,0.66925,0.8105635527849016,0.010563552784901509,11.524999999999997
resnet32x4,2,2,0.8,margin,same,0.7750000000000035,-0.002259503777513605,0.677,0.808304049007388,0.008304049007387904,10.749999999999993
resnet32x4,2,2,0.8,logistic,same,0.4249999999999976,-0.003139908284264026,0.6735,0.8074236445006375,0.007423644500637483,11.099999999999998
resnet32x4,2,2,0.9,confidence,same,0.0,0.0,0.70575,0.9061908554086258,0.0061908554086257395,7.874999999999998
resnet32x4,2,2,0.9,margin,same,0.07500000000000284,0.00040680018099603643,0.7065,0.9065976555896218,0.006597655589621776,7.799999999999995
resnet32x4,2,2,0.9,logistic,same,0.0,-0.000753231600739368,0.70575,0.9054376238078864,0.0054376238078863715,7.874999999999998
resnet32x4,2,2,0.95,confidence,same,0.0,0.0,0.712,0.950637753585295,0.0006377535852950533,7.250000000000001
resnet32x4,2,2,0.95,margin,same,-0.07499999999999174,-0.0006103204081243652,0.71125,0.9500274331771706,2.743317717068816e-05,7.324999999999992
resnet32x4,2,2,0.95,logistic,same,-0.04999999999999449,0.00080392884090974,0.7115,0.9514416824262047,0.0014416824262047934,7.299999999999995
resnet32x4,3,2,0.4,logistic,transfer,0.6249999999999978,-0.00013271435359629713,0.364,0.3998583268265543,-0.00014167317344571106,32.264658920752
resnet32x4,3,2,0.5,logistic,transfer,0.6749999999999978,-0.0035385915867944817,0.45275,0.507715950980673,0.007715950980673014,33.175
resnet32x4,3,2,0.6,logistic,transfer,0.4750000000000032,0.002421416257157527,0.542,0.6148614587959713,0.014861458795971338,24.249999999999993
resnet32x4,3,2,0.7,logistic,transfer,0.6750000000000034,0.0015487406099419232,0.614,0.7135387879243733,0.013538787924373352,17.049999999999997
resnet32x4,3,2,0.8,logistic,transfer,0.5000000000000004,-0.0036701542405096488,0.67425,0.8068933985443919,0.00689339854439186,11.024999999999995
resnet32x4,3,2,0.9,logistic,transfer,-0.30000000000000027,-0.0012561444886985962,0.70275,0.9049347109199272,0.004934710919927143,8.174999999999999
resnet32x4,3,2,0.95,logistic,transfer,-0.10000000000000009,-0.0007982903885922488,0.711,0.9498394631967028,-0.00016053680329719544,7.350000000000001
resnet32x4,1,3,0.4,logistic,transfer,0.050000000000000044,-0.006672413704589819,0.39675,0.4035885334436501,0.003588533443650066,33.40307889911434
resnet32x4,1,3,0.5,logistic,transfer,1.200000000000001,0.0037184596126018654,0.50375,0.5065266300376796,0.006526630037679615,34.64999999999999
resnet32x4,1,3,0.6,logistic,transfer,0.7500000000000062,0.0001756215466315325,0.6045,0.6072522944454792,0.007252294445479257,24.574999999999992
resnet32x4,1,3,0.7,logistic,transfer,1.0749999999999926,0.0017952262329450352,0.693,0.706829684522701,0.006829684522701052,15.725
resnet32x4,1,3,0.8,logistic,transfer,0.40000000000000036,0.00021678157996529723,0.753,0.8046776914186928,0.0046776914186927865,9.724999999999994
resnet32x4,1,3,0.9,logistic,transfer,-0.17500000000000293,-0.0018389184181244467,0.78625,0.9027541492953576,0.0027541492953575553,6.399999999999995
resnet32x4,1,3,0.95,logistic,transfer,-0.04999999999999449,0.00024836709694986414,0.79325,0.9521753545896074,0.002175354589607492,5.699999999999994
resnet32x4,2,3,0.4,logistic,transfer,0.30000000000000027,-0.006071882715607213,0.39925,0.4041890644326327,0.004189064432632672,33.226876635698844
resnet32x4,2,3,0.5,logistic,transfer,1.100000000000001,0.004543905476200649,0.50275,0.5073520759012784,0.007352075901278399,34.74999999999999
resnet32x4,2,3,0.6,logistic,transfer,0.15000000000000568,-0.001103679673061242,0.5985,0.6059729932257865,0.005972993225786483,25.17499999999999
resnet32x4,2,3,0.7,logistic,transfer,0.8000000000000007,0.004084004247911777,0.69025,0.7091184625376677,0.009118462537667793,15.999999999999993
resnet32x4,2,3,0.8,logistic,transfer,0.275000000000003,-0.0007396553556163754,0.75175,0.8037212544831112,0.003721254483111114,9.849999999999993
resnet32x4,2,3,0.9,logistic,transfer,-0.02500000000000835,-0.002118577033099589,0.78775,0.9024744906803824,0.002474490680382413,6.25
resnet32x4,2,3,0.95,logistic,transfer,0.050000000000005596,0.0014279060827040446,0.79425,0.9533548935753616,0.0033548935753616727,5.599999999999994
resnet32x4,3,3,0.4,confidence,same,0.0,0.0,0.39625,0.4102609471482399,0.010260947148239885,34.27303496797338
resnet32x4,3,3,0.4,margin,same,1.2249999999999983,-0.003638450825465489,0.4085,0.4066224963227744,0.006622496322774396,32.60091493500339
resnet32x4,3,3,0.4,logistic,same,0.5250000000000032,-0.004418715526010419,0.4015,0.4058422316222295,0.005842231622229466,33.20503017652563
resnet32x4,3,3,0.5,confidence,same,0.0,0.0,0.49175,0.5028081704250777,0.0028081704250777495,35.849999999999994
resnet32x4,3,3,0.5,margin,same,1.3249999999999984,0.006652712491105439,0.505,0.5094608829161832,0.009460882916183189,34.52499999999999
resnet32x4,3,3,0.5,logistic,same,1.3499999999999956,0.004798421419600074,0.50525,0.5076065918446778,0.0076065918446778236,34.5
resnet32x4,3,3,0.6,confidence,same,0.0,0.0,0.597,0.6070766728988477,0.0070766728988477245,25.324999999999996
resnet32x4,3,3,0.6,margin,same,0.924999999999998,0.0018541358639330152,0.60625,0.6089308087627807,0.00893080876278074,24.4
resnet32x4,3,3,0.6,logistic,same,1.2249999999999983,-0.0008884169185804369,0.60925,0.6061882559802673,0.006188255980267288,24.099999999999998
resnet32x4,3,3,0.7,confidence,same,0.0,0.0,0.68225,0.705034458289756,0.005034458289756016,16.799999999999994
resnet32x4,3,3,0.7,margin,same,0.9499999999999953,0.0033388328151786606,0.69175,0.7083732911049346,0.008373291104934677,15.849999999999998
resnet32x4,3,3,0.7,logistic,same,1.200000000000001,0.003023695898221823,0.69425,0.7080581541879778,0.00805815418797784,15.59999999999999
resnet32x4,3,3,0.8,confidence,same,0.0,0.0,0.749,0.8044609098387275,0.004460909838727489,10.124999999999995
resnet32x4,3,3,0.8,margin,same,0.40000000000000036,0.00042237729050553785,0.753,0.8048832871292331,0.004883287129233027,9.724999999999994
resnet32x4,3,3,0.8,logistic,same,0.44999999999999485,0.001748397899683285,0.7535,0.8062093077384108,0.006209307738410774,9.675
resnet32x4,3,3,0.9,confidence,same,0.0,0.0,0.788,0.904593067713482,0.004593067713482002,6.224999999999992
resnet32x4,3,3,0.9,margin,same,0.024999999999997247,-0.00145934086925803,0.78825,0.903133726844224,0.003133726844223972,6.199999999999994
resnet32x4,3,3,0.9,logistic,same,-0.02500000000000835,-0.002259623167953584,0.78775,0.9023334445455284,0.002333444545528418,6.25
resnet32x4,3,3,0.95,confidence,same,0.0,0.0,0.79375,0.9519269874926576,0.001926987492657628,5.6499999999999995
resnet32x4,3,3,0.95,margin,same,0.02500000000000835,-8.217381337838336e-05,0.794,0.9518448136792792,0.0018448136792792447,5.624999999999991
resnet32x4,3,3,0.95,logistic,same,0.02500000000000835,0.0013495608819610316,0.794,0.9532765483746186,0.0032765483746186597,5.624999999999991
resnet56,1,1,0.4,confidence,same,0.0,0.0,0.248,0.3992898012621507,-0.0007101987378493324,34.23924432059757
resnet56,1,1,0.4,margin,same,0.9749999999999981,-0.008177205582981295,0.25775,0.3911125956791694,-0.008887404320830627,31.947981928969288
resnet56,1,1,0.4,logistic,same,0.5500000000000005,0.00019074902030641327,0.2535,0.3994805502824571,-0.0005194497175429191,33.71994866808173
resnet56,1,1,0.5,confidence,same,0.0,0.0,0.33475,0.5021102795307649,0.0021102795307649247,39.37451746750031
resnet56,1,1,0.5,margin,same,1.0000000000000009,-0.0015355922693266466,0.34475,0.5005746872614383,0.0005746872614382781,38.18467026526389
resnet56,1,1,0.5,logistic,same,-0.07499999999999729,-0.0023569694386483264,0.334,0.4997533100921166,-0.0002466899078834017,39.15812237348859
resnet56,1,1,0.6,confidence,same,0.0,0.0,0.42575,0.6014406236958624,0.0014406236958623975,37.45
resnet56,1,1,0.6,margin,same,1.2499999999999956,-0.003733310473815421,0.43825,0.597707313222047,-0.0022926867779530236,36.2
resnet56,1,1,0.6,logistic,same,0.07499999999999729,-0.005555424958013089,0.4265,0.5958851987378493,-0.004114801262150691,37.375
resnet56,1,1,0.7,confidence,same,0.0,0.0,0.5375,0.6985787251259608,-0.0014212748740392023,26.275000000000006
resnet56,1,1,0.7,margin,same,0.3750000000000031,0.00024410847880296238,0.54125,0.6988228336047637,-0.00117716639523624,25.900000000000002
resnet56,1,1,0.7,logistic,same,0.5249999999999977,0.0013153590513511615,0.54275,0.6998940841773119,-0.00010591582268804078,25.750000000000007
resnet56,1,1,0.8,confidence,same,0.0,0.0,0.6325,0.8028235620133342,0.0028235620133341133,16.775000000000006
resnet56,1,1,0.8,margin,same,1.100000000000001,-0.002356366100055962,0.6435,0.8004671959132782,0.00046719591327815113,15.675000000000006
resnet56,1,1,0.8,logistic,same,0.45000000000000595,-0.0005907866812562279,0.637,0.8022327753320779,0.0022327753320778854,16.325
resnet56,1,1,0.9,confidence,same,0.0,0.0,0.71,0.9026622278487456,0.002662227848745591,9.025000000000006
resnet56,1,1,0.9,margin,same,0.15000000000000568,-0.00014829177057362752,0.7115,0.902513936078172,0.0025139360781719633,8.875
resnet56,1,1,0.9,logistic,same,0.12500000000000844,0.0011795694437374271,0.71125,0.903841797292483,0.003841797292483018,8.899999999999997
resnet56,1,1,0.95,confidence,same,0.0,0.0,0.73125,0.9494527320728792,-0.000547267927120787,6.900000000000006
resnet56,1,1,0.95,margin,same,0.07500000000000284,0.00055862728383127,0.732,0.9500113593567104,1.1359356710483048e-05,6.825000000000003
resnet56,1,1,0.95,logistic,same,-0.024999999999997247,6.768219756725369e-05,0.731,0.9495204142704464,-0.0004795857295535333,6.925000000000003
resnet56,2,1,0.4,logistic,transfer,0.8500000000000008,-0.0009794684207847792,0.2565,0.3983103328413659,-0.0016896671586341117,33.231581970913
resnet56,2,1,0.5,logistic,transfer,0.6000000000000005,-0.0011245347091455304,0.34075,0.5009857448216194,0.0009857448216193943,38.63548982805886
resnet56,2,1,0.6,logistic,transfer,0.17499999999999738,-0.006008720291108882,0.4275,0.5954319034047535,-0.004568096595246485,37.275000000000006
resnet56,2,1,0.7,logistic,transfer,0.7000000000000006,0.001837515649651289,0.5445,0.700416240775612,0.0004162407756120867,25.575000000000003
resnet56,2,1,0.8,logistic,transfer,0.40000000000000036,-0.0013518381342562114,0.6365,0.801471723879078,0.001471723879077902,16.375000000000007
resnet56,2,1,0.9,logistic,transfer,0.12500000000000844,0.0002165200519111954,0.71125,0.9028787479006568,0.002878747900656786,8.899999999999997
resnet56,2,1,0.95,logistic,transfer,-0.07499999999999174,-0.0008004422616927354,0.7305,0.9486522898111864,-0.0013477101888135223,6.974999999999998
resnet56,3,1,0.4,logistic,transfer,0.3500000000000003,-0.0005972302661713114,0.2515,0.3986925709959794,-0.0013074290040206438,33.79310980000539
resnet56,3,1,0.5,logistic,transfer,-0.47499999999999765,-0.004461440149626017,0.33,0.4976488393811389,-0.0023511606188610923,39.297944014526934
resnet56,3,1,0.6,logistic,transfer,-0.22500000000000298,-0.005646253880604579,0.4235,0.5957943698152578,-0.004205630184742182,37.675000000000004
resnet56,3,1,0.7,logistic,transfer,0.8000000000000007,0.001159869840704264,0.5455,0.699738594966665,-0.00026140503333493825,25.475
resnet56,3,1,0.8,logistic,transfer,0.8000000000000007,-0.0033657343885186153,0.6405,0.7994578276248155,-0.000542172375184502,15.975000000000005
resnet56,3,1,0.9,logistic,transfer,0.10000000000000009,7.670975622153797e-05,0.711,0.9027389376049672,0.002738937604967129,8.925000000000004
resnet56,3,1,0.95,logistic,transfer,-0.10000000000000009,-0.0017668443686701396,0.73025,0.947685887704209,-0.0023141122957909266,7.000000000000006
resnet56,1,2,0.4,logistic,transfer,0.17500000000000016,-0.0006326745635910069,0.24125,0.4029736564201741,0.0029736564201740534,34.12632821133742
resnet56,1,2,0.5,logistic,transfer,0.275000000000003,0.0004468221029060304,0.3215,0.5025583220520129,0.0025583220520128958,39.19562139036559
resnet56,1,2,0.6,logistic,transfer,0.824999999999998,-0.0005835065397731265,0.426,0.6043460509440683,0.004346050944068369,37.725
resnet56,1,2,0.7,logistic,transfer,1.749999999999996,0.0042505621151205375,0.53275,0.7036828450557282,0.0036828450557282455,27.050000000000008
resnet56,1,2,0.8,logistic,transfer,0.0,-0.004136868415695494,0.6215,0.8037679572751795,0.0037679572751794232,18.174999999999997
resnet56,1,2,0.9,logistic,transfer,0.0,-0.0017660597231409225,0.71175,0.9023417192986922,0.002341719298692202,9.150000000000002
resnet56,1,2,0.95,logistic,transfer,-0.04999999999999449,-0.00023873263270379752,0.73575,0.952413798412133,0.0024137984121330724,6.75
resnet56,2,2,0.4,confidence,same,0.0,0.0,0.2395,0.4036063309837651,0.0036063309837650603,34.40316810343062
resnet56,2,2,0.4,margin,same,1.3249999999999984,0.0045936681256043,0.25275,0.4081999991093694,0.00819999910936936,33.81759828309232
resnet56,2,2,0.4,logistic,same,0.9000000000000008,0.001444067764262813,0.2485,0.4050503987480279,0.005050398748027873,33.73561573725528
resnet56,2,2,0.5,confidence,same,0.0,0.0,0.31875,0.5021114999491069,0.0021114999491068653,39.41538021220358
resnet56,2,2,0.5,margin,same,1.3000000000000012,0.001795751819430924,0.33175,0.5039072517685378,0.0039072517685377894,38.3373912665959
resnet56,2,2,0.5,logistic,same,0.9250000000000036,0.0022869895414524555,0.328,0.5043984894905593,0.004398489490559321,38.77312360357209
resnet56,2,2,0.6,confidence,same,0.0,0.0,0.41775,0.6049295574838415,0.004929557483841496,38.550000000000004
resnet56,2,2,0.6,margin,same,0.6249999999999978,-0.007275296198279935,0.424,0.5976542612855615,-0.002345738714438439,37.925000000000004
resnet56,2,2,0.6,logistic,same,0.8500000000000008,0.0006143385159549375,0.42625,0.6055438959997964,0.005543895999796433,37.7
resnet56,2,2,0.7,confidence,same,0.0,0.0,0.51525,0.6994322829406077,-0.000567717059392292,28.800000000000004
resnet56,2,2,0.7,margin,same,1.7000000000000015,0.00482114764110142,0.53225,0.7042534305817091,0.004253430581709128,27.1
resnet56,2,2,0.7,logistic,same,1.749999999999996,0.0037950645070996547,0.53275,0.7032273474477073,0.0032273474477073627,27.050000000000008
resnet56,2,2,0.8,confidence,same,0.0,0.0,0.6215,0.807904825690875,0.007904825690874917,18.174999999999997
resnet56,2,2,0.8,margin,same,0.374999999999992,-0.005207083057661932,0.62525,0.802697742633213,0.002697742633212985,17.800000000000004
resnet56,2,2,0.8,logistic,same,0.04999999999999449,-0.004514308616214602,0.622,0.8033905170746604,0.0033905170746603153,18.125000000000004
resnet56,2,2,0.9,confidence,same,0.0,0.0,0.71175,0.9041077790218331,0.0041077790218331245,9.150000000000002
resnet56,2,2,0.9,margin,same,-0.04999999999999449,-0.0016815004580383874,0.71125,0.9024262785637948,0.002426278563794737,9.199999999999998
resnet56,2,2,0.9,logistic,same,-0.024999999999997247,-0.0019859547559671897,0.7115,0.902121824265866,0.0021218242658659348,9.175
resnet56,2,2,0.95,confidence,same,0.0,0.0,0.73625,0.9526525310448368,0.00265253104483687,6.700000000000006
resnet56,2,2,0.95,margin,same,-0.04999999999999449,-0.0003252333452081757,0.73575,0.9523272976996286,0.0023272976996286943,6.75
resnet56,2,2,0.95,logistic,same,-0.10000000000000009,-0.002424362181281281,0.73525,0.9502281688635555,0.00022816886355558896,6.800000000000006
resnet56,3,2,0.4,logistic,transfer,0.1250000000000001,-0.0003522979540943605,0.24075,0.4032540330296707,0.0032540330296707,34.221459666432644
resnet56,3,2,0.5,logistic,transfer,-0.024999999999997247,0.0019947787419206664,0.3185,0.5041062786910275,0.004106278691027532,39.68699721516645
resnet56,3,2,0.6,logistic,transfer,0.5500000000000005,-0.0009796634688788997,0.42325,0.6039498940149626,0.003949894014962596,38.0
resnet56,3,2,0.7,logistic,transfer,1.8000000000000016,0.00286826950480934,0.53325,0.702300552445417,0.002300552445417048,27.0
resnet56,3,2,0.8,logistic,transfer,0.4249999999999976,-0.004202739579622472,0.62575,0.8037020861112525,0.003702086111252445,17.75
resnet56,3,2,0.9,logistic,transfer,-0.04999999999999449,-0.0035693620540484527,0.71125,0.9005384169677847,0.0005384169677846717,9.199999999999998
resnet56,3,2,0.95,logistic,transfer,-0.07499999999999174,-0.0006504539671228216,0.7355,0.952002077077714,0.0020020770777140484,6.774999999999998
resnet56,1,3,0.4,logistic,transfer,-0.07499999999999729,-0.002578678685938196,0.2495,0.3991481958369383,-0.0008518041630617423,33.73657886609382
resnet56,1,3,0.5,logistic,transfer,0.6250000000000033,0.0008950904626189304,0.329,0.5038864027431421,0.0038864027431421144,39.32427626417034
resnet56,1,3,0.6,logistic,transfer,0.1250000000000029,-0.009511229324647541,0.41925,0.6051122311568019,0.005112231156801927,37.125
resnet56,1,3,0.7,logistic,transfer,1.5499999999999958,0.007252389180110952,0.52825,0.7147476327039545,0.014747632703954516,26.224999999999998
resnet56,1,3,0.8,logistic,transfer,0.40000000000000036,-0.002175363504504091,0.61575,0.8065282588172427,0.006528258817242616,17.474999999999994
resnet56,1,3,0.9,logistic,transfer,0.34999999999999476,-0.001814094228714147,0.702,0.9000434649346023,4.3464934602277516e-05,8.850000000000001
resnet56,1,3,0.95,logistic,transfer,0.0,0.0007566309990332254,0.72025,0.9507898848541912,0.0007898848541912917,7.025000000000004
resnet56,2,3,0.4,logistic,transfer,0.5750000000000033,-0.001093999694640968,0.256,0.4006328748282355,0.0006328748282354857,33.32556357793137
resnet56,2,3,0.5,logistic,transfer,1.2250000000000039,0.0013217569596416512,0.335,0.5043130692401648,0.004313069240164835,38.77702557944483
resnet56,2,3,0.6,logistic,transfer,0.3750000000000031,-0.00872820067178992,0.42175,0.6058952598096595,0.005895259809659548,36.875
resnet56,2,3,0.7,logistic,transfer,1.649999999999996,0.006673862919232554,0.52925,0.7141691064430761,0.014169106443076118,26.125
resnet56,2,3,0.8,logistic,transfer,0.3750000000000031,-0.004850168456409953,0.6155,0.8038534538653368,0.0038534538653367534,17.499999999999993
resnet56,2,3,0.9,logistic,transfer,0.10000000000000009,-0.0033618759224389727,0.6995,0.8984956832408775,-0.0015043167591225481,9.099999999999998
resnet56,2,3,0.95,logistic,transfer,0.07500000000000284,-0.00042521387856886417,0.721,0.9496080399765892,-0.00039196002341079783,6.950000000000001
resnet56,3,3,0.4,confidence,same,0.0,0.0,0.25025,0.4017268745228765,0.0017268745228764537,34.07666171315567
resnet56,3,3,0.4,margin,same,0.9250000000000036,0.0004264152119700104,0.2595,0.4021532897348465,0.002153289734846464,33.22030060220385
resnet56,3,3,0.4,logistic,same,-0.09999999999999731,-0.0019699800244287746,0.24925,0.3997568944984477,-0.0002431055015523209,33.85955942288047
resnet56,3,3,0.5,confidence,same,0.0,0.0,0.32275,0.5029913122805232,0.002991312280523184,39.83861510529956
resnet56,3,3,0.5,margin,same,1.425000000000004,0.0008128670670263238,0.337,0.5038041793475495,0.003804179347549508,38.514110882432334
resnet56,3,3,0.5,logistic,same,0.10000000000000009,0.0020551776171815472,0.32375,0.5050464898977047,0.005046489897704731,39.992699297122115
resnet56,3,3,0.6,confidence,same,0.0,0.0,0.418,0.6146234604814494,0.014623460481449468,37.25
resnet56,3,3,0.6,margin,same,0.7750000000000035,-0.0066988958725635595,0.42575,0.6079245646088859,0.007924564608885909,36.474999999999994
resnet56,3,3,0.6,logistic,same,-0.40000000000000036,-0.009154746297521554,0.414,0.6054687141839279,0.005468714183927914,37.65
resnet56,3,3,0.7,confidence,same,0.0,0.0,0.51275,0.7074952435238435,0.007495243523843564,27.774999999999995
resnet56,3,3,0.7,margin,same,1.1249999999999982,0.004510267825334591,0.524,0.7120055113491781,0.012005511349178155,26.649999999999995
resnet56,3,3,0.7,logistic,same,1.5249999999999986,0.006787370985800734,0.528,0.7142826145096443,0.014282614509644298,26.249999999999996
resnet56,3,3,0.8,confidence,same,0.0,0.0,0.61175,0.8087036223217468,0.008703622321746707,17.874999999999996
resnet56,3,3,0.8,margin,same,1.0249999999999981,-0.001885374064837908,0.622,0.8068182482569088,0.006818248256908799,16.849999999999998
resnet56,3,3,0.8,logistic,same,1.1499999999999955,0.00015927566288354011,0.62325,0.8088628979846303,0.008862897984630247,16.725
resnet56,3,3,0.9,confidence,same,0.0,0.0,0.6985,0.9018575591633164,0.0018575591633164246,9.199999999999998
resnet56,3,3,0.9,margin,same,0.07500000000000284,-0.0030366203114663426,0.69925,0.8988209388518501,-0.001179061148149918,9.124999999999995
resnet56,3,3,0.9,logistic,same,0.4249999999999976,-0.0032494355946869335,0.70275,0.8986081235686295,-0.001391876431370509,8.774999999999999
resnet56,3,3,0.95,confidence,same,0.0,0.0,0.72025,0.950033253855158,3.325385515806634e-05,7.025000000000004
resnet56,3,3,0.95,margin,same,0.12500000000000844,0.000623227136241189,0.7215,0.9506564809913992,0.0006564809913992553,6.899999999999995
resnet56,3,3,0.95,logistic,same,0.050000000000005596,0.0013913837854345745,0.72075,0.9514246376405926,0.0014246376405926409,6.974999999999998
resnet8x4,1,1,0.4,confidence,same,0.0,0.0,0.398,0.405866186771567,0.0058661867715669724,20.84997275661632
resnet8x4,1,1,0.4,margin,same,0.9999999999999953,-0.001855007966150679,0.408,0.4040111788054163,0.004011178805416293,19.587587859912343
resnet8x4,1,1,0.4,logistic,same,0.12499999999999734,-0.00017635008536259766,0.39925,0.4056898366862044,0.005689836686204375,20.700028605552845
resnet8x4,1,1,0.5,confidence,same,0.0,0.0,0.48125,0.5027194112136284,0.0027194112136283977,26.224549122000234
resnet8x4,1,1,0.5,margin,same,1.050000000000001,0.004243110897447666,0.49175,0.5069625221110761,0.006962522111076064,25.774723479655727
resnet8x4,1,1,0.5,logistic,same,0.9000000000000008,0.006098898914631112,0.49025,0.5088183101282595,0.00881831012825951,26.18721871206357
resnet8x4,1,1,0.6,confidence,same,0.0,0.0,0.56475,0.6047885129492323,0.004788512949232326,20.800000000000008
resnet8x4,1,1,0.6,margin,same,0.824999999999998,0.000266499331274761,0.573,0.6050550122805071,0.005055012280507087,19.97500000000001
resnet8x4,1,1,0.6,logistic,same,0.35000000000000586,0.0034479368902119445,0.56825,0.6082364498394442,0.008236449839444271,20.450000000000003
resnet8x4,1,1,0.7,confidence,same,0.0,0.0,0.63125,0.7024404649643449,0.0024404649643449128,14.150000000000007
resnet8x4,1,1,0.7,margin,same,0.4750000000000032,-0.0021199183045812475,0.636,0.7003205466597636,0.00032054665976366525,13.675000000000004
resnet8x4,1,1,0.7,logistic,same,0.22499999999999742,-0.0034454426529593185,0.6335,0.6989950223113855,-0.0010049776886144057,13.92500000000001
resnet8x4,1,1,0.8,confidence,same,0.0,0.0,0.6905,0.8037171758377556,0.0037171758377555486,8.225000000000005
resnet8x4,1,1,0.8,margin,same,0.4249999999999976,0.0019446275477814634,0.69475,0.8056618033855371,0.005661803385537012,7.800000000000007
resnet8x4,1,1,0.8,logistic,same,0.30000000000000027,0.0028284966317203564,0.6935,0.806545672469476,0.006545672469475905,7.925000000000004
resnet8x4,1,1,0.9,confidence,same,0.0,0.0,0.71875,0.904288130050108,0.004288130050107974,5.400000000000005
resnet8x4,1,1,0.9,margin,same,0.12499999999999734,0.002562979586931413,0.72,0.9068511096370394,0.006851109637039388,5.2750000000000075
resnet8x4,1,1,0.9,logistic,same,0.10000000000000009,0.00035340317968080015,0.71975,0.9046415332297888,0.004641533229788775,5.300000000000004
resnet8x4,1,1,0.95,confidence,same,0.0,0.0,0.7225,0.9542206758593272,0.004220675859327283,5.025000000000002
resnet8x4,1,1,0.95,margin,same,0.024999999999997247,-0.00044186713015181844,0.72275,0.9537788087291754,0.0037788087291754646,5.000000000000004
resnet8x4,1,1,0.95,logistic,same,0.07499999999999174,0.00017664862341237875,0.72325,0.9543973244827396,0.004397324482739662,4.95000000000001
resnet8x4,2,1,0.4,logistic,transfer,0.10000000000000009,-0.002120303514967614,0.399,0.4037458832565994,0.0037458832565993583,20.450062659782443
resnet8x4,2,1,0.5,logistic,transfer,0.40000000000000036,0.0028292381617143203,0.48525,0.5055486493753427,0.005548649375342718,26.224735739178367
resnet8x4,2,1,0.6,logistic,transfer,0.15000000000000568,0.0010617407503281662,0.56625,0.6058502536995605,0.005850253699560493,20.650000000000002
resnet8x4,2,1,0.7,logistic,transfer,0.12499999999999734,-0.0026504130996185538,0.6325,0.6997900518647263,-0.00020994813527364098,14.02500000000001
resnet8x4,2,1,0.8,logistic,transfer,0.275000000000003,0.0020328218509819695,0.69325,0.8057499976887376,0.005749997688737518,7.950000000000001
resnet8x4,2,1,0.9,logistic,transfer,0.07500000000000284,-0.0002653822211535761,0.7195,0.9040227478289544,0.004022747828954398,5.325000000000002
resnet8x4,2,1,0.95,logistic,transfer,0.07499999999999174,-0.0003536054151334067,0.72325,0.9538670704441938,0.0038670704441938764,4.95000000000001
resnet8x4,3,1,0.4,logistic,transfer,0.22499999999999742,0.00017751534678178693,0.40025,0.4060437021183488,0.006043702118348759,20.650081730151005
resnet8x4,3,1,0.5,logistic,transfer,1.250000000000001,0.009280654272137201,0.49375,0.5120000654857656,0.012000065485765599,26.287267750154186
resnet8x4,3,1,0.6,logistic,transfer,0.6249999999999978,0.002564453016659529,0.571,0.6073529659658918,0.007352965965891856,20.17500000000001
resnet8x4,3,1,0.7,logistic,transfer,0.2500000000000058,-0.004682416378529286,0.63375,0.6977580485858156,-0.0022419514141843733,13.900000000000002
resnet8x4,3,1,0.8,logistic,transfer,0.40000000000000036,0.0023866487620878285,0.6945,0.8061038245998434,0.006103824599843377,7.825000000000005
resnet8x4,3,1,0.9,logistic,transfer,0.14999999999999458,0.002562902544854029,0.72025,0.906851032594962,0.006851032594962003,5.250000000000011
resnet8x4,3,1,0.95,logistic,transfer,0.04999999999999449,-0.00035345133097886006,0.723,0.9538672245283484,0.003867224528348423,4.975000000000007
resnet8x4,1,2,0.4,logistic,transfer,0.12499999999999734,0.0007957710833348397,0.38675,0.4044529303724521,0.004452930372452091,20.875091265335303
resnet8x4,1,2,0.5,logistic,transfer,0.30000000000000027,0.004508098277955508,0.484,0.5099672147440045,0.009967214744004527,26.074746636531852
resnet8x4,1,2,0.6,logistic,transfer,1.0249999999999981,0.0027409764466960196,0.5675,0.6092086384199593,0.009208638419959336,20.974999999999998
resnet8x4,1,2,0.7,logistic,transfer,0.5000000000000004,-0.0019431348575338347,0.63775,0.704208963922736,0.004208963922736064,13.949999999999996
resnet8x4,1,2,0.8,logistic,transfer,0.22499999999999742,0.0010609992203343133,0.693,0.8054850103082299,0.0054850103082298984,8.425000000000004
resnet8x4,1,2,0.9,logistic,transfer,-0.12499999999999734,-0.0029164212876505724,0.7225,0.9011950119877472,0.0011950119877471854,5.474999999999996
resnet8x4,1,2,0.95,logistic,transfer,0.07500000000000284,-8.855062280832549e-05,0.73,0.9507738946002748,0.0007738946002748825,4.725000000000001
resnet8x4,2,2,0.4,confidence,same,0.0,0.0,0.3855,0.4036571592891173,0.003657159289117251,20.8875320109758
resnet8x4,2,2,0.4,margin,same,0.20000000000000018,-0.0034456256278929676,0.3875,0.4002115336612243,0.00021153366122428352,20.200159373794474
resnet8x4,2,2,0.4,logistic,same,0.15000000000000013,0.002033187800849212,0.387,0.4056903470899665,0.005690347089966463,21.025119870888144
resnet8x4,2,2,0.5,confidence,same,0.0,0.0,0.481,0.505459116466049,0.005459116466049019,25.737090668160324
resnet8x4,2,2,0.5,margin,same,0.8000000000000007,0.002210491281918525,0.489,0.5076696077479675,0.007669607747967544,25.24975753388532
resnet8x4,2,2,0.5,logistic,same,0.20000000000000018,0.0025639715036764876,0.483,0.5080230879697255,0.008023087969725506,25.899756171716138
resnet8x4,2,2,0.6,confidence,same,0.0,0.0,0.55725,0.6064676619732633,0.006467661973263317,21.999999999999996
resnet8x4,2,2,0.6,margin,same,1.474999999999993,0.0029173361623183736,0.572,0.6093849981355817,0.00938499813558169,20.525000000000006
resnet8x4,2,2,0.6,logistic,same,0.924999999999998,0.0033595596120776783,0.5665,0.609827221585341,0.009827221585340995,21.075
resnet8x4,2,2,0.7,confidence,same,0.0,0.0,0.63275,0.7061520987802699,0.006152098780269899,14.449999999999996
resnet8x4,2,2,0.7,margin,same,0.7499999999999951,0.00026595040647392487,0.64025,0.7064180491867438,0.006418049186743824,13.700000000000001
resnet8x4,2,2,0.7,logistic,same,0.40000000000000036,8.923437124419564e-05,0.63675,0.706241333151514,0.006241333151514095,14.049999999999995
resnet8x4,2,2,0.8,confidence,same,0.0,0.0,0.69075,0.8044240110878956,0.004424011087895585,8.650000000000002
resnet8x4,2,2,0.8,margin,same,0.15000000000000568,4.044709059902729e-07,0.69225,0.8044244155588016,0.0044244155588015754,8.499999999999996
resnet8x4,2,2,0.8,logistic,same,0.07500000000000284,-0.001148615707954992,0.6915,0.8032753953799406,0.0032753953799405933,8.575
resnet8x4,2,2,0.9,confidence,same,0.0,0.0,0.72375,0.9041114332753978,0.004111433275397758,5.35
resnet8x4,2,2,0.9,margin,same,-0.10000000000000009,-0.0015907043340793736,0.72275,0.9025207289413184,0.002520728941318384,5.449999999999999
resnet8x4,2,2,0.9,logistic,same,-0.10000000000000009,-0.0030933684491123437,0.72275,0.9010180648262854,0.0010180648262854142,5.449999999999999
resnet8x4,2,2,0.95,confidence,same,0.0,0.0,0.72925,0.9508624452230832,0.000862445223083208,4.800000000000004
resnet8x4,2,2,0.95,margin,same,-0.04999999999999449,-0.0011488949854853159,0.72875,0.9497135502375978,-0.00028644976240210784,4.849999999999999
resnet8x4,2,2,0.95,logistic,same,0.02500000000000835,-0.00026531480933633667,0.7295,0.9505971304137468,0.0005971304137468714,4.774999999999996
resnet8x4,3,2,0.4,logistic,transfer,0.07499999999999729,0.0005310629803573219,0.38625,0.4041882222694746,0.004188222269474573,20.8876491575256
resnet8x4,3,2,0.5,logistic,transfer,0.17500000000000293,0.003978306491873584,0.48275,0.5094374229579226,0.009437422957922603,26.12480929631429
resnet8x4,3,2,0.6,logistic,transfer,1.0749999999999926,0.0024760564780058614,0.568,0.6089437184512692,0.008943718451269178,20.925000000000004
resnet8x4,3,2,0.7,logistic,transfer,0.4749999999999921,-0.0020314062028118363,0.6375,0.704120692577458,0.004120692577458063,13.975000000000005
resnet8x4,3,2,0.8,logistic,transfer,0.3249999999999975,0.0017680270756676997,0.694,0.8061920381635633,0.006192038163563285,8.325000000000005
resnet8x4,3,2,0.9,logistic,transfer,-0.22499999999999742,-0.004153606878933069,0.7215,0.8999578263964647,-4.217360353531152e-05,5.574999999999997
resnet8x4,3,2,0.95,logistic,transfer,0.02500000000000835,-0.0012372915241387616,0.7295,0.9496251536989444,-0.0003748463010555536,4.774999999999996
resnet8x4,1,3,0.4,logistic,transfer,0.0,0.001237503389851402,0.38625,0.4044525162712866,0.004452516271286566,21.075031329891214
resnet8x4,1,3,0.5,logistic,transfer,0.3750000000000031,0.004154762510092391,0.4675,0.5079342195483484,0.007934219548348387,27.587184657833973
resnet8x4,1,3,0.6,logistic,transfer,0.45000000000000595,0.0038899581045183096,0.54925,0.6065569444958058,0.006556944495805794,22.175
resnet8x4,1,3,0.7,logistic,transfer,-0.024999999999997247,-0.0036220431250733043,0.62675,0.7050040031063365,0.00500400310633653,14.424999999999999
resnet8x4,1,3,0.8,logistic,transfer,0.15000000000000568,-0.0031809367854346293,0.68825,0.8078709753218818,0.007870975321881746,8.274999999999999
resnet8x4,1,3,0.9,logistic,transfer,-0.07500000000000284,-0.0015908487879739974,0.71175,0.9048181914834608,0.004818191483460743,5.9250000000000025
resnet8x4,1,3,0.95,logistic,transfer,0.0,-0.0019443867912899426,0.71725,0.9522763083285568,0.002276308328556853,5.3749999999999964
resnet8x4,2,3,0.4,logistic,transfer,-0.2500000000000002,-0.00017620563146758528,0.38375,0.4030388072499676,0.003038807249967579,21.125066746289995
resnet8x4,2,3,0.5,logistic,transfer,0.07500000000000284,0.0020338811795449496,0.4645,0.505813338217801,0.005813338217800945,27.587192830849084
resnet8x4,2,3,0.6,logistic,transfer,0.02500000000000835,-0.0008823571331718627,0.545,0.6017846292581156,0.001784629258115622,22.599999999999998
resnet8x4,2,3,0.7,logistic,transfer,-0.024999999999997247,-0.00477116923679044,0.62675,0.7038548769946193,0.003854876994619394,14.424999999999999
resnet8x4,2,3,0.8,logistic,transfer,0.15000000000000568,-0.0023858687110550614,0.68825,0.8086660433962614,0.008666043396261314,8.274999999999999
resnet8x4,2,3,0.9,logistic,transfer,-0.12499999999999734,-0.001502577442696329,0.71125,0.9049064628287384,0.0049064628287384116,5.974999999999997
resnet8x4,2,3,0.95,logistic,transfer,0.0,-0.0025630084777104045,0.71725,0.9516576866421363,0.0016576866421363912,5.3749999999999964
resnet8x4,3,3,0.4,confidence,same,0.0,0.0,0.38625,0.4032150128814352,0.003215012881435164,20.89999046481571
resnet8x4,3,3,0.4,margin,same,0.2500000000000002,0.0037124523879962235,0.38875,0.4069274652694314,0.006927465269431388,21.175104887027125
resnet8x4,3,3,0.4,logistic,same,-0.12499999999999734,0.00035428916356960993,0.385,0.4035693020450048,0.003569302045004774,21.07510352485794
resnet8x4,3,3,0.5,confidence,same,0.0,0.0,0.46375,0.503779457038256,0.0037794570382559955,27.374506894755545
resnet8x4,3,3,0.5,margin,same,1.4000000000000012,0.005568789329980395,0.47775,0.5093482463682364,0.00934824636823639,26.762194193018274
resnet8x4,3,3,0.5,logistic,same,0.5249999999999977,0.004155099569180698,0.469,0.5079345566074367,0.007934556607436694,27.437232333755425
resnet8x4,3,3,0.6,confidence,same,0.0,0.0,0.54475,0.6026669863912875,0.0026669863912874847,22.625000000000007
resnet8x4,3,3,0.6,margin,same,0.40000000000000036,0.0042433227631603065,0.54875,0.6069103091544478,0.006910309154447791,22.225000000000005
resnet8x4,3,3,0.6,logistic,same,0.45000000000000595,0.002387871805065056,0.54925,0.6050548581963525,0.005054858196352541,22.175
resnet8x4,3,3,0.7,confidence,same,0.0,0.0,0.627,0.7086260462314098,0.008626046231409834,14.400000000000002
resnet8x4,3,3,0.7,margin,same,0.14999999999999458,-0.0025618046952523565,0.6285,0.7060642415361574,0.0060642415361574775,14.250000000000007
resnet8x4,3,3,0.7,logistic,same,-0.07500000000000284,-0.0026497293511824616,0.62625,0.7059763168802273,0.0059763168802273725,14.475000000000005
resnet8x4,3,3,0.8,confidence,same,0.0,0.0,0.68675,0.8110519121073164,0.011051912107316375,8.425000000000004
resnet8x4,3,3,0.8,margin,same,-0.07499999999999174,-0.004595108059217479,0.686,0.8064568040480989,0.006456804048098896,8.499999999999996
resnet8x4,3,3,0.8,logistic,same,-0.024999999999997247,-0.002650673116629254,0.6865,0.8084012389906872,0.008401238990687121,8.450000000000003
resnet8x4,3,3,0.9,confidence,same,0.0,0.0,0.7125,0.9064090402714348,0.0064090402714347405,5.85
resnet8x4,3,3,0.9,margin,same,-0.12499999999999734,-0.002209345281018793,0.71125,0.904199694990416,0.0041996949904159475,5.974999999999997
resnet8x4,3,3,0.9,logistic,same,-0.07500000000000284,-0.0015023752072431673,0.71175,0.9049066650641916,0.004906665064191573,5.9250000000000025
resnet8x4,3,3,0.95,confidence,same,0.0,0.0,0.71725,0.9542206951198468,0.004220695119846796,5.3749999999999964
resnet8x4,3,3,0.95,margin,same,0.0,-8.834838735516382e-05,0.71725,0.9541323467324916,0.004132346732491632,5.3749999999999964
resnet8x4,3,3,0.95,logistic,same,0.0,-0.0019442519676547976,0.71725,0.952276443152192,0.002276443152191998,5.3749999999999964
shufflenetv2,1,1,0.4,confidence,same,0.0,0.0,0.462,0.3975354514205263,-0.002464548579473702,32.87499999999999
shufflenetv2,1,1,0.4,margin,same,0.5000000000000004,-0.002922812369606509,0.467,0.3946126390509198,-0.005387360949080211,32.159746544761894
shufflenetv2,1,1,0.4,logistic,same,0.22499999999999742,-0.001236093400066418,0.46425,0.3962993580204599,-0.00370064197954012,32.635567312984996
shufflenetv2,1,1,0.5,confidence,same,0.0,0.0,0.54025,0.4990542818387223,-0.0009457181612776977,25.049999999999994
shufflenetv2,1,1,0.5,margin,same,0.34999999999999476,-0.00445289503731211,0.54375,0.4946013868014102,-0.005398613198589808,24.7
shufflenetv2,1,1,0.5,logistic,same,0.6750000000000034,0.0001731753425356919,0.547,0.499227457181258,-0.0007725428187420058,24.374999999999993
shufflenetv2,1,1,0.6,confidence,same,0.0,0.0,0.6085,0.6006749602255471,0.0006749602255471387,18.22499999999999
shufflenetv2,1,1,0.6,margin,same,0.3249999999999975,-0.008967364280767276,0.61175,0.5917075959447798,-0.008292404055220137,17.899999999999995
shufflenetv2,1,1,0.6,logistic,same,0.0,-0.004704229486175215,0.6085,0.5959707307393719,-0.004029269260628077,18.22499999999999
shufflenetv2,1,1,0.7,confidence,same,0.0,0.0,0.66475,0.705343562126915,0.005343562126915002,12.6
shufflenetv2,1,1,0.7,margin,same,0.3750000000000031,-0.004035503755332792,0.6685,0.7013080583715822,0.0013080583715822103,12.224999999999998
shufflenetv2,1,1,0.7,logistic,same,0.40000000000000036,-0.0022719564915029133,0.66875,0.703071605635412,0.003071605635412089,12.2
shufflenetv2,1,1,0.8,confidence,same,0.0,0.0,0.698,0.8077995927287617,0.0077995927287616285,9.275
shufflenetv2,1,1,0.8,margin,same,-0.04999999999999449,-0.0019398442445194286,0.6975,0.8058597484842422,0.0058597484842422,9.324999999999994
shufflenetv2,1,1,0.8,logistic,same,-0.12499999999999734,-0.003366828762641827,0.69675,0.8044327639661198,0.0044327639661198015,9.399999999999997
shufflenetv2,1,1,0.9,confidence,same,0.0,0.0,0.7125,0.903582243350109,0.003582243350108927,7.824999999999993
shufflenetv2,1,1,0.9,margin,same,0.0,0.0012060950889726252,0.7125,0.9047883384390816,0.004788338439081552,7.824999999999993
shufflenetv2,1,1,0.9,logistic,same,-0.024999999999997247,0.002830175770439425,0.71225,0.9064124191205484,0.006412419120548352,7.849999999999991
shufflenetv2,1,1,0.95,confidence,same,0.0,0.0,0.71275,0.9513552876072598,0.0013552876072598918,7.799999999999995
shufflenetv2,1,1,0.95,margin,same,0.0,-0.00013830430614347744,0.71275,0.9512169833011164,0.0012169833011164144,7.799999999999995
shufflenetv2,1,1,0.95,logistic,same,-0.04999999999999449,0.003023524584230941,0.71225,0.9543788121914908,0.004378812191490833,7.849999999999991
shufflenetv2,2,1,0.4,logistic,transfer,0.07499999999999729,-0.0022453756432745386,0.46275,0.3952900757772518,-0.004709924222748241,32.665402164495404
shufflenetv2,2,1,0.5,logistic,transfer,0.7249999999999979,-0.0011925025865813232,0.5475,0.497861779252141,-0.002138220747859021,24.324999999999996
shufflenetv2,2,1,0.6,logistic,transfer,-0.07500000000000284,-0.004738830510447212,0.60775,0.5959361297150999,-0.004063870284900073,18.299999999999994
shufflenetv2,2,1,0.7,logistic,transfer,0.4750000000000032,-0.001383292050928242,0.6695,0.7039602700759867,0.00396027007598676,12.124999999999996
shufflenetv2,2,1,0.8,logistic,transfer,-0.10000000000000009,-0.002799963330154198,0.697,0.8049996293986075,0.00499962939860743,9.375
shufflenetv2,2,1,0.9,logistic,transfer,-0.024999999999997247,0.0006357168378280376,0.71225,0.904217960187937,0.004217960187936964,7.849999999999991
shufflenetv2,2,1,0.95,logistic,transfer,0.0,0.0005016270802641332,0.71275,0.951856914687524,0.001856914687524025,7.799999999999995
shufflenetv2,3,1,0.4,logistic,transfer,-0.025000000000002798,-0.0006215991246072416,0.46175,0.3969138522959191,-0.0030861477040809437,32.9
shufflenetv2,3,1,0.5,logistic,transfer,0.7750000000000035,0.0005278704133420131,0.548,0.4995821522520643,-0.0004178477479356846,24.27499999999999
shufflenetv2,3,1,0.6,logistic,transfer,-0.02500000000000835,-0.004786463522462481,0.60825,0.5958884967030846,-0.004111503296915342,18.25
shufflenetv2,3,1,0.7,logistic,transfer,0.275000000000003,-0.0015047485410120132,0.6675,0.703838813585903,0.0038388135859029893,12.324999999999998
shufflenetv2,3,1,0.8,logistic,transfer,-0.04999999999999449,-0.0021100066101521486,0.6975,0.8056895861186095,0.00568958611860948,9.324999999999994
shufflenetv2,3,1,0.9,logistic,transfer,-0.07500000000000284,-0.0005174501098501594,0.71175,0.9030647932402588,0.0030647932402587674,7.899999999999996
shufflenetv2,3,1,0.95,logistic,transfer,-0.024999999999997247,0.0002778149739283142,0.7125,0.9516331025811882,0.001633102581188206,7.824999999999993
shufflenetv2,1,2,0.4,logistic,transfer,0.7000000000000006,-0.0011200805281876836,0.46375,0.4025100899732898,0.0025100899732897752,33.367573873047654
shufflenetv2,1,2,0.5,logistic,transfer,-0.12499999999999734,-0.003376622290298781,0.542,0.5059399191099039,0.0059399191099038795,25.749999999999996
shufflenetv2,1,2,0.6,logistic,transfer,0.6749999999999923,0.000896577818131794,0.61525,0.6073414058441835,0.007341405844183524,18.425000000000004
shufflenetv2,1,2,0.7,logistic,transfer,0.6249999999999978,0.007953977214667063,0.6665,0.7087147849731337,0.008714784973133716,13.3
shufflenetv2,1,2,0.8,logistic,transfer,0.3750000000000031,0.0023876393879913582,0.69575,0.803408209273231,0.0034082092732309333,10.375
shufflenetv2,1,2,0.9,logistic,transfer,-0.07500000000000284,-0.0020942051354104763,0.70875,0.9012106593937254,0.001210659393725333,9.075
shufflenetv2,1,2,0.95,logistic,transfer,0.04999999999999449,-0.0004468082332054202,0.71075,0.9515999365950514,0.001599936595051421,8.875
shufflenetv2,2,2,0.4,confidence,same,0.0,0.0,0.45675,0.4036301705014775,0.003630170501477459,34.20093066585335
shufflenetv2,2,2,0.4,margin,same,2.2500000000000018,0.00024506961771103564,0.47925,0.4038752401191885,0.0038752401191884944,31.980108655658185
shufflenetv2,2,2,0.4,logistic,same,1.050000000000001,0.0003558928282509921,0.46725,0.4039860633297285,0.003986063329728451,33.19330326761161
shufflenetv2,2,2,0.5,confidence,same,0.0,0.0,0.54325,0.5093165414002027,0.00931654140020266,25.624999999999996
shufflenetv2,2,2,0.5,margin,same,1.0000000000000009,0.0010695779721203724,0.55325,0.510386119372323,0.010386119372323033,24.624999999999996
shufflenetv2,2,2,0.5,logistic,same,0.275000000000003,-0.002598032672530892,0.546,0.5067185087276718,0.006718508727671768,25.349999999999994
shufflenetv2,2,2,0.6,confidence,same,0.0,0.0,0.6085,0.6064448280260517,0.00644482802605173,19.099999999999994
shufflenetv2,2,2,0.6,margin,same,0.5249999999999977,2.091609329024635e-05,0.61375,0.606465744119342,0.006465744119341976,18.574999999999996
shufflenetv2,2,2,0.6,logistic,same,0.5249999999999977,-0.002245969332867692,0.61375,0.604198858693184,0.004198858693184038,18.574999999999996
shufflenetv2,2,2,0.7,confidence,same,0.0,0.0,0.66025,0.7007608077584666,0.0007608077584666528,13.924999999999999
shufflenetv2,2,2,0.7,margin,same,0.5750000000000033,0.008826500713882246,0.666,0.7095873084723489,0.009587308472348899,13.349999999999994
shufflenetv2,2,2,0.7,logistic,same,0.6249999999999978,0.009433356325166953,0.6665,0.7101941640836336,0.010194164083633606,13.3
shufflenetv2,2,2,0.8,confidence,same,0.0,0.0,0.692,0.8010205698852396,0.001020569885239575,10.750000000000004
shufflenetv2,2,2,0.8,margin,same,0.40000000000000036,-4.29408861507552e-05,0.696,0.8009776289990889,0.0009776289990888198,10.350000000000003
shufflenetv2,2,2,0.8,logistic,same,0.2500000000000058,0.0025580676854035644,0.6945,0.8035786375706432,0.0035786375706431395,10.499999999999998
shufflenetv2,2,2,0.9,confidence,same,0.0,0.0,0.7095,0.9033048645291358,0.003304864529135809,8.999999999999996
shufflenetv2,2,2,0.9,margin,same,-0.024999999999997247,-2.4318121822686223e-05,0.70925,0.9032805464073131,0.003280546407313123,9.024999999999995
shufflenetv2,2,2,0.9,logistic,same,-0.050000000000005596,-0.0016612123153910696,0.709,0.9016436522137448,0.0016436522137447396,9.050000000000002
shufflenetv2,2,2,0.95,confidence,same,0.0,0.0,0.71025,0.9520467448282568,0.0020467448282568412,8.924999999999994
shufflenetv2,2,2,0.95,margin,same,0.0,-0.00198341456759743,0.71025,0.9500633302606594,6.333026065941105e-05,8.924999999999994
shufflenetv2,2,2,0.95,logistic,same,0.0,0.001304122261913787,0.71025,0.9533508670901706,0.0033508670901706283,8.924999999999994
shufflenetv2,3,2,0.4,logistic,transfer,0.7750000000000035,-0.0009674516532831579,0.4645,0.4026627188481943,0.002662718848194301,33.31074586759141
shufflenetv2,3,2,0.5,logistic,transfer,0.34999999999999476,-0.0017362425099133327,0.54675,0.5075802988902893,0.007580298890289328,25.275000000000002
shufflenetv2,3,2,0.6,logistic,transfer,1.0000000000000009,0.002635617490398756,0.6185,0.6090804455164505,0.009080445516450486,18.099999999999994
shufflenetv2,3,2,0.7,logistic,transfer,0.5000000000000004,0.008400523507730684,0.66525,0.7091613312661973,0.009161331266197337,13.424999999999997
shufflenetv2,3,2,0.8,logistic,transfer,0.050000000000005596,-0.001198018586484828,0.6925,0.7998225512987548,-0.00017744870124525303,10.7
shufflenetv2,3,2,0.9,logistic,transfer,0.024999999999997247,-0.002013108804595043,0.70975,0.9012917557245408,0.0012917557245407663,8.975
shufflenetv2,3,2,0.95,logistic,transfer,0.024999999999997247,0.0022987400262276525,0.7105,0.9543454848544844,0.004345484854484494,8.899999999999997
shufflenetv2,1,3,0.4,logistic,transfer,0.07499999999999729,0.0020433368566188936,0.45325,0.4017368717694345,0.0017368717694344893,32.99792814557941
shufflenetv2,1,3,0.5,logistic,transfer,-0.07500000000000284,-0.004062814807166637,0.52725,0.4989808680800968,-0.0010191319199032156,26.649999999999995
shufflenetv2,1,3,0.6,logistic,transfer,0.8749999999999925,0.0035726260754358474,0.597,0.6086088907256337,0.008608890725633755,19.674999999999997
shufflenetv2,1,3,0.7,logistic,transfer,0.10000000000000009,-0.010361445728628293,0.6505,0.6993753851486948,-0.0006246148513051608,14.325
shufflenetv2,1,3,0.8,logistic,transfer,0.22500000000000853,-0.0020064213920560903,0.69525,0.8020732556010662,0.002073255601066193,9.849999999999993
shufflenetv2,1,3,0.9,logistic,transfer,0.0,-0.00013998904339795892,0.712,0.9042402591619618,0.004240259161961801,8.174999999999999
shufflenetv2,1,3,0.95,logistic,transfer,-0.07499999999999174,0.000830902071110251,0.71325,0.9511193593722946,0.0011193593722946815,8.04999999999999
shufflenetv2,2,3,0.4,logistic,transfer,0.6249999999999978,0.006365187578590781,0.45875,0.4060587224914064,0.006058722491406376,32.962487712291676
shufflenetv2,2,3,0.5,logistic,transfer,-0.07500000000000284,-0.0016724495740834122,0.52725,0.50137123331318,0.0013712333131800092,26.649999999999995
shufflenetv2,2,3,0.6,logistic,transfer,0.924999999999998,0.003150921695775355,0.5975,0.6081871863459732,0.008187186345973263,19.624999999999993
shufflenetv2,2,3,0.7,logistic,transfer,0.22500000000000853,-0.009379313275087342,0.65175,0.7003575176022357,0.00035751760223579065,14.19999999999999
shufflenetv2,2,3,0.8,logistic,transfer,0.12500000000000844,-0.0023378344815057073,0.69425,0.8017418425116166,0.0017418425116165759,9.949999999999992
shufflenetv2,2,3,0.9,logistic,transfer,0.02500000000000835,-0.0005764905130302145,0.71225,0.9038037576923296,0.0038037576923295457,8.149999999999991
shufflenetv2,2,3,0.95,logistic,transfer,0.0,0.0017631080949708222,0.714,0.9520515653961552,0.0020515653961552527,7.974999999999999
shufflenetv2,3,3,0.4,confidence,same,0.0,0.0,0.4525,0.3996935349128156,-0.00030646508718440435,32.82964845009069
shufflenetv2,3,3,0.4,margin,same,-0.22500000000000298,0.00269738639976258,0.45025,0.4023909213125782,0.002390921312578176,33.37579928717562
shufflenetv2,3,3,0.4,logistic,same,-0.17500000000000293,0.0018004905811540572,0.45075,0.4014940254939697,0.001494025493969653,33.219014866912566
shufflenetv2,3,3,0.5,confidence,same,0.0,0.0,0.528,0.5030436828872634,0.0030436828872634214,26.574999999999992
shufflenetv2,3,3,0.5,margin,same,-0.10000000000000009,-0.003989937347253336,0.527,0.4990537455400101,-0.0009462544599899148,26.674999999999994
shufflenetv2,3,3,0.5,logistic,same,0.17500000000000293,-0.001625457619096271,0.52975,0.5014182252681672,0.0014182252681671503,26.39999999999999
shufflenetv2,3,3,0.6,confidence,same,0.0,0.0,0.58825,0.6050362646501979,0.005036264650197908,20.54999999999999
shufflenetv2,3,3,0.6,margin,same,1.19999999999999,-0.0022092750050384247,0.60025,0.6028269896451595,0.0028269896451594834,19.35
shufflenetv2,3,3,0.6,logistic,same,0.8749999999999925,-0.000161104452467975,0.597,0.6048751601977299,0.004875160197729933,19.674999999999997
shufflenetv2,3,3,0.7,confidence,same,0.0,0.0,0.6495,0.7097368308773231,0.009736830877323133,14.424999999999999
shufflenetv2,3,3,0.7,margin,same,0.6250000000000089,-0.0059210343167309665,0.65575,0.7038157965605921,0.003815796560592166,13.79999999999999
shufflenetv2,3,3,0.7,logistic,same,0.6500000000000061,-0.0054187355768822165,0.656,0.7043180953004409,0.004318095300440916,13.774999999999993
shufflenetv2,3,3,0.8,confidence,same,0.0,0.0,0.693,0.8040796769931223,0.004079676993122283,10.075000000000001
shufflenetv2,3,3,0.8,margin,same,0.35000000000000586,-0.0001452966798087818,0.6965,0.8039343803133135,0.003934380313313501,9.724999999999994
shufflenetv2,3,3,0.8,logistic,same,0.22500000000000853,-0.0023007900426910144,0.69525,0.8017788869504313,0.0017788869504312688,9.849999999999993
shufflenetv2,3,3,0.9,confidence,same,0.0,0.0,0.712,0.9043802482053598,0.00438024820535976,8.174999999999999
shufflenetv2,3,3,0.9,margin,same,0.050000000000005596,-0.0015839947920658348,0.7125,0.902796253413294,0.0027962534132939254,8.124999999999993
shufflenetv2,3,3,0.9,logistic,same,0.02500000000000835,-0.00024324801163222443,0.71225,0.9041370001937276,0.004137000193727536,8.149999999999991
shufflenetv2,3,3,0.95,confidence,same,0.0,0.0,0.714,0.9502884573011844,0.00028845730118443047,7.974999999999999
shufflenetv2,3,3,0.95,margin,same,0.0,-0.0009506933386127514,0.714,0.9493377639625716,-0.0006622360374283209,7.974999999999999
shufflenetv2,3,3,0.95,logistic,same,-0.04999999999999449,0.0014781848124748587,0.7135,0.9517666421136592,0.0017666421136592891,8.024999999999993
vgg13,1,1,0.4,confidence,same,0.0,0.0,0.43925,0.4053253614965778,0.005325361496577752,31.23780609346915
vgg13,1,1,0.4,margin,same,0.8500000000000008,-0.00020428228801327997,0.44775,0.4051210792085645,0.005121079208564472,30.360356743058503
vgg13,1,1,0.4,logistic,same,0.6000000000000005,-0.0005354690485373514,0.44525,0.4047898924480404,0.0047898924480404,30.56585527634103
vgg13,1,1,0.5,confidence,same,0.0,0.0,0.5405,0.5058317218853436,0.005831721885343644,29.549999999999997
vgg13,1,1,0.5,margin,same,0.9000000000000008,0.00045683681524200104,0.5495,0.5062885587005856,0.006288558700585645,28.65
vgg13,1,1,0.5,logistic,same,-0.024999999999997247,-0.003036494447484328,0.54025,0.5027952274378593,0.0027952274378593156,29.574999999999996
vgg13,1,1,0.6,confidence,same,0.0,0.0,0.61525,0.599602306390775,-0.000397693609224925,22.075
vgg13,1,1,0.6,margin,same,0.8250000000000091,0.00301971664454026,0.6235,0.6026220230353153,0.002622023035315335,21.249999999999993
vgg13,1,1,0.6,logistic,same,0.4750000000000032,0.0013869308447178597,0.62,0.6009892372354929,0.0009892372354929346,21.599999999999998
vgg13,1,1,0.7,confidence,same,0.0,0.0,0.68475,0.7024716723029037,0.0024716723029037935,15.125
vgg13,1,1,0.7,margin,same,0.5750000000000033,-0.0008466753863887178,0.6905,0.701624996916515,0.0016249969165150757,14.549999999999997
vgg13,1,1,0.7,logistic,same,-0.04999999999999449,-0.005353442234551364,0.68425,0.6971182300683524,-0.002881769931647571,15.174999999999994
vgg13,1,1,0.8,confidence,same,0.0,0.0,0.736,0.7999467381212942,-5.326187870580146e-05,9.999999999999998
vgg13,1,1,0.8,margin,same,0.12499999999999734,0.0016333534413935924,0.73725,0.8015800915626878,0.001580091562687791,9.875
vgg13,1,1,0.8,logistic,same,0.10000000000000009,0.0023769100788476605,0.737,0.8023236482001419,0.002323648200141859,9.899999999999999
vgg13,1,1,0.9,confidence,same,0.0,0.0,0.754,0.8993049788192607,-0.0006950211807392748,8.199999999999996
vgg13,1,1,0.9,margin,same,0.024999999999997247,-0.0015300805182049126,0.75425,0.8977748983010558,-0.0022251016989441874,8.174999999999999
vgg13,1,1,0.9,logistic,same,-0.17500000000000293,-0.0006435704290417288,0.75225,0.898661408390219,-0.0013385916097810036,8.375
vgg13,1,1,0.95,confidence,same,0.0,0.0,0.75475,0.953118916003624,0.003118916003624017,8.124999999999993
vgg13,1,1,0.95,margin,same,0.0,0.0007441453027872136,0.75475,0.9538630613064112,0.0038630613064112307,8.124999999999993
vgg13,1,1,0.95,logistic,same,-0.050000000000005596,-0.003914944586969948,0.75425,0.949203971416654,-0.0007960285833459313,8.174999999999999
vgg13,2,1,0.4,logistic,transfer,0.3500000000000003,-0.001816905459226248,0.44275,0.4035084560373515,0.003508456037351504,30.643669046159026
vgg13,2,1,0.5,logistic,transfer,0.45000000000000595,-0.0027883338864919116,0.545,0.5030433879988517,0.003043387998851732,29.099999999999994
vgg13,2,1,0.6,logistic,transfer,0.8750000000000036,0.002358219113570925,0.624,0.601960525504346,0.001960525504346,21.199999999999996
vgg13,2,1,0.7,logistic,transfer,0.0,-0.003989435139171826,0.68475,0.6984822371637319,-0.0015177628362680329,15.125
vgg13,2,1,0.8,logistic,transfer,0.10000000000000009,0.0008885704178291931,0.737,0.8008353085391234,0.0008353085391233916,9.899999999999999
vgg13,2,1,0.9,logistic,transfer,-0.17500000000000293,-0.0009318039621101226,0.75225,0.8983731748571506,-0.0016268251428493974,8.375
vgg13,2,1,0.95,logistic,transfer,-0.07500000000000284,-0.0036871148446819824,0.754,0.949431801158942,-0.0005681988410579653,8.199999999999996
vgg13,3,1,0.4,logistic,transfer,0.30000000000000027,-0.0007413070949310874,0.44225,0.4045840544016467,0.0045840544016466644,30.83819687913855
vgg13,3,1,0.5,logistic,transfer,-0.20000000000000018,-0.003511286396336577,0.5385,0.5023204354890071,0.0023204354890070666,29.75
vgg13,3,1,0.6,logistic,transfer,0.4750000000000032,0.0023385960948500983,0.62,0.6019409024856252,0.0019409024856251733,21.599999999999998
vgg13,3,1,0.7,logistic,transfer,-0.04999999999999449,-0.006200643214987367,0.68425,0.6962710290879164,-0.0037289709120835735,15.174999999999994
vgg13,3,1,0.8,logistic,transfer,0.024999999999997247,-0.0008476564952771826,0.73625,0.7990990816260171,-0.000900918373982984,9.975000000000001
vgg13,3,1,0.9,logistic,transfer,-0.12499999999999734,-0.0007051935980121327,0.75275,0.8985997852212486,-0.0014002147787514074,8.324999999999994
vgg13,3,1,0.95,logistic,transfer,-0.02500000000000835,-0.00319142443555398,0.7545,0.94992749156807,-7.250843192996292e-05,8.150000000000002
vgg13,1,2,0.4,logistic,transfer,0.37499999999999756,-0.003388103129681297,0.408,0.397659596702577,-0.0023404032974230216,31.657516606978458
vgg13,1,2,0.5,logistic,transfer,0.8500000000000008,-0.0025194080157157073,0.4985,0.5027352020747929,0.0027352020747929418,27.499999999999996
vgg13,1,2,0.6,logistic,transfer,0.22499999999999742,0.0022346434033603257,0.56575,0.6048568276208502,0.004856827620850268,20.775
vgg13,1,2,0.7,logistic,transfer,-0.22499999999999742,-0.0023349800078040772,0.619,0.7001581093415021,0.00015810934150217726,15.449999999999998
vgg13,1,2,0.8,logistic,transfer,-0.12499999999999734,-0.003370484376261418,0.6575,0.7994708249051409,-0.0005291750948591689,11.6
vgg13,1,2,0.9,logistic,transfer,-0.17500000000000293,-0.0032681645302790052,0.6725,0.903395114974749,0.0033951149747489806,10.099999999999998
vgg13,1,2,0.95,logistic,transfer,-0.02500000000000835,0.0013594309232065616,0.67475,0.9528846880297988,0.0028846880297987987,9.875
vgg13,2,2,0.4,confidence,same,0.0,0.0,0.40425,0.4010476998322583,0.0010476998322582753,32.48777501894604
vgg13,2,2,0.4,margin,same,1.5249999999999986,0.003619310689713884,0.4195,0.4046670105219722,0.004667010521972159,31.449100722134236
vgg13,2,2,0.4,logistic,same,0.30000000000000027,-0.0021683039038042917,0.40725,0.398879395928454,-0.0011206040715460164,31.896420666930815
vgg13,2,2,0.5,confidence,same,0.0,0.0,0.49,0.5052546100905086,0.005254610090508649,28.349999999999998
vgg13,2,2,0.5,margin,same,0.9750000000000036,-0.0007834333877522193,0.49975,0.5044711767027564,0.00447117670275643,27.374999999999993
vgg13,2,2,0.5,logistic,same,0.8500000000000008,-0.0026018946053588676,0.4985,0.5026527154851498,0.0026527154851497814,27.499999999999996
vgg13,2,2,0.6,confidence,same,0.0,0.0,0.5635,0.6026221842174899,0.0026221842174899423,20.999999999999996
vgg13,2,2,0.6,margin,same,0.5750000000000033,0.003681256223033502,0.56925,0.6063034404405234,0.0063034404405234445,20.424999999999994
vgg13,2,2,0.6,logistic,same,0.5499999999999949,0.0014694104264403318,0.569,0.6040915946439303,0.004091594643930274,20.450000000000003
vgg13,2,2,0.7,confidence,same,0.0,0.0,0.62125,0.7024930893493062,0.0024930893493062545,15.225
vgg13,2,2,0.7,margin,same,0.5750000000000033,-0.002025084151111023,0.627,0.7004680051981952,0.00046800519819523156,14.649999999999997
vgg13,2,2,0.7,logistic,same,0.10000000000000009,-0.0029140470124954243,0.62225,0.6995790423368108,-0.00042095766318916983,15.125
vgg13,2,2,0.8,confidence,same,0.0,0.0,0.65875,0.8028413092814023,0.002841309281402249,11.475000000000001
vgg13,2,2,0.8,margin,same,0.30000000000000027,-0.0025843108915420965,0.66175,0.8002569983898602,0.00025699838986015244,11.175
vgg13,2,2,0.8,logistic,same,0.0,-0.002171506523533151,0.65875,0.8006698027578691,0.0006698027578690979,11.475000000000001
vgg13,2,2,0.9,confidence,same,0.0,0.0,0.67425,0.906663279505028,0.006663279505027986,9.924999999999995
vgg13,2,2,0.9,margin,same,-0.07500000000000284,-0.0010544406109563864,0.6735,0.9056088388940716,0.005608838894071599,9.999999999999998
vgg13,2,2,0.9,logistic,same,-0.15000000000000568,-0.00324678252347943,0.67275,0.9034164969815486,0.0034164969815485557,10.075000000000001
vgg13,2,2,0.95,confidence,same,0.0,0.0,0.675,0.9515252571065922,0.0015252571065922371,9.849999999999993
vgg13,2,2,0.95,margin,same,0.0,-0.00014488062988293748,0.675,0.9513803764767093,0.0013803764767092996,9.849999999999993
vgg13,2,2,0.95,logistic,same,-0.050000000000005596,0.0018575250491114081,0.6745,0.9533827821557036,0.0033827821557036453,9.899999999999999
vgg13,3,2,0.4,logistic,transfer,0.8500000000000008,0.00023039464123930653,0.41275,0.4012780944734976,0.0012780944734975819,31.668733078509675
vgg13,3,2,0.5,logistic,transfer,0.7500000000000007,-0.0021875414868901544,0.4975,0.5030670686036185,0.0030670686036184946,27.599999999999998
vgg13,3,2,0.6,logistic,transfer,0.34999999999999476,0.0020491922390363237,0.567,0.6046713764565262,0.004671376456526266,20.650000000000002
vgg13,3,2,0.7,logistic,transfer,-0.3249999999999975,-0.003988271824346801,0.618,0.6985048175249594,-0.0014951824750405462,15.549999999999997
vgg13,3,2,0.8,logistic,transfer,-0.024999999999997247,-0.002770659069707082,0.6585,0.8000706502116952,7.065021169516683e-05,11.5
vgg13,3,2,0.9,logistic,transfer,-0.17500000000000293,-0.002172004085898238,0.6725,0.9044912754191298,0.004491275419129748,10.099999999999998
vgg13,3,2,0.95,logistic,transfer,-0.02500000000000835,0.0016495215552425613,0.67475,0.9531747786618348,0.0031747786618347984,9.875
vgg13,1,3,0.4,logistic,transfer,0.07499999999999729,-0.002437250798342283,0.433,0.3997043599357737,-0.0002956400642263324,31.67419300405135
vgg13,1,3,0.5,logistic,transfer,1.100000000000001,-0.0014032040773764853,0.53925,0.5028570258048455,0.002857025804845481,30.100000000000005
vgg13,1,3,0.6,logistic,transfer,1.100000000000001,-0.0015274175083646035,0.63275,0.6010925802378881,0.0010925802378881633,20.75
vgg13,1,3,0.7,logistic,transfer,0.9499999999999953,-0.00024661181053287073,0.70175,0.6982756142302275,-0.0017243857697724074,13.850000000000007
vgg13,1,3,0.8,logistic,transfer,-0.12499999999999734,0.00024762795902433243,0.744,0.7982510677267876,-0.001748932273212489,9.625000000000005
vgg13,1,3,0.9,logistic,transfer,0.02500000000000835,-0.0015531514338767982,0.76275,0.9014525244212018,0.0014525244212018062,7.750000000000002
vgg13,1,3,0.95,logistic,transfer,0.0,-0.0020963081713476495,0.76375,0.9501755049627292,0.00017550496272922267,7.650000000000001
vgg13,2,3,0.4,logistic,transfer,0.3249999999999975,-0.0010726620455502878,0.4355,0.4010689486885657,0.001068948688565663,31.60755238976265
vgg13,2,3,0.5,logistic,transfer,1.0750000000000037,-0.0015892228832715682,0.539,0.5026710069989504,0.002671006998950398,30.125
vgg13,2,3,0.6,logistic,transfer,1.1499999999999955,0.0007459183067068942,0.63325,0.6033659160529596,0.003365916052959661,20.700000000000006
vgg13,2,3,0.7,logistic,transfer,0.9499999999999953,-0.003017172769350873,0.70175,0.6955050532714095,-0.00449494672859041,13.850000000000007
vgg13,2,3,0.8,logistic,transfer,0.0,-0.0008479508279438663,0.74525,0.7971554889398194,-0.0028445110601806878,9.500000000000009
vgg13,2,3,0.9,logistic,transfer,0.02500000000000835,-0.0011591781895570197,0.76275,0.9018464976655216,0.0018464976655215848,7.750000000000002
vgg13,2,3,0.95,logistic,transfer,-0.02500000000000835,-0.001372101243709789,0.7635,0.950899711890367,0.0008997118903670831,7.67500000000001
vgg13,3,3,0.4,confidence,same,0.0,0.0,0.43225,0.402141610734116,0.0021416107341159507,32.07668567046389
vgg13,3,3,0.4,margin,same,0.5249999999999977,-0.00417336558471848,0.4375,0.3979682451493975,-0.0020317548506025296,30.99091177547393
vgg13,3,3,0.4,logistic,same,0.3249999999999975,-0.0018989365340281728,0.4355,0.4002426742000878,0.00024267420008777796,31.496526131978953
vgg13,3,3,0.5,confidence,same,0.0,0.0,0.52825,0.504260229882222,0.004260229882221966,31.200000000000006
vgg13,3,3,0.5,margin,same,1.7249999999999988,-0.0005145565724203882,0.5455,0.5037456733098016,0.003745673309801578,29.47500000000001
vgg13,3,3,0.5,logistic,same,1.200000000000001,-0.0022914661466976183,0.54025,0.5019687637355243,0.001968763735524348,30.000000000000004
vgg13,3,3,0.6,confidence,same,0.0,0.0,0.62175,0.6026199977462527,0.002619997746252767,21.85
vgg13,3,3,0.6,margin,same,1.4249999999999985,0.0002292523501763455,0.636,0.6028492500964291,0.0028492500964291123,20.425000000000004
vgg13,3,3,0.6,logistic,same,1.3249999999999984,0.0016774559678330858,0.635,0.6042974537140858,0.004297453714085853,20.525000000000006
vgg13,3,3,0.7,confidence,same,0.0,0.0,0.69225,0.6985222260407604,-0.0014777739592395367,14.800000000000002
vgg13,3,3,0.7,margin,same,0.9499999999999953,0.0002910016617181377,0.70175,0.6988132277024786,-0.001186772297521399,13.850000000000007
vgg13,3,3,0.7,logistic,same,0.9499999999999953,-0.0001840565881182643,0.70175,0.6983381694526422,-0.001661830547357801,13.850000000000007
vgg13,3,3,0.8,confidence,same,0.0,0.0,0.74525,0.7980034397677632,-0.0019965602322368214,9.500000000000009
vgg13,3,3,0.8,margin,same,0.5249999999999977,0.003307922145926123,0.7505,0.8013113619136893,0.0013113619136893018,8.97500000000001
vgg13,3,3,0.8,logistic,same,-0.12499999999999734,-0.00016550578125429372,0.744,0.7978379339865089,-0.002162066013491115,9.625000000000005
vgg13,3,3,0.9,confidence,same,0.0,0.0,0.7625,0.9030056758550786,0.0030056758550786045,7.775000000000009
vgg13,3,3,0.9,margin,same,0.0,-8.27458827066252e-05,0.7625,0.902922929972372,0.0029229299723719793,7.775000000000009
vgg13,3,3,0.9,logistic,same,0.0,-0.00043644993317260017,0.7625,0.902569225921906,0.0025692259219060043,7.775000000000009
vgg13,3,3,0.95,confidence,same,0.0,0.0,0.76375,0.9522718131340768,0.002271813134076872,7.650000000000001
vgg13,3,3,0.95,margin,same,0.0,0.00014460031305774113,0.76375,0.9524164134471346,0.0024164134471346133,7.650000000000001
vgg13,3,3,0.95,logistic,same,0.0,-0.0010626609018580258,0.76375,0.9512091522322188,0.0012091522322188464,7.650000000000001
vgg8,1,1,0.4,confidence,same,0.0,0.0,0.4705,0.4072190724468246,0.00721907244682457,32.25000000000001
vgg8,1,1,0.4,margin,same,0.8750000000000036,-0.0033676912053101082,0.47925,0.4038513812415145,0.003851381241514462,31.375000000000004
vgg8,1,1,0.4,logistic,same,0.8250000000000035,-0.0002738789787298801,0.47875,0.4069451934680947,0.00694519346809469,31.425000000000004
vgg8,1,1,0.5,confidence,same,0.0,0.0,0.552,0.5073274192940113,0.0073274192940112615,24.099999999999998
vgg8,1,1,0.5,margin,same,0.8499999999999952,-0.0005190592472469335,0.5605,0.5068083600467643,0.006808360046764328,23.250000000000004
vgg8,1,1,0.5,logistic,same,0.8499999999999952,0.001531236800422331,0.5605,0.5088586560944336,0.008858656094433592,23.250000000000004
vgg8,1,1,0.6,confidence,same,0.0,0.0,0.6215,0.6025015396364459,0.0025015396364459486,17.15
vgg8,1,1,0.6,margin,same,0.24999999999999467,-0.004730897382712151,0.624,0.5977706422537338,-0.002229357746266203,16.900000000000006
vgg8,1,1,0.6,logistic,same,0.07499999999999174,-0.003794950218735771,0.62225,0.5987065894177102,-0.0012934105822898223,17.075000000000006
vgg8,1,1,0.7,confidence,same,0.0,0.0,0.674,0.7051902728541258,0.005190272854125877,11.899999999999999
vgg8,1,1,0.7,margin,same,0.0,-0.005392659149192958,0.674,0.6997976137049329,-0.00020238629506708072,11.899999999999999
vgg8,1,1,0.7,logistic,same,0.0,-0.002545606426308744,0.674,0.7026446664278171,0.002644666427817133,11.899999999999999
vgg8,1,1,0.8,confidence,same,0.0,0.0,0.702,0.8052348110574746,0.0052348110574745865,9.100000000000009
vgg8,1,1,0.8,margin,same,-0.024999999999997247,0.00027583534469766136,0.70175,0.8055106464021723,0.005510646402172248,9.125000000000005
vgg8,1,1,0.8,logistic,same,-0.12499999999999734,-0.0009472610876450904,0.70075,0.8042875499698295,0.004287549969829496,9.225000000000005
vgg8,1,1,0.9,confidence,same,0.0,0.0,0.7155,0.9047191695580028,0.004719169558002778,7.750000000000002
vgg8,1,1,0.9,margin,same,0.024999999999997247,0.0005202142102880281,0.71575,0.9052393837682908,0.005239383768290806,7.725000000000004
vgg8,1,1,0.9,logistic,same,-0.024999999999997247,-0.00039226693317262473,0.71525,0.9043269026248302,0.004326902624830153,7.774999999999999
vgg8,1,1,0.95,confidence,same,0.0,0.0,0.715,0.9514304495399004,0.001430449539900458,7.800000000000007
vgg8,1,1,0.95,margin,same,0.02500000000000835,-0.0013224392819429776,0.71525,0.9501080102579574,0.00010801025795748043,7.774999999999999
vgg8,1,1,0.95,logistic,same,-0.024999999999997247,-0.0009187038014784044,0.71475,0.950511745738422,0.0005117457384220536,7.825000000000005
vgg8,2,1,0.4,logistic,transfer,0.4750000000000032,-0.004167936340322809,0.47525,0.4030511361065018,0.0030511361065017617,31.775000000000002
vgg8,2,1,0.5,logistic,transfer,0.6000000000000005,-0.0014935340926233165,0.558,0.505833885201388,0.005833885201387945,23.5
vgg8,2,1,0.6,logistic,transfer,0.04999999999999449,-0.003760170274551222,0.622,0.5987413693618947,-0.0012586306381052736,17.100000000000005
vgg8,2,1,0.7,logistic,transfer,-0.10000000000000009,-0.0011551629205009961,0.673,0.7040351099336248,0.004035109933624881,12.0
vgg8,2,1,0.8,logistic,transfer,-0.14999999999999458,0.0004082374792578891,0.7005,0.8056430485367325,0.005643048536732476,9.250000000000004
vgg8,2,1,0.9,logistic,transfer,-0.024999999999997247,-0.0006016537185096205,0.71525,0.9041175158394932,0.004117515839493158,7.774999999999999
vgg8,2,1,0.95,logistic,transfer,-0.024999999999997247,-0.0003639217830744279,0.71475,0.951066527756826,0.00106652775682603,7.825000000000005
vgg8,3,1,0.4,logistic,transfer,0.6000000000000005,-0.001280847412882813,0.4765,0.4059382250339418,0.0059382250339417575,31.650000000000006
vgg8,3,1,0.5,logistic,transfer,0.374999999999992,-0.0014605690903605195,0.55575,0.5058668502036507,0.005866850203650742,23.72500000000001
vgg8,3,1,0.6,logistic,transfer,-0.12500000000000844,-0.000665980917182063,0.62025,0.6018355587192639,0.0018355587192638856,17.275000000000006
vgg8,3,1,0.7,logistic,transfer,-0.02500000000000835,-0.0006694693769798699,0.67375,0.704520803477146,0.004520803477146007,11.925000000000008
vgg8,3,1,0.8,logistic,transfer,-0.10000000000000009,-0.0014711758937998587,0.701,0.8037636351636748,0.003763635163674728,9.200000000000008
vgg8,3,1,0.9,logistic,transfer,0.0,-0.00046168539749602555,0.7155,0.9042574841605068,0.004257484160506753,7.750000000000002
vgg8,3,1,0.95,logistic,transfer,-0.024999999999997247,-0.0010915428420575912,0.71475,0.9503389066978428,0.00033890669784286676,7.825000000000005
vgg8,1,2,0.4,logistic,transfer,0.275000000000003,-0.0013525758032886803,0.48025,0.401867486611857,0.0018674866118569833,31.375000000000004
vgg8,1,2,0.5,logistic,transfer,0.8500000000000063,0.005565639613818174,0.56025,0.5092066676723489,0.0092066676723489,23.375
vgg8,1,2,0.6,logistic,transfer,0.024999999999997247,0.000693053250867437,0.61825,0.6045158772062152,0.0045158772062152686,17.575000000000006
vgg8,1,2,0.7,logistic,transfer,0.3249999999999975,0.0024993004223865523,0.6745,0.703375375245135,0.0033753752451350927,11.950000000000005
vgg8,1,2,0.8,logistic,transfer,-0.22499999999999742,-0.0016078207497359776,0.70025,0.8052617655377885,0.005261765537788454,9.375
vgg8,1,2,0.9,logistic,transfer,0.07499999999999174,-0.0006702472092320333,0.713,0.9019603343264444,0.0019603343264443795,8.100000000000007
vgg8,1,2,0.95,logistic,transfer,-0.024999999999997247,-0.0015456384824255043,0.71375,0.9494317053854276,-0.0005682946145723067,8.025000000000004
vgg8,2,2,0.4,confidence,same,0.0,0.0,0.4775,0.4032200624151457,0.0032200624151456636,31.650000000000006
vgg8,2,2,0.4,margin,same,0.7500000000000007,4.1120455573917525e-05,0.485,0.4032611828707196,0.003261182870719581,30.900000000000006
vgg8,2,2,0.4,logistic,same,0.5750000000000033,0.00042266273193541926,0.48325,0.4036427251470811,0.003642725147081083,31.075000000000003
vgg8,2,2,0.5,confidence,same,0.0,0.0,0.55175,0.5036410280585307,0.0036410280585307264,24.22500000000001
vgg8,2,2,0.5,margin,same,1.0750000000000037,0.005881794011163066,0.5625,0.5095228220696938,0.009522822069693793,23.150000000000006
vgg8,2,2,0.5,logistic,same,0.550000000000006,0.0037583317619550582,0.55725,0.5073993598204858,0.007399359820485785,23.675
vgg8,2,2,0.6,confidence,same,0.0,0.0,0.618,0.6038228239553478,0.0038228239553478316,17.600000000000005
vgg8,2,2,0.6,margin,same,0.6750000000000034,0.0007317459269874371,0.62475,0.6045545698823352,0.004554569882335269,16.925
vgg8,2,2,0.6,logistic,same,0.30000000000000027,0.003823224656810842,0.621,0.6076460486121587,0.0076460486121586735,17.300000000000004
vgg8,2,2,0.7,confidence,same,0.0,0.0,0.67125,0.7008760748227485,0.0008760748227485404,12.275000000000002
vgg8,2,2,0.7,margin,same,0.7750000000000035,0.0026438178835421766,0.679,0.7035198927062907,0.003519892706290717,11.5
vgg8,2,2,0.7,logistic,same,0.4249999999999976,0.0039589266857746885,0.6755,0.7048350015085232,0.004835001508523229,11.850000000000005
vgg8,2,2,0.8,confidence,same,0.0,0.0,0.7025,0.8068695862875245,0.006869586287524432,9.150000000000002
vgg8,2,2,0.8,margin,same,-0.050000000000005596,-0.0006281603560115423,0.702,0.8062414259315129,0.0062414259315128895,9.200000000000008
vgg8,2,2,0.8,logistic,same,-0.17500000000000293,-0.00188688527681391,0.70075,0.8049827010107106,0.004982701010710522,9.325000000000006
vgg8,2,2,0.9,confidence,same,0.0,0.0,0.71225,0.9026305815356764,0.002630581535676413,8.174999999999999
vgg8,2,2,0.9,margin,same,0.07499999999999174,-0.0011486102730424719,0.713,0.901481971262634,0.001481971262633941,8.100000000000007
vgg8,2,2,0.9,logistic,same,0.07499999999999174,-0.002375501583949169,0.713,0.9002550799517273,0.00025507995172724396,8.100000000000007
vgg8,2,2,0.95,confidence,same,0.0,0.0,0.714,0.9509773438678532,0.0009773438678531976,8.000000000000007
vgg8,2,2,0.95,margin,same,0.0,0.00020834967566762952,0.714,0.9511856935435208,0.0011856935435208271,8.000000000000007
vgg8,2,2,0.95,logistic,same,-0.024999999999997247,-0.0014428778850503754,0.71375,0.9495344659828028,-0.0004655340171971778,8.025000000000004
vgg8,3,2,0.4,logistic,transfer,0.4750000000000032,-0.00030872963493749905,0.48225,0.4029113327802082,0.0029113327802081646,31.175000000000004
vgg8,3,2,0.5,logistic,transfer,0.5000000000000004,0.0032004619852165073,0.55675,0.5068414900437472,0.006841490043747234,23.72500000000001
vgg8,3,2,0.6,logistic,transfer,0.17500000000000293,0.004656199087343493,0.61975,0.6084790230426913,0.008479023042691325,17.425
vgg8,3,2,0.7,logistic,transfer,0.24999999999999467,0.003784013425856103,0.67375,0.7046600882486046,0.0046600882486046435,12.025000000000007
vgg8,3,2,0.8,logistic,transfer,-0.15000000000000568,6.0296613365595775e-05,0.701,0.8069298829008901,0.0069298829008900276,9.300000000000008
vgg8,3,2,0.9,logistic,transfer,0.024999999999997247,-0.001922443053250844,0.7125,0.9007081384824256,0.0007081384824255688,8.150000000000002
vgg8,3,2,0.95,logistic,transfer,-0.024999999999997247,0.00026386144214840535,0.71375,0.9512412053100016,0.001241205310001603,8.025000000000004
vgg8,1,3,0.4,logistic,transfer,0.9749999999999981,0.0021959684718660943,0.47425,0.4036049281565848,0.0036049281565847524,31.549999999999994
vgg8,1,3,0.5,logistic,transfer,0.7750000000000035,0.00114889312113442,0.55425,0.5060763077010108,0.0060763077010107525,23.549999999999994
vgg8,1,3,0.6,logistic,transfer,-0.10000000000000009,0.0025351646175895137,0.6185,0.606498263312717,0.0064982633127169676,17.12499999999999
vgg8,1,3,0.7,logistic,transfer,0.45000000000000595,0.0018725543068336403,0.67225,0.7048360621888671,0.0048360621888671185,11.749999999999993
vgg8,1,3,0.8,logistic,transfer,-0.024999999999997247,-0.0031035940564188014,0.69975,0.8020256986347866,0.0020256986347865213,8.999999999999996
vgg8,1,3,0.9,logistic,transfer,0.0,-0.0014351467038770105,0.70975,0.9013361338437168,0.0013361338437167802,7.9999999999999964
vgg8,1,3,0.95,logistic,transfer,-0.024999999999997247,0.00033195994871004775,0.71125,0.9538136012219036,0.003813601221903662,7.849999999999991
vgg8,2,3,0.4,logistic,transfer,0.824999999999998,-0.0011410676572634615,0.47275,0.4002678920274552,0.0002678920274551966,31.699999999999996
vgg8,2,3,0.5,logistic,transfer,0.7249999999999979,3.687773419824847e-05,0.55375,0.5049642923140746,0.004964292314074581,23.599999999999998
vgg8,2,3,0.6,logistic,transfer,-0.3250000000000086,0.0017701472695731413,0.61625,0.6057332459647006,0.005733245964700595,17.349999999999998
vgg8,2,3,0.7,logistic,transfer,0.40000000000000036,0.0009673093603862482,0.67175,0.7039308172424197,0.003930817242419726,11.799999999999999
vgg8,2,3,0.8,logistic,transfer,-0.024999999999997247,-0.003173931777040395,0.69975,0.801955360914165,0.0019553609141649275,8.999999999999996
vgg8,2,3,0.9,logistic,transfer,0.0,-0.0019577415522702424,0.70975,0.9008135389953236,0.0008135389953235483,7.9999999999999964
vgg8,2,3,0.95,logistic,transfer,-0.050000000000005596,0.0001217246190978738,0.711,0.9536033658922914,0.003603365892291488,7.874999999999998
vgg8,3,3,0.4,confidence,same,0.0,0.0,0.4645,0.4014089596847187,0.001408959684718658,32.52499999999999
vgg8,3,3,0.4,margin,same,1.799999999999996,0.0032763152436264265,0.4825,0.4046852749283451,0.0046852749283450845,30.724999999999998
vgg8,3,3,0.4,logistic,same,0.7749999999999979,-0.002255133692864675,0.47225,0.399153825991854,-0.0008461740081460167,31.749999999999996
vgg8,3,3,0.5,confidence,same,0.0,0.0,0.5465,0.5049274145798763,0.0049274145798763325,24.324999999999996
vgg8,3,3,0.5,margin,same,0.8750000000000036,0.0012545057701011109,0.55525,0.5061819203499774,0.006181920349977443,23.449999999999992
vgg8,3,3,0.5,logistic,same,0.824999999999998,0.0028527332553930362,0.55475,0.5077801478352694,0.007780147835269369,23.5
vgg8,3,3,0.6,confidence,same,0.0,0.0,0.6195,0.6039630986951274,0.003963098695127454,17.02499999999999
vgg8,3,3,0.6,margin,same,0.10000000000000009,0.0010082883919144692,0.6205,0.6049713870870419,0.004971387087041923,16.92499999999999
vgg8,3,3,0.6,logistic,same,-0.4750000000000032,0.0022204951727260447,0.61475,0.6061835938678535,0.0061835938678534985,17.499999999999993
vgg8,3,3,0.7,confidence,same,0.0,0.0,0.66775,0.7029635078820334,0.002963507882033478,12.2
vgg8,3,3,0.7,margin,same,0.7000000000000006,-0.0002446617136820928,0.67475,0.7027188461683513,0.0027188461683513854,11.5
vgg8,3,3,0.7,logistic,same,0.050000000000005596,0.0030873302911451628,0.66825,0.7060508381731786,0.006050838173178641,12.149999999999995
vgg8,3,3,0.8,confidence,same,0.0,0.0,0.7,0.8051292926912054,0.005129292691205323,8.975
vgg8,3,3,0.8,margin,same,0.15000000000000568,-0.0036194712626339554,0.7015,0.8015098214285714,0.0015098214285713674,8.824999999999994
vgg8,3,3,0.8,logistic,same,-0.024999999999997247,-0.004113885955649543,0.69975,0.8010154067355558,0.0010154067355557794,8.999999999999996
vgg8,3,3,0.9,confidence,same,0.0,0.0,0.70975,0.9027712805475938,0.0027712805475937907,7.9999999999999964
vgg8,3,3,0.9,margin,same,0.024999999999997247,-0.00024452028963639627,0.71,0.9025267602579574,0.0025267602579573945,7.974999999999999
vgg8,3,3,0.9,logistic,same,0.0,-0.0017482133428874391,0.70975,0.9010230672047064,0.0010230672047063516,7.9999999999999964
vgg8,3,3,0.95,confidence,same,0.0,0.0,0.7115,0.9534816412731936,0.003481641273193614,7.824999999999993
vgg8,3,3,0.95,margin,same,0.0,-0.0013914334741287337,0.7115,0.9520902077990648,0.0020902077990648804,7.824999999999993
vgg8,3,3,0.95,logistic,same,0.0,2.0566827575674296e-05,0.7115,0.9535022081007692,0.0035022081007692885,7.824999999999993
vit_tiny,1,1,0.4,confidence,same,0.0,0.0,0.48125,0.3964195141677016,-0.003580485832298419,20.6
vit_tiny,1,1,0.4,margin,same,0.874999999999998,0.00885936281447669,0.49,0.4052788769821783,0.005278876982178271,19.725000000000005
vit_tiny,1,1,0.4,logistic,same,-1.6500000000000015,-0.002391612027382195,0.46475,0.3940279021403194,-0.005972097859680614,22.250000000000004
vit_tiny,1,1,0.5,confidence,same,0.0,0.0,0.518,0.4943716241587474,-0.005628375841252586,16.925
vit_tiny,1,1,0.5,margin,same,0.7000000000000006,0.005594292481441998,0.525,0.4999659166401894,-3.40833598105883e-05,16.225
vit_tiny,1,1,0.5,logistic,same,-1.550000000000007,0.00027035614222598037,0.5025,0.4946419803009734,-0.005358019699026606,18.47500000000001
vit_tiny,1,1,0.6,confidence,same,0.0,0.0,0.5515,0.6056543716241588,0.005654371624158827,13.575000000000003
vit_tiny,1,1,0.6,margin,same,0.275000000000003,0.00039513590017614675,0.55425,0.606049507524335,0.006049507524334974,13.3
vit_tiny,1,1,0.6,logistic,same,-0.5000000000000004,0.0006654920424018496,0.5465,0.6063198636665607,0.006319863666560677,14.075000000000005
vit_tiny,1,1,0.7,confidence,same,0.0,0.0,0.566,0.7070587215851651,0.007058721585165184,12.125000000000007
vit_tiny,1,1,0.7,margin,same,-0.04999999999999449,-0.0007070852950521456,0.5655,0.706351636290113,0.0063516362901130385,12.175000000000002
vit_tiny,1,1,0.7,logistic,same,-0.44999999999999485,-0.001559746974379772,0.5615,0.7054989746107854,0.005498974610785412,12.575000000000003
vit_tiny,1,1,0.8,confidence,same,0.0,0.0,0.56925,0.8065913751769158,0.00659137517691577,11.799999999999999
vit_tiny,1,1,0.8,margin,same,0.024999999999997247,-0.0012477975795036622,0.5695,0.8053435775974122,0.005343577597412108,11.775000000000002
vit_tiny,1,1,0.8,logistic,same,-0.10000000000000009,-0.0009774414372780704,0.56825,0.8056139337396377,0.0056139337396377,11.899999999999999
vit_tiny,1,1,0.9,confidence,same,0.0,0.0,0.57,0.907600589237746,0.0076005892377459805,11.725000000000009
vit_tiny,1,1,0.9,margin,same,0.0,-2.0796626325148004e-05,0.57,0.9075797926114209,0.0075797926114208325,11.725000000000009
vit_tiny,1,1,0.9,logistic,same,0.02500000000000835,0.004512867912538576,0.57025,0.9121134571502846,0.012113457150284557,11.7
vit_tiny,1,1,0.95,confidence,same,0.0,0.0,0.57,0.952916438000058,0.0029164380000580303,11.725000000000009
vit_tiny,1,1,0.95,margin,same,0.0,-0.00014557638427581399,0.57,0.9527708616157822,0.0027708616157822163,11.725000000000009
vit_tiny,1,1,0.95,logistic,same,0.0,0.005095173449640167,0.57,0.9580116114496982,0.008011611449698197,11.725000000000009
vit_tiny,2,1,0.4,logistic,transfer,-1.5500000000000014,-0.0018924929955806968,0.46575,0.3945270211721209,-0.005472978827879116,22.150000000000002
vit_tiny,2,1,0.5,logistic,transfer,-1.275000000000004,-0.0009150515583027374,0.50525,0.4934565726004447,-0.006543427399555324,18.200000000000006
vit_tiny,2,1,0.6,logistic,transfer,-0.5000000000000004,0.0009982380636029964,0.5465,0.6066526096877618,0.0066526096877618235,14.075000000000005
vit_tiny,2,1,0.7,logistic,transfer,-0.39999999999998925,-0.0001663730106005179,0.562,0.7068923485745646,0.006892348574564666,12.524999999999997
vit_tiny,2,1,0.8,logistic,transfer,-0.07500000000000284,0.0011438144478783663,0.5685,0.8077351896247942,0.0077351896247941365,11.875000000000002
vit_tiny,2,1,0.9,logistic,transfer,0.0,0.0026827647959329903,0.57,0.910283354033679,0.01028335403367897,11.725000000000009
vit_tiny,2,1,0.95,logistic,transfer,0.0,0.005074376823315019,0.57,0.957990814823373,0.00799081482337305,11.725000000000009
vit_tiny,3,1,0.4,logistic,transfer,-1.7500000000000016,-0.002350018774732121,0.46375,0.3940694953929695,-0.00593050460703054,22.35
vit_tiny,3,1,0.5,logistic,transfer,-1.2500000000000067,-0.0012685942058286992,0.5055,0.4931030299529187,-0.006896970047081286,18.175000000000008
vit_tiny,3,1,0.6,logistic,transfer,-0.3750000000000031,0.004304901649287984,0.54775,0.6099592732734468,0.009959273273446811,13.950000000000006
vit_tiny,3,1,0.7,logistic,transfer,-0.34999999999999476,-0.0021836457641316587,0.5625,0.7048750758210335,0.0048750758210335254,12.475000000000003
vit_tiny,3,1,0.8,logistic,transfer,-0.050000000000005596,0.001580543600704809,0.56875,0.8081719187776206,0.00817191877762058,11.850000000000005
vit_tiny,3,1,0.9,logistic,transfer,-0.024999999999997247,0.0019132896219056228,0.56975,0.9095138788596516,0.009513878859651603,11.750000000000005
vit_tiny,3,1,0.95,logistic,transfer,0.02500000000000835,0.0037225961121860607,0.57025,0.956639034112244,0.006639034112244091,11.7
vit_tiny,1,2,0.4,logistic,transfer,-0.8750000000000036,0.00027035614222581383,0.5005,0.4086479304468385,0.008647930446838481,20.450000000000003
vit_tiny,1,2,0.5,logistic,transfer,-0.8499999999999952,-0.0009982380636028854,0.53825,0.5037301060050259,0.0037301060050258794,16.674999999999997
vit_tiny,1,2,0.6,logistic,transfer,-0.07500000000000284,-0.003972155628087282,0.569,0.5977100603679846,-0.002289939632015403,13.600000000000001
vit_tiny,1,2,0.7,logistic,transfer,-0.5000000000000004,0.00010398313162529593,0.58375,0.7015060223563733,0.0015060223563733155,12.124999999999996
vit_tiny,1,2,0.8,logistic,transfer,-0.02500000000000835,-0.0026827647959331014,0.589,0.802723202680454,0.0027232026804540066,11.6
vit_tiny,1,2,0.9,logistic,transfer,0.024999999999997247,-0.003057104069783989,0.5905,0.900987262066376,0.0009872620663760046,11.449999999999994
vit_tiny,1,2,0.95,logistic,transfer,0.024999999999997247,0.00029115276855107286,0.5905,0.9523757257156062,0.0023757257156062916,11.449999999999994
vit_tiny,2,2,0.4,confidence,same,0.0,0.0,0.50925,0.4083775743046127,0.008377574304612667,19.575
vit_tiny,2,2,0.4,margin,same,0.5249999999999977,-0.0011230178215533848,0.5145,0.4072545564830593,0.007254556483059282,19.05
vit_tiny,2,2,0.4,logistic,same,-0.9749999999999981,-0.000873458305652608,0.4995,0.4075041159989601,0.007504115998960059,20.549999999999997
vit_tiny,2,2,0.5,confidence,same,0.0,0.0,0.54675,0.5047283440686288,0.004728344068628765,15.825
vit_tiny,2,2,0.5,margin,same,0.6000000000000005,-0.001767713237630253,0.55275,0.5029606308309985,0.002960630830998512,15.225
vit_tiny,2,2,0.5,logistic,same,-1.0249999999999981,-0.0019340862482307708,0.5365,0.502794257820398,0.002794257820397994,16.849999999999998
vit_tiny,2,2,0.6,confidence,same,0.0,0.0,0.56975,0.6016822159960719,0.0016822159960718785,13.524999999999999
vit_tiny,2,2,0.6,margin,same,0.7750000000000035,0.0007902718003521825,0.5775,0.602472487796424,0.002472487796424061,12.749999999999995
vit_tiny,2,2,0.6,logistic,same,-0.14999999999999458,-0.0014973570954046611,0.56825,0.6001848589006672,0.00018485890066721744,13.674999999999994
vit_tiny,2,2,0.7,confidence,same,0.0,0.0,0.58875,0.701402039224748,0.0014020392247480196,11.624999999999996
vit_tiny,2,2,0.7,margin,same,-0.07500000000000284,0.0028907310591838042,0.588,0.7042927702839318,0.004292770283931824,11.7
vit_tiny,2,2,0.7,logistic,same,-0.4249999999999976,-0.00018716963692544386,0.5845,0.7012148695878225,0.0012148695878225757,12.049999999999994
vit_tiny,2,2,0.8,confidence,same,0.0,0.0,0.58925,0.8054059674763872,0.005405967476387108,11.57499999999999
vit_tiny,2,2,0.8,margin,same,0.024999999999997247,-0.0040761387597122445,0.5895,0.8013298287166749,0.0013298287166748635,11.549999999999994
vit_tiny,2,2,0.8,logistic,same,-0.050000000000005596,-0.0006238987897518866,0.58875,0.8047820686866353,0.004782068686635221,11.624999999999996
vit_tiny,2,2,0.9,confidence,same,0.0,0.0,0.59025,0.90404436613616,0.004044366136159994,11.47499999999999
vit_tiny,2,2,0.9,margin,same,0.0,-0.0018716963692554378,0.59025,0.9021726697669046,0.002172669766904556,11.47499999999999
vit_tiny,2,2,0.9,logistic,same,0.0,0.0024955951590077685,0.59025,0.9065399612951678,0.006539961295167762,11.47499999999999
vit_tiny,2,2,0.95,confidence,same,0.0,0.0,0.59025,0.9520845729470552,0.002084572947055219,11.47499999999999
vit_tiny,2,2,0.95,margin,same,0.0,-0.0009566448109528114,0.59025,0.9511279281361024,0.0011279281361024074,11.47499999999999
vit_tiny,2,2,0.95,logistic,same,0.024999999999997247,0.00010398313162540695,0.5905,0.9521885560786806,0.0021885560786806257,11.449999999999994
vit_tiny,3,2,0.4,logistic,transfer,-1.1999999999999955,-0.0003327460212009803,0.49725,0.4080448282834117,0.008044828283411687,20.774999999999995
vit_tiny,3,2,0.5,logistic,transfer,-0.7749999999999924,0.001538950348054735,0.539,0.5062672944166835,0.0062672944166835,16.599999999999994
vit_tiny,3,2,0.6,logistic,transfer,0.0,0.0002703561422255918,0.56975,0.6019525721382974,0.0019525721382974703,13.524999999999999
vit_tiny,3,2,0.7,logistic,transfer,-0.20000000000000018,0.0022044423904568067,0.58675,0.7036064816152048,0.0036064816152048262,11.824999999999996
vit_tiny,3,2,0.8,logistic,transfer,0.0,-0.00035354264752596176,0.58925,0.8050524248288612,0.005052424828861146,11.57499999999999
vit_tiny,3,2,0.9,logistic,transfer,-0.02500000000000835,0.003389850090985358,0.59,0.9074342162271454,0.007434216227145352,11.5
vit_tiny,3,2,0.95,logistic,transfer,0.0,0.0027243580485833974,0.59025,0.9548089309956386,0.004808930995638616,11.47499999999999
vit_tiny,1,3,0.4,logistic,transfer,-1.0249999999999981,-0.0001455763842754254,0.502,0.4054244533664538,0.005424453366453752,21.125000000000004
vit_tiny,1,3,0.5,logistic,transfer,-0.9000000000000008,0.0008110684266774415,0.54675,0.5079726177753386,0.007972617775338642,16.65000000000001
vit_tiny,1,3,0.6,logistic,transfer,-0.024999999999997247,0.003951359001762023,0.58175,0.607401288235464,0.007401288235464043,13.150000000000006
vit_tiny,1,3,0.7,logistic,transfer,-0.02500000000000835,0.005074376823315241,0.60025,0.711384419860778,0.011384419860778094,11.30000000000001
vit_tiny,1,3,0.8,logistic,transfer,0.0,0.00037433927385110977,0.6045,0.8042621530285087,0.004262153028508631,10.875000000000002
vit_tiny,1,3,0.9,logistic,transfer,-0.024999999999997247,0.0037849859911613937,0.60475,0.9051049940787383,0.005104994078738323,10.850000000000005
vit_tiny,1,3,0.95,logistic,transfer,-0.024999999999997247,0.0003327460212011468,0.60475,0.9530828110106584,0.003082811010658437,10.850000000000005
vit_tiny,2,3,0.4,logistic,transfer,-0.9000000000000008,0.0011230178215533848,0.50325,0.4066930475722826,0.006693047572282562,21.000000000000007
vit_tiny,2,3,0.5,logistic,transfer,-1.100000000000001,-0.001809306490280549,0.54475,0.5053522428583807,0.005352242858380651,16.85000000000001
vit_tiny,2,3,0.6,logistic,transfer,-0.04999999999999449,0.0007486785477022195,0.5815,0.6041986077814042,0.00419860778140424,13.175000000000004
vit_tiny,2,3,0.7,logistic,transfer,-0.10000000000000009,0.00336905346466021,0.5995,0.709679096502123,0.009679096502123063,11.375000000000002
vit_tiny,2,3,0.8,logistic,transfer,0.04999999999999449,0.00045752577915147974,0.605,0.804345339533809,0.004345339533809001,10.825000000000006
vit_tiny,2,3,0.9,logistic,transfer,-0.04999999999999449,0.005864648623667645,0.6045,0.9071846567112446,0.007184656711244575,10.875000000000002
vit_tiny,2,3,0.95,logistic,transfer,-0.024999999999997247,0.0024332052800323245,0.60475,0.9551832702694896,0.005183270269489615,10.850000000000005
vit_tiny,3,3,0.4,confidence,same,0.0,0.0,0.51225,0.4055700297507292,0.005570029750729177,20.10000000000001
vit_tiny,3,3,0.4,margin,same,0.35000000000000586,-0.006051818260593311,0.51575,0.3995182114901359,-0.0004817885098641339,19.75
vit_tiny,3,3,0.4,logistic,same,-0.7249999999999979,0.0011438144478784773,0.505,0.4067138441986077,0.006713844198607655,20.825000000000003
vit_tiny,3,3,0.5,confidence,same,0.0,0.0,0.55575,0.5071615493486612,0.0071615493486612,15.750000000000009
vit_tiny,3,3,0.5,margin,same,1.1750000000000038,0.008277057277374933,0.5675,0.5154386066260361,0.015438606626036133,14.575000000000005
vit_tiny,3,3,0.5,logistic,same,-0.8000000000000007,0.0005199156581265907,0.54775,0.5076814650067878,0.007681465006787791,16.550000000000008
vit_tiny,3,3,0.6,confidence,same,0.0,0.0,0.582,0.603449929233702,0.0034499292337020204,13.125000000000009
vit_tiny,3,3,0.6,margin,same,0.7000000000000006,0.0028491378065337303,0.589,0.6062990670402357,0.006299067040235751,12.425000000000008
vit_tiny,3,3,0.6,logistic,same,0.050000000000005596,0.001455763842754365,0.5825,0.6049056930764564,0.0049056930764563855,13.075000000000003
vit_tiny,3,3,0.7,confidence,same,0.0,0.0,0.6005,0.7063100430374628,0.0063100430374628536,11.275000000000002
vit_tiny,3,3,0.7,margin,same,0.24999999999999467,0.0018716963692555488,0.603,0.7081817394067184,0.008181739406718402,11.025000000000007
vit_tiny,3,3,0.7,logistic,same,-0.02500000000000835,0.00314029057508447,0.60025,0.7094503336125473,0.009450333612547324,11.30000000000001
vit_tiny,3,3,0.8,confidence,same,0.0,0.0,0.6045,0.8038878137546576,0.003887813754657521,10.875000000000002
vit_tiny,3,3,0.8,margin,same,0.024999999999997247,0.001601340227029846,0.60475,0.8054891539816874,0.005489153981687367,10.850000000000005
vit_tiny,3,3,0.8,logistic,same,0.0,0.0007486785477022195,0.6045,0.8046364923023598,0.00463649230235974,10.875000000000002
vit_tiny,3,3,0.9,confidence,same,0.0,0.0,0.605,0.901320008087577,0.0013200080875769293,10.825000000000006
vit_tiny,3,3,0.9,margin,same,0.0,-0.0007486785477023306,0.605,0.9005713295398746,0.0005713295398745988,10.825000000000006
vit_tiny,3,3,0.9,logistic,same,-0.04999999999999449,0.006010225007943015,0.6045,0.90733023309552,0.007330233095519945,10.875000000000002
vit_tiny,3,3,0.95,confidence,same,0.0,0.0,0.605,0.9527500649894572,0.0027500649894572904,10.825000000000006
vit_tiny,3,3,0.95,margin,same,0.0,0.00012477975795033291,0.605,0.9528748447474076,0.0028748447474076233,10.825000000000006
vit_tiny,3,3,0.95,logistic,same,-0.024999999999997247,0.0013517807111291802,0.60475,0.9541018457005864,0.004101845700586471,10.850000000000005
wrn_16_2,1,1,0.4,confidence,same,0.0,0.0,0.262,0.4056463189947188,0.005646318994718791,36.31233118592954
wrn_16_2,1,1,0.4,margin,same,1.974999999999999,0.001391710063950391,0.28175,0.4070380290586692,0.007038029058669182,34.50098155157862
wrn_16_2,1,1,0.4,logistic,same,-0.3750000000000031,0.0009063982617457667,0.25825,0.4065527172564646,0.0065527172564645575,36.79391402297344
wrn_16_2,1,1,0.5,confidence,same,0.0,0.0,0.3265,0.5003817203552459,0.00038172035524586256,41.00221116104187
wrn_16_2,1,1,0.5,margin,same,3.049999999999997,0.010014591677341977,0.357,0.5103963120325878,0.01039631203258784,39.12982109020435
wrn_16_2,1,1,0.5,logistic,same,0.15000000000000013,0.002690411436629403,0.328,0.5030721317918753,0.0030721317918752655,41.16857505518599
wrn_16_2,1,1,0.6,confidence,same,0.0,0.0,0.413,0.6034837098791375,0.0034837098791374865,37.625
wrn_16_2,1,1,0.6,margin,same,2.500000000000002,0.0020114204266393765,0.438,0.6054951303057768,0.005495130305776863,35.125
wrn_16_2,1,1,0.6,logistic,same,0.8750000000000036,0.0029595747024004915,0.42175,0.606443284581538,0.006443284581537978,36.75
wrn_16_2,1,1,0.7,confidence,same,0.0,0.0,0.5165,0.7080108634561537,0.00801086345615376,27.275000000000006
wrn_16_2,1,1,0.7,margin,same,0.5250000000000088,-0.007551120713225945,0.52175,0.7004597427429278,0.0004597427429278156,26.749999999999996
wrn_16_2,1,1,0.7,logistic,same,0.7750000000000035,-0.0023194728907275364,0.52425,0.7056913905654262,0.005691390565426224,26.5
wrn_16_2,1,1,0.8,confidence,same,0.0,0.0,0.62225,0.8080726330653124,0.008072633065312362,16.700000000000003
wrn_16_2,1,1,0.8,margin,same,0.07500000000000284,-0.009547714332369672,0.623,0.7985249187329427,-0.00147508126705731,16.625
wrn_16_2,1,1,0.8,logistic,same,0.6249999999999978,-0.0024957353782589786,0.6285,0.8055768976870534,0.005576897687053384,16.075000000000006
wrn_16_2,1,1,0.9,confidence,same,0.0,0.0,0.695,0.8978299002643078,-0.0021700997356922658,9.425000000000006
wrn_16_2,1,1,0.9,margin,same,0.550000000000006,0.003986594100163443,0.7005,0.9018164943644712,0.0018164943644711773,8.875
wrn_16_2,1,1,0.9,logistic,same,0.17500000000000293,0.0005330071469440423,0.69675,0.8983629074112518,-0.0016370925887482235,9.250000000000004
wrn_16_2,1,1,0.95,confidence,same,0.0,0.0,0.71975,0.9539926375463932,0.0039926375463932295,6.950000000000001
wrn_16_2,1,1,0.95,margin,same,0.10000000000000009,-0.0010268690790239399,0.72075,0.9529657684673692,0.0029657684673692897,6.8500000000000005
wrn_16_2,1,1,0.95,logistic,same,0.12499999999999734,0.0001969308394556002,0.721,0.9541895683858488,0.00418956838584883,6.825000000000003
wrn_16_2,2,1,0.4,logistic,transfer,0.20000000000000018,-0.00019240260611552706,0.264,0.4054539163886033,0.005453916388603264,36.089706676947195
wrn_16_2,2,1,0.5,logistic,transfer,0.22499999999999742,0.003451973004653275,0.32875,0.5038336933598991,0.0038336933598991374,41.18312663083359
wrn_16_2,2,1,0.6,logistic,transfer,0.07500000000000284,-0.00021545232332653708,0.41375,0.6032682575558109,0.0032682575558109495,37.55
wrn_16_2,2,1,0.7,logistic,transfer,-0.24999999999999467,-0.003798060223699551,0.514,0.7042128032324542,0.00421280323245421,27.525
wrn_16_2,2,1,0.8,logistic,transfer,0.275000000000003,-0.003491416008850834,0.625,0.8045812170564616,0.0045812170564615284,16.425
wrn_16_2,2,1,0.9,logistic,transfer,0.40000000000000036,0.0034270058532533954,0.699,0.9012569061175612,0.0012569061175611296,9.025000000000006
wrn_16_2,2,1,0.95,logistic,transfer,0.10000000000000009,-0.0014006003888668017,0.72075,0.9525920371575264,0.002592037157526428,6.8500000000000005
wrn_16_2,3,1,0.4,logistic,transfer,-0.22500000000000298,-0.001903210238636599,0.25975,0.4037431087560822,0.003743108756082192,36.31353381639995
wrn_16_2,3,1,0.5,logistic,transfer,0.3500000000000003,0.0018147111095357937,0.33,0.5021964314647817,0.0021964314647816563,40.86560197017351
wrn_16_2,3,1,0.6,logistic,transfer,0.5250000000000032,0.0003249549360242465,0.41825,0.6038086648151617,0.003808664815161733,37.1
wrn_16_2,3,1,0.7,logistic,transfer,0.6000000000000005,-0.005835816493415136,0.5225,0.7021750469627386,0.002175046962738625,26.675000000000004
wrn_16_2,3,1,0.8,logistic,transfer,0.2500000000000058,-0.006198956503136732,0.62475,0.8018736765621757,0.0018736765621756302,16.45
wrn_16_2,3,1,0.9,logistic,transfer,0.30000000000000027,0.0017197770725631,0.698,0.8995496773368709,-0.0004503226631291657,9.125000000000005
wrn_16_2,3,1,0.95,logistic,transfer,0.07500000000000284,-0.0005136046370325387,0.7205,0.9534790329093606,0.003479032909360691,6.874999999999998
wrn_16_2,1,2,0.4,logistic,transfer,-0.5000000000000004,0.00010244775870021927,0.22825,0.4051989232747839,0.005198923274783884,36.30484282224825
wrn_16_2,1,2,0.5,logistic,transfer,0.4249999999999976,-0.0003638283113160945,0.302,0.508905733061768,0.008905733061768006,41.124665423276205
wrn_16_2,1,2,0.6,logistic,transfer,1.100000000000001,0.005796397223755245,0.39375,0.6092531858078857,0.0092531858078857,33.475
wrn_16_2,1,2,0.7,logistic,transfer,0.4750000000000032,-0.003523197820726409,0.48125,0.7092741250500008,0.009274125050000803,24.725
wrn_16_2,1,2,0.8,logistic,transfer,0.7000000000000006,0.0020362847283754704,0.56575,0.808641879053859,0.008641879053858936,16.275000000000006
wrn_16_2,1,2,0.9,logistic,transfer,0.0,-0.0004521929447027784,0.637,0.9028893233188352,0.0028893233188351797,9.150000000000002
wrn_16_2,1,2,0.95,logistic,transfer,-0.050000000000005596,-5.211788027181807e-05,0.65975,0.953400840265928,0.003400840265928018,6.875000000000009
wrn_16_2,2,2,0.4,confidence,same,0.0,0.0,0.23325,0.4050964755160837,0.005096475516083665,35.79279605072198
wrn_16_2,2,2,0.4,margin,same,3.099999999999997,0.010710252877258908,0.26425,0.4158067283933426,0.015806728393342573,33.95220837011159
wrn_16_2,2,2,0.4,logistic,same,0.22499999999999742,0.0014413199947341249,0.2355,0.4065377955108178,0.00653779551081779,35.73728001887414
wrn_16_2,2,2,0.5,confidence,same,0.0,0.0,0.29775,0.5092695613730841,0.009269561373084101,41.592447779833535
wrn_16_2,2,2,0.5,margin,same,2.9749999999999996,0.006187645255370966,0.3275,0.5154572066284551,0.015457206628455067,39.345049336205115
wrn_16_2,2,2,0.5,logistic,same,0.824999999999998,0.0019693637751458937,0.306,0.51123892514823,0.011238925148229995,40.999024104706756
wrn_16_2,2,2,0.6,confidence,same,0.0,0.0,0.38275,0.6034567885841304,0.0034567885841304546,34.575
wrn_16_2,2,2,0.6,margin,same,2.4249999999999994,0.006399252583583537,0.407,0.609856041167714,0.009856041167713991,32.150000000000006
wrn_16_2,2,2,0.6,logistic,same,0.7000000000000006,0.007900307029980125,0.38975,0.6113570956141106,0.01135709561411058,33.87500000000001
wrn_16_2,2,2,0.7,confidence,same,0.0,0.0,0.4765,0.7127973228707272,0.012797322870727212,25.200000000000006
wrn_16_2,2,2,0.7,margin,same,1.0750000000000037,-0.004616568542813337,0.48725,0.7081807543279138,0.008180754327913875,24.125000000000004
wrn_16_2,2,2,0.7,logistic,same,0.050000000000000044,-0.0029018339519082392,0.477,0.7098954889188189,0.009895488918818973,25.150000000000006
wrn_16_2,2,2,0.8,confidence,same,0.0,0.0,0.55875,0.8066055943254835,0.006605594325483466,16.97500000000001
wrn_16_2,2,2,0.8,margin,same,1.1750000000000038,0.003664972759079732,0.5705,0.8102705670845632,0.010270567084563198,15.800000000000002
wrn_16_2,2,2,0.8,logistic,same,0.4249999999999976,0.0030783841020368685,0.563,0.8096839784275204,0.009683978427520334,16.550000000000008
wrn_16_2,2,2,0.9,confidence,same,0.0,0.0,0.637,0.903341516263538,0.003341516263537958,9.150000000000002
wrn_16_2,2,2,0.9,margin,same,0.17500000000000293,-0.0016291389869211859,0.63875,0.9017123772766168,0.0017123772766167722,8.975
wrn_16_2,2,2,0.9,logistic,same,0.10000000000000009,9.802237502365418e-05,0.638,0.9034395386385616,0.0034395386385616122,9.050000000000002
wrn_16_2,2,2,0.95,confidence,same,0.0,0.0,0.66025,0.9534529581461998,0.003452958146199836,6.825000000000003
wrn_16_2,2,2,0.95,margin,same,-0.050000000000005596,-1.060712314615575e-05,0.65975,0.9534423510230536,0.0034423510230536802,6.875000000000009
wrn_16_2,2,2,0.95,logistic,same,-0.07500000000000284,-0.000498034147354165,0.6595,0.9529549239988456,0.002954923998845671,6.900000000000006
wrn_16_2,3,2,0.4,logistic,transfer,-0.025000000000000022,-9.329635386867707e-05,0.233,0.405003179162215,0.005003179162214988,35.80682538749276
wrn_16_2,3,2,0.5,logistic,transfer,0.050000000000000044,-0.0017836650683301647,0.29825,0.5074858963047539,0.007485896304753936,41.332707656377664
wrn_16_2,3,2,0.6,logistic,transfer,0.9500000000000008,0.004629449118214279,0.39225,0.6080862377023447,0.008086237702344734,33.62500000000001
wrn_16_2,3,2,0.7,logistic,transfer,0.6000000000000005,-0.0030571432730623904,0.4825,0.7097401795976648,0.009740179597664822,24.600000000000005
wrn_16_2,3,2,0.8,logistic,transfer,0.924999999999998,0.004908159364445885,0.568,0.8115137536899294,0.011513753689929351,16.050000000000008
wrn_16_2,3,2,0.9,logistic,transfer,0.10000000000000009,-0.00010024551005838322,0.638,0.9032412707534796,0.003241270753479575,9.050000000000002
wrn_16_2,3,2,0.95,logistic,transfer,-0.050000000000005596,-0.00044651754203883787,0.65975,0.953006440604161,0.003006440604160998,6.875000000000009
wrn_16_2,1,3,0.4,logistic,transfer,-0.22499999999999742,-0.0015721447667558786,0.2515,0.4070088846286272,0.007008884628627199,36.81650038924174
wrn_16_2,1,3,0.5,logistic,transfer,0.17499999999999738,0.002229027529532024,0.32225,0.5075988008678612,0.007598800867861244,41.56980931619974
wrn_16_2,1,3,0.6,logistic,transfer,1.1250000000000038,0.002788552484341622,0.42575,0.6160104726274324,0.01601047262743238,37.025000000000006
wrn_16_2,1,3,0.7,logistic,transfer,0.3249999999999975,4.9768161035301794e-05,0.5225,0.7088440007949488,0.008844000794948847,27.35000000000001
wrn_16_2,1,3,0.8,logistic,transfer,1.0499999999999954,0.004131367501784777,0.62825,0.8133404089682374,0.013340408968237405,16.775000000000006
wrn_16_2,1,3,0.9,logistic,transfer,0.2749999999999919,0.00211999454422096,0.707,0.90252706148701,0.002527061487009985,8.900000000000007
wrn_16_2,1,3,0.95,logistic,transfer,0.050000000000005596,2.0454741084807715e-05,0.72675,0.9505910656237816,0.0005910656237816392,6.925000000000003
wrn_16_2,2,3,0.4,logistic,transfer,0.4500000000000004,-0.00013513939452231005,0.25825,0.4084458900008608,0.008445890000860767,36.31047700347862
wrn_16_2,2,3,0.5,logistic,transfer,0.20000000000000018,0.0026949871390450353,0.3225,0.5080647604773743,0.008064760477374255,41.59960123187941
wrn_16_2,2,3,0.6,logistic,transfer,0.8250000000000035,0.002471079623994399,0.42275,0.6156929997670851,0.01569299976708516,37.325
wrn_16_2,2,3,0.7,logistic,transfer,-0.4249999999999976,0.0002042546848811666,0.515,0.7089984873187947,0.008998487318794712,28.1
wrn_16_2,2,3,0.8,logistic,transfer,0.7749999999999924,3.6184093934465977e-06,0.6255,0.8092126598758461,0.009212659875846074,17.05000000000001
wrn_16_2,2,3,0.9,logistic,transfer,0.40000000000000036,0.0028256378577901087,0.70825,0.9032327048005792,0.0032327048005791337,8.774999999999999
wrn_16_2,2,3,0.95,logistic,transfer,-0.04999999999999449,-0.0008874467080511872,0.72575,0.9496831641746456,-0.0003168358253543557,7.025000000000004
wrn_16_2,3,3,0.4,confidence,same,0.0,0.0,0.25375,0.4085810293953831,0.008581029395383077,36.77636796518111
wrn_16_2,3,3,0.4,margin,same,0.7250000000000034,-0.008377435480032613,0.261,0.4002035939153505,0.000203593915350464,35.0662702677358
wrn_16_2,3,3,0.4,logistic,same,0.050000000000000044,-0.0024421855142103266,0.25425,0.4061388438811728,0.006138843881172751,36.43919281086126
wrn_16_2,3,3,0.5,confidence,same,0.0,0.0,0.3205,0.5053697733383292,0.00536977333832922,41.48269928358679
wrn_16_2,3,3,0.5,margin,same,3.099999999999997,0.009812373099338134,0.3515,0.5151821464376674,0.015182146437667354,39.53653044942163
wrn_16_2,3,3,0.5,logistic,same,0.27499999999999747,-0.0013534933442026498,0.32325,0.5040162799941266,0.00401627999412657,41.04854279947427
wrn_16_2,3,3,0.6,confidence,same,0.0,0.0,0.4145,0.6132219201430907,0.01322192014309076,38.150000000000006
wrn_16_2,3,3,0.6,margin,same,2.7000000000000024,0.0014254567790903394,0.4415,0.6146473769221811,0.014647376922181099,35.45
wrn_16_2,3,3,0.6,logistic,same,0.8750000000000036,-0.001728490496058166,0.42325,0.6114934296470326,0.011493429647032594,37.275000000000006
wrn_16_2,3,3,0.7,confidence,same,0.0,0.0,0.51925,0.7087942326339135,0.008794232633913546,27.675000000000004
wrn_16_2,3,3,0.7,margin,same,1.9750000000000045,0.007289415788594211,0.539,0.7160836484225077,0.016083648422507757,25.7
wrn_16_2,3,3,0.7,logistic,same,0.5000000000000004,0.0013816912408793902,0.52425,0.7101759238747929,0.010175923874792936,27.175000000000004
wrn_16_2,3,3,0.8,confidence,same,0.0,0.0,0.61775,0.8092090414664527,0.009209041466452628,17.825000000000003
wrn_16_2,3,3,0.8,margin,same,1.474999999999993,-1.678095110302369e-05,0.6325,0.8091922605153496,0.009192260515349604,16.35000000000001
wrn_16_2,3,3,0.8,logistic,same,1.1249999999999982,0.0022999308217339642,0.629,0.8115089722881866,0.011508972288186592,16.700000000000003
wrn_16_2,3,3,0.9,confidence,same,0.0,0.0,0.70425,0.900407066942789,0.000407066942789025,9.175
wrn_16_2,3,3,0.9,margin,same,0.5499999999999949,0.0033076110016859728,0.70975,0.903714677944475,0.0037146779444749978,8.625000000000005
wrn_16_2,3,3,0.9,logistic,same,0.40000000000000036,0.002000180382486949,0.70825,0.902407247325276,0.002407247325275974,8.774999999999999
wrn_16_2,3,3,0.95,confidence,same,0.0,0.0,0.72625,0.9505706108826968,0.0005706108826968315,6.9750000000000085
wrn_16_2,3,3,0.95,margin,same,0.0,-0.001638875843683607,0.72625,0.9489317350390132,-0.0010682649609867756,6.9750000000000085
wrn_16_2,3,3,0.95,logistic,same,0.0,-0.0011568077616367356,0.72625,0.94941380312106,-0.0005861968789399041,6.9750000000000085
wrn_40_1,1,1,0.4,confidence,same,0.0,0.0,0.2175,0.4034942144606976,0.0034942144606975867,33.55109559889505
wrn_40_1,1,1,0.4,margin,same,0.6000000000000005,0.0005430503600881709,0.2235,0.4040372648207858,0.0040372648207857575,33.02180077218686
wrn_40_1,1,1,0.4,logistic,same,-0.2500000000000002,-0.0005068780602882073,0.215,0.4029873364004094,0.0029873364004093794,33.73510006013013
wrn_40_1,1,1,0.5,confidence,same,0.0,0.0,0.28975,0.5037213975431629,0.0037213975431629187,39.37567786461017
wrn_40_1,1,1,0.5,margin,same,1.8249999999999988,-0.002474563683196207,0.308,0.5012468338599667,0.0012468338599667117,37.228489598288746
wrn_40_1,1,1,0.5,logistic,same,0.824999999999998,0.002827961659755851,0.298,0.5065493592029188,0.00654935920291877,38.91887855815764
wrn_40_1,1,1,0.6,confidence,same,0.0,0.0,0.38625,0.6039488879992131,0.003948887999213113,40.175000000000004
wrn_40_1,1,1,0.6,margin,same,2.450000000000002,0.004221542969290337,0.41075,0.6081704309685034,0.00817043096850345,37.725
wrn_40_1,1,1,0.6,logistic,same,0.5750000000000033,-6.363209533499781e-05,0.392,0.6038852559038781,0.0038852559038781154,39.6
wrn_40_1,1,1,0.7,confidence,same,0.0,0.0,0.49425,0.7048582777243289,0.004858277724328897,29.375
wrn_40_1,1,1,0.7,margin,same,1.1749999999999983,-0.0046739655726216744,0.506,0.7001843121517072,0.00018431215170722215,28.200000000000003
wrn_40_1,1,1,0.7,logistic,same,0.0,-0.0030995788597669716,0.49425,0.7017586988645619,0.001758698864561925,29.375
wrn_40_1,1,1,0.8,confidence,same,0.0,0.0,0.60225,0.8073420382172947,0.007342038217294622,18.57500000000001
wrn_40_1,1,1,0.8,margin,same,0.45000000000000595,-0.0028856397366423536,0.60675,0.8044563984806523,0.004456398480652268,18.125000000000004
wrn_40_1,1,1,0.8,logistic,same,0.275000000000003,-0.0008313400796713388,0.605,0.8065106981376233,0.006510698137623283,18.300000000000004
wrn_40_1,1,1,0.9,confidence,same,0.0,0.0,0.68625,0.9019866945659424,0.0019866945659423596,10.175
wrn_40_1,1,1,0.9,margin,same,0.17499999999999183,-0.0005967212459695448,0.688,0.9013899733199728,0.0013899733199728148,10.000000000000009
wrn_40_1,1,1,0.9,logistic,same,0.024999999999997247,0.0008406481202568594,0.6865,0.9028273426861992,0.002827342686199219,10.150000000000004
wrn_40_1,1,1,0.95,confidence,same,0.0,0.0,0.71,0.947866800041188,-0.0021331999588120043,7.800000000000007
wrn_40_1,1,1,0.95,margin,same,-0.10000000000000009,0.0007568694154062028,0.709,0.9486236694565942,-0.0013763305434058015,7.9000000000000075
wrn_40_1,1,1,0.95,logistic,same,-0.04999999999999449,4.577810854600184e-05,0.7095,0.947912578149734,-0.0020874218502660025,7.850000000000001
wrn_40_1,2,1,0.4,logistic,transfer,0.2250000000000002,0.0002115792624263757,0.21975,0.403705793723124,0.0037057937231239624,33.353643225255844
wrn_40_1,2,1,0.5,logistic,transfer,1.4000000000000012,0.004970670028309088,0.30375,0.508692067571472,0.008692067571472006,38.622859252485505
wrn_40_1,2,1,0.6,logistic,transfer,0.8750000000000036,9.3877656091923e-05,0.395,0.604042765655305,0.004042765655305036,39.300000000000004
wrn_40_1,2,1,0.7,logistic,transfer,0.599999999999995,-0.0036584916179224214,0.50025,0.7011997861064064,0.0011997861064064752,28.775000000000006
wrn_40_1,2,1,0.8,logistic,transfer,0.12500000000000844,-0.0025143205353219678,0.6035,0.8048277176819727,0.004827717681972654,18.45
wrn_40_1,2,1,0.9,logistic,transfer,-0.15000000000000568,-0.0010075859800759979,0.68475,0.9009791085858664,0.0009791085858663617,10.325000000000006
wrn_40_1,2,1,0.95,logistic,transfer,-0.04999999999999449,0.0007473596609056665,0.7095,0.9486141597020936,-0.0013858402979063378,7.850000000000001
wrn_40_1,3,1,0.4,logistic,transfer,-0.4500000000000004,-0.00107377965002442,0.213,0.4024204348106732,0.0024204348106731666,33.86128945601746
wrn_40_1,3,1,0.5,logistic,transfer,0.8000000000000007,0.004245879272877007,0.29775,0.5079672768160399,0.007967276816039925,39.128491474228575
wrn_40_1,3,1,0.6,logistic,transfer,0.6500000000000006,0.0014675572944362614,0.39275,0.6054164452936494,0.0054164452936493745,39.525000000000006
wrn_40_1,3,1,0.7,logistic,transfer,0.22499999999999742,-0.0037813163734835564,0.4965,0.7010769613508453,0.0010769613508453402,29.150000000000002
wrn_40_1,3,1,0.8,logistic,transfer,0.15000000000000568,-0.0013258634508217515,0.60375,0.8060161747664729,0.00601617476647287,18.425000000000004
wrn_40_1,3,1,0.9,logistic,transfer,0.04999999999999449,-0.0003762229626511626,0.68675,0.9016104716032912,0.001610471603291197,10.125000000000007
wrn_40_1,3,1,0.95,logistic,transfer,-0.10000000000000009,-0.00046274574518112566,0.709,0.9474040542960068,-0.00259594570399313,7.9000000000000075
wrn_40_1,1,2,0.4,logistic,transfer,-0.050000000000000044,0.0008403791683699868,0.2225,0.4034935036592825,0.003493503659282471,33.60405595703446
wrn_40_1,1,2,0.5,logistic,transfer,0.7000000000000006,0.0020093941051892994,0.2985,0.5020501330159188,0.0020501330159188313,38.83613207717066
wrn_40_1,1,2,0.6,logistic,transfer,1.0250000000000037,0.0017430072509427852,0.402,0.6085132401171707,0.008513240117170695,38.27499999999999
wrn_40_1,1,2,0.7,logistic,transfer,0.3750000000000031,-0.001139997333534204,0.49225,0.7022687580493457,0.002268758049345787,29.249999999999993
wrn_40_1,1,2,0.8,logistic,transfer,-0.10000000000000009,-0.002677342455669085,0.603,0.8004059335012617,0.00040593350126161276,18.174999999999997
wrn_40_1,1,2,0.9,logistic,transfer,0.10000000000000009,-0.0024250329273954874,0.68775,0.9009689423966531,0.0009689423966531274,9.699999999999998
wrn_40_1,1,2,0.95,logistic,transfer,0.34999999999999476,5.053298579638099e-05,0.711,0.9505896276399548,0.0005896276399548483,7.374999999999998
wrn_40_1,2,2,0.4,confidence,same,0.0,0.0,0.223,0.4026531244909125,0.002653124490912484,33.444638563920535
wrn_40_1,2,2,0.4,margin,same,1.2749999999999984,-0.0013469258415120255,0.23575,0.4013061986494005,0.0013061986494004585,31.970941913489746
wrn_40_1,2,2,0.4,logistic,same,0.5500000000000005,0.002118924376876885,0.2285,0.4047720488677894,0.004772048867789369,33.17052258181348
wrn_40_1,2,2,0.5,confidence,same,0.0,0.0,0.2915,0.5000407389107295,4.073891072953195e-05,39.2745089039609
wrn_40_1,2,2,0.5,margin,same,2.224999999999999,-3.3039202427032066e-05,0.31375,0.5000076997083025,7.699708302499886e-06,37.045207198806615
wrn_40_1,2,2,0.5,logistic,same,1.0000000000000009,0.0033100919200705903,0.3015,0.5033508308308001,0.0033508308308001222,38.705482971968976
wrn_40_1,2,2,0.6,confidence,same,0.0,0.0,0.39175,0.6067702328662279,0.00677023286622791,39.3
wrn_40_1,2,2,0.6,margin,same,2.2749999999999995,-0.0007500860646036944,0.4145,0.6060201468016242,0.0060201468016242154,37.025
wrn_40_1,2,2,0.6,logistic,same,1.2250000000000039,0.0009249487838765003,0.404,0.6076951816501044,0.00769518165010441,38.07499999999999
wrn_40_1,2,2,0.7,confidence,same,0.0,0.0,0.4885,0.70340875538288,0.003408755382879991,29.624999999999996
wrn_40_1,2,2,0.7,margin,same,2.3500000000000023,0.0030003012261131667,0.512,0.7064090566089931,0.006409056608993158,27.274999999999995
wrn_40_1,2,2,0.7,logistic,same,0.8500000000000008,-0.0020876174167095973,0.497,0.7013211379661703,0.0013211379661703937,28.774999999999995
wrn_40_1,2,2,0.8,confidence,same,0.0,0.0,0.604,0.8030832759569307,0.0030832759569306978,18.074999999999996
wrn_40_1,2,2,0.8,margin,same,0.15000000000000568,-0.003334226509742133,0.6055,0.7997490494471886,-0.0002509505528114353,17.92499999999999
wrn_40_1,2,2,0.8,logistic,same,-0.07500000000000284,-0.0040628356135330446,0.60325,0.7990204403433977,-0.0009795596566023468,18.15
wrn_40_1,2,2,0.9,confidence,same,0.0,0.0,0.68675,0.9033939753240486,0.003393975324048615,9.799999999999997
wrn_40_1,2,2,0.9,margin,same,0.20000000000000018,-0.0012592999720290043,0.68875,0.9021346753520196,0.0021346753520196105,9.599999999999998
wrn_40_1,2,2,0.9,logistic,same,0.07500000000000284,-0.0021281795876276766,0.6875,0.901265795736421,0.0012657957364209382,9.724999999999994
wrn_40_1,2,2,0.95,confidence,same,0.0,0.0,0.7075,0.9505390946541584,0.0005390946541584674,7.7249999999999925
wrn_40_1,2,2,0.95,margin,same,0.3750000000000031,0.0010276029163607259,0.71125,0.9515666975705191,0.0015666975705191932,7.34999999999999
wrn_40_1,2,2,0.95,logistic,same,0.30000000000000027,0.0023008073167207765,0.7105,0.9528399019708792,0.002839901970879244,7.424999999999993
wrn_40_1,3,2,0.4,logistic,transfer,0.20000000000000018,0.001837989530855677,0.225,0.4044911140217682,0.004491114021768161,33.48394485637305
wrn_40_1,3,2,0.5,logistic,transfer,0.6000000000000005,0.0016252255353679246,0.2975,0.5016659644460975,0.0016659644460974565,38.88611331777221
wrn_40_1,3,2,0.6,logistic,transfer,0.8500000000000008,0.0006599627847432288,0.40025,0.6074301956509711,0.007430195650971139,38.449999999999996
wrn_40_1,3,2,0.7,logistic,transfer,0.8000000000000007,0.0009041442027802882,0.4965,0.7043128995856602,0.004312899585660279,28.824999999999996
wrn_40_1,3,2,0.8,logistic,transfer,0.15000000000000568,-0.0011794708256361863,0.6055,0.8019038051312946,0.0019038051312945115,17.92499999999999
wrn_40_1,3,2,0.9,logistic,transfer,0.2500000000000058,-0.0009947029925894135,0.68925,0.9023992723314592,0.0023992723314592013,9.549999999999992
wrn_40_1,3,2,0.95,logistic,transfer,0.34999999999999476,0.00037930803290142645,0.711,0.9509184026870598,0.0009184026870598938,7.374999999999998
wrn_40_1,1,3,0.4,logistic,transfer,0.2500000000000002,0.000827736316496408,0.213,0.4002537791582267,0.0002537791582266635,33.00403282044305
wrn_40_1,1,3,0.5,logistic,transfer,0.4500000000000004,-0.0012500735775519134,0.28775,0.5013715958375469,0.0013715958375468684,38.694575607379285
wrn_40_1,1,3,0.6,logistic,transfer,0.024999999999997247,0.0021742875464517697,0.363,0.6078488475027432,0.007848847502743173,34.075
wrn_40_1,1,3,0.7,logistic,transfer,0.5000000000000004,0.00028085646575715106,0.46275,0.7116326541785902,0.011632654178590274,24.099999999999998
wrn_40_1,1,3,0.8,logistic,transfer,0.10000000000000009,0.004049001689017895,0.54275,0.8118822524797363,0.011882252479736288,16.1
wrn_40_1,1,3,0.9,logistic,transfer,0.40000000000000036,0.0015927146312900708,0.6105,0.9055990622800356,0.005599062280035594,9.324999999999994
wrn_40_1,1,3,0.95,logistic,transfer,-0.07500000000000284,-0.0005129617519680219,0.6295,0.9561642104955784,0.0061642104955784705,7.425000000000004
wrn_40_1,2,3,0.4,logistic,transfer,0.4250000000000004,0.0007608045657272466,0.21475,0.4001868474074575,0.00018684740745750217,32.82031830447054
wrn_40_1,2,3,0.5,logistic,transfer,0.4249999999999976,-0.0037848993889412763,0.2875,0.4988367700261575,-0.0011632299738424945,38.389541210146284
wrn_40_1,2,3,0.6,logistic,transfer,0.5000000000000004,0.0026673764435032332,0.36775,0.6083419363997946,0.008341936399794636,33.599999999999994
wrn_40_1,2,3,0.7,logistic,transfer,0.5000000000000004,0.001092893676403195,0.46275,0.7124446913892363,0.012444691389236318,24.099999999999998
wrn_40_1,2,3,0.8,logistic,transfer,0.275000000000003,0.0025424208205645504,0.5445,0.810375671611283,0.010375671611282944,15.925
wrn_40_1,2,3,0.9,logistic,transfer,0.30000000000000027,0.0016849993237780803,0.6095,0.9056913469725236,0.005691346972523603,9.424999999999994
wrn_40_1,2,3,0.95,logistic,transfer,-0.024999999999997247,0.00021542642705874027,0.63,0.9568925986746052,0.006892598674605233,7.374999999999998
wrn_40_1,3,3,0.4,confidence,same,0.0,0.0,0.2105,0.3994260428417303,-0.0005739571582697445,33.14626152702503
wrn_40_1,3,3,0.4,margin,same,2.2500000000000018,0.0067700265417089955,0.233,0.4061960693834393,0.006196069383439251,31.777719187312837
wrn_40_1,3,3,0.4,logistic,same,0.3250000000000003,0.0011391424507510295,0.21375,0.4005651852924813,0.000565185292481285,32.96957790853218
wrn_40_1,3,3,0.5,confidence,same,0.0,0.0,0.28325,0.5026216694150988,0.002621669415098782,39.30733522494771
wrn_40_1,3,3,0.5,margin,same,1.150000000000001,0.0005933768292570862,0.29475,0.5032150462443559,0.003215046244355868,38.23459290604593
wrn_40_1,3,3,0.5,logistic,same,0.4500000000000004,-0.0015413186941539703,0.28775,0.5010803507209448,0.0010803507209448115,38.6566554843977
wrn_40_1,3,3,0.6,confidence,same,0.0,0.0,0.36275,0.6056745599562914,0.005674559956291403,34.099999999999994
wrn_40_1,3,3,0.6,margin,same,1.3499999999999956,-0.0006397600795482461,0.37625,0.6050347998767431,0.005034799876743157,32.75
wrn_40_1,3,3,0.6,logistic,same,0.024999999999997247,0.0017381130950369084,0.363,0.6074126730513283,0.007412673051328311,34.075
wrn_40_1,3,3,0.7,confidence,same,0.0,0.0,0.45775,0.7113517977128331,0.011351797712833123,24.6
wrn_40_1,3,3,0.7,margin,same,0.8000000000000007,-0.002124356436556507,0.46575,0.7092274412762766,0.009227441276276616,23.799999999999997
wrn_40_1,3,3,0.7,logistic,same,0.5500000000000005,0.0018388044550727844,0.46325,0.7131906021679059,0.013190602167905907,24.05
wrn_40_1,3,3,0.8,confidence,same,0.0,0.0,0.54175,0.8078332507907184,0.007833250790718393,16.200000000000003
wrn_40_1,3,3,0.8,margin,same,0.725000000000009,0.0002948233293478264,0.549,0.8081280741200663,0.00812807412006622,15.474999999999994
wrn_40_1,3,3,0.8,logistic,same,0.20000000000000018,0.0017822358047194786,0.54375,0.8096154865954379,0.009615486595437872,16.000000000000004
wrn_40_1,3,3,0.9,confidence,same,0.0,0.0,0.6065,0.9040063476487455,0.004006347648745523,9.724999999999994
wrn_40_1,3,3,0.9,margin,same,0.3249999999999975,0.001370258378235678,0.60975,0.9053766060269812,0.005376606026981201,9.399999999999997
wrn_40_1,3,3,0.9,logistic,same,0.34999999999999476,0.00271297685169547,0.61,0.906719324500441,0.006719324500440993,9.375
wrn_40_1,3,3,0.95,confidence,same,0.0,0.0,0.63025,0.9566771722475464,0.006677172247546492,7.350000000000001
wrn_40_1,3,3,0.95,margin,same,0.0,-0.0005729948868404833,0.63025,0.956104177360706,0.006104177360706009,7.350000000000001
wrn_40_1,3,3,0.95,logistic,same,-0.04999999999999449,-0.0009600660238460179,0.62975,0.9557171062237004,0.005717106223700474,7.399999999999995
wrn_40_2,1,1,0.4,confidence,same,0.0,0.0,0.287,0.4061880075289318,0.006188007528931783,33.86282211721013
wrn_40_2,1,1,0.4,margin,same,1.5500000000000014,-0.0028118688121713253,0.3025,0.4033761387167605,0.0033761387167604573,31.952784949695413
wrn_40_2,1,1,0.4,logistic,same,-0.15000000000000013,-0.0018519617419299195,0.2855,0.4043360457870019,0.004336045787001863,33.77569332335463
wrn_40_2,1,1,0.5,confidence,same,0.0,0.0,0.377,0.5081004701186969,0.008100470118696856,37.911892616674066
wrn_40_2,1,1,0.5,margin,same,1.0000000000000009,-0.0005363328592750127,0.387,0.5075641372594218,0.007564137259421844,36.84321951120677
wrn_40_2,1,1,0.5,logistic,same,0.6500000000000006,0.0005550094551194373,0.3835,0.5086554795738163,0.008655479573816294,37.33295710990367
wrn_40_2,1,1,0.6,confidence,same,0.0,0.0,0.4725,0.607319554808436,0.007319554808436046,34.425
wrn_40_2,1,1,0.6,margin,same,1.4500000000000013,-0.001464841216506585,0.487,0.6058547135919294,0.005854713591929461,32.975
wrn_40_2,1,1,0.6,logistic,same,1.8750000000000044,0.001279698647370986,0.49125,0.608599253455807,0.008599253455807032,32.55
wrn_40_2,1,1,0.7,confidence,same,0.0,0.0,0.57775,0.7087626471990185,0.008762647199018536,23.9
wrn_40_2,1,1,0.7,margin,same,1.0000000000000009,0.000438030971376846,0.58775,0.7092006781703953,0.009200678170395382,22.9
wrn_40_2,1,1,0.7,logistic,same,1.200000000000001,0.001468489642346249,0.58975,0.7102311368413647,0.010231136841364785,22.7
wrn_40_2,1,1,0.8,confidence,same,0.0,0.0,0.6745,0.808078480714682,0.00807848071468198,14.224999999999998
wrn_40_2,1,1,0.8,margin,same,0.6000000000000005,-0.000674052241488643,0.6805,0.8074044284731934,0.007404428473193336,13.624999999999998
wrn_40_2,1,1,0.8,logistic,same,0.4750000000000032,-0.0013031558414666744,0.67925,0.8067753248732153,0.006775324873215305,13.749999999999996
wrn_40_2,1,1,0.9,confidence,same,0.0,0.0,0.737,0.904650683640299,0.004650683640298969,7.974999999999999
wrn_40_2,1,1,0.9,margin,same,0.07500000000000284,-0.0006035152922881926,0.73775,0.9040471683480108,0.004047168348010777,7.899999999999996
wrn_40_2,1,1,0.9,logistic,same,-0.12499999999999734,-0.0028233202511466216,0.73575,0.9018273633891524,0.0018273633891523478,8.099999999999996
wrn_40_2,1,1,0.95,confidence,same,0.0,0.0,0.7505,0.9517399296140592,0.0017399296140592213,6.6250000000000036
wrn_40_2,1,1,0.95,margin,same,0.07500000000000284,0.0014931003024075684,0.75125,0.9532330299164667,0.0032330299164667897,6.550000000000001
wrn_40_2,1,1,0.95,logistic,same,0.050000000000005596,0.0020916412055668188,0.751,0.953831570819626,0.00383157081962604,6.5749999999999975
wrn_40_2,2,1,0.4,logistic,transfer,-0.3249999999999975,-0.003120790127605022,0.28375,0.4030672174013268,0.0030672174013267606,33.78823006188832
wrn_40_2,2,1,0.5,logistic,transfer,1.3000000000000012,0.002278866049869932,0.39,0.5103793361685668,0.010379336168566788,36.90368307083362
wrn_40_2,2,1,0.6,logistic,transfer,1.6250000000000042,0.00018202091456798186,0.48875,0.607501575723004,0.007501575723004028,32.8
wrn_40_2,2,1,0.7,logistic,transfer,1.2500000000000067,0.001422204390769899,0.59025,0.7101848515897884,0.010184851589788435,22.64999999999999
wrn_40_2,2,1,0.8,logistic,transfer,0.40000000000000036,-0.0017928005321434792,0.6785,0.8062856801825385,0.0062856801825385,13.825
wrn_40_2,2,1,0.9,logistic,transfer,-0.12499999999999734,-0.002205555761762179,0.73575,0.9024451278785368,0.0024451278785367903,8.099999999999996
wrn_40_2,2,1,0.95,logistic,transfer,0.0,0.0024756562907800594,0.7505,0.9542155859048392,0.004215585904839281,6.6250000000000036
wrn_40_2,3,1,0.4,logistic,transfer,-0.599999999999995,-0.002970822360966685,0.281,0.4032171851679651,0.0032171851679650976,34.08243222725438
wrn_40_2,3,1,0.5,logistic,transfer,0.07499999999999729,0.001931097086885547,0.37775,0.5100315672055824,0.010031567205582403,38.08415405445832
wrn_40_2,3,1,0.6,logistic,transfer,1.8250000000000044,0.0014812166433545437,0.49075,0.6088007714517906,0.00880077145179059,32.599999999999994
wrn_40_2,3,1,0.7,logistic,transfer,1.2500000000000067,0.0030063871871410797,0.59025,0.7117690343861596,0.011769034386159616,22.64999999999999
wrn_40_2,3,1,0.8,logistic,transfer,0.5000000000000004,0.00043960688973443407,0.6795,0.8085180876044165,0.008518087604416413,13.724999999999998
wrn_40_2,3,1,0.9,logistic,transfer,-0.024999999999997247,-0.0015767769373226104,0.73675,0.9030739067029764,0.003073906702976359,7.9999999999999964
wrn_40_2,3,1,0.95,logistic,transfer,-0.024999999999997247,0.0018962168777788557,0.75025,0.953636146491838,0.003636146491838077,6.65
wrn_40_2,1,2,0.4,logistic,transfer,-0.025000000000002798,-0.0007556889929907218,0.287,0.4007912419025887,0.0007912419025886686,33.85069832604856
wrn_40_2,1,2,0.5,logistic,transfer,0.9000000000000008,0.002156839919358,0.38625,0.5091036644448438,0.009103664444843784,37.79423218152974
wrn_40_2,1,2,0.6,logistic,transfer,1.150000000000001,0.0041715452673610764,0.491,0.6118370098575481,0.011837009857548098,33.875
wrn_40_2,1,2,0.7,logistic,transfer,0.649999999999995,0.00047776347354522297,0.592,0.7139171660233018,0.013917166023301841,23.775000000000002
wrn_40_2,1,2,0.8,logistic,transfer,0.8000000000000007,-0.00011259015573583664,0.677,0.8048245158158361,0.004824515815836095,15.274999999999995
wrn_40_2,1,2,0.9,logistic,transfer,-0.07499999999999174,-0.00015706506450552382,0.7445,0.9052105453884804,0.005210545388480425,8.524999999999993
wrn_40_2,1,2,0.95,logistic,transfer,0.0,0.0007393266548412214,0.763,0.953138556277496,0.0031385562774960407,6.674999999999997
wrn_40_2,2,2,0.4,confidence,same,0.0,0.0,0.28725,0.4015469308955794,0.0015469308955793903,33.9224582187508
wrn_40_2,2,2,0.4,margin,same,1.6249999999999987,0.005226797742492573,0.3035,0.406773728638072,0.006773728638071963,32.966707597041
wrn_40_2,2,2,0.4,logistic,same,0.2500000000000002,-0.0011283283387902299,0.28975,0.4004186025567892,0.0004186025567891605,33.527984857345665
wrn_40_2,2,2,0.5,confidence,same,0.0,0.0,0.37725,0.5069468245254858,0.006946824525485784,38.41806619114393
wrn_40_2,2,2,0.5,margin,same,1.8250000000000044,0.00018365299711664562,0.3955,0.5071304775226024,0.00713047752260243,36.616581479126516
wrn_40_2,2,2,0.5,logistic,same,0.8750000000000036,0.0005999629804723794,0.386,0.5075467875059582,0.0075467875059581635,37.61988662144563
wrn_40_2,2,2,0.6,confidence,same,0.0,0.0,0.4795,0.607665464590187,0.007665464590187021,35.025
wrn_40_2,2,2,0.6,margin,same,1.6750000000000043,0.009059340056105536,0.49625,0.6167248046462925,0.016724804646292557,33.349999999999994
wrn_40_2,2,2,0.6,logistic,same,0.9750000000000036,0.0026161441280582176,0.48925,0.6102816087182452,0.010281608718245239,34.05
wrn_40_2,2,2,0.7,confidence,same,0.0,0.0,0.5855,0.7134394025497566,0.013439402549756618,24.424999999999997
wrn_40_2,2,2,0.7,margin,same,0.5249999999999977,0.0004698667883069607,0.59075,0.7139092693380635,0.013909269338063579,23.9
wrn_40_2,2,2,0.7,logistic,same,0.7249999999999979,0.002383980409930264,0.59275,0.7158233829596868,0.015823382959686882,23.7
wrn_40_2,2,2,0.8,confidence,same,0.0,0.0,0.669,0.804937105971572,0.004937105971571931,16.074999999999996
wrn_40_2,2,2,0.8,margin,same,1.100000000000001,-0.0006436873402982934,0.68,0.8042934186312737,0.004293418631273638,14.974999999999994
wrn_40_2,2,2,0.8,logistic,same,0.6749999999999923,-0.0018793091120782313,0.67575,0.8030577968594937,0.0030577968594937,15.400000000000002
wrn_40_2,2,2,0.9,confidence,same,0.0,0.0,0.74525,0.905367610452986,0.005367610452985949,8.450000000000003
wrn_40_2,2,2,0.9,margin,same,-0.12499999999999734,0.0004303467332952282,0.744,0.9057979571862812,0.005797957186281177,8.575
wrn_40_2,2,2,0.9,logistic,same,0.02500000000000835,0.0004910863033608104,0.7455,0.9058586967563468,0.00585869675634676,8.424999999999994
wrn_40_2,2,2,0.95,confidence,same,0.0,0.0,0.763,0.9523992296226548,0.0023992296226548193,6.674999999999997
wrn_40_2,2,2,0.95,margin,same,0.0,-0.00020488227985593355,0.763,0.9521943473427988,0.0021943473427988858,6.674999999999997
wrn_40_2,2,2,0.95,logistic,same,-0.024999999999997247,-8.650857993475203e-05,0.76275,0.95231272104272,0.0023127210427200673,6.699999999999995
wrn_40_2,3,2,0.4,logistic,transfer,-0.3750000000000031,0.0009309959913419985,0.2835,0.4024779268869214,0.002477926886921389,34.416664761474046
wrn_40_2,3,2,0.5,logistic,transfer,0.6000000000000005,0.002163011729036546,0.38325,0.5091098362545223,0.00910983625452233,38.09502243207967
wrn_40_2,3,2,0.6,logistic,transfer,0.7000000000000006,0.004366595981183385,0.4865,0.6120320605713704,0.012032060571370407,34.325
wrn_40_2,3,2,0.7,logistic,transfer,0.10000000000000009,-0.0009499378775210676,0.5865,0.7124894646722355,0.01248946467223555,24.324999999999996
wrn_40_2,3,2,0.8,logistic,transfer,0.7000000000000006,-0.0009720007345298542,0.676,0.8039651052370421,0.003965105237042077,15.374999999999995
wrn_40_2,3,2,0.9,logistic,transfer,-0.10000000000000009,-0.0005685056613503603,0.74425,0.9047991047916356,0.004799104791635589,8.550000000000002
wrn_40_2,3,2,0.95,logistic,transfer,-0.050000000000005596,4.780988958597021e-05,0.7625,0.9524470395122407,0.0024470395122407895,6.725000000000003
wrn_40_2,1,3,0.4,logistic,transfer,0.22500000000000298,-0.00024995790127607664,0.28925,0.4029311203339766,0.002931120333976578,33.15972720059751
wrn_40_2,1,3,0.5,logistic,transfer,0.5249999999999977,0.00023644215967433269,0.38025,0.5025005470880576,0.002500547088057581,36.8087908213573
wrn_40_2,1,3,0.6,logistic,transfer,0.5750000000000033,-0.0031534708493197172,0.49125,0.6090461969517007,0.009046196951700725,32.974999999999994
wrn_40_2,1,3,0.7,logistic,transfer,0.6249999999999978,-0.0008698672766911386,0.59875,0.7136677599962491,0.01366775999624914,22.224999999999994
wrn_40_2,1,3,0.8,logistic,transfer,0.6750000000000034,9.544884467815873e-05,0.6815,0.8057819621131018,0.0057819621131017795,13.949999999999996
wrn_40_2,1,3,0.9,logistic,transfer,0.10000000000000009,-0.0019591477303807503,0.73425,0.899555096485196,-0.0004449035148039737,8.674999999999999
wrn_40_2,1,3,0.95,logistic,transfer,0.024999999999997247,0.0009873814202995268,0.7505,0.952809003950052,0.0028090039500520136,7.050000000000001
wrn_40_2,2,3,0.4,logistic,transfer,0.5500000000000005,0.0012322867909637103,0.2925,0.4044133650262164,0.004413365026216365,33.02451670224414
wrn_40_2,2,3,0.5,logistic,transfer,0.9500000000000008,0.0008097244145249816,0.3845,0.5030738293429082,0.0030738293429082297,36.45719499950722
wrn_40_2,2,3,0.6,logistic,transfer,0.7000000000000006,-0.0008214762098255335,0.4925,0.6113781915911949,0.011378191591194908,32.849999999999994
wrn_40_2,2,3,0.7,logistic,transfer,0.5249999999999977,-0.0006040110023207701,0.59775,0.7139336162706195,0.013933616270619509,22.324999999999996
wrn_40_2,2,3,0.8,logistic,transfer,0.8000000000000007,0.0003547816726965358,0.68275,0.8060412949411202,0.006041294941120157,13.825
wrn_40_2,2,3,0.9,logistic,transfer,0.10000000000000009,-0.0024776717549797045,0.73425,0.8990365724605971,-0.0009634275394029279,8.674999999999999
wrn_40_2,2,3,0.95,logistic,transfer,-0.024999999999997247,0.0005696371500235609,0.75,0.952391259679776,0.0023912596797760477,7.099999999999995
wrn_40_2,3,3,0.4,confidence,same,0.0,0.0,0.287,0.4031810782352527,0.0031810782352526545,33.41673229784238
wrn_40_2,3,3,0.4,margin,same,2.025000000000005,0.006868849093168039,0.30725,0.4100499273284207,0.010049927328420694,32.271233134042674
wrn_40_2,3,3,0.4,logistic,same,-0.07499999999999729,0.004938363365709908,0.28625,0.4081194416009626,0.008119441600962563,34.124049975912015
wrn_40_2,3,3,0.5,confidence,same,0.0,0.0,0.375,0.5022641049283832,0.002264104928383248,37.30351630603078
wrn_40_2,3,3,0.5,margin,same,1.874999999999999,0.005151408500230548,0.39375,0.5074155134286138,0.007415513428613796,36.08811269868824
wrn_40_2,3,3,0.5,logistic,same,-0.37499999999999756,-0.0019723948606347186,0.37125,0.5002917100677485,0.0002917100677485296,37.42596702074065
wrn_40_2,3,3,0.6,confidence,same,0.0,0.0,0.4855,0.6121996678010204,0.012199667801020442,33.55
wrn_40_2,3,3,0.6,margin,same,0.3500000000000003,-0.007253623615918858,0.489,0.6049460441851016,0.0049460441851015835,33.199999999999996
wrn_40_2,3,3,0.6,logistic,same,-0.20000000000000018,-0.005045394634024314,0.4835,0.6071542731669961,0.007154273166996128,33.75
wrn_40_2,3,3,0.7,confidence,same,0.0,0.0,0.5925,0.7145376272729402,0.014537627272940279,22.849999999999994
wrn_40_2,3,3,0.7,margin,same,0.14999999999999458,-0.0021276129535136024,0.594,0.7124100143194266,0.012410014319426677,22.7
wrn_40_2,3,3,0.7,logistic,same,0.2749999999999919,-0.0031217229415578807,0.59525,0.7114159043313824,0.011415904331382398,22.575
wrn_40_2,3,3,0.8,confidence,same,0.0,0.0,0.67475,0.8056865132684237,0.005686513268423621,14.625
wrn_40_2,3,3,0.8,margin,same,0.6000000000000005,0.0025729521070850803,0.68075,0.8082594653755087,0.008259465375508701,14.024999999999999
wrn_40_2,3,3,0.8,logistic,same,0.7750000000000035,0.00014339059801682374,0.6825,0.8058299038664405,0.0058299038664404446,13.849999999999996
wrn_40_2,3,3,0.9,confidence,same,0.0,0.0,0.73325,0.9015142442155768,0.0015142442155767766,8.774999999999999
wrn_40_2,3,3,0.9,margin,same,0.15000000000000568,-0.0017094389050816838,0.73475,0.8998048053104951,-0.00019519468950490726,8.624999999999993
wrn_40_2,3,3,0.9,logistic,same,0.20000000000000018,-0.003084329116298079,0.73525,0.8984299150992787,-0.0015700849007213025,8.575
wrn_40_2,3,3,0.95,confidence,same,0.0,0.0,0.75025,0.9518216225297524,0.0018216225297524868,7.0749999999999975
wrn_40_2,3,3,0.95,margin,same,-0.07499999999999174,0.00010559541856480781,0.7495,0.9519272179483173,0.0019272179483172946,7.14999999999999
wrn_40_2,3,3,0.95,logistic,same,-0.04999999999999449,0.0007967727567531613,0.74975,0.9526183952865056,0.002618395286505648,7.124999999999993
